date,balance,load
2018-01-23 08:21:49.567115264,99775.44,2.46
2018-01-23 19:29:42.320844032,99775.44,2.93
2018-01-24 06:37:35.074572544,99775.44,2.93
2018-01-24 17:45:27.828301312,99785.91,3.47
2018-01-25 04:53:20.582029824,99785.91,3.83
2018-01-25 16:01:13.335758336,99785.91,4.31
2018-01-26 03:09:06.089487104,99838.27,4.37
2018-01-26 14:16:58.843215616,99848.74,4.37
2018-01-27 01:24:51.596944384,99859.22,4.37
2018-01-27 12:32:44.350672896,99922.05,4.37
2018-01-27 23:40:37.104401664,99922.05,4.31
2018-01-28 10:48:29.858130176,99984.88,3.47
2018-01-28 21:56:22.611858944,99995.35,3.47
2018-01-29 09:04:15.365587456,100005.82,3.41
2018-01-29 20:12:08.119316224,100089.60,2.63
2018-01-30 07:20:00.873044736,100121.02,2.63
2018-01-30 18:27:53.626773248,100141.96,2.57
2018-01-31 05:35:46.380502016,100162.90,1.74
2018-01-31 16:43:39.134230528,100162.90,1.68
2018-02-01 03:51:31.887959296,100162.90,1.68
2018-02-01 14:59:24.641687808,100162.90,1.68
2018-02-02 02:07:17.395416576,100183.85,1.14
2018-02-02 13:15:10.149145088,100183.85,0.90
2018-02-03 00:23:02.902873856,100194.32,0.60
2018-02-03 11:30:55.656602368,100204.79,0.84
2018-02-03 22:38:48.410331136,100204.79,0.90
2018-02-04 09:46:41.164059648,100204.79,0.90
2018-02-04 20:54:33.917788160,100204.79,0.90
2018-02-05 08:02:26.671516928,100204.79,1.68
2018-02-05 19:10:19.425245440,100204.79,1.68
2018-02-06 06:18:12.178974208,100204.79,1.74
2018-02-06 17:26:04.932702720,100215.26,2.51
2018-02-07 04:33:57.686431488,100225.74,2.51
2018-02-07 15:41:50.440160000,100278.10,2.51
2018-02-08 02:49:43.193888768,100299.04,2.51
2018-02-08 13:57:35.947617280,100351.40,2.51
2018-02-09 01:05:28.701346048,100361.87,2.51
2018-02-09 12:13:21.455074560,100382.82,2.28
2018-02-09 23:21:14.208803328,100403.76,1.74
2018-02-10 10:29:06.962531840,100424.70,1.68
2018-02-10 21:36:59.716260352,100498.01,0.90
2018-02-11 08:44:52.469989120,100518.95,0.90
2018-02-11 19:52:45.223717632,100529.42,0.84
2018-02-12 07:00:37.977446400,100539.90,0.12
2018-02-12 18:08:30.731174912,100560.84,0.06
2018-02-13 05:16:23.484903680,100560.84,0.90
2018-02-13 16:24:16.238632192,100560.84,0.90
2018-02-14 03:32:08.992360960,100560.84,1.80
2018-02-14 14:40:01.746089472,100560.84,1.80
2018-02-15 01:47:54.499818240,100560.84,1.86
2018-02-15 12:55:47.253546752,100560.84,2.63
2018-02-16 00:03:40.007275264,100571.31,2.69
2018-02-16 11:11:32.761004032,100592.26,2.69
2018-02-16 22:19:25.514732544,100634.14,2.69
2018-02-17 09:27:18.268461312,100665.56,2.69
2018-02-17 20:35:11.022189824,100696.98,2.63
2018-02-18 07:43:03.775918592,100717.92,2.57
2018-02-18 18:50:56.529647104,100759.81,1.80
2018-02-19 05:58:49.283375872,100780.75,1.80
2018-02-19 17:06:42.037104384,100843.58,0.96
2018-02-20 04:14:34.790833152,100916.89,0.90
2018-02-20 15:22:27.544561664,100916.89,0.90
2018-02-21 02:30:20.298290176,100937.83,0.06
2018-02-21 13:38:13.052018944,100958.78,0.06
2018-02-22 00:46:05.805747456,100948.30,0.60
2018-02-22 11:53:58.559476224,100948.30,0.66
2018-02-22 23:01:51.313204736,100927.36,0.90
2018-02-23 10:09:44.066933504,100927.36,1.20
2018-02-23 21:17:36.820662016,100927.36,1.20
2018-02-24 08:25:29.574390784,100927.36,1.20
2018-02-24 19:33:22.328119296,100927.36,1.26
2018-02-25 06:41:15.081848064,100927.36,1.80
2018-02-25 17:49:07.835576576,100895.94,1.80
2018-02-26 04:57:00.589305088,100812.17,1.80
2018-02-26 16:04:53.343033856,100749.34,1.80
2018-02-27 03:12:46.096762368,100738.86,1.80
2018-02-27 14:20:38.850491136,100738.86,0.66
2018-02-28 01:28:31.604219648,100728.39,0.66
2018-02-28 12:36:24.357948416,100728.39,0.66
2018-02-28 23:44:17.111676928,100728.39,0.66
2018-03-01 10:52:09.865405696,100728.39,1.14
2018-03-01 22:00:02.619134208,100728.39,1.20
2018-03-02 09:07:55.372862976,100728.39,1.26
2018-03-02 20:15:48.126591488,100728.39,1.80
2018-03-03 07:23:40.880320000,100707.45,1.80
2018-03-03 18:31:33.634048768,100623.67,1.80
2018-03-04 05:39:26.387777280,100602.73,1.80
2018-03-04 16:47:19.141506048,100539.90,1.80
2018-03-05 03:55:11.895234560,100529.42,0.00
2018-03-05 15:03:04.648963328,100529.42,0.12
2018-03-06 02:10:57.402691840,100529.42,0.60
2018-03-06 13:18:50.156420608,100529.42,0.66
2018-03-07 01:04:57.271735296,100529.42,0.72
2018-03-08 04:08:49.065114624,100529.42,1.20
2018-03-09 07:12:40.858493952,100529.42,1.26
2018-03-10 10:16:32.651873536,100529.42,1.74
2018-03-11 13:20:24.445252864,100529.42,1.80
2018-03-12 16:24:16.238632192,100529.42,1.80
2018-03-13 19:28:08.032011520,100529.42,1.80
2018-03-14 22:31:59.825391104,100529.42,1.80
2018-03-16 01:35:51.618770432,100539.90,1.80
2018-03-17 04:39:43.412149760,100560.84,1.74
2018-03-18 07:43:35.205529344,100571.31,1.20
2018-03-19 10:47:26.998908672,100581.78,0.66
2018-03-20 13:51:18.792288000,100602.73,0.60
2018-03-21 16:55:10.585667584,100623.67,0.06
2018-03-22 19:59:02.379046912,100623.67,0.12
2018-03-23 23:02:54.172426240,100644.62,0.96
2018-03-25 02:06:45.965805824,100644.62,1.80
2018-03-26 05:10:37.759185152,100644.62,1.80
2018-03-27 08:14:29.552564480,100634.14,1.86
2018-03-28 11:18:21.345944064,100634.14,2.69
2018-03-29 14:22:13.139323392,100623.67,2.69
2018-03-30 17:26:04.932702720,100602.73,2.69
2018-03-31 20:29:56.726082304,100592.26,2.69
2018-04-01 23:33:48.519461632,100581.78,1.86
2018-04-03 02:37:40.312840960,100581.78,1.80
2018-04-04 05:41:32.106220544,100581.78,1.80
2018-04-05 08:45:23.899599872,100560.84,0.96
2018-04-06 11:49:15.692979200,100529.42,0.84
2018-04-07 14:53:07.486358784,100529.42,0.60
2018-04-08 17:56:59.279738112,100529.42,0.54
2018-04-09 21:00:51.073117440,100529.42,0.54
2018-04-11 00:04:42.866497024,100529.42,0.60
2018-04-12 03:08:34.659876352,100529.42,1.08
2018-04-13 06:12:26.453255680,100529.42,1.14
2018-04-14 09:16:18.246635264,100529.42,1.20
2018-04-15 12:20:10.040014592,100529.42,1.68
2018-04-16 15:24:01.833393920,100518.95,1.68
2018-04-17 18:27:53.626773248,100498.01,1.68
2018-04-18 21:31:45.420152832,100498.01,1.68
2018-04-20 00:35:37.213532160,100498.01,1.68
2018-04-21 03:39:29.006911488,100487.54,1.14
2018-04-22 06:43:20.800291072,100477.06,1.08
2018-04-23 09:47:12.593670400,100466.59,0.60
2018-04-24 12:51:04.387049728,100456.12,0.60
2018-04-25 15:54:56.180429312,100445.65,0.72
2018-04-26 18:58:47.973808640,100435.18,0.90
2018-04-27 22:02:39.767187968,100435.18,1.80
2018-04-29 01:06:31.560567552,100435.18,1.80
2018-04-30 04:10:23.353946880,100435.18,1.80
2018-05-01 07:14:15.147326208,100435.18,1.86
2018-05-02 10:18:06.940705792,100435.18,2.57
2018-05-03 13:21:58.734085120,100435.18,2.63
2018-05-04 16:25:50.527464448,100435.18,2.63
2018-05-05 19:29:42.320844032,100435.18,2.63
2018-05-06 22:33:34.114223360,100435.18,2.57
2018-05-08 01:37:25.907602688,100435.18,2.34
2018-05-09 04:41:17.700982272,100435.18,0.96
2018-05-10 07:45:09.494361600,100435.18,0.84
2018-05-11 10:49:01.287740928,100435.18,0.00
2018-05-12 13:52:53.081120512,100435.18,0.12
2018-05-13 16:56:44.874499840,100435.18,0.60
2018-05-14 20:00:36.667879168,100435.18,1.08
2018-05-15 23:04:28.461258752,100435.18,1.14
2018-05-17 02:08:20.254638080,100435.18,1.20
2018-05-18 05:12:12.048017408,100435.18,1.68
2018-05-19 08:16:03.841396992,100435.18,1.68
2018-05-20 11:19:55.634776320,100435.18,1.68
2018-05-21 14:23:47.428155648,100445.65,1.68
2018-05-22 17:27:39.221535232,100466.59,1.68
2018-05-23 20:31:31.014914560,100477.06,1.68
2018-05-24 23:35:22.808293888,100477.06,1.20
2018-05-26 02:39:14.601673216,100477.06,0.72
2018-05-27 05:43:06.395052800,100477.06,0.60
2018-05-28 08:46:58.188432128,100477.06,0.60
2018-05-29 11:50:49.981811456,100498.01,0.66
2018-05-30 14:54:41.775191040,100498.01,0.66
2018-05-31 17:58:33.568570368,100498.01,1.14
2018-06-01 21:02:25.361949696,100498.01,1.20
2018-06-03 00:06:17.155329280,100498.01,1.26
2018-06-04 03:10:08.948708608,100498.01,1.80
2018-06-05 06:14:00.742087936,100466.59,1.80
2018-06-06 09:17:52.535467520,100393.29,1.80
2018-06-07 12:21:44.328846848,100361.87,1.80
2018-06-08 15:25:36.122226176,100299.04,1.80
2018-06-09 18:29:27.915605760,100288.57,0.06
2018-06-10 21:33:19.708985088,100288.57,0.84
2018-06-12 00:37:11.502364416,100288.57,0.90
2018-06-13 03:41:03.295744000,100288.57,1.80
2018-06-14 06:44:55.089123328,100288.57,1.86
2018-06-15 09:48:46.882502656,100299.04,2.63
2018-06-16 12:52:38.675882240,100309.51,2.63
2018-06-17 15:56:30.469261568,100319.98,2.63
2018-06-18 19:00:22.262640896,100340.93,2.63
2018-06-19 22:04:14.056020480,100361.87,2.57
2018-06-21 01:08:05.849399808,100361.87,1.80
2018-06-22 04:11:57.642779136,100372.34,1.80
2018-06-23 07:15:49.436158720,100372.34,1.68
2018-06-24 10:19:41.229538048,100393.29,0.78
2018-06-25 13:23:33.022917376,100414.23,0.60
2018-06-26 16:27:24.816296960,100435.18,0.60
2018-06-27 19:31:16.609676288,100435.18,0.60
2018-06-28 22:35:08.403055616,100435.18,1.08
2018-06-30 01:39:00.196434944,100435.18,1.14
2018-07-01 04:42:51.989814528,100435.18,1.14
2018-07-02 07:46:43.783193856,100435.18,1.20
2018-07-03 10:50:35.576573184,100435.18,1.68
2018-07-04 13:54:27.369952768,100456.12,1.68
2018-07-05 16:58:19.163332096,100498.01,1.68
2018-07-06 20:02:10.956711424,100508.48,1.68
2018-07-07 23:06:02.750091008,100550.37,1.68
2018-07-09 01:42:40.203710464,100571.31,1.32
2018-07-09 23:06:02.750091008,100602.73,1.14
2018-07-10 20:29:25.296471552,100634.14,1.14
2018-07-11 17:52:47.842851840,100665.56,1.14
2018-07-12 15:16:10.389232384,100696.98,0.60
2018-07-13 12:39:32.935612928,100770.28,0.54
2018-07-14 10:02:55.481993472,100801.70,0.54
2018-07-15 07:26:18.028374016,100833.11,0.54
2018-07-16 04:49:40.574754560,100833.11,0.54
2018-07-17 02:13:03.121134848,100843.58,0.54
2018-07-17 23:36:25.667515392,100843.58,0.54
2018-07-18 20:59:48.213895936,100843.58,0.60
2018-07-19 18:23:10.760276480,100843.58,1.14
2018-07-20 15:46:33.306657024,100843.58,1.14
2018-07-21 13:09:55.853037568,100843.58,1.26
2018-07-22 10:33:18.399417856,100843.58,1.68
2018-07-23 07:56:40.945798400,100843.58,1.68
2018-07-24 05:20:03.492178944,100843.58,1.68
2018-07-25 02:43:26.038559488,100875.00,1.68
2018-07-26 00:06:48.584940032,100875.00,1.62
2018-07-26 21:30:11.131320576,100875.00,1.14
2018-07-27 18:53:33.677700864,100885.47,1.08
2018-07-28 16:16:56.224081408,100895.94,0.60
2018-07-29 13:40:18.770461952,100927.36,0.84
2018-07-30 11:03:41.316842496,100937.83,0.90
2018-07-31 08:27:03.863223040,100948.30,1.74
2018-08-01 05:50:26.409603584,100958.78,1.80
2018-08-02 03:13:48.955983872,100958.78,1.80
2018-08-03 00:37:11.502364416,100958.78,1.80
2018-08-03 22:00:34.048744960,100958.78,2.63
2018-08-04 19:23:56.595125504,100958.78,2.69
2018-08-05 16:47:19.141506048,100958.78,2.69
2018-08-06 14:10:41.687886592,100969.25,2.69
2018-08-07 11:34:04.234266880,100969.25,2.69
2018-08-08 08:57:26.780647424,100969.25,2.63
2018-08-09 06:20:49.327027968,100969.25,1.74
2018-08-10 03:44:11.873408512,100979.72,0.90
2018-08-11 01:07:34.419789056,100979.72,0.06
2018-08-11 22:30:56.966169600,100990.19,0.06
2018-08-12 19:54:19.512550144,101000.66,0.60
2018-08-13 17:17:42.058930432,101000.66,0.66
2018-08-14 14:41:04.605310976,101021.61,0.72
2018-08-15 12:04:27.151691520,101021.61,1.20
2018-08-16 09:27:49.698072064,101021.61,1.20
2018-08-17 06:51:12.244452608,101021.61,1.68
2018-08-18 04:14:34.790833152,101021.61,1.80
2018-08-19 01:37:57.337213440,101021.61,1.80
2018-08-19 23:01:19.883593984,101032.08,1.80
2018-08-20 20:24:42.429974528,101032.08,1.80
2018-08-21 17:48:04.976355072,101053.02,1.80
2018-08-22 15:11:27.522735616,101073.97,1.80
2018-08-23 12:34:50.069116160,101094.91,1.26
2018-08-24 09:58:12.615496448,101115.86,0.72
2018-08-25 07:21:35.161876992,101136.80,0.60
2018-08-26 04:44:57.708257536,101168.22,0.12
2018-08-27 02:08:20.254638080,101168.22,0.06
2018-08-27 23:31:42.801018624,101189.16,0.66
2018-08-28 20:55:05.347399168,101189.16,0.66
2018-08-29 18:18:27.893779456,101189.16,1.20
2018-08-30 15:41:50.440160000,101189.16,1.20
2018-08-31 13:05:12.986540544,101189.16,1.26
2018-09-01 10:28:35.532921088,101189.16,1.80
2018-09-02 07:51:58.079301632,101189.16,1.80
2018-09-03 05:15:20.625682176,101189.16,1.80
2018-09-04 02:38:43.172062464,101189.16,1.80
2018-09-05 00:02:05.718443008,101210.10,1.80
2018-09-05 21:25:28.264823552,101220.58,1.80
2018-09-06 18:48:50.811204096,101231.05,1.74
2018-09-07 16:12:13.357584640,101231.05,1.20
2018-09-08 13:35:35.903965184,101231.05,0.66
2018-09-09 10:58:58.450345472,101231.05,0.60
2018-09-10 08:22:20.996726016,101231.05,0.60
2018-09-11 05:45:43.543106560,101241.52,0.54
2018-09-12 03:09:06.089487104,101241.52,0.60
2018-09-13 00:32:28.635867648,101241.52,0.60
2018-09-13 21:55:51.182248192,101241.52,1.08
2018-09-14 19:19:13.728628480,101231.05,1.14
2018-09-15 16:42:36.275009024,101220.58,1.62
2018-09-16 14:05:58.821389568,101220.58,1.68
2018-09-17 11:29:21.367770112,101220.58,1.68
2018-09-18 08:52:43.914150656,101220.58,1.68
2018-09-19 06:16:06.460531200,101231.05,1.68
2018-09-20 03:39:29.006911488,101251.99,1.68
2018-09-21 01:02:51.553292032,101262.46,1.14
2018-09-21 22:26:14.099672576,101262.46,1.14
2018-09-22 19:49:36.646053120,101283.41,0.60
2018-09-23 17:12:59.192433664,101283.41,0.60
2018-09-24 14:36:21.738814208,101293.88,0.90
2018-09-25 11:59:44.285194496,101293.88,0.96
2018-09-26 09:23:06.831575040,101304.35,1.80
2018-09-27 06:46:29.377955584,101304.35,1.80
2018-09-28 04:09:51.924336128,101304.35,1.80
2018-09-29 01:33:14.470716672,101304.35,1.86
2018-09-29 22:56:37.017097216,101314.82,2.63
2018-09-30 20:19:59.563477504,101325.30,2.63
2018-10-01 17:43:22.109858048,101325.30,2.63
2018-10-02 15:06:44.656238592,101346.24,2.63
2018-10-03 12:30:07.202619136,101367.18,2.51
2018-10-04 09:53:29.748999680,101377.66,1.80
2018-10-05 07:16:52.295380224,101388.13,0.90
2018-10-06 04:40:14.841760768,101388.13,0.72
2018-10-07 02:03:37.388141056,101409.07,0.00
2018-10-07 23:26:59.934521600,101419.54,0.54
2018-10-08 20:50:22.480902144,101440.49,0.66
2018-10-09 18:13:45.027282688,101440.49,0.72
2018-10-10 15:37:07.573663232,101440.49,1.20
2018-10-11 13:00:30.120043776,101440.49,1.20
2018-10-12 10:23:52.666424064,101440.49,1.20
2018-10-13 07:47:15.212804608,101440.49,1.20
2018-10-14 05:10:37.759185152,101440.49,1.74
2018-10-15 03:00:43.215714816,101450.96,1.80
2018-10-16 04:06:43.346671616,101471.90,1.80
2018-10-17 05:12:43.477628160,101492.85,1.80
2018-10-18 06:18:43.608584960,101503.32,1.80
2018-10-19 07:24:43.739541760,101513.79,1.26
2018-10-20 08:30:43.870498304,101524.26,1.20
2018-10-21 09:36:44.001455104,101534.74,0.60
2018-10-22 10:42:44.132411904,101545.21,0.54
2018-10-23 11:48:44.263368448,101566.15,0.60
2018-10-24 12:54:44.394325248,101566.15,0.84
2018-10-25 14:00:44.525282048,101587.10,0.90
2018-10-26 15:06:44.656238592,101587.10,0.96
2018-10-27 16:12:44.787195392,101587.10,1.68
2018-10-28 17:18:44.918151936,101587.10,1.74
2018-10-29 18:24:45.049108736,101587.10,1.86
2018-10-30 19:30:45.180065536,101597.57,2.63
2018-10-31 20:36:45.311022080,101597.57,2.63
2018-11-01 21:42:45.441978880,101597.57,2.63
2018-11-02 22:48:45.572935680,101597.57,2.63
2018-11-03 23:54:45.703892224,101597.57,2.63
2018-11-05 01:00:45.834849024,101597.57,2.57
2018-11-06 02:06:45.965805824,101587.10,1.68
2018-11-07 03:12:46.096762368,101587.10,0.90
2018-11-08 04:18:46.227719168,101587.10,0.12
2018-11-09 05:24:46.358675968,101587.10,0.06
2018-11-10 06:30:46.489632512,101587.10,0.54
2018-11-11 07:36:46.620589312,101587.10,0.54
2018-11-12 08:42:46.751546112,101587.10,0.60
2018-11-13 09:48:46.882502656,101587.10,1.08
2018-11-14 10:54:47.013459456,101587.10,1.14
2018-11-15 12:00:47.144416256,101587.10,1.20
2018-11-16 13:06:47.275372800,101587.10,1.68
2018-11-17 14:12:47.406329600,101587.10,1.68
2018-11-18 15:18:47.537286400,101587.10,1.68
2018-11-19 16:24:47.668242944,101608.04,1.68
2018-11-20 17:30:47.799199744,101608.04,1.68
2018-11-21 18:36:47.930156544,101628.98,1.68
2018-11-22 19:42:48.061113088,101628.98,1.20
2018-11-23 20:48:48.192069888,101628.98,1.08
2018-11-24 21:54:48.323026432,101628.98,0.60
2018-11-25 23:00:48.453983232,101628.98,0.78
2018-11-27 00:06:48.584940032,101628.98,0.90
2018-11-28 01:12:48.715896576,101649.93,0.90
2018-11-29 02:18:48.846853376,101649.93,0.90
2018-11-30 03:24:48.977810176,101649.93,1.68
2018-12-01 04:30:49.108766720,101649.93,1.80
2018-12-02 05:36:49.239723520,101649.93,1.80
2018-12-03 06:42:49.370680320,101649.93,2.57
2018-12-04 07:48:49.501636864,101660.40,2.69
2018-12-05 08:54:49.632593664,101712.76,2.63
2018-12-06 10:00:49.763550464,101733.70,2.57
2018-12-07 11:06:49.894507008,101807.01,1.80
2018-12-08 12:12:50.025463808,101827.95,1.80
2018-12-09 13:18:50.156420608,101869.84,1.80
2018-12-10 14:24:50.287377152,101880.31,1.80
2018-12-11 15:30:50.418333952,101932.67,0.96
2018-12-12 16:36:50.549290752,101985.03,0.90
2018-12-13 17:42:50.680247296,102005.98,0.90
2018-12-14 18:48:50.811204096,102047.86,0.90
2018-12-15 19:54:50.942160896,102047.86,0.90
2018-12-16 21:00:51.073117440,102047.86,0.90
2018-12-17 22:06:51.204074240,102047.86,1.80
2018-12-18 23:12:51.335031040,102047.86,1.80
2018-12-20 00:18:51.465987584,102047.86,1.86
2018-12-21 01:24:51.596944384,102047.86,2.57
2018-12-22 02:30:51.727901184,101964.09,2.63
2018-12-23 03:36:51.858857728,101932.67,2.63
2018-12-24 04:42:51.989814528,101922.20,2.63
2018-12-25 05:48:52.120771072,101859.37,2.57
2018-12-26 06:54:52.251727872,101859.37,0.54
2018-12-27 08:00:52.382684672,101859.37,0.54
2018-12-28 09:06:52.513641216,101859.37,0.60
2018-12-29 10:12:52.644598016,101859.37,0.66
2018-12-30 11:18:52.775554816,101859.37,1.14
2018-12-31 12:24:52.906511360,101859.37,1.20
2019-01-01 13:30:53.037468160,101859.37,1.26
2019-01-02 14:36:53.168424960,101848.90,1.68
2019-01-03 15:42:53.299381504,101838.42,1.80
2019-01-04 16:48:53.430338304,101807.01,1.80
2019-01-05 17:54:53.561295104,101733.70,1.80
2019-01-06 19:00:53.692251648,101691.82,1.80
2019-01-07 20:06:53.823208448,101670.87,1.80
2019-01-08 21:12:53.954165248,101649.93,1.74
2019-01-09 22:18:54.085121792,101649.93,0.54
2019-01-10 23:24:54.216078592,101649.93,0.54
2019-01-12 00:30:54.347035392,101649.93,0.66
2019-01-13 01:36:54.477991936,101649.93,0.66
2019-01-14 02:42:54.608948736,101649.93,0.66
2019-01-15 03:48:54.739905536,101649.93,0.72
2019-01-16 04:54:54.870862080,101649.93,1.20
2019-01-17 06:00:55.001818880,101649.93,1.26
2019-01-18 07:06:55.132775680,101649.93,1.74
2019-01-19 08:12:55.263732224,101576.62,1.80
2019-01-20 09:18:55.394689024,101545.21,1.80
2019-01-21 10:24:55.525645568,101534.74,1.80
2019-01-22 11:30:55.656602368,101482.38,0.84
2019-01-23 12:36:55.787559168,101482.38,0.06
2019-01-24 13:42:55.918515712,101482.38,0.90
2019-01-25 14:48:56.049472512,101482.38,1.74
2019-01-26 15:54:56.180429312,101482.38,1.80
2019-01-27 17:00:56.311385856,101482.38,1.86
2019-01-28 18:06:56.442342656,101471.90,2.63
2019-01-29 19:12:56.573299456,101461.43,2.63
2019-01-30 20:18:56.704256000,101367.18,2.63
2019-01-31 21:24:56.835212800,101335.77,2.69
2019-02-01 22:30:56.966169600,101283.41,2.63
2019-02-02 23:36:57.097126144,101283.41,0.00
2019-02-04 00:42:57.228082944,101272.94,0.12
2019-02-05 01:48:57.359039744,101272.94,0.90
2019-02-06 02:54:57.489996288,101272.94,0.90
2019-02-07 05:01:43.455802112,101272.94,0.96
2019-02-08 12:27:30.054565376,101272.94,1.80
2019-02-09 19:53:16.653328384,101272.94,1.80
2019-02-11 03:19:03.252091648,101272.94,1.80
2019-02-12 10:44:49.850854912,101272.94,1.86
2019-02-13 18:10:36.449617920,101272.94,2.69
2019-02-15 01:36:23.048381184,101272.94,2.69
2019-02-16 09:02:09.647144448,101272.94,2.69
2019-02-17 16:27:56.245907712,101272.94,2.69
2019-02-18 23:53:42.844670720,101272.94,1.92
2019-02-20 07:19:29.443433984,101272.94,1.80
2019-02-21 14:45:16.042197248,101272.94,0.90
2019-02-22 22:11:02.640960256,101272.94,0.78
2019-02-24 05:36:49.239723520,101272.94,0.06
2019-02-25 13:02:35.838486784,101272.94,0.48
2019-02-26 20:28:22.437249792,101272.94,0.54
2019-02-28 03:54:09.036013056,101272.94,0.60
2019-03-01 11:19:55.634776320,101272.94,1.08
2019-03-02 18:45:42.233539584,101272.94,1.14
2019-03-04 02:11:28.832302592,101272.94,1.20
2019-03-05 09:37:15.431065856,101272.94,1.68
2019-03-06 17:03:02.029829120,101272.94,1.68
2019-03-08 00:28:48.628592128,101272.94,1.68
2019-03-09 07:54:35.227355392,101283.41,1.68
2019-03-10 15:20:21.826118656,101283.41,1.68
2019-03-11 22:46:08.424881664,101304.35,1.68
2019-03-13 06:11:55.023644928,101314.82,1.20
2019-03-14 13:37:41.622408192,101325.30,1.08
2019-03-15 21:03:28.221171456,101325.30,0.60
2019-03-17 04:29:14.819934464,101335.77,0.54
2019-03-18 11:55:01.418697728,101346.24,0.54
2019-03-19 19:20:48.017460992,101356.71,0.54
2019-03-21 02:46:34.616224000,101356.71,0.60
2019-03-22 10:12:21.214987264,101356.71,0.60
2019-03-23 17:38:07.813750528,101356.71,1.14
2019-03-25 01:03:54.412513536,101356.71,1.20
2019-03-26 08:29:41.011276800,101356.71,1.68
2019-03-27 15:55:27.610040064,101367.18,1.68
2019-03-28 23:21:14.208803328,101419.54,1.68
2019-03-30 06:47:00.807566336,101430.02,1.68
2019-03-31 14:12:47.406329600,101492.85,1.68
2019-04-01 21:38:34.005092864,101513.79,1.68
2019-04-03 05:04:20.603855872,101534.74,1.26
2019-04-04 12:30:07.202619136,101555.68,1.14
2019-04-05 19:55:53.801382400,101566.15,1.14
2019-04-07 03:21:40.400145408,101618.51,0.60
2019-04-08 10:47:26.998908672,101670.87,0.54
2019-04-09 18:13:13.597671936,101691.82,0.54
2019-04-11 01:39:00.196434944,101712.76,0.48
2019-04-12 09:04:46.795198208,101733.70,0.54
2019-04-13 16:30:33.393961472,101733.70,0.90
2019-04-14 23:56:19.992724736,101733.70,1.74
2019-04-16 07:22:06.591487744,101733.70,1.80
2019-04-17 14:47:53.190251008,101733.70,1.80
2019-04-18 22:13:39.789014272,101733.70,2.57
2019-04-20 05:39:26.387777280,101723.23,2.63
2019-04-21 13:05:12.986540544,101723.23,2.63
2019-04-22 20:30:59.585303808,101723.23,2.63
2019-04-24 03:56:46.184066816,101712.76,2.69
2019-04-25 11:22:32.782830080,101702.29,2.69
2019-04-26 18:48:19.381593344,101702.29,2.63
2019-04-28 02:14:05.980356608,101681.34,1.80
2019-04-29 09:39:52.579119616,101660.40,0.90
2019-04-30 17:05:39.177882880,101628.98,0.90
2019-05-02 00:31:25.776646144,101628.98,0.90
2019-05-03 07:57:12.375409152,101628.98,0.90
2019-05-04 15:22:58.974172416,101628.98,1.02
2019-05-05 22:48:45.572935680,101628.98,1.80
2019-05-07 06:14:32.171698688,101628.98,1.80
2019-05-08 13:40:18.770461952,101628.98,2.51
2019-05-09 21:06:05.369225216,101639.46,2.63
2019-05-11 04:31:51.967988480,101670.87,2.63
2019-05-12 11:57:38.566751488,101691.82,2.63
2019-05-13 19:23:25.165514752,101754.65,2.63
2019-05-15 02:49:11.764278016,101786.06,1.86
2019-05-16 10:14:58.363041024,101827.95,1.80
2019-05-17 17:40:44.961804288,101911.73,1.80
2019-05-19 01:06:31.560567552,101943.14,1.80
2019-05-20 08:32:18.159330560,102032.16,0.96
2019-05-21 15:58:04.758093824,102121.17,0.90
2019-05-22 23:23:51.356857088,102142.11,0.90
2019-05-24 06:49:37.955620352,102236.36,0.90
2019-05-25 14:15:24.554383360,102257.30,0.84
2019-05-26 21:41:11.153146624,102257.30,0.48
2019-05-28 05:06:57.751909888,102257.30,0.48
2019-05-29 12:32:44.350672896,102257.30,0.60
2019-05-30 19:58:30.949436160,102257.30,1.08
2019-06-01 03:24:17.548199424,102257.30,1.14
2019-06-02 10:50:04.146962432,102257.30,1.20
2019-06-03 18:15:50.745725696,102257.30,1.68
2019-06-05 01:41:37.344488960,102257.30,1.68
2019-06-06 09:07:23.943251968,102257.30,1.68
2019-06-07 16:33:10.542015232,102278.25,1.68
2019-06-08 23:58:57.140778496,102278.25,1.56
2019-06-10 07:24:43.739541760,102288.72,1.14
2019-06-11 14:50:30.338304768,102288.72,1.08
2019-06-12 22:16:16.937068032,102299.19,0.66
2019-06-14 05:42:03.535831296,102299.19,0.60
2019-06-15 13:07:50.134594304,102320.14,0.60
2019-06-16 20:33:36.733357568,102330.61,0.66
2019-06-18 03:59:23.332120832,102341.08,0.66
2019-06-19 11:25:09.930883840,102341.08,0.66
2019-06-20 18:50:56.529647104,102341.08,1.14
2019-06-22 02:16:43.128410368,102341.08,1.20
2019-06-23 09:42:29.727173632,102341.08,1.26
2019-06-24 17:08:16.325936640,102341.08,1.80
2019-06-26 00:34:02.924699904,102341.08,1.80
2019-06-27 07:59:49.523463168,102341.08,1.80
2019-06-28 15:25:36.122226176,102341.08,1.80
2019-06-29 22:51:22.720989440,102341.08,1.80
2019-07-01 05:19:32.062568192,102341.08,1.32
2019-07-02 07:57:12.375409152,102341.08,0.72
2019-07-03 10:34:52.688250368,102341.08,0.66
2019-07-04 13:12:33.001091328,102341.08,0.66
2019-07-05 15:50:13.313932288,102341.08,0.66
2019-07-06 18:27:53.626773504,102341.08,0.66
2019-07-07 21:05:33.939614464,102341.08,0.66
2019-07-08 23:43:14.252455424,102341.08,0.72
2019-07-10 02:20:54.565296384,102341.08,1.20
2019-07-11 04:58:34.878137600,102341.08,1.20
2019-07-12 07:36:15.190978560,102341.08,1.20
2019-07-13 10:13:55.503819520,102341.08,1.68
2019-07-14 12:51:35.816660480,102330.61,1.80
2019-07-15 15:29:16.129501696,102330.61,1.80
2019-07-16 18:06:56.442342656,102320.14,1.80
2019-07-17 20:44:36.755183616,102309.66,1.80
2019-07-18 23:22:17.068024832,102299.19,1.32
2019-07-20 01:59:57.380865792,102288.72,1.20
2019-07-21 04:37:37.693706752,102267.78,0.66
2019-07-22 07:15:18.006547712,102257.30,0.54
2019-07-23 09:52:58.319388928,102257.30,0.06
2019-07-24 12:30:38.632229888,102257.30,0.54
2019-07-25 15:08:18.945070848,102257.30,1.38
2019-07-26 17:45:59.257912064,102257.30,1.44
2019-07-27 20:23:39.570753024,102257.30,1.50
2019-07-28 23:01:19.883593984,102257.30,1.98
2019-07-30 01:39:00.196434944,102257.30,2.04
2019-07-31 04:16:40.509276160,102257.30,2.10
2019-08-01 06:54:20.822117120,102257.30,2.81
2019-08-02 09:32:01.134958080,102257.30,2.87
2019-08-03 12:09:41.447799296,102257.30,2.99
2019-08-04 14:47:21.760640256,102257.30,3.47
2019-08-05 17:25:02.073481216,102257.30,4.31
2019-08-06 20:02:42.386322176,102257.30,4.37
2019-08-07 22:40:22.699163392,102257.30,4.37
2019-08-09 01:18:03.012004352,102267.78,4.37
2019-08-10 03:55:43.324845312,102278.25,4.31
2019-08-11 06:33:23.637686528,102288.72,3.47
2019-08-12 09:11:03.950527488,102299.19,3.47
2019-08-13 11:48:44.263368448,102320.14,3.41
2019-08-14 14:26:24.576209408,102341.08,2.87
2019-08-15 17:04:04.889050624,102372.50,2.16
2019-08-16 19:41:45.201891584,102424.86,1.56
2019-08-17 22:19:25.514732544,102456.27,1.44
2019-08-19 00:57:05.827573760,102477.22,0.60
2019-08-20 03:34:46.140414720,102487.69,0.48
2019-08-21 06:12:26.453255680,102498.16,0.00
2019-08-22 08:50:06.766096640,102519.10,0.60
2019-08-23 11:27:47.078937856,102529.58,0.66
2019-08-24 14:05:27.391778816,102540.05,0.72
2019-08-25 16:43:07.704619776,102540.05,1.20
2019-08-26 19:20:48.017460992,102540.05,1.20
2019-08-27 21:58:28.330301952,102540.05,1.26
2019-08-29 00:36:08.643142912,102540.05,1.80
2019-08-30 03:13:48.955983872,102560.99,1.80
2019-08-31 05:51:29.268825088,102581.94,1.80
2019-09-01 08:29:09.581666048,102623.82,1.80
2019-09-02 11:06:49.894507008,102655.24,1.80
2019-09-03 13:44:30.207348224,102686.66,1.80
2019-09-04 16:22:10.520189184,102728.54,1.26
2019-09-05 18:59:50.833030144,102749.49,1.20
2019-09-06 21:37:31.145871104,102770.43,1.20
2019-09-08 00:15:11.458712320,102812.32,0.72
2019-09-09 02:52:51.771553280,102854.21,0.66
2019-09-10 05:30:32.084394240,102896.10,0.66
2019-09-11 08:08:12.397235456,102917.04,0.66
2019-09-12 10:45:52.710076416,102927.51,0.66
2019-09-13 13:23:33.022917376,102948.46,0.66
2019-09-14 16:01:13.335758336,102948.46,0.66
2019-09-15 18:38:53.648599552,102948.46,1.14
2019-09-16 21:16:33.961440512,102948.46,1.20
2019-09-17 23:54:14.274281472,102948.46,1.20
2019-09-19 02:31:54.587122688,102948.46,1.20
2019-09-20 05:09:34.899963648,102948.46,1.74
2019-09-21 07:47:15.212804608,102948.46,1.80
2019-09-22 10:24:55.525645568,103000.82,1.80
2019-09-23 13:02:35.838486784,103021.76,1.80
2019-09-24 15:40:16.151327744,103084.59,1.80
2019-09-25 18:17:56.464168704,103126.48,1.26
2019-09-26 20:55:36.777009920,103157.90,1.20
2019-09-27 23:33:17.089850880,103168.37,1.20
2019-09-29 02:10:57.402691840,103210.26,0.72
2019-09-30 04:48:37.715532800,103241.67,0.66
2019-10-01 07:26:18.028374016,103304.50,0.66
2019-10-02 10:03:58.341214976,103304.50,0.66
2019-10-03 12:41:38.654055936,103367.34,0.66
2019-10-04 15:19:18.966897152,103367.34,0.66
2019-10-05 17:56:59.279738112,103377.81,0.66
2019-10-06 20:34:39.592579072,103377.81,0.72
2019-10-07 23:12:19.905420032,103377.81,1.20
2019-10-09 01:50:00.218261248,103377.81,1.20
2019-10-10 04:27:40.531102208,103377.81,1.20
2019-10-11 07:05:20.843943168,103377.81,1.68
2019-10-12 09:43:01.156784384,103377.81,1.80
2019-10-13 12:20:41.469625344,103377.81,1.80
2019-10-14 14:58:21.782466304,103388.28,1.80
2019-10-15 17:36:02.095307264,103398.75,1.80
2019-10-16 20:13:42.408148480,103409.22,1.32
2019-10-17 22:51:22.720989440,103409.22,1.20
2019-10-19 01:29:03.033830400,103409.22,0.66
2019-10-20 04:06:43.346671616,103419.70,0.66
2019-10-21 06:44:23.659512576,103430.17,0.60
2019-10-22 09:22:03.972353536,103440.64,0.12
2019-10-23 11:59:44.285194496,103451.11,0.06
2019-10-24 14:37:24.598035712,103461.58,0.90
2019-10-25 17:15:04.910876672,103461.58,0.90
2019-10-26 19:52:45.223717632,103461.58,1.80
2019-10-27 22:30:25.536558848,103461.58,1.80
2019-10-29 01:08:05.849399808,103461.58,1.80
2019-10-30 03:45:46.162240768,103461.58,1.80
2019-10-31 04:14:34.790833152,103451.11,1.86
2019-10-31 21:55:19.752637440,103430.17,2.69
2019-11-01 15:36:04.714441728,103367.34,2.69
2019-11-02 09:16:49.676246016,103346.39,2.69
2019-11-03 02:57:34.638050304,103273.09,2.69
2019-11-03 20:38:19.599854592,103273.09,2.63
2019-11-04 14:19:04.561658880,103262.62,0.06
2019-11-05 07:59:49.523463168,103262.62,0.42
2019-11-06 01:40:34.485267456,103262.62,0.54
2019-11-06 19:21:19.447071744,103262.62,0.60
2019-11-07 13:02:04.408876032,103262.62,1.08
2019-11-08 06:42:49.370680320,103262.62,1.14
2019-11-09 00:23:34.332484608,103262.62,1.20
2019-11-09 18:04:19.294288896,103262.62,1.68
2019-11-10 11:45:04.256093184,103262.62,1.68
2019-11-11 05:25:49.217897472,103262.62,1.68
2019-11-11 23:06:34.179701760,103262.62,1.68
2019-11-12 16:47:19.141506048,103273.09,1.68
2019-11-13 10:28:04.103310336,103294.03,1.68
2019-11-14 04:08:49.065114624,103314.98,1.20
2019-11-14 21:49:34.026918912,103325.45,1.08
2019-11-15 15:30:18.988723200,103335.92,0.60
2019-11-16 09:11:03.950527488,103346.39,0.60
2019-11-17 02:51:48.912331776,103367.34,0.66
2019-11-17 20:32:33.874136064,103367.34,0.66
2019-11-18 14:13:18.835940352,103377.81,0.66
2019-11-19 07:54:03.797744640,103377.81,0.72
2019-11-20 01:34:48.759548928,103377.81,1.20
2019-11-20 19:15:33.721353216,103377.81,1.26
2019-11-21 12:56:18.683157504,103377.81,1.74
2019-11-22 06:37:03.644961792,103377.81,1.80
2019-11-23 00:17:48.606766080,103409.22,1.80
2019-11-23 17:58:33.568570368,103430.17,1.80
2019-11-24 11:39:18.530374656,103451.11,1.80
2019-11-25 05:20:03.492178944,103472.06,1.80
2019-11-25 23:00:48.453983232,103482.53,1.38
2019-11-26 16:41:33.415787520,103482.53,1.20
2019-11-27 10:22:18.377591808,103524.42,0.66
2019-11-28 04:03:03.339396096,103566.30,0.60
2019-11-28 21:43:48.301200384,103576.78,0.60
2019-11-29 15:24:33.263004672,103597.72,1.08
2019-11-30 09:05:18.224808960,103597.72,1.14
2019-12-01 02:46:03.186613248,103597.72,1.14
2019-12-01 20:26:48.148417536,103597.72,1.14
2019-12-02 14:07:33.110221824,103597.72,1.62
2019-12-03 07:48:18.072026112,103597.72,1.68
2019-12-04 01:29:03.033830400,103597.72,2.22
2019-12-04 19:09:47.995634688,103597.72,2.22
2019-12-05 12:50:32.957438976,103597.72,2.28
2019-12-06 06:31:17.919243264,103597.72,2.75
2019-12-07 00:12:02.881047552,103597.72,2.81
2019-12-07 17:52:47.842851840,103597.72,3.23
2019-12-08 11:33:32.804656128,103608.19,3.23
2019-12-09 05:14:17.766460416,103660.55,3.23
2019-12-09 22:55:02.728264704,103671.02,3.29
2019-12-10 16:35:47.690068992,103712.91,3.23
2019-12-11 10:16:32.651873536,103765.27,2.75
2019-12-12 03:57:17.613677824,103796.69,2.69
2019-12-12 21:38:02.575482112,103807.16,2.69
2019-12-13 15:18:47.537286400,103869.99,2.22
2019-12-14 08:59:32.499090688,103890.94,2.22
2019-12-15 02:40:17.460894976,103932.82,2.22
2019-12-15 20:21:02.422699264,103943.30,2.22
2019-12-16 14:01:47.384503552,103964.24,1.68
2019-12-17 07:42:32.346307840,103974.71,1.62
2019-12-18 01:23:17.308112128,103985.18,1.62
2019-12-18 19:04:02.269916416,104006.13,1.62
2019-12-19 12:44:47.231720704,104016.60,1.26
2019-12-20 06:25:32.193524992,104016.60,1.08
2019-12-21 00:06:17.155329280,104016.60,0.60
2019-12-21 17:47:02.117133568,104016.60,0.54
2019-12-22 11:27:47.078937856,104016.60,0.60
2019-12-23 05:08:32.040742144,104016.60,0.60
2019-12-23 22:49:17.002546432,104037.54,0.66
2019-12-24 16:30:01.964350720,104037.54,0.72
2019-12-25 10:10:46.926155008,104037.54,1.20
2019-12-26 03:51:31.887959296,104037.54,1.20
2019-12-26 21:32:16.849763584,104037.54,1.20
2019-12-27 15:13:01.811567872,104037.54,1.32
2019-12-28 08:53:46.773372160,104037.54,1.80
2019-12-29 02:34:31.735176448,103953.77,1.80
2019-12-29 20:15:16.696980736,103922.35,1.80
2019-12-30 13:56:01.658785024,103901.41,1.80
2019-12-31 07:36:46.620589312,103838.58,1.68
2020-01-01 01:17:31.582393600,103838.58,0.90
2020-01-01 18:58:16.544197888,103838.58,0.90
2020-01-02 12:39:01.506002176,103838.58,0.90
2020-01-03 06:19:46.467806464,103838.58,1.80
2020-01-04 00:00:31.429610752,103838.58,1.80
2020-01-04 17:41:16.391415040,103838.58,1.86
2020-01-05 11:22:01.353219328,103838.58,2.63
2020-01-06 05:02:46.315023616,103838.58,2.63
2020-01-06 22:43:31.276827904,103838.58,2.69
2020-01-07 16:24:16.238632192,103849.05,2.63
2020-01-08 10:05:01.200436480,103869.99,2.57
2020-01-09 03:45:46.162240768,103880.46,1.80
2020-01-09 21:26:31.124045056,103880.46,0.96
2020-01-10 15:07:16.085849344,103880.46,0.90
2020-01-11 08:48:01.047653632,103890.94,0.84
2020-01-12 02:28:46.009457920,103890.94,0.60
2020-01-12 20:09:30.971262208,103911.88,0.60
2020-01-13 13:50:15.933066496,103922.35,0.60
2020-01-14 07:31:00.894870784,103922.35,1.08
2020-01-15 01:11:45.856675072,103922.35,1.14
2020-01-15 18:52:30.818479360,103922.35,1.14
2020-01-16 12:33:15.780283648,103922.35,1.14
2020-01-17 06:14:00.742087936,103922.35,1.68
2020-01-17 23:54:45.703892224,103922.35,1.68
2020-01-18 17:35:30.665696512,103922.35,1.68
2020-01-19 11:16:15.627500800,103922.35,1.74
2020-01-20 05:22:40.640232704,103922.35,1.68
2020-01-21 00:35:05.783921408,103922.35,1.20
2020-01-21 19:47:30.927610112,103922.35,0.66
2020-01-22 14:59:56.071298560,103922.35,0.60
2020-01-23 10:12:21.214987264,103922.35,0.06
2020-01-24 05:24:46.358675968,103922.35,0.06
2020-01-25 00:37:11.502364416,103922.35,0.90
2020-01-25 19:49:36.646053120,103922.35,1.68
2020-01-26 15:02:01.789741824,103922.35,1.80
2020-01-27 10:14:26.933430272,103922.35,1.86
2020-01-28 05:26:52.077118976,103922.35,2.57
2020-01-29 00:39:17.220807680,103932.82,2.63
2020-01-29 19:51:42.364496128,103932.82,2.63
2020-01-30 15:04:07.508184832,103943.30,2.63
2020-01-31 10:16:32.651873536,103953.77,2.63
2020-02-01 05:28:57.795561984,103974.71,2.63
2020-02-02 00:41:22.939250688,103985.18,1.86
2020-02-02 19:53:48.082939136,103995.66,1.80
2020-02-03 15:06:13.226627840,103995.66,0.90
2020-02-04 10:18:38.370316544,104016.60,0.60
2020-02-05 05:31:03.514004992,104016.60,0.54
2020-02-06 00:43:28.657693696,104037.54,0.54
2020-02-06 19:55:53.801382400,104037.54,0.54
2020-02-07 15:08:18.945070848,104037.54,0.60
2020-02-08 10:20:44.088759552,104037.54,1.08
2020-02-09 05:33:09.232448256,104037.54,1.14
2020-02-10 00:45:34.376136704,104037.54,1.20
2020-02-10 19:57:59.519825408,104037.54,1.68
2020-02-11 15:10:24.663514112,104037.54,1.68
2020-02-12 10:22:49.807202560,104037.54,1.68
2020-02-13 05:35:14.950891264,104058.49,1.68
2020-02-14 00:47:40.094579968,104068.96,1.68
2020-02-14 20:00:05.238268416,104068.96,1.68
2020-02-15 15:12:30.381957120,104079.43,1.14
2020-02-16 10:24:55.525645568,104068.96,0.90
2020-02-17 05:37:20.669334272,104068.96,0.84
2020-02-18 00:49:45.813022976,104068.96,0.84
2020-02-18 20:02:10.956711424,104068.96,0.90
2020-02-19 15:14:36.100400128,104068.96,0.90
2020-02-20 10:27:01.244088832,104068.96,0.90
2020-02-21 05:39:26.387777280,104068.96,1.68
2020-02-22 00:51:51.531465984,104058.49,1.74
2020-02-22 20:04:16.675154688,104058.49,1.74
2020-02-23 15:16:41.818843136,104058.49,2.57
2020-02-24 10:29:06.962531840,104058.49,2.63
2020-02-25 05:41:32.106220544,104079.43,2.63
2020-02-26 00:53:57.249908992,104079.43,2.63
2020-02-26 20:06:22.393597696,104089.90,2.57
2020-02-27 15:18:47.537286400,104100.38,1.74
2020-02-28 10:31:12.680974848,104100.38,1.74
2020-02-29 05:43:37.824663552,104110.85,1.68
2020-03-01 00:56:02.968352256,104121.32,0.90
2020-03-01 20:08:28.112040704,104121.32,0.90
2020-03-02 15:20:53.255729408,104142.26,0.90
2020-03-03 10:33:18.399417856,104142.26,1.44
2020-03-04 05:45:43.543106560,104152.74,1.50
2020-03-05 00:58:08.686795264,104152.74,1.50
2020-03-05 20:10:33.830483712,104152.74,1.50
2020-03-06 15:22:58.974172416,104152.74,2.34
2020-03-07 10:35:24.117861120,104152.74,2.51
2020-03-08 05:47:49.261549568,104152.74,2.93
2020-03-09 01:00:14.405238272,104152.74,2.93
2020-03-09 20:12:39.548926976,104163.21,3.71
2020-03-10 15:25:04.692615424,104163.21,4.37
2020-03-11 10:37:29.836304128,104142.26,4.37
2020-03-12 05:49:54.979992832,104110.85,4.43
2020-03-13 01:02:20.123681280,104048.02,4.43
2020-03-13 20:14:45.267369984,104016.60,4.43
2020-03-14 15:27:10.411058688,103985.18,4.43
2020-03-15 10:39:35.554747136,103964.24,4.37
2020-03-16 05:52:00.698435840,103943.30,2.63
2020-03-17 01:04:25.842124288,103849.05,2.63
2020-03-17 20:16:50.985812992,103838.58,2.63
2020-03-18 15:29:16.129501696,103754.80,2.63
2020-03-19 10:41:41.273190144,103754.80,0.66
2020-03-20 05:54:06.416878848,103744.33,0.06
2020-03-21 01:06:31.560567552,103744.33,0.60
2020-03-21 20:18:56.704256000,103744.33,1.14
2020-03-22 15:31:21.847944704,103744.33,1.32
2020-03-23 10:43:46.991633408,103754.80,1.80
2020-03-24 05:56:12.135321856,103786.22,1.80
2020-03-25 01:08:37.279010560,103807.16,1.80
2020-03-25 20:21:02.422699264,103828.10,1.80
2020-03-26 15:33:27.566387712,103869.99,1.68
2020-03-27 10:45:52.710076416,103869.99,1.26
2020-03-28 05:58:17.853765120,103890.94,1.20
2020-03-29 01:10:42.997453568,103932.82,1.20
2020-03-29 20:23:08.141142272,103953.77,1.20
2020-03-30 15:35:33.284830976,104110.85,0.66
2020-03-31 10:47:58.428519424,104079.43,0.66
2020-04-01 06:00:23.572208128,104131.79,0.12
2020-04-02 01:12:48.715896576,104142.26,0.06
2020-04-02 20:25:13.859585280,104152.74,0.84
2020-04-03 15:37:39.003273984,104152.74,0.90
2020-04-04 10:50:04.146962432,104152.74,1.44
2020-04-05 06:02:29.290651136,104152.74,1.50
2020-04-06 01:14:54.434339840,104152.74,1.56
2020-04-06 20:27:19.578028288,104152.74,2.34
2020-04-07 15:39:44.721716992,104152.74,2.81
2020-04-08 10:52:09.865405696,104152.74,2.87
2020-04-09 06:04:35.009094144,104152.74,2.87
2020-04-10 01:17:00.152782848,104152.74,2.87
2020-04-10 20:29:25.296471552,104152.74,3.77
2020-04-11 15:41:50.440160000,104152.74,3.83
2020-04-12 10:54:15.583848704,104152.74,4.25
2020-04-13 06:06:40.727537408,104048.02,4.25
2020-04-14 01:19:05.871225856,104027.07,4.25
2020-04-14 20:31:31.014914560,103943.30,4.25
2020-04-15 15:43:56.158603008,103932.82,4.19
2020-04-16 10:56:21.302291712,103932.82,1.62
2020-04-17 16:49:56.289559808,103932.82,1.62
2020-04-19 21:25:59.694434304,103974.71,1.62
2020-04-22 02:02:03.099308800,103995.66,1.62
2020-04-24 06:38:06.504183296,104006.13,1.62
2020-04-26 11:14:09.909057792,104037.54,1.14
2020-04-28 15:50:13.313932288,104058.49,1.08
2020-04-30 20:26:16.718806784,104121.32,0.54
2020-05-03 01:02:20.123681280,104152.74,0.00
2020-05-05 05:38:23.528555776,104163.21,0.00
2020-05-07 10:14:26.933430272,104184.15,0.00
2020-05-09 14:50:30.338304768,104184.15,0.54
2020-05-11 19:26:33.743179264,104184.15,1.08
2020-05-14 00:02:37.148053760,104184.15,1.14
2020-05-16 04:38:40.552928256,104184.15,1.20
2020-05-18 09:14:43.957802752,104184.15,1.68
2020-05-20 13:50:47.362677248,104184.15,1.68
2020-05-22 18:26:50.767551744,104184.15,1.68
2020-05-24 23:02:54.172426240,104184.15,1.68
2020-05-27 03:38:57.577300736,104184.15,1.68
2020-05-29 08:15:00.982175232,104184.15,1.68
2020-05-31 12:51:04.387049728,104184.15,1.62
2020-06-02 17:27:07.791924224,104184.15,1.08
2020-06-04 22:03:11.196798720,104184.15,0.60
2020-06-07 02:39:14.601673216,104205.10,0.84
2020-06-09 07:15:18.006547968,104205.10,0.90
2020-06-11 11:51:21.411422464,104205.10,1.80
2020-06-13 16:27:24.816296960,104205.10,1.80
2020-06-15 21:03:28.221171456,104205.10,1.80
2020-06-18 01:39:31.626045952,104205.10,1.86
2020-06-20 06:15:35.030920448,104205.10,2.63
2020-06-22 10:51:38.435794944,104215.57,2.69
2020-06-24 15:27:41.840669440,104246.98,2.69
2020-06-26 20:03:45.245543936,104267.93,2.69
2020-06-29 00:39:48.650418432,104288.87,2.63
2020-07-01 05:15:52.055292928,104299.34,1.86
2020-07-03 09:51:55.460167424,104320.29,1.02
2020-07-05 14:27:58.865041920,104320.29,0.90
2020-07-07 19:04:02.269916416,104404.06,0.90
2020-07-09 23:40:05.674790912,104425.01,0.84
2020-07-12 04:16:09.079665408,104445.95,0.60
2020-07-14 08:52:12.484539904,104456.42,1.38
2020-07-16 13:28:15.889414400,104466.90,1.50
2020-07-18 18:04:19.294288896,104477.37,1.50
2020-07-20 22:40:22.699163392,104477.37,1.98
2020-07-23 03:16:26.104037888,104477.37,2.04
2020-07-25 07:52:29.508912384,104477.37,2.10
2020-07-27 12:28:32.913786880,104477.37,2.87
2020-07-29 17:04:36.318661376,104477.37,2.87
2020-07-31 21:40:39.723535872,104477.37,2.93
2020-08-03 02:16:43.128410368,104477.37,3.47
2020-08-05 06:52:46.533284864,104456.42,4.31
2020-08-07 11:28:49.938159360,104383.12,4.37
2020-08-09 16:04:53.343033856,104362.18,4.37
2020-08-11 20:40:56.747908352,104341.23,4.37
2020-08-14 01:17:00.152782848,104278.40,4.37
2020-08-16 05:53:03.557657344,104278.40,4.31
2020-08-18 10:29:06.962531840,104278.40,2.69
2020-08-20 15:05:10.367406336,104320.29,2.63
2020-08-22 19:41:13.772280832,104341.23,2.63
2020-08-25 00:17:17.177155328,104393.59,2.63
2020-08-27 04:53:20.582029824,104404.06,1.98
2020-08-29 09:29:23.986904320,104456.42,1.80
2020-08-31 14:05:27.391778816,104466.90,1.80
2020-09-02 18:41:30.796653312,104503.55,0.90
2020-09-04 23:17:34.201527808,104540.20,0.90
2020-09-07 03:53:37.606402304,104592.56,0.90
2020-09-09 08:29:41.011276800,104613.50,0.90
2020-09-11 13:05:44.416151296,104644.92,0.84
2020-09-13 17:41:47.821025792,104665.86,0.60
2020-09-15 22:17:51.225900288,104665.86,1.38
2020-09-18 02:53:54.630774784,104665.86,1.50
2020-09-20 07:29:58.035649280,104665.86,1.50
2020-09-22 12:06:01.440523776,104665.86,1.50
2020-09-24 16:42:04.845398272,104665.86,2.04
2020-09-26 21:18:08.250272768,104665.86,2.10
2020-09-29 01:54:11.655147264,104665.86,2.87
2020-10-01 06:30:15.060021760,104665.86,2.87
2020-10-03 11:06:18.464896256,104665.86,3.41
2020-10-05 15:42:21.869770752,104665.86,3.53
2020-10-07 20:18:25.274645248,104676.34,4.25
2020-10-10 00:54:28.679519744,104676.34,4.25
2020-10-12 05:30:32.084394240,104697.28,4.25
2020-10-14 10:06:35.489268736,104697.28,4.25
2020-10-16 14:42:38.894143232,104718.22,4.25
2020-10-18 19:18:42.299017728,104728.70,4.25
2020-10-20 23:54:45.703892224,104739.17,3.47
2020-10-23 04:30:49.108766720,104739.17,2.63
2020-10-25 09:06:52.513641216,104770.58,2.51
2020-10-27 13:42:55.918515712,104791.53,1.74
2020-10-29 18:18:59.323390208,104791.53,1.20
2020-10-31 22:55:02.728264704,104812.47,1.14
2020-11-03 03:31:06.133139200,104812.47,1.08
2020-11-05 08:07:09.538013952,104812.47,0.60
2020-11-07 12:43:12.942888448,104812.47,0.60
2020-11-09 17:19:16.347762944,104812.47,0.54
2020-11-11 21:55:19.752637440,104812.47,0.60
2020-11-14 02:31:23.157511936,104812.47,0.60
2020-11-16 07:07:26.562386432,104812.47,1.08
2020-11-18 11:43:29.967260928,104812.47,1.14
2020-11-20 16:19:33.372135424,104812.47,1.14
2020-11-22 20:55:36.777009920,104812.47,1.20
2020-11-25 01:31:40.181884416,104812.47,1.68
2020-11-27 06:07:43.586758912,104718.22,1.68
2020-11-29 10:43:46.991633408,104697.28,1.68
2020-12-01 15:19:50.396507904,104644.92,1.68
2020-12-03 19:55:53.801382400,104623.98,1.62
2020-12-06 00:31:57.206256896,104623.98,0.00
2020-12-08 05:08:00.611131392,104613.50,0.54
2020-12-10 09:44:04.016005888,104613.50,0.66
2020-12-12 14:20:07.420880384,104613.50,0.66
2020-12-14 11:37:44.241542400,104613.50,0.72
2020-12-15 19:55:53.801382400,104613.50,1.20
2020-12-17 04:14:03.361222144,104613.50,1.26
2020-12-18 12:32:12.921062144,104613.50,1.80
2020-12-19 20:50:22.480902144,104592.56,1.80
2020-12-21 05:08:32.040742144,104508.78,1.80
2020-12-22 13:26:41.600582144,104487.84,1.80
2020-12-23 21:44:51.160421888,104425.01,1.80
2020-12-25 06:03:00.720261888,104425.01,1.80
2020-12-26 14:21:10.280101888,104414.54,0.72
2020-12-27 22:39:19.839941888,104414.54,0.66
2020-12-29 06:57:29.399781632,104414.54,0.66
2020-12-30 15:15:38.959621632,104414.54,0.72
2020-12-31 23:33:48.519461632,104414.54,1.20
2021-01-02 07:51:58.079301632,104414.54,1.20
2021-01-03 16:10:07.639141632,104414.54,1.20
2021-01-05 00:28:17.198981376,104414.54,1.32
2021-01-06 08:46:26.758821376,104404.06,1.80
2021-01-07 17:04:36.318661376,104299.34,1.80
2021-01-09 01:22:45.878501376,104267.93,1.80
2021-01-10 09:40:55.438341120,104194.62,1.68
2021-01-11 17:59:04.998181120,104184.15,0.90
2021-01-13 02:17:14.558021120,104184.15,0.90
2021-01-14 10:35:24.117861120,104184.15,1.02
2021-01-15 18:53:33.677700864,104184.15,1.80
2021-01-17 03:11:43.237540864,104184.15,1.80
2021-01-18 11:29:52.797380864,104184.15,1.86
2021-01-19 19:48:02.357220864,104194.62,2.63
2021-01-21 04:06:11.917060864,104226.04,2.63
2021-01-22 12:24:21.476900608,104246.98,2.63
2021-01-23 20:42:31.036740608,104288.87,2.63
2021-01-25 05:00:40.596580608,104299.34,1.86
2021-01-26 13:18:50.156420608,104309.82,1.80
2021-01-27 21:36:59.716260352,104320.29,0.90
2021-01-29 05:55:09.276100352,104351.70,0.90
2021-01-30 14:13:18.835940352,104435.48,0.90
2021-01-31 22:31:28.395780352,104456.42,0.90
2021-02-02 06:49:37.955620352,104498.31,0.90
2021-02-03 15:07:47.515460096,104498.31,0.90
2021-02-04 23:25:57.075300096,104498.31,1.80
2021-02-06 07:44:06.635140096,104498.31,1.80
2021-02-07 16:02:16.194980096,104498.31,1.80
2021-02-09 00:20:25.754819840,104498.31,1.86
2021-02-10 08:38:35.314659840,104498.31,2.57
2021-02-11 16:56:44.874499840,104414.54,2.63
2021-02-13 01:14:54.434339840,104383.12,2.63
2021-02-14 09:33:03.994179584,104362.18,2.63
2021-02-15 17:51:13.554019584,104299.34,2.57
2021-02-17 02:09:23.113859584,104299.34,0.60
2021-02-18 10:27:32.673699584,104299.34,0.54
2021-02-19 18:45:42.233539584,104299.34,0.60
2021-02-21 03:03:51.793379328,104299.34,1.08
2021-02-22 11:22:01.353219328,104299.34,1.14
2021-02-23 19:40:10.913059328,104299.34,1.20
2021-02-25 03:58:20.472899328,104299.34,1.68
2021-02-26 12:16:30.032739072,104299.34,1.74
2021-02-27 20:34:39.592579072,104299.34,1.74
2021-03-01 04:52:49.152419072,104299.34,1.68
2021-03-02 13:10:58.712259072,104299.34,1.68
2021-03-03 21:29:08.272099072,104309.82,1.14
2021-03-05 05:47:17.831938816,104309.82,1.14
2021-03-06 14:05:27.391778816,104309.82,1.08
2021-03-07 22:23:36.951618816,104309.82,0.84
2021-03-09 06:41:46.511458816,104320.29,0.84
2021-03-10 14:59:56.071298560,104320.29,0.90
2021-03-11 23:18:05.631138560,104330.76,1.44
2021-03-13 07:36:15.190978560,104330.76,1.50
2021-03-14 15:54:24.750818560,104330.76,1.50
2021-03-16 00:12:34.310658304,104330.76,1.50
2021-03-17 08:30:43.870498304,104330.76,2.34
2021-03-18 16:48:53.430338304,104330.76,2.93
2021-03-20 01:07:02.990178304,104330.76,2.93
2021-03-21 09:25:12.550018304,104330.76,2.93
2021-03-22 17:43:22.109858048,104330.76,3.77
2021-03-24 02:01:31.669698048,104330.76,3.83
2021-03-25 10:19:41.229538048,104320.29,4.37
2021-03-26 18:37:50.789378048,104288.87,4.37
2021-03-28 02:56:00.349217792,104246.98,4.37
2021-03-29 11:14:09.909057792,104173.68,4.37
2021-03-30 19:32:19.468897792,104152.74,4.37
2021-04-01 03:50:29.028737792,104131.79,4.31
2021-04-02 12:08:38.588577792,104037.54,1.74
2021-04-03 20:26:48.148417536,104006.13,1.74
2021-04-05 04:44:57.708257536,103932.82,1.68
2021-04-06 13:03:07.268097536,103932.82,1.68
2021-04-07 21:21:16.827937536,103932.82,0.06
2021-04-09 05:39:26.387777280,103922.35,0.12
2021-04-10 13:57:35.947617280,103922.35,0.90
2021-04-11 22:15:45.507457280,103922.35,0.90
2021-04-13 06:33:55.067297280,103922.35,0.96
2021-04-14 14:52:04.627137024,103922.35,1.80
2021-04-15 23:10:14.186977024,103922.35,1.80
2021-04-17 07:28:23.746817024,103911.88,2.57
2021-04-18 15:46:33.306657024,103901.41,2.63
2021-04-20 00:04:42.866497024,103880.46,2.63
2021-04-21 08:22:52.426336768,103838.58,2.63
2021-04-22 16:41:01.986176768,103775.74,2.63
2021-04-24 00:59:11.546016768,103744.33,2.63
2021-04-25 09:17:21.105856768,103733.86,2.51
2021-04-26 17:35:30.665696512,103723.38,0.90
2021-04-28 01:53:40.225536512,103723.38,0.90
2021-04-29 10:11:49.785376512,103723.38,0.90
2021-04-30 18:29:59.345216512,103723.38,1.80
2021-05-02 02:48:08.905056512,103723.38,1.80
2021-05-03 11:06:18.464896256,103723.38,1.80
2021-05-04 19:24:28.024736256,103723.38,1.86
2021-05-06 03:42:37.584576256,103723.38,2.69
2021-05-07 12:00:47.144416256,103723.38,2.69
2021-05-08 20:18:56.704256000,103723.38,2.69
2021-05-10 04:37:06.264096000,103733.86,2.69
2021-05-12 01:34:48.759548928,103733.86,2.69
2021-05-14 17:31:50.658421248,103733.86,1.86
2021-05-17 09:28:52.557293568,103723.38,0.96
2021-05-20 01:25:54.456165888,103723.38,0.90
2021-05-22 17:22:56.355038208,103723.38,0.90
2021-05-25 09:19:58.253910528,103723.38,0.84
2021-05-28 01:17:00.152782848,103723.38,0.60
2021-05-30 17:14:02.051655168,103744.33,1.38
2021-06-02 09:11:03.950527488,103744.33,1.50
2021-06-05 01:08:05.849399808,103744.33,1.56
2021-06-07 17:05:07.748272128,103744.33,2.04
2021-06-10 09:02:09.647144448,103744.33,2.04
2021-06-13 00:59:11.546016768,103744.33,2.10
2021-06-15 16:56:13.444889088,103744.33,2.81
2021-06-18 08:53:15.343761408,103744.33,2.87
2021-06-21 00:50:17.242633728,103744.33,3.35
2021-06-23 16:47:19.141506048,103744.33,3.47
2021-06-26 08:44:21.040378368,103744.33,4.31
2021-06-29 00:41:22.939250688,103660.55,4.31
2021-07-01 16:38:24.838123008,103639.61,4.31
2021-07-04 08:35:26.736995328,103618.66,4.31
2021-07-07 00:32:28.635867648,103566.30,4.31
2021-07-09 16:29:30.534739968,103545.36,4.31
2021-07-12 08:26:32.433612288,103534.89,1.74
2021-07-15 00:23:34.332484608,103513.94,1.74
2021-07-17 16:20:36.231356928,103503.47,1.68
2021-07-20 08:17:38.130229248,103493.00,1.68
2021-07-23 00:14:40.029101568,103493.00,1.26
2021-07-25 16:11:41.927973888,103472.06,0.66
2021-07-28 08:08:43.826846208,103440.64,0.54
2021-07-31 00:05:45.725718528,103430.17,0.00
2021-08-02 16:02:47.624590848,103419.70,0.00
2021-08-05 07:59:49.523463168,103409.22,0.00
2021-08-07 23:56:51.422335488,103409.22,0.00
2021-08-10 15:53:53.321207808,103409.22,0.06
2021-08-13 07:50:55.220080128,103409.22,0.66
2021-08-15 23:47:57.118952448,103409.22,1.20
2021-08-18 15:44:59.017824768,103409.22,1.20
2021-08-21 07:42:00.916697088,103409.22,1.20
2021-08-23 23:39:02.815569408,103409.22,1.26
2021-08-26 15:36:04.714441728,103409.22,1.74
2021-08-29 07:33:06.613314048,103409.22,1.80
2021-08-31 23:30:08.512186368,103409.22,1.80
2021-09-03 15:27:10.411058688,103409.22,1.80
2021-09-06 07:24:12.309931008,103398.75,1.80
2021-09-08 23:21:14.208803328,103398.75,1.26
2021-09-11 15:18:16.107675648,103377.81,1.20
2021-09-14 07:15:18.006547968,103356.86,0.60
2021-09-16 23:12:19.905420288,103346.39,0.48
2021-09-19 15:09:21.804292608,103346.39,0.48
2021-09-22 07:06:23.703164928,103346.39,0.60
2021-09-24 23:03:25.602037248,103346.39,1.08
2021-09-27 15:00:27.500909312,103346.39,1.14
2021-09-30 06:57:29.399781632,103346.39,1.20
2021-10-02 22:54:31.298653952,103346.39,1.62
2021-10-05 14:51:33.197526272,103346.39,1.62
2021-10-08 06:48:35.096398592,103356.86,1.62
2021-10-10 22:45:36.995270912,103377.81,1.62
2021-10-13 14:42:38.894143232,103377.81,1.62
2021-10-16 06:39:40.793015552,103398.75,1.62
2021-10-18 22:36:42.691887872,103419.70,1.20
2021-10-21 14:33:44.590760192,103419.70,1.08
2021-10-24 06:30:46.489632512,103440.64,0.54
2021-10-26 22:27:48.388504832,103461.58,0.00
2021-10-29 14:24:50.287377152,103472.06,0.00
2021-11-01 06:21:52.186249472,103493.00,0.00
2021-11-03 22:18:54.085121792,103493.00,0.60
2021-11-06 14:15:55.983994112,103493.00,0.72
2021-11-09 06:12:57.882866432,103493.00,1.20
2021-11-11 22:09:59.781738752,103493.00,1.26
2021-11-14 14:07:01.680611072,103493.00,1.74
2021-11-17 06:04:03.579483392,103482.53,1.80
2021-11-19 22:01:05.478355712,103461.58,1.80
2021-11-22 13:58:07.377228032,103440.64,1.80
2021-11-25 05:55:09.276100352,103440.64,1.80
2021-11-27 21:52:11.174972672,103430.17,1.80
2021-11-30 13:49:13.073844992,103430.17,1.68
2021-12-03 05:46:14.972717312,103430.17,1.20
2021-12-05 21:43:16.871589632,103398.75,0.66
2021-12-08 13:40:18.770461952,103356.86,0.66
2021-12-11 05:37:20.669334272,103346.39,0.66
2021-12-13 21:34:22.568206592,103346.39,0.66
2021-12-16 13:31:24.467078912,103346.39,0.66
2021-12-19 05:28:26.365951232,103346.39,0.72
2021-12-21 21:25:28.264823552,103346.39,1.20
2021-12-24 13:22:30.163695872,103346.39,1.20
2021-12-27 05:19:32.062568192,103346.39,1.26
2021-12-29 21:16:33.961440512,103346.39,1.80
2022-01-01 13:13:35.860312832,103367.34,1.80
2022-01-04 05:10:37.759185152,103388.28,1.80
2022-01-06 21:07:39.658057472,103419.70,1.80
2022-01-09 13:04:41.556929792,103430.17,1.74
2022-01-12 05:01:43.455802112,103440.64,1.20
2022-01-14 20:58:45.354674432,103451.11,1.20
2022-01-17 12:55:47.253546752,103472.06,1.20
2022-01-20 04:52:49.152419072,103555.83,0.72
2022-01-22 20:49:51.051291392,103566.30,0.72
2022-01-25 12:46:52.950163712,103587.25,0.90
2022-01-28 04:43:54.849036032,103597.72,0.90
2022-01-30 20:40:56.747908352,103597.72,0.90
2022-02-02 12:37:58.646780672,103597.72,0.96
2022-02-05 04:35:00.545652992,103597.72,1.68
2022-02-07 20:32:02.444525312,103597.72,1.74
2022-02-10 12:29:04.343397632,103608.19,1.86
2022-02-13 04:26:06.242269952,103608.19,2.63
2022-02-15 20:23:08.141142272,103660.55,2.63
2022-02-18 12:20:10.040014592,103671.02,2.63
2022-02-21 04:17:11.938886912,103712.91,2.51
2022-02-23 20:14:13.837759232,103733.86,2.40
2022-02-26 12:11:15.736631552,103754.80,1.74
2022-02-28 06:20:17.897417216,103754.80,1.74
2022-02-28 20:44:36.755183616,103828.10,1.74
2022-03-01 11:08:55.612950272,103859.52,0.96
2022-03-02 01:33:14.470716672,103932.82,0.90
2022-03-02 15:57:33.328483072,103953.77,0.90
2022-03-03 06:21:52.186249472,103995.66,0.90
2022-03-03 20:46:11.044016128,104006.13,0.84
2022-03-04 11:10:29.901782528,104016.60,0.48
2022-03-05 01:34:48.759548928,104016.60,0.48
2022-03-05 15:59:07.617315328,104016.60,0.60
2022-03-06 06:23:26.475081728,104016.60,1.08
2022-03-06 20:47:45.332848384,104016.60,1.14
2022-03-07 11:12:04.190614784,104016.60,1.20
2022-03-08 01:36:23.048381184,104016.60,1.68
2022-03-08 16:00:41.906147584,104016.60,1.74
2022-03-09 06:25:00.763914240,104016.60,1.74
2022-03-09 20:49:19.621680640,104016.60,1.80
2022-03-10 11:13:38.479447040,104016.60,1.74
2022-03-11 01:37:57.337213440,104016.60,1.14
2022-03-11 16:02:16.194980096,104016.60,1.08
2022-03-12 06:26:35.052746496,104006.13,0.72
2022-03-12 20:50:53.910512896,103995.66,0.60
2022-03-13 11:15:12.768279296,103985.18,0.54
2022-03-14 01:39:31.626045952,103985.18,0.54
2022-03-14 16:03:50.483812352,103985.18,0.54
2022-03-15 06:28:09.341578752,103985.18,0.60
2022-03-15 20:52:28.199345152,103985.18,0.66
2022-03-16 11:16:47.057111552,103985.18,1.08
2022-03-17 01:41:05.914878208,103985.18,1.08
2022-03-17 16:05:24.772644608,103985.18,1.50
2022-03-18 06:29:43.630411008,103953.77,1.50
2022-03-18 20:54:02.488177408,103890.94,1.56
2022-03-19 11:18:21.345944064,103869.99,1.56
2022-03-20 01:42:40.203710464,103817.63,1.50
2022-03-20 16:06:59.061476864,103807.16,0.54
2022-03-21 06:31:17.919243264,103807.16,0.48
2022-03-21 20:55:36.777009920,103807.16,0.54
2022-03-22 11:19:55.634776320,103807.16,1.08
2022-03-23 01:44:14.492542720,103807.16,1.14
2022-03-23 16:08:33.350309120,103807.16,1.14
2022-03-24 06:32:52.208075776,103807.16,1.68
2022-03-24 20:57:11.065842176,103817.63,1.68
2022-03-25 11:21:29.923608576,103869.99,1.68
2022-03-26 01:45:48.781374976,103890.94,1.68
2022-03-26 16:10:07.639141632,103943.30,1.68
2022-03-27 06:34:26.496908032,103953.77,1.68
2022-03-27 20:58:45.354674432,103964.24,1.68
2022-03-28 11:23:04.212440832,104016.60,1.14
2022-03-29 01:47:23.070207232,104027.07,1.08
2022-03-29 16:11:41.927973888,104173.68,0.60
2022-03-30 06:36:00.785740288,104163.21,0.60
2022-03-30 21:00:19.643506688,104163.21,0.54
2022-03-31 11:24:38.501273088,104205.10,0.06
2022-04-01 01:48:57.359039744,104205.10,0.06
2022-04-01 16:13:16.216806144,104205.10,0.90
2022-04-02 06:37:35.074572544,104205.10,1.38
2022-04-02 21:01:53.932338944,104205.10,1.50
2022-04-03 11:26:12.790105600,104205.10,1.50
2022-04-04 01:50:31.647872000,104205.10,2.28
2022-04-04 16:14:50.505638400,104205.10,2.81
2022-04-05 06:39:09.363404800,104205.10,2.87
2022-04-05 21:03:28.221171456,104205.10,2.87
2022-04-06 11:27:47.078937856,104205.10,2.87
2022-04-07 01:52:05.936704256,104205.10,3.71
2022-04-07 16:16:24.794470656,104205.10,3.83
2022-04-08 06:40:43.652237056,104215.57,4.31
2022-04-08 21:05:02.510003712,104257.46,4.37
2022-04-09 11:29:21.367770112,104278.40,4.37
2022-04-10 01:53:40.225536512,104309.82,4.37
2022-04-10 16:17:59.083302912,104362.18,4.25
2022-04-11 06:42:17.941069568,104383.12,3.77
2022-04-11 21:06:36.798835968,104404.06,3.77
2022-04-12 11:30:55.656602368,104445.95,3.77
2022-04-13 01:55:14.514368768,104456.42,3.77
2022-04-13 16:19:33.372135424,104503.55,3.23
2022-04-14 06:43:52.229901824,104550.67,3.17
2022-04-14 21:08:11.087668224,104603.03,3.17
2022-04-15 11:32:29.945434624,104613.50,3.17
2022-04-16 01:56:48.803201280,104613.50,2.63
2022-04-16 16:21:07.660967680,104603.03,2.63
2022-04-17 06:45:26.518734080,104592.56,2.63
2022-04-17 21:09:45.376500480,104592.56,2.63
2022-04-18 11:34:04.234266880,104592.56,2.63
2022-04-19 01:58:23.092033536,104582.09,1.80
2022-04-19 16:22:41.949799936,104550.67,1.68
2022-04-20 06:47:00.807566336,104508.78,0.90
2022-04-20 21:11:19.665332736,104477.37,0.60
2022-04-21 11:35:38.523099392,104477.37,0.54
2022-04-22 01:59:57.380865792,104477.37,0.60
2022-04-22 16:24:16.238632192,104477.37,0.60
2022-04-23 06:48:35.096398592,104477.37,1.50
2022-04-23 21:12:53.954165248,104477.37,1.92
2022-04-24 11:37:12.811931648,104477.37,2.81
2022-04-25 02:01:31.669698048,104477.37,2.87
2022-04-25 16:25:50.527464448,104477.37,2.87
2022-04-26 06:50:09.385231104,104477.37,3.35
2022-04-26 21:14:28.242997504,104477.37,3.35
2022-04-27 11:38:47.100763904,104477.37,3.41
2022-04-28 02:03:05.958530304,104477.37,4.25
2022-04-28 16:27:24.816296960,104508.78,4.25
2022-04-29 06:51:43.674063360,104519.26,4.25
2022-04-29 21:16:02.531829760,104550.67,4.25
2022-04-30 11:40:21.389596160,104592.56,4.19
2022-05-01 02:04:40.247362560,104655.39,3.71
2022-05-01 16:28:59.105129216,104665.86,3.65
2022-05-02 06:53:17.962895616,104718.22,3.17
2022-05-02 21:17:36.820662016,104749.64,3.11
2022-05-03 11:41:55.678428416,104770.58,3.11
2022-05-04 02:06:14.536195072,104812.47,3.11
2022-05-04 16:30:33.393961472,104822.94,3.05
2022-05-05 08:10:18.115678464,104875.30,2.63
2022-05-06 01:11:45.856675072,104927.66,2.63
2022-05-06 18:13:13.597671936,104980.02,2.63
2022-05-07 11:14:41.338668544,105000.97,2.57
2022-05-08 04:16:09.079665408,105011.44,1.74
2022-05-08 21:17:36.820662016,105021.91,1.74
2022-05-09 14:19:04.561658880,105084.74,1.68
2022-05-10 07:20:32.302655488,105105.69,1.68
2022-05-11 00:22:00.043652352,105210.41,0.90
2022-05-11 17:23:27.784648960,105189.46,0.90
2022-05-12 10:24:55.525645568,105210.41,0.90
2022-05-13 03:26:23.266642432,105241.82,0.84
2022-05-13 20:27:51.007639040,105252.30,0.60
2022-05-14 13:29:18.748635904,105252.30,0.54
2022-05-15 06:30:46.489632512,105252.30,0.60
2022-05-15 23:32:14.230629376,105252.30,1.08
2022-05-16 16:33:41.971625984,105252.30,1.14
2022-05-17 09:35:09.712622848,105252.30,1.20
2022-05-18 02:36:37.453619456,105241.82,1.68
2022-05-18 19:38:05.194616320,105231.35,1.74
2022-05-19 12:39:32.935612928,105137.10,1.74
2022-05-20 05:41:00.676609792,105105.69,1.80
2022-05-20 22:42:28.417606400,105053.33,1.80
2022-05-21 15:43:56.158603008,105042.86,0.06
2022-05-22 08:45:23.899599872,105042.86,0.12
2022-05-23 01:46:51.640596480,105042.86,0.54
2022-05-23 18:48:19.381593344,105042.86,0.60
2022-05-24 11:49:47.122589952,105042.86,0.60
2022-05-25 04:51:14.863586816,105042.86,1.08
2022-05-25 21:52:42.604583424,105042.86,1.14
2022-05-26 14:54:10.345580288,105042.86,1.14
2022-05-27 07:55:38.086576896,105042.86,1.20
2022-05-28 00:57:05.827573760,105042.86,1.68
2022-05-28 17:58:33.568570368,105053.33,1.68
2022-05-29 11:00:01.309567232,105074.27,1.68
2022-05-30 04:01:29.050563840,105105.69,1.20
2022-05-30 21:02:56.791560448,105116.16,1.08
2022-05-31 14:04:24.532557312,105137.10,0.60
2022-06-01 07:05:52.273553920,105168.52,0.60
2022-06-02 00:07:20.014550784,105168.52,0.54
2022-06-02 17:08:47.755547392,105189.46,0.60
2022-06-03 10:10:15.496544256,105189.46,0.66
2022-06-04 03:11:43.237540864,105189.46,1.14
2022-06-04 20:13:10.978537728,105189.46,1.20
2022-06-05 13:14:38.719534336,105189.46,1.68
2022-06-06 06:16:06.460531200,105168.52,1.68
2022-06-06 23:17:34.201527808,105084.74,1.68
2022-06-07 16:19:01.942524672,105063.80,1.68
2022-06-08 09:20:29.683521280,105011.44,1.68
2022-06-09 02:21:57.424517888,104990.50,0.06
2022-06-09 19:23:25.165514752,104990.50,0.48
2022-06-10 12:24:52.906511360,104990.50,0.54
2022-06-11 05:26:20.647508224,104990.50,0.54
2022-06-11 22:27:48.388504832,104990.50,0.60
2022-06-12 15:29:16.129501696,104990.50,1.14
2022-06-13 08:30:43.870498304,104990.50,1.20
2022-06-14 01:32:11.611495168,104990.50,1.68
2022-06-14 18:33:39.352491776,104980.02,1.68
2022-06-15 11:35:07.093488640,104948.61,1.68
2022-06-16 04:36:34.834485248,104875.30,1.68
2022-06-16 21:38:02.575482112,104854.36,1.68
2022-06-17 14:39:30.316478720,104822.94,1.68
2022-06-18 07:40:58.057475328,104791.53,1.68
2022-06-19 00:42:25.798472192,104791.53,0.60
2022-06-19 17:43:53.539468800,104791.53,1.08
2022-06-20 10:45:21.280465664,104791.53,1.08
2022-06-21 03:46:49.021462272,104791.53,1.14
2022-06-21 20:48:16.762459136,104791.53,1.14
2022-06-22 13:49:44.503455744,104791.53,1.20
2022-06-23 06:51:12.244452608,104791.53,1.68
2022-06-23 23:52:39.985449216,104812.47,1.68
2022-06-24 16:54:07.726446080,104854.36,1.68
2022-06-25 09:55:35.467442688,104896.25,1.62
2022-06-26 02:57:03.208439552,104969.55,1.14
2022-06-26 19:58:30.949436160,104980.02,1.08
2022-06-27 12:59:58.690432768,105032.38,0.66
2022-06-28 06:01:26.431429632,105074.27,0.42
2022-06-28 23:02:54.172426240,105116.16,0.06
2022-06-29 16:04:21.913423104,105158.05,0.54
2022-06-30 09:05:49.654419712,105168.52,0.60
2022-07-01 02:07:17.395416576,105189.46,1.14
2022-07-01 19:08:45.136413184,105189.46,1.14
2022-07-02 12:10:12.877410048,105189.46,1.20
2022-07-03 05:11:40.618406656,105189.46,1.68
2022-07-03 22:13:08.359403520,105189.46,1.68
2022-07-04 15:14:36.100400128,105210.41,1.68
2022-07-05 08:16:03.841396992,105231.35,1.68
2022-07-06 01:17:31.582393600,105262.77,1.68
2022-07-06 18:18:59.323390208,105283.71,1.68
2022-07-07 11:20:27.064387072,105315.13,1.20
2022-07-08 04:21:54.805383680,105336.07,0.60
2022-07-08 21:23:22.546380544,105430.32,0.66
2022-07-09 14:24:50.287377152,105451.26,0.84
2022-07-10 07:26:18.028374016,105461.74,0.90
2022-07-11 00:27:45.769370624,105482.68,0.90
2022-07-11 17:29:13.510367488,105482.68,1.44
2022-07-12 10:30:41.251364096,105482.68,1.50
2022-07-13 03:32:08.992360960,105482.68,1.56
2022-07-13 20:33:36.733357568,105482.68,2.40
2022-07-14 13:35:04.474354432,105482.68,2.81
2022-07-15 06:36:32.215351040,105482.68,2.81
2022-07-15 23:37:59.956347648,105482.68,2.87
2022-07-16 16:39:27.697344512,105482.68,2.87
2022-07-17 09:40:55.438341120,105482.68,3.65
2022-07-18 02:42:23.179337984,105482.68,3.95
2022-07-18 19:43:50.920334592,105472.21,4.31
2022-07-19 12:45:18.661331456,105388.43,4.37
2022-07-20 05:46:46.402328064,105357.02,4.37
2022-07-20 22:48:14.143324928,105336.07,4.37
2022-07-21 15:49:41.884321536,105273.24,4.31
2022-07-22 07:56:40.945798400,105252.30,2.63
2022-07-22 23:13:22.764641792,105220.88,2.63
2022-07-23 14:30:04.583484928,105220.88,2.63
2022-07-24 05:46:46.402328064,105220.88,2.63
2022-07-24 21:03:28.221171456,105220.88,2.63
2022-07-25 12:20:10.040014592,105210.41,1.86
2022-07-26 03:36:51.858857728,105199.94,1.68
2022-07-26 18:53:33.677700864,105168.52,0.84
2022-07-27 10:10:15.496544256,105137.10,0.66
2022-07-28 01:26:57.315387392,105137.10,0.66
2022-07-28 16:43:39.134230528,105126.63,0.66
2022-07-29 08:00:20.953073920,105126.63,0.66
2022-07-29 23:17:02.771917056,105126.63,0.72
2022-07-30 14:33:44.590760192,105126.63,1.20
2022-07-31 05:50:26.409603584,105126.63,1.26
2022-07-31 21:07:08.228446720,105137.10,1.74
2022-08-01 12:23:50.047289856,105126.63,1.80
2022-08-02 03:40:31.866133248,105021.91,1.80
2022-08-02 18:57:13.684976384,104990.50,1.80
2022-08-03 10:13:55.503819520,104917.19,1.80
2022-08-04 01:30:37.322662912,104906.72,0.66
2022-08-04 16:47:19.141506048,104896.25,0.54
2022-08-05 08:04:00.960349184,104896.25,0.60
2022-08-05 23:20:42.779192320,104896.25,1.38
2022-08-06 14:37:24.598035712,104896.25,1.44
2022-08-07 05:54:06.416878848,104896.25,1.50
2022-08-07 21:10:48.235721984,104896.25,1.98
2022-08-08 12:27:30.054565376,104896.25,2.04
2022-08-09 03:44:11.873408512,104896.25,2.10
2022-08-09 19:00:53.692251648,104896.25,2.93
2022-08-10 10:17:35.511095040,104896.25,2.93
2022-08-11 01:34:17.329938176,104896.25,2.99
2022-08-11 16:50:59.148781312,104896.25,3.53
2022-08-12 08:07:40.967624704,104896.25,4.25
2022-08-12 23:24:22.786467840,104885.78,4.37
2022-08-13 14:41:04.605310976,104791.53,4.37
2022-08-14 05:57:46.424154368,104781.06,4.37
2022-08-14 21:14:28.242997504,104707.75,4.43
2022-08-15 12:31:10.061840640,104707.75,2.63
2022-08-16 03:47:51.880683776,104707.75,2.63
2022-08-16 19:04:33.699527168,104718.22,2.63
2022-08-17 10:21:15.518370304,104739.17,2.63
2022-08-18 01:37:57.337213440,104749.64,2.63
2022-08-18 16:54:39.156056832,104770.58,1.86
2022-08-19 08:11:20.974899968,104802.00,1.74
2022-08-19 23:28:02.793743104,104822.94,0.90
2022-08-20 14:44:44.612586496,104843.89,0.84
2022-08-21 06:01:26.431429632,104875.30,0.06
2022-08-21 21:18:08.250272768,104875.30,0.84
2022-08-22 12:34:50.069116160,104896.25,0.90
2022-08-23 03:51:31.887959296,104896.25,0.90
2022-08-23 19:08:13.706802432,104896.25,1.68
2022-08-24 10:24:55.525645568,104896.25,1.74
2022-08-25 01:41:37.344488960,104896.25,1.74
2022-08-25 16:58:19.163332096,104896.25,2.63
2022-08-26 08:15:00.982175232,104906.72,2.63
2022-08-26 23:31:42.801018624,104906.72,2.63
2022-08-27 14:48:24.619861760,104927.66,2.63
2022-08-28 06:05:06.438704896,104938.14,2.63
2022-08-28 21:21:48.257548288,104969.55,2.63
2022-08-29 12:38:30.076391424,104990.50,1.74
2022-08-30 03:55:11.895234560,105000.97,1.62
2022-08-30 19:11:53.714077952,105032.38,0.84
2022-08-31 10:28:35.532921088,105042.86,0.06
2022-09-01 01:45:17.351764224,105063.80,0.54
2022-09-01 17:01:59.170607616,105063.80,0.60
2022-09-02 08:18:40.989450752,105074.27,1.08
2022-09-02 23:35:22.808293888,105074.27,1.14
2022-09-03 14:52:04.627137024,105074.27,1.20
2022-09-04 06:08:46.445980416,105074.27,1.74
2022-09-04 21:25:28.264823552,105074.27,2.16
2022-09-05 12:42:10.083666688,105074.27,2.22
2022-09-06 03:58:51.902510080,105074.27,2.22
2022-09-06 19:15:33.721353216,105074.27,2.22
2022-09-07 10:32:15.540196352,105074.27,2.28
2022-09-08 01:48:57.359039744,105084.74,2.81
2022-09-08 17:05:39.177882880,105084.74,3.35
2022-09-09 08:22:20.996726016,105105.69,3.35
2022-09-09 23:39:02.815569408,105126.63,3.35
2022-09-10 14:55:44.634412544,105168.52,3.35
2022-09-11 06:12:26.453255680,105199.94,3.35
2022-09-11 21:29:08.272099072,105220.88,2.81
2022-09-12 12:45:50.090942208,105231.35,2.75
2022-09-13 04:02:31.909785344,105273.24,2.75
2022-09-13 19:19:13.728628480,105283.71,2.69
2022-09-14 10:35:55.547471872,105346.54,2.34
2022-09-15 01:52:37.366315008,105388.43,2.28
2022-09-15 17:09:19.185158144,105419.85,2.22
2022-09-16 08:26:01.004001536,105451.26,1.74
2022-09-16 23:42:42.822844672,105461.74,1.68
2022-09-17 14:59:24.641687808,105472.21,1.68
2022-09-18 06:16:06.460531200,105482.68,1.68
2022-09-18 21:32:48.279374336,105493.15,1.68
2022-09-19 12:49:30.098217472,105493.15,1.14
2022-09-20 04:06:11.917060864,105514.10,1.08
2022-09-20 19:22:53.735904000,105535.04,0.60
2022-09-21 10:39:35.554747136,105545.51,0.60
2022-09-22 01:56:17.373590528,105545.51,0.66
2022-09-22 17:12:59.192433664,105566.46,1.08
2022-09-23 08:29:41.011276800,105566.46,1.14
2022-09-23 23:46:22.830119936,105566.46,1.14
2022-09-24 15:03:04.648963328,105566.46,1.20
2022-09-25 06:19:46.467806464,105555.98,1.68
2022-09-25 21:36:28.286649600,105545.51,1.68
2022-09-26 12:53:10.105492992,105461.74,1.68
2022-09-27 04:09:51.924336128,105430.32,1.68
2022-09-27 19:26:33.743179264,105367.49,1.68
2022-09-28 10:43:15.562022656,105357.02,0.06
2022-09-29 01:59:57.380865792,105357.02,0.06
2022-09-29 17:16:39.199708928,105357.02,0.60
2022-09-30 15:16:41.818843136,105357.02,1.38
2022-10-01 18:33:39.352491776,105357.02,1.50
2022-10-02 21:50:36.886140416,105357.02,1.56
2022-10-04 01:07:34.419789056,105357.02,2.04
2022-10-05 04:24:31.953437696,105357.02,2.81
2022-10-06 07:41:29.487086336,105357.02,2.87
2022-10-07 10:58:27.020734720,105357.02,2.87
2022-10-08 14:15:24.554383360,105357.02,2.87
2022-10-09 17:32:22.088032000,105357.02,3.35
2022-10-10 20:49:19.621680640,105357.02,3.53
2022-10-12 00:06:17.155329280,105367.49,4.25
2022-10-13 03:23:14.688977920,105409.38,4.25
2022-10-14 06:40:12.222626304,105419.85,4.25
2022-10-15 09:57:09.756274944,105451.26,4.25
2022-10-16 13:14:07.289923584,105493.15,4.13
2022-10-17 16:31:04.823572224,105493.15,3.71
2022-10-18 19:48:02.357220864,105524.57,3.65
2022-10-19 23:04:59.890869504,105576.93,3.65
2022-10-21 02:21:57.424518144,105597.87,3.65
2022-10-22 05:38:54.958166528,105645.00,3.17
2022-10-23 08:55:52.491815168,105692.12,3.11
2022-10-24 12:12:50.025463808,105765.42,3.11
2022-10-25 15:29:47.559112448,105765.42,3.05
2022-10-26 18:46:45.092761088,105786.37,2.63
2022-10-27 22:03:42.626409728,105838.73,2.63
2022-10-29 01:20:40.160058112,105849.20,2.63
2022-10-30 04:37:37.693706752,105901.56,2.63
2022-10-31 07:54:35.227355392,105922.50,2.63
2022-11-01 11:11:32.761004032,105943.45,1.80
2022-11-02 14:28:30.294652672,105974.86,1.74
2022-11-03 17:45:27.828301312,105985.34,1.68
2022-11-04 21:02:25.361949696,106048.17,0.90
2022-11-06 00:19:22.895598336,106111.00,0.90
2022-11-07 03:36:20.429246976,106131.94,0.90
2022-11-08 06:53:17.962895616,106152.89,0.90
2022-11-09 10:10:15.496544256,106173.83,0.90
2022-11-10 13:27:13.030192896,106173.83,0.84
2022-11-11 16:44:10.563841536,106173.83,0.60
2022-11-12 20:01:08.097489920,106173.83,0.90
2022-11-13 23:18:05.631138560,106173.83,1.50
2022-11-15 02:35:03.164787200,106173.83,1.50
2022-11-16 05:52:00.698435840,106173.83,1.56
2022-11-17 09:08:58.232084480,106173.83,2.04
2022-11-18 12:25:55.765733120,106173.83,2.10
2022-11-19 15:42:53.299381504,106173.83,2.81
2022-11-20 18:59:50.833030144,106173.83,2.87
2022-11-21 22:16:48.366678784,106173.83,2.87
2022-11-23 01:33:45.900327424,106173.83,3.47
2022-11-24 04:50:43.433976064,106173.83,4.25
2022-11-25 08:07:40.967624704,106184.30,4.37
2022-11-26 11:24:38.501273088,106226.19,4.37
2022-11-27 14:41:36.034921728,106247.14,4.31
2022-11-28 17:58:33.568570368,106309.97,4.25
2022-11-29 21:15:31.102219008,106320.44,4.25
2022-12-01 00:32:28.635867648,106320.44,4.25
2022-12-02 03:49:26.169516288,106341.38,3.47
2022-12-03 07:06:23.703164928,106383.27,3.41
2022-12-04 10:23:21.236813312,106456.58,2.57
2022-12-05 13:40:18.770461952,106529.88,2.51
2022-12-06 16:57:16.304110592,106540.35,2.51
2022-12-07 20:14:13.837759232,106582.24,2.51
2022-12-08 23:31:11.371407872,106603.18,2.46
2022-12-10 02:48:08.905056512,106603.18,1.74
2022-12-11 06:05:06.438704896,106624.13,1.68
2022-12-12 09:22:03.972353536,106666.02,1.68
2022-12-13 12:39:01.506002176,106686.96,1.68
2022-12-14 15:55:59.039650816,106749.79,1.68
2022-12-15 19:12:56.573299456,106791.68,1.20
2022-12-16 22:29:54.106948096,106812.62,1.14
2022-12-18 01:46:51.640596480,106844.04,0.72
2022-12-19 05:03:49.174245120,106854.51,0.60
2022-12-20 08:20:46.707893760,106906.87,0.54
2022-12-21 11:37:44.241542400,106927.82,0.54
2022-12-22 14:54:41.775191040,106938.29,0.54
2022-12-23 18:11:39.308839680,106990.65,0.12
2022-12-24 21:28:36.842488320,107001.12,0.06
2022-12-26 00:45:34.376136704,107001.12,0.84
2022-12-27 04:02:31.909785344,106990.65,0.90
2022-12-28 07:19:29.443433984,106980.18,0.90
2022-12-29 10:36:26.977082624,106969.70,0.90
2022-12-30 13:53:24.510731264,106969.70,1.68
2022-12-31 17:10:22.044379904,106969.70,1.74
2023-01-01 20:27:19.578028288,106969.70,1.74
2023-01-02 23:44:17.111676928,106980.18,2.63
2023-01-04 03:01:14.645325568,107001.12,2.63
2023-01-05 06:18:12.178974208,107022.06,2.63
2023-01-06 09:35:09.712622848,107053.48,2.63
2023-01-07 12:52:07.246271488,107063.95,2.57
2023-01-08 16:09:04.779919872,107074.42,1.74
2023-01-09 19:26:02.313568512,107084.90,1.68
2023-01-10 22:42:59.847217152,107116.31,0.96
2023-01-12 01:59:57.380865792,107147.73,0.84
2023-01-13 05:16:54.914514432,107158.20,0.60
2023-01-14 08:33:52.448163072,107168.67,0.90
2023-01-15 11:50:49.981811456,107179.14,1.50
2023-01-16 15:07:47.515460096,107179.14,1.98
2023-01-17 18:24:45.049108736,107179.14,2.04
2023-01-18 21:41:42.582757376,107179.14,2.16
2023-01-20 00:58:40.116406016,107179.14,2.81
2023-01-21 04:15:37.650054656,107179.14,2.87
2023-01-22 07:32:35.183703296,107179.14,3.35
2023-01-23 10:49:32.717351680,107179.14,3.47
2023-01-24 14:06:30.251000320,107168.67,4.31
2023-01-25 17:23:27.784648960,107147.73,4.37
2023-01-26 20:40:25.318297600,107043.01,4.37
2023-01-27 23:57:22.851946240,106959.23,1.74
2023-01-29 03:14:20.385594880,106948.76,1.74
2023-01-30 06:31:17.919243264,107001.12,1.74
2023-01-31 09:48:15.452891904,107022.06,1.74
2023-02-01 13:05:12.986540544,107032.54,1.74
2023-02-02 06:01:26.431429632,107084.90,1.68
2023-02-02 16:03:50.483812352,107147.73,1.20
2023-02-03 02:06:14.536195072,107158.20,1.14
2023-02-03 12:08:38.588577792,107200.09,1.08
2023-02-03 22:11:02.640960256,107262.92,0.60
2023-02-04 08:13:26.693342976,107273.39,0.54
2023-02-04 18:15:50.745725696,107325.75,0.54
2023-02-05 04:18:14.798108416,107346.70,0.60
2023-02-05 14:20:38.850491136,107367.64,0.60
2023-02-06 00:23:02.902873856,107367.64,0.72
2023-02-06 10:25:26.955256576,107378.11,1.20
2023-02-06 20:27:51.007639040,107378.11,1.20
2023-02-07 06:30:15.060021760,107378.11,1.20
2023-02-07 16:32:39.112404480,107378.11,1.26
2023-02-08 02:35:03.164787200,107378.11,1.80
2023-02-08 12:37:27.217169920,107378.11,2.40
2023-02-08 22:39:51.269552640,107378.11,2.46
2023-02-09 08:42:15.321935360,107378.11,2.46
2023-02-09 18:44:39.374317824,107378.11,3.05
2023-02-10 04:47:03.426700544,107367.64,3.65
2023-02-10 14:49:27.479083264,107357.17,3.65
2023-02-11 00:51:51.531465984,107315.28,3.65
2023-02-11 10:54:15.583848704,107262.92,3.65
2023-02-11 20:56:39.636231424,107189.62,3.65
2023-02-12 06:59:03.688614144,107158.20,3.65
2023-02-12 17:01:27.740996608,107147.73,3.65
2023-02-13 03:03:51.793379328,107137.26,1.80
2023-02-13 13:06:15.845762048,107126.78,1.80
2023-02-13 23:08:39.898144768,107126.78,1.80
2023-02-14 09:11:03.950527488,107105.84,1.74
2023-02-14 19:13:28.002910208,107105.84,1.20
2023-02-15 05:15:52.055292928,107095.37,0.72
2023-02-15 15:18:16.107675648,107095.37,0.66
2023-02-16 01:20:40.160058112,107095.37,0.66
2023-02-16 11:23:04.212440832,107095.37,0.66
2023-02-16 21:25:28.264823552,107095.37,0.72
2023-02-17 07:27:52.317206272,107095.37,1.08
2023-02-17 17:30:16.369588992,107095.37,1.14
2023-02-18 03:32:40.421971712,107095.37,1.14
2023-02-18 13:35:04.474354432,107095.37,1.20
2023-02-18 23:37:28.526736896,107084.90,1.74
2023-02-19 09:39:52.579119616,107074.42,2.16
2023-02-19 19:42:16.631502336,107063.95,2.28
2023-02-20 05:44:40.683885056,107053.48,2.34
2023-02-20 15:47:04.736267776,107053.48,2.87
2023-02-21 01:49:28.788650496,107053.48,3.35
2023-02-21 11:51:52.841033216,107053.48,3.41
2023-02-21 21:54:16.893415680,106969.70,3.41
2023-02-22 07:56:40.945798400,106938.29,3.47
2023-02-22 17:59:04.998181120,106875.46,3.47
2023-02-23 04:01:29.050563840,106864.98,3.41
2023-02-23 14:03:53.102946560,106864.98,3.41
2023-02-24 00:06:17.155329280,106864.98,1.80
2023-02-24 10:08:41.207712000,106864.98,1.80
2023-02-24 20:11:05.260094464,106864.98,1.80
2023-02-25 06:13:29.312477184,106864.98,1.74
2023-02-25 16:15:53.364859904,106864.98,1.26
2023-02-26 02:18:17.417242624,106864.98,0.72
2023-02-26 12:20:41.469625344,106864.98,0.66
2023-02-26 22:23:05.522008064,106864.98,0.60
2023-02-27 08:25:29.574390784,106875.46,0.60
2023-02-27 18:27:53.626773504,106885.93,0.60
2023-02-28 04:30:17.679155968,106885.93,1.14
2023-02-28 14:32:41.731538688,106885.93,1.68
2023-03-01 00:35:05.783921408,106885.93,2.16
2023-03-01 10:37:29.836304128,106885.93,2.28
2023-03-01 20:39:53.888686848,106885.93,2.28
2023-03-02 06:42:17.941069568,106885.93,2.34
2023-03-02 16:44:41.993452288,106885.93,2.34
2023-03-03 02:47:06.045834752,106885.93,2.87
2023-03-03 12:49:30.098217472,106896.40,3.41
2023-03-03 22:51:54.150600192,106906.87,3.41
2023-03-04 08:54:18.202982912,106959.23,3.47
2023-03-04 18:56:42.255365632,106969.70,3.47
2023-03-05 04:59:06.307748352,107032.54,3.41
2023-03-05 15:01:30.360131072,107043.01,2.93
2023-03-06 01:03:54.412513536,107043.01,2.87
2023-03-06 11:06:18.464896256,107063.95,2.87
2023-03-06 21:08:42.517278976,107116.31,2.87
2023-03-07 07:11:06.569661696,107168.67,2.34
2023-03-07 17:13:30.622044416,107252.45,2.28
2023-03-08 03:15:54.674427136,107304.81,2.28
2023-03-08 13:18:18.726809856,107315.28,2.28
2023-03-08 23:20:42.779192320,107315.28,1.74
2023-03-09 09:23:06.831575040,107283.86,1.74
2023-03-09 19:25:30.883957760,107210.56,1.68
2023-03-10 05:27:54.936340480,107158.20,1.68
2023-03-10 15:30:18.988723200,107147.73,1.68
2023-03-11 01:32:43.041105920,107126.78,1.68
2023-03-11 11:35:07.093488640,107126.78,0.90
2023-03-11 21:37:31.145871104,107116.31,0.90
2023-03-12 07:39:55.198253824,107116.31,0.90
2023-03-12 17:42:19.250636544,107116.31,0.90
2023-03-13 03:44:43.303019264,107116.31,1.02
2023-03-13 13:47:07.355401984,107116.31,1.80
2023-03-13 23:49:31.407784704,107116.31,1.80
2023-03-14 09:51:55.460167424,107116.31,2.51
2023-03-14 19:54:19.512550144,107126.78,2.63
2023-03-15 05:56:43.564932608,107147.73,2.63
2023-03-15 15:59:07.617315328,107147.73,2.63
2023-03-16 02:01:31.669698048,107179.14,2.63
2023-03-16 12:03:55.722080768,107189.62,1.86
2023-03-16 22:06:19.774463488,107189.62,1.74
2023-03-17 08:08:43.826846208,107226.27,0.90
2023-03-17 18:11:07.879228928,107262.92,0.90
2023-03-18 04:13:31.931611392,107294.34,0.90
2023-03-18 14:15:55.983994112,107294.34,0.90
2023-03-19 00:18:20.036376832,107304.81,0.90
2023-03-19 10:20:44.088759552,107325.75,0.96
2023-03-19 20:23:08.141142272,107325.75,1.68
2023-03-20 18:51:27.959257856,107325.75,1.74
2023-03-22 00:19:22.895598336,107325.75,1.74
2023-03-23 05:47:17.831938816,107325.75,1.80
2023-03-24 11:15:12.768279296,107325.75,2.63
2023-03-25 16:43:07.704619776,107367.64,2.63
2023-03-26 22:11:02.640960256,107378.11,2.63
2023-03-28 03:38:57.577300736,107399.06,2.63
2023-03-29 09:06:52.513641216,107440.94,2.51
2023-03-30 14:34:47.449981696,107503.78,1.74
2023-03-31 20:02:42.386322432,107514.25,1.74
2023-04-02 01:30:37.322662912,107556.14,1.56
2023-04-03 06:58:32.259003392,107577.08,0.90
2023-04-04 12:26:27.195343872,107608.50,0.90
2023-04-05 17:54:22.131684352,107650.38,0.90
2023-04-06 23:22:17.068024832,107702.74,0.90
2023-04-08 04:50:12.004365312,107702.74,0.84
2023-04-09 10:18:06.940705792,107723.69,0.66
2023-04-10 15:46:01.877046272,107723.69,0.66
2023-04-11 21:13:56.813386752,107723.69,0.66
2023-04-13 02:41:51.749727232,107723.69,1.14
2023-04-14 08:09:46.686067712,107723.69,1.20
2023-04-15 13:37:41.622408192,107723.69,1.26
2023-04-16 19:05:36.558748672,107723.69,1.80
2023-04-18 00:33:31.495089152,107713.22,1.80
2023-04-19 06:01:26.431429632,107713.22,1.80
2023-04-20 11:29:21.367770112,107702.74,1.80
2023-04-21 16:57:16.304110592,107702.74,1.80
2023-04-22 22:25:11.240451072,107702.74,1.26
2023-04-24 03:53:06.176791552,107702.74,0.72
2023-04-25 09:21:01.113132032,107692.27,0.66
2023-04-26 14:48:56.049472512,107692.27,0.66
2023-04-27 20:16:50.985812992,107671.33,0.60
2023-04-29 01:44:45.922153472,107660.86,0.60
2023-04-30 07:12:40.858493952,107660.86,1.08
2023-05-01 12:40:35.794834432,107660.86,1.14
2023-05-02 18:08:30.731174912,107660.86,1.14
2023-05-03 23:36:25.667515392,107660.86,1.20
2023-05-05 05:04:20.603855872,107660.86,1.68
2023-05-06 10:32:15.540196352,107650.38,1.68
2023-05-07 16:00:10.476536832,107650.38,1.68
2023-05-08 21:28:05.412877312,107639.91,1.68
2023-05-10 02:56:00.349217792,107639.91,1.68
2023-05-11 08:23:55.285558272,107629.44,1.20
2023-05-12 13:51:50.221899008,107608.50,0.60
2023-05-13 19:19:45.158239488,107587.55,0.54
2023-05-15 00:47:40.094579968,107587.55,0.06
2023-05-16 06:15:35.030920448,107577.08,0.06
2023-05-17 11:43:29.967260928,107577.08,0.90
2023-05-18 17:11:24.903601408,107577.08,1.68
2023-05-19 22:39:19.839941888,107577.08,1.74
2023-05-21 04:07:14.776282368,107577.08,1.74
2023-05-22 09:35:09.712622848,107577.08,2.63
2023-05-23 15:03:04.648963328,107587.55,2.63
2023-05-24 20:30:59.585303808,107587.55,2.63
2023-05-26 01:58:54.521644288,107587.55,2.63
2023-05-27 07:26:49.457984768,107587.55,2.63
2023-05-28 12:54:44.394325248,107587.55,2.63
2023-05-29 18:22:39.330665728,107577.08,1.74
2023-05-30 23:50:34.267006208,107577.08,1.68
2023-06-01 05:18:29.203346688,107566.61,0.90
2023-06-02 10:46:24.139687168,107556.14,0.84
2023-06-03 16:14:19.076027648,107556.14,0.60
2023-06-04 21:42:14.012368128,107556.14,1.08
2023-06-06 03:10:08.948708608,107556.14,1.14
2023-06-07 08:38:03.885049088,107556.14,1.14
2023-06-08 14:05:58.821389568,107556.14,1.20
2023-06-09 19:33:53.757730048,107556.14,1.74
2023-06-11 01:01:48.694070528,107556.14,1.86
2023-06-12 06:29:43.630411008,107556.14,2.28
2023-06-13 11:57:38.566751488,107556.14,2.34
2023-06-14 17:25:33.503091968,107556.14,2.81
2023-06-15 22:53:28.439432448,107556.14,2.87
2023-06-17 04:21:23.375772928,107545.66,2.87
2023-06-18 09:49:18.312113408,107545.66,3.35
2023-06-19 15:17:13.248453888,107524.72,3.35
2023-06-20 20:45:08.184794368,107440.94,3.41
2023-06-22 02:13:03.121134848,107409.53,3.41
2023-06-23 07:40:58.057475328,107357.17,3.41
2023-06-24 13:08:52.993816064,107346.70,1.74
2023-06-25 18:36:47.930156544,107346.70,1.74
2023-06-27 00:04:42.866497024,107346.70,1.68
2023-06-28 05:32:37.802837504,107346.70,1.68
2023-06-29 11:00:32.739177984,107346.70,1.68
2023-06-30 16:28:27.675518464,107346.70,1.20
2023-07-01 21:56:22.611858944,107346.70,1.08
2023-07-03 03:24:17.548199424,107336.22,0.60
2023-07-04 08:52:12.484539904,107325.75,0.54
2023-07-05 14:20:07.420880384,107325.75,0.54
2023-07-06 19:48:02.357220864,107325.75,0.54
2023-07-08 01:15:57.293561344,107325.75,0.60
2023-07-09 06:43:52.229901824,107325.75,0.66
2023-07-10 12:11:47.166242304,107325.75,1.08
2023-07-11 17:39:42.102582784,107325.75,1.14
2023-07-12 23:07:37.038923264,107325.75,1.62
2023-07-14 04:35:31.975263744,107325.75,1.68
2023-07-15 10:03:26.911604224,107325.75,1.68
2023-07-16 15:31:21.847944704,107325.75,1.68
2023-07-17 20:59:16.784285184,107325.75,1.68
2023-07-19 02:27:11.720625664,107325.75,1.20
2023-07-20 07:55:06.656966144,107325.75,1.14
2023-07-21 13:23:01.593306624,107325.75,1.08
2023-07-22 18:50:56.529647104,107325.75,0.66
2023-07-24 00:18:51.465987584,107325.75,0.60
2023-07-25 05:46:46.402328064,107325.75,0.66
2023-07-26 11:14:41.338668544,107346.70,1.08
2023-07-27 16:42:36.275009024,107346.70,1.08
2023-07-28 22:10:31.211349504,107346.70,1.14
2023-07-30 03:38:26.147689984,107346.70,1.14
2023-07-31 09:06:21.084030464,107346.70,1.20
2023-08-01 14:34:16.020370944,107346.70,1.86
2023-08-03 01:58:23.092033536,107346.70,2.22
2023-08-04 16:10:07.639141632,107336.22,2.34
2023-08-06 06:21:52.186249472,107325.75,2.81
2023-08-07 20:33:36.733357568,107325.75,2.87
2023-08-09 10:45:21.280465664,107315.28,3.41
2023-08-11 00:57:05.827573760,107304.81,3.41
2023-08-12 15:08:50.374681600,107273.39,3.47
2023-08-14 05:20:34.921789696,107200.09,3.47
2023-08-15 19:32:19.468897792,107168.67,3.41
2023-08-17 09:44:04.016005888,107147.73,3.41
2023-08-18 23:55:48.563113984,107147.73,1.86
2023-08-20 14:07:33.110221824,107147.73,1.80
2023-08-22 04:19:17.657329920,107147.73,1.80
2023-08-23 18:31:02.204438016,107168.67,1.80
2023-08-25 08:42:46.751546112,107179.14,1.32
2023-08-26 22:54:31.298653952,107189.62,1.20
2023-08-28 13:06:15.845762048,107189.62,0.66
2023-08-30 03:18:00.392870144,107200.09,0.66
2023-08-31 17:29:44.939978240,107221.03,0.66
2023-09-02 07:41:29.487086336,107231.50,0.84
2023-09-03 21:53:14.034194176,107241.98,0.90
2023-09-05 12:04:58.581302272,107241.98,0.96
2023-09-07 02:16:43.128410368,107241.98,1.80
2023-09-08 16:28:27.675518464,107241.98,1.80
2023-09-10 06:40:12.222626304,107241.98,1.80
2023-09-11 20:51:56.769734400,107241.98,1.80
2023-09-13 11:03:41.316842496,107241.98,2.57
2023-09-15 01:15:25.863950592,107241.98,2.63
2023-09-16 15:27:10.411058688,107252.45,2.63
2023-09-18 05:38:54.958166528,107273.39,2.63
2023-09-19 19:50:39.505274624,107294.34,2.63
2023-09-21 10:02:24.052382720,107304.81,1.80
2023-09-23 00:14:08.599490816,107325.75,1.74
2023-09-24 14:25:53.146598656,107357.17,0.84
2023-09-26 04:37:37.693706752,107367.64,0.48
2023-09-27 18:49:22.240814848,107378.11,0.48
2023-09-29 09:01:06.787922944,107388.58,0.60
2023-09-30 23:12:51.335031040,107409.53,1.08
2023-10-02 13:24:35.882138880,107409.53,1.14
2023-10-04 03:36:20.429246976,107409.53,1.20
2023-10-05 17:48:04.976355072,107409.53,1.68
2023-10-07 07:59:49.523463168,107409.53,1.68
2023-10-08 22:11:34.070571008,107409.53,1.68
2023-10-10 12:23:18.617679104,107409.53,1.68
2023-10-12 02:35:03.164787200,107409.53,1.68
2023-10-13 16:46:47.711895296,107409.53,1.68
2023-10-15 06:58:32.259003392,107409.53,1.20
2023-10-16 21:10:16.806111232,107409.53,1.08
2023-10-18 11:22:01.353219328,107420.00,0.84
2023-10-20 01:33:45.900327424,107430.47,0.84
2023-10-21 15:45:30.447435520,107430.47,0.90
2023-10-23 05:57:14.994543360,107430.47,0.90
2023-10-24 20:08:59.541651456,107430.47,0.90
2023-10-26 10:20:44.088759552,107430.47,0.96
2023-10-28 00:32:28.635867648,107430.47,1.80
2023-10-29 14:44:13.182975744,107430.47,1.86
2023-10-31 04:55:57.730083584,107440.94,2.57
2023-11-01 19:07:42.277191680,107440.94,2.63
2023-11-03 09:19:26.824299776,107440.94,2.63
2023-11-04 23:31:11.371407872,107440.94,2.63
2023-11-06 13:42:55.918515712,107440.94,2.63
2023-11-08 03:54:40.465623808,107440.94,2.63
2023-11-09 18:06:25.012731904,107440.94,1.98
2023-11-11 08:18:09.559840000,107420.00,1.80
2023-11-12 22:29:54.106948096,107409.53,0.90
2023-11-14 12:41:38.654055936,107409.53,0.90
2023-11-16 02:53:23.201164032,107409.53,0.90
2023-11-17 17:05:07.748272128,107409.53,0.90
2023-11-19 07:16:52.295380224,107409.53,0.90
2023-11-20 21:28:36.842488064,107409.53,0.90
2023-11-22 11:40:21.389596160,107409.53,1.80
2023-11-24 01:52:05.936704256,107409.53,1.80
2023-11-25 16:03:50.483812352,107409.53,1.86
2023-11-27 06:15:35.030920448,107399.06,2.63
2023-11-28 20:27:19.578028288,107399.06,2.63
2023-11-30 10:39:04.125136384,107399.06,2.63
2023-12-02 00:50:48.672244480,107388.58,2.63
2023-12-03 15:02:33.219352576,107388.58,2.57
2023-12-05 05:14:17.766460416,107388.58,1.80
2023-12-06 19:26:02.313568512,107378.11,1.80
2023-12-08 09:37:46.860676608,107378.11,1.74
2023-12-09 23:49:31.407784704,107378.11,0.84
2023-12-11 14:01:15.954892800,107378.11,0.60
2023-12-13 04:13:00.502000640,107378.11,0.60
2023-12-14 18:24:45.049108736,107378.11,0.60
2023-12-16 08:36:29.596216832,107378.11,1.08
2023-12-17 22:48:14.143324928,107378.11,1.14
2023-12-19 12:59:58.690432768,107378.11,1.14
2023-12-21 03:11:43.237540864,107378.11,1.14
2023-12-22 17:23:27.784648960,107388.58,1.26
2023-12-24 07:35:12.331757056,107388.58,1.68
2023-12-25 21:46:56.878865152,107409.53,1.68
2023-12-27 11:58:41.425972992,107430.47,1.68
2023-12-29 02:10:25.973081088,107461.89,1.68
2023-12-30 16:22:10.520189184,107472.36,1.26
2024-01-01 06:33:55.067297280,107472.36,1.08
2024-01-02 20:45:39.614405120,107519.48,0.60
2024-01-04 10:57:24.161513216,107566.61,0.54
2024-01-06 01:09:08.708621312,107598.02,0.60
2024-01-07 15:20:53.255729408,107608.50,0.66
2024-01-09 05:32:37.802837504,107629.44,1.20
2024-01-10 19:44:22.349945344,107639.91,1.20
2024-01-12 09:56:06.897053440,107639.91,1.26
2024-01-14 00:07:51.444161536,107629.44,1.74
2024-01-15 14:19:35.991269632,107608.50,1.80
2024-01-17 04:31:20.538377472,107587.55,1.80
2024-01-18 18:43:05.085485568,107524.72,1.80
2024-01-20 08:54:49.632593664,107472.36,1.80
2024-01-21 23:06:34.179701760,107451.42,1.80
2024-01-23 13:18:18.726809856,107440.94,1.80
2024-01-24 20:44:36.755183616,107420.00,0.90
2024-01-26 01:33:14.470716672,107409.53,0.90
2024-01-27 06:21:52.186249472,107409.53,0.90
2024-01-28 11:10:29.901782528,107409.53,0.90
2024-01-29 15:59:07.617315328,107409.53,1.80
2024-01-30 20:47:45.332848384,107409.53,1.80
2024-02-01 01:36:23.048381184,107409.53,1.86
2024-02-02 06:25:00.763914240,107399.06,2.57
2024-02-03 11:13:38.479447040,107378.11,2.63
2024-02-04 16:02:16.194980096,107304.81,2.63
2024-02-05 20:50:53.910512896,107262.92,2.63
2024-02-07 01:39:31.626045952,107210.56,2.57
2024-02-08 06:28:09.341578752,107210.56,0.12
2024-02-09 11:16:47.057111808,107200.09,0.06
2024-02-10 16:05:24.772644608,107200.09,0.90
2024-02-11 20:54:02.488177408,107200.09,0.90
2024-02-13 01:42:40.203710464,107200.09,1.74
2024-02-14 06:31:17.919243264,107200.09,1.80
2024-02-15 11:19:55.634776320,107200.09,1.80
2024-02-16 16:08:33.350309120,107200.09,2.57
2024-02-17 20:57:11.065842176,107210.56,2.63
2024-02-19 01:45:48.781374976,107231.50,2.63
2024-02-20 06:34:26.496908032,107273.39,2.63
2024-02-21 11:23:04.212440832,107304.81,2.63
2024-02-22 16:11:41.927973888,107336.22,2.63
2024-02-23 21:00:19.643506688,107357.17,2.57
2024-02-25 01:48:57.359039744,107409.53,1.74
2024-02-26 06:37:35.074572544,107430.47,1.68
2024-02-27 11:26:12.790105600,107482.83,0.96
2024-02-28 16:14:50.505638400,107524.72,0.84
2024-02-29 21:03:28.221171456,107566.61,0.00
2024-03-02 01:52:05.936704256,107608.50,0.84
2024-03-03 06:40:43.652237312,107608.50,0.90
2024-03-04 11:29:21.367770112,107639.91,1.68
2024-03-05 16:17:59.083302912,107639.91,1.74
2024-03-06 21:06:36.798835968,107639.91,1.86
2024-03-08 01:55:14.514368768,107639.91,2.57
2024-03-09 06:43:52.229901824,107639.91,2.63
2024-03-10 11:32:29.945434624,107650.38,2.63
2024-03-11 16:21:07.660967680,107650.38,2.63
2024-03-12 21:09:45.376500480,107639.91,2.63
2024-03-14 01:58:23.092033536,107639.91,2.57
2024-03-15 06:47:00.807566336,107629.44,1.74
2024-03-16 11:35:38.523099392,107608.50,0.96
2024-03-17 16:24:16.238632192,107587.55,0.90
2024-03-18 21:12:53.954165248,107587.55,0.90
2024-03-20 02:01:31.669698048,107577.08,0.90
2024-03-21 06:50:09.385231104,107577.08,0.90
2024-03-22 11:38:47.100763904,107577.08,1.74
2024-03-23 16:27:24.816296960,107577.08,1.80
2024-03-24 21:16:02.531829760,107577.08,1.86
2024-03-26 02:04:40.247362816,107587.55,2.63
2024-03-27 06:53:17.962895616,107587.55,2.63
2024-03-28 11:41:55.678428416,107587.55,2.63
2024-03-29 16:30:33.393961472,107587.55,2.63
2024-03-30 21:19:11.109494272,107587.55,2.51
2024-04-01 02:07:48.825027328,107566.61,1.80
2024-04-02 06:56:26.540560128,107556.14,0.90
2024-04-03 11:45:04.256093184,107545.66,0.90
2024-04-04 16:33:41.971625984,107545.66,0.84
2024-04-05 21:22:19.687159040,107524.72,0.78
2024-04-07 02:10:57.402691840,107514.25,0.72
2024-04-08 06:59:35.118224896,107514.25,1.20
2024-04-09 11:48:12.833757696,107514.25,1.20
2024-04-10 16:36:50.549290752,107514.25,1.20
2024-04-11 21:25:28.264823552,107514.25,1.26
2024-04-13 02:14:05.980356608,107514.25,1.80
2024-04-14 07:02:43.695889408,107535.19,1.80
2024-04-15 11:51:21.411422464,107545.66,1.80
2024-04-16 16:39:59.126955264,107566.61,1.80
2024-04-17 21:28:36.842488320,107587.55,1.80
2024-04-19 02:17:14.558021120,107587.55,1.20
2024-04-20 07:05:52.273553920,107608.50,0.72
2024-04-21 11:54:29.989086976,107629.44,0.60
2024-04-22 16:43:07.704619776,107639.91,0.12
2024-04-23 21:31:45.420152832,107660.86,0.12
2024-04-25 02:20:23.135685632,107660.86,0.96
2024-04-26 07:09:00.851218688,107660.86,1.68
2024-04-27 11:57:38.566751488,107660.86,1.74
2024-04-28 16:46:16.282284544,107660.86,1.80
2024-04-29 21:34:53.997817344,107660.86,2.63
2024-05-01 02:23:31.713350400,107660.86,2.63
2024-05-02 07:12:09.428883200,107660.86,2.63
2024-05-03 12:00:47.144416256,107660.86,2.63
2024-05-04 16:49:24.859949056,107660.86,2.63
2024-05-05 21:38:02.575482112,107660.86,2.63
2024-05-07 02:26:40.291014912,107660.86,1.74
2024-05-08 07:15:18.006547968,107660.86,1.62
2024-05-09 12:03:55.722080768,107660.86,0.84
2024-05-10 16:52:33.437613824,107660.86,0.84
2024-05-11 21:41:11.153146624,107660.86,1.38
2024-05-13 02:29:48.868679424,107660.86,1.44
2024-05-14 07:18:26.584212480,107660.86,1.50
2024-05-15 12:07:04.299745280,107660.86,1.98
2024-05-16 16:55:42.015278336,107660.86,2.10
2024-05-17 21:44:19.730811136,107660.86,2.93
2024-05-19 02:32:57.446344192,107660.86,2.93
2024-05-20 07:21:35.161876992,107660.86,3.41
2024-05-21 12:10:12.877410048,107660.86,3.59
2024-05-22 16:58:50.592942848,107660.86,4.37
2024-05-23 21:47:28.308475904,107660.86,4.43
2024-05-25 02:36:06.024008704,107671.33,4.43
2024-05-26 07:24:43.739541760,107692.27,4.43
2024-05-27 12:13:21.455074560,107702.74,4.43
2024-05-28 17:01:59.170607616,107723.69,4.37
2024-05-29 21:50:36.886140416,107734.16,3.59
2024-05-31 02:39:14.601673472,107755.10,3.47
2024-06-01 07:27:52.317206272,107786.52,2.63
2024-06-02 12:16:30.032739328,107817.94,1.86
2024-06-03 17:05:07.748272128,107870.30,1.74
2024-06-04 16:45:13.423063040,107901.71,1.14
2024-06-05 14:47:53.190251008,107922.66,0.66
2024-06-06 12:50:32.957438976,107943.60,0.66
2024-06-07 10:53:12.724627200,107954.07,0.66
2024-06-08 08:55:52.491815168,107954.07,0.90
2024-06-09 06:58:32.259003392,107975.02,1.02
2024-06-10 05:01:12.026191360,107975.02,1.68
2024-06-11 03:03:51.793379328,107975.02,1.68
2024-06-12 01:06:31.560567552,107975.02,1.74
2024-06-12 23:09:11.327755520,107985.49,2.57
2024-06-13 21:11:51.094943744,107985.49,2.63
2024-06-14 19:14:30.862131712,108016.90,2.63
2024-06-15 17:17:10.629319680,108027.38,2.63
2024-06-16 15:19:50.396507904,108048.32,2.63
2024-06-17 13:22:30.163695872,108090.21,1.80
2024-06-18 11:25:09.930884096,108090.21,1.68
2024-06-19 09:27:49.698072064,108132.10,0.90
2024-06-20 07:30:29.465260032,108153.04,0.00
2024-06-21 05:33:09.232448256,108163.51,0.00
2024-06-22 03:35:48.999636224,108173.98,0.00
2024-06-23 01:38:28.766824192,108184.46,0.06
2024-06-23 23:41:08.534012416,108184.46,0.54
2024-06-24 21:43:48.301200384,108184.46,0.60
2024-06-25 19:46:28.068388608,108184.46,1.02
2024-06-26 17:49:07.835576576,108184.46,1.08
2024-06-27 15:51:47.602764544,108184.46,1.08
2024-06-28 13:54:27.369952768,108184.46,1.08
2024-06-29 11:57:07.137140736,108184.46,1.14
2024-06-30 09:59:46.904328960,108184.46,1.50
2024-07-01 08:02:26.671516928,108194.93,1.56
2024-07-02 06:05:06.438704896,108194.93,1.56
2024-07-03 04:07:46.205893120,108194.93,1.50
2024-07-04 02:10:25.973081088,108194.93,1.44
2024-07-05 00:13:05.740269312,108194.93,1.02
2024-07-05 22:15:45.507457280,108194.93,0.54
2024-07-06 20:18:25.274645248,108205.40,0.06
2024-07-07 18:21:05.041833472,108205.40,0.54
2024-07-08 16:23:44.809021440,108205.40,0.66
2024-07-09 14:26:24.576209664,108205.40,1.14
2024-07-10 12:29:04.343397632,108205.40,1.20
2024-07-11 10:31:44.110585600,108205.40,1.26
2024-07-12 08:34:23.877773824,108215.87,1.80
2024-07-13 06:37:03.644961792,108184.46,1.86
2024-07-14 04:39:43.412150016,108090.21,1.86
2024-07-15 02:42:23.179337984,108079.74,1.86
2024-07-16 00:45:02.946525952,107995.96,1.86
2024-07-16 22:47:42.713714176,107995.96,1.86
2024-07-17 20:50:22.480902144,107985.49,1.80
2024-07-18 18:53:02.248090112,107985.49,0.66
2024-07-19 16:55:42.015278336,107975.02,0.66
2024-07-20 14:58:21.782466304,107975.02,0.72
2024-07-21 13:01:01.549654528,107975.02,1.20
2024-07-22 11:03:41.316842496,107975.02,1.20
2024-07-23 09:06:21.084030464,107975.02,1.20
2024-07-24 07:09:00.851218688,107985.49,1.26
2024-07-25 05:11:40.618406656,107985.49,1.80
2024-07-26 03:14:20.385594880,107954.07,1.80
2024-07-27 01:17:00.152782848,107943.60,1.80
2024-07-27 23:19:39.919970816,107933.13,1.80
2024-07-28 21:22:19.687159040,107922.66,1.80
2024-07-29 19:24:59.454347008,107901.71,1.20
2024-07-30 17:27:39.221535232,107880.77,0.72
2024-07-31 15:30:18.988723200,107838.88,0.12
2024-08-01 13:32:58.755911168,107817.94,0.06
2024-08-02 11:35:38.523099392,107807.46,0.60
2024-08-03 09:38:18.290287360,107807.46,0.66
2024-08-04 07:40:58.057475584,107807.46,1.20
2024-08-05 05:43:37.824663552,107807.46,1.20
2024-08-06 03:46:17.591851520,107807.46,1.32
2024-08-07 01:48:57.359039744,107817.94,1.80
2024-08-07 23:51:37.126227712,107859.82,1.80
2024-08-08 21:54:16.893415680,107880.77,1.80
2024-08-09 19:56:56.660603904,107943.60,1.80
2024-08-10 17:59:36.427791872,107954.07,1.80
2024-08-11 16:02:16.194980096,107964.54,1.80
2024-08-12 14:04:55.962168064,108016.90,1.26
2024-08-13 12:07:35.729356032,108016.90,1.20
2024-08-14 10:10:15.496544256,108069.26,1.14
2024-08-15 08:12:55.263732224,108184.46,0.66
2024-08-16 06:15:35.030920448,108194.93,0.12
2024-08-17 04:18:14.798108416,108226.34,0.00
2024-08-18 02:20:54.565296384,108268.23,0.66
2024-08-19 00:23:34.332484608,108268.23,0.72
2024-08-19 22:26:14.099672576,108268.23,1.20
2024-08-20 20:28:53.866860800,108268.23,1.26
2024-08-21 18:31:33.634048768,108268.23,1.80
2024-08-22 16:34:13.401236736,108247.29,1.80
2024-08-23 14:36:53.168424960,108247.29,1.80
2024-08-24 12:39:32.935612928,108215.87,1.80
2024-08-25 10:42:12.702801152,108215.87,1.80
2024-08-26 08:44:52.469989120,108226.34,1.80
2024-08-27 06:47:32.237177088,108205.40,1.26
2024-08-28 04:50:12.004365312,108194.93,1.20
2024-08-29 02:52:51.771553280,108173.98,0.66
2024-08-30 00:55:31.538741248,108163.51,0.60
2024-08-30 22:58:11.305929472,108153.04,0.60
2024-08-31 21:00:51.073117440,108153.04,1.38
2024-09-01 19:03:30.840305664,108153.04,1.50
2024-09-02 17:06:10.607493632,108153.04,1.56
2024-09-03 15:08:50.374681600,108153.04,2.04
2024-09-04 13:11:30.141869824,108153.04,2.81
2024-09-05 11:14:09.909057792,108153.04,2.87
2024-09-06 09:16:49.676246016,108153.04,2.87
2024-09-07 07:19:29.443433984,108153.04,3.41
2024-09-08 05:22:09.210621952,108153.04,4.25
2024-09-09 03:24:48.977810176,108153.04,4.37
2024-09-10 01:27:28.744998144,108163.51,4.37
2024-09-10 23:30:08.512186368,108184.46,4.37
2024-09-11 21:32:48.279374336,108215.87,4.31
2024-09-12 19:35:28.046562304,108236.82,4.31
2024-09-13 16:56:13.444889088,108236.82,3.59
2024-09-14 14:06:30.251000320,108236.82,3.47
2024-09-15 11:16:47.057111808,108247.29,2.87
2024-09-16 08:27:03.863223040,108257.76,2.16
2024-09-17 05:37:20.669334272,108278.70,2.04
2024-09-18 02:47:37.475445504,108299.65,1.50
2024-09-18 23:57:54.281556992,108310.12,0.60
2024-09-19 21:08:11.087668224,108331.06,0.60
2024-09-20 18:18:27.893779456,108331.06,0.60
2024-09-21 15:28:44.699890944,108352.01,0.60
2024-09-22 12:39:01.506002176,108352.01,0.66
2024-09-23 09:49:18.312113408,108352.01,0.66
2024-09-24 06:59:35.118224896,108352.01,1.14
2024-09-25 04:09:51.924336128,108352.01,1.20
2024-09-26 01:20:08.730447360,108352.01,1.20
2024-09-26 22:30:25.536558848,108352.01,1.26
2024-09-27 19:40:42.342670080,108352.01,1.80
2024-09-28 16:50:59.148781312,108362.48,1.80
2024-09-29 14:01:15.954892800,108383.42,1.80
2024-09-30 11:11:32.761004032,108393.90,1.80
2024-10-01 08:21:49.567115264,108404.37,1.80
2024-10-02 05:32:06.373226752,108425.31,1.26
2024-10-03 02:42:23.179337984,108446.26,1.14
2024-10-03 23:52:39.985449216,108467.20,0.66
2024-10-04 21:02:56.791560704,108488.14,0.06
2024-10-05 18:13:13.597671936,108498.62,0.00
2024-10-06 15:23:30.403783168,108509.09,0.54
2024-10-07 12:33:47.209894400,108519.56,0.60
2024-10-08 09:44:04.016005888,108530.03,0.66
2024-10-09 06:54:20.822117120,108530.03,1.08
2024-10-10 04:04:37.628228352,108530.03,1.14
2024-10-11 01:14:54.434339840,108530.03,1.14
2024-10-11 22:25:11.240451072,108530.03,1.20
2024-10-12 19:35:28.046562304,108540.50,1.68
2024-10-13 16:45:44.852673792,108550.98,1.68
2024-10-14 13:56:01.658785024,108592.86,1.68
2024-10-15 11:06:18.464896256,108645.22,1.68
2024-10-16 08:16:35.271007744,108676.64,1.62
2024-10-17 05:26:52.077118976,108718.53,1.14
2024-10-18 02:37:08.883230208,108739.47,1.08
2024-10-18 23:47:25.689341696,108781.36,1.08
2024-10-19 20:57:42.495452928,108823.25,0.60
2024-10-20 18:07:59.301564160,108865.14,0.54
2024-10-21 15:18:16.107675648,108896.55,0.54
2024-10-22 12:28:32.913786880,108907.02,0.60
2024-10-23 09:38:49.719898112,108917.50,0.84
2024-10-24 06:49:06.526009344,108938.44,0.90
2024-10-25 03:59:23.332120832,108938.44,0.90
2024-10-26 01:09:40.138232064,108938.44,1.80
2024-10-26 22:19:56.944343296,108938.44,1.80
2024-10-27 19:30:13.750454784,108938.44,1.80
2024-10-28 16:40:30.556566016,108938.44,1.80
2024-10-29 13:50:47.362677248,108938.44,2.69
2024-10-30 11:01:04.168788736,108938.44,2.69
2024-10-31 08:11:20.974899968,108938.44,2.69
2024-11-01 05:21:37.781011200,108938.44,2.63
2024-11-02 02:31:54.587122688,108938.44,2.63
2024-11-02 23:42:11.393233920,108938.44,1.80
2024-11-03 20:52:28.199345152,108927.97,0.96
2024-11-04 18:02:45.005456640,108907.02,0.90
2024-11-05 15:13:01.811567872,108907.02,0.12
2024-11-06 12:23:18.617679104,108907.02,0.06
2024-11-07 09:33:35.423790592,108907.02,0.90
2024-11-08 06:43:52.229901824,108907.02,1.80
2024-11-09 03:54:09.036013056,108907.02,1.80
2024-11-10 01:04:25.842124544,108907.02,1.86
2024-11-10 22:14:42.648235776,108907.02,2.63
2024-11-11 19:24:59.454347008,108907.02,2.63
2024-11-12 16:35:16.260458240,108907.02,2.63
2024-11-13 13:45:33.066569728,108927.97,2.63
2024-11-14 10:55:49.872680960,108948.91,2.63
2024-11-15 08:06:06.678792192,108959.38,2.63
2024-11-16 05:16:23.484903680,108969.86,1.86
2024-11-17 02:26:40.291014912,108980.33,1.74
2024-11-17 23:36:57.097126144,108980.33,0.84
2024-11-18 20:47:13.903237632,109001.27,0.60
2024-11-19 17:57:30.709348864,109001.27,0.54
2024-11-20 15:07:47.515460096,109022.22,0.60
2024-11-21 12:18:04.321571584,109022.22,1.44
2024-11-22 09:28:21.127682816,109022.22,1.50
2024-11-23 06:38:37.933794048,109022.22,1.50
2024-11-24 03:48:54.739905536,109022.22,2.04
2024-11-25 00:59:11.546016768,109022.22,2.16
2024-11-25 22:09:28.352128000,109022.22,2.93
2024-11-26 19:19:45.158239488,109022.22,2.93
2024-11-27 16:30:01.964350720,109022.22,2.93
2024-11-28 13:40:18.770461952,109022.22,3.41
2024-11-29 10:50:35.576573184,109022.22,3.53
2024-11-30 08:00:52.382684672,109022.22,4.31
2024-12-01 05:11:09.188795904,109022.22,4.37
2024-12-02 02:21:25.994907136,109022.22,4.37
2024-12-02 23:31:42.801018624,109043.16,4.37
2024-12-03 20:41:59.607129856,109053.63,4.31
2024-12-04 17:52:16.413241088,109053.63,3.47
2024-12-05 15:02:33.219352576,109064.10,2.99
2024-12-06 12:12:50.025463808,109074.58,2.87
2024-12-07 09:23:06.831575040,109095.52,2.04
2024-12-08 06:33:23.637686528,109116.46,2.04
2024-12-09 03:43:40.443797760,109147.88,1.50
2024-12-10 00:53:57.249908992,109189.77,1.44
2024-12-10 22:04:14.056020480,109210.71,0.60
2024-12-11 19:14:30.862131712,109221.18,0.54
2024-12-12 16:24:47.668242944,109231.66,0.54
2024-12-13 13:35:04.474354432,109242.13,0.60
2024-12-14 10:45:21.280465664,109252.60,1.38
2024-12-15 07:55:38.086576896,109252.60,1.50
2024-12-16 05:05:54.892688384,109252.60,1.50
2024-12-17 02:16:11.698799616,109252.60,2.04
2024-12-17 23:26:28.504910848,109252.60,2.16
2024-12-18 20:36:45.311022080,109252.60,2.87
2024-12-19 11:33:01.375045376,109252.60,2.87
2024-12-20 01:18:03.012004352,109252.60,3.41
2024-12-20 15:03:04.648963328,109252.60,3.41
2024-12-21 04:48:06.285922048,109252.60,3.47
2024-12-21 18:33:07.922881024,109252.60,4.37
2024-12-22 08:18:09.559840000,109263.07,4.37
2024-12-22 22:03:11.196798720,109273.54,4.37
2024-12-23 11:48:12.833757696,109294.49,4.31
2024-12-24 01:33:14.470716672,109304.96,4.25
2024-12-24 15:18:16.107675648,109315.43,3.77
2024-12-25 05:03:17.744634368,109315.43,3.23
2024-12-25 18:48:19.381593344,109336.38,3.17
2024-12-26 08:33:21.018552320,109357.32,2.63
2024-12-26 22:18:22.655511040,109378.26,2.63
2024-12-27 12:03:24.292470016,109441.10,2.63
2024-12-28 01:48:25.929428992,109462.04,2.63
2024-12-28 15:33:27.566387712,109482.98,2.63
2024-12-29 05:18:29.203346688,109503.93,1.80
2024-12-29 19:03:30.840305664,109524.87,1.74
2024-12-30 08:48:32.477264384,109577.23,0.84
2024-12-30 22:33:34.114223360,109598.18,0.78
2024-12-31 12:18:35.751182336,109608.65,0.84
2025-01-01 02:03:37.388141056,109619.12,0.84
2025-01-01 15:48:39.025100032,109629.59,0.90
2025-01-02 05:33:40.662059008,109629.59,1.02
2025-01-02 19:18:42.299017728,109629.59,1.68
2025-01-03 09:03:43.935976704,109629.59,1.74
2025-01-03 22:48:45.572935680,109619.12,2.51
2025-01-04 12:33:47.209894400,109608.65,2.63
2025-01-05 02:18:48.846853376,109577.23,2.63
2025-01-05 16:03:50.483812352,109503.93,2.63
2025-01-06 05:48:52.120771072,109472.51,2.63
2025-01-06 19:33:53.757730048,109441.10,2.63
2025-01-07 09:18:55.394689024,109430.62,2.57
2025-01-07 23:03:57.031648000,109420.15,0.90
2025-01-08 12:48:58.668606720,109420.15,0.90
2025-01-09 02:34:00.305565696,109420.15,0.90
2025-01-09 16:19:01.942524672,109420.15,0.90
2025-01-10 06:04:03.579483392,109420.15,1.74
2025-01-10 19:49:05.216442368,109420.15,1.80
2025-01-11 09:34:06.853401344,109420.15,1.86
2025-01-11 23:19:08.490360064,109409.68,2.57
2025-01-12 13:04:10.127319040,109399.21,2.63
2025-01-13 02:49:11.764278016,109388.74,2.69
2025-01-13 16:34:13.401236736,109367.79,2.63
2025-01-14 06:19:15.038195712,109367.79,2.63
2025-01-14 20:04:16.675154688,109346.85,1.80
2025-01-15 09:49:18.312113408,109346.85,1.68
2025-01-15 23:34:19.949072384,109325.90,0.90
2025-01-16 13:19:21.586031360,109304.96,0.90
2025-01-17 03:04:23.222990080,109284.02,0.60
2025-01-17 16:49:24.859949056,109273.54,0.60
2025-01-18 06:34:26.496908032,109273.54,1.44
2025-01-18 20:19:28.133866752,109273.54,1.50
2025-01-19 10:04:29.770825728,109273.54,1.50
2025-01-19 23:49:31.407784704,109273.54,1.50
2025-01-20 13:34:33.044743424,109273.54,1.92
2025-01-21 03:19:34.681702400,109273.54,2.81
2025-01-21 17:04:36.318661376,109273.54,2.87
2025-01-22 06:49:37.955620352,109273.54,2.87
2025-01-22 20:34:39.592579072,109273.54,3.35
2025-01-23 10:19:41.229538048,109273.54,3.47
2025-01-24 00:04:42.866497024,109273.54,4.25
2025-01-24 13:49:44.503455744,109200.24,4.25
2025-01-25 03:34:46.140414720,109168.82,4.25
2025-01-25 17:19:47.777373696,109105.99,4.25
2025-01-26 07:04:49.414332416,109085.05,4.25
2025-01-26 20:49:51.051291392,109074.58,4.25
2025-01-27 10:34:52.688250368,108990.80,1.74
2025-01-28 00:19:54.325209088,108948.91,1.74
2025-01-28 14:04:55.962168064,108917.50,1.68
2025-01-29 03:49:57.599127040,108854.66,1.68
2025-01-29 17:34:59.236085760,108854.66,0.12
2025-01-30 07:20:00.873044736,108854.66,0.00
2025-01-30 21:05:02.510003712,108854.66,0.84
2025-01-31 10:50:04.146962432,108854.66,0.90
2025-02-01 00:35:05.783921408,108854.66,0.96
2025-02-01 14:20:07.420880384,108854.66,1.80
2025-02-02 04:05:09.057839104,108854.66,1.80
2025-02-02 17:50:10.694798080,108854.66,1.98
2025-02-03 07:35:12.331757056,108854.66,2.63
2025-02-03 21:20:13.968715776,108907.02,2.63
2025-02-04 11:05:15.605674752,108917.50,2.63
2025-02-05 00:50:17.242633728,108969.86,2.63
2025-02-05 14:35:18.879592704,109001.27,2.63
2025-02-06 04:20:20.516551424,109001.27,2.57
2025-02-06 18:05:22.153510400,109053.63,1.80
2025-02-07 07:50:23.790469376,109064.10,1.80
2025-02-07 21:35:25.427428096,109105.99,1.74
2025-02-08 11:20:27.064387072,109221.18,0.90
2025-02-09 01:05:28.701346048,109200.24,0.90
2025-02-09 14:50:30.338304768,109242.13,0.06
2025-02-10 04:35:31.975263744,109252.60,0.06
2025-02-10 18:20:33.612222720,109252.60,0.54
2025-02-11 08:05:35.249181440,109252.60,0.54
2025-02-11 21:50:36.886140416,109252.60,0.60
2025-02-12 11:35:38.523099392,109252.60,1.08
2025-02-13 01:20:40.160058112,109252.60,1.14
2025-02-13 15:05:41.797017088,109252.60,1.26
2025-02-14 04:50:43.433976064,109252.60,1.68
2025-02-14 18:35:45.070934784,109252.60,1.68
2025-02-15 08:20:46.707893760,109263.07,1.68
2025-02-15 22:05:48.344852736,109294.49,1.68
2025-02-16 11:50:49.981811456,109315.43,1.68
2025-02-17 01:35:51.618770432,109336.38,1.68
2025-02-17 15:20:53.255729408,109357.32,1.20
2025-02-18 05:05:54.892688384,109378.26,0.72
2025-02-18 18:50:56.529647104,109430.62,0.54
2025-02-19 08:35:58.166606080,109472.51,0.42
2025-02-19 22:20:59.803565056,109482.98,0.06
2025-02-20 08:50:06.766096640,109503.93,0.66
2025-02-20 18:52:30.818479360,109503.93,0.66
2025-02-21 04:54:54.870862080,109503.93,1.20
2025-02-21 14:57:18.923244800,109503.93,1.20
2025-02-22 00:59:42.975627520,109503.93,1.20
2025-02-22 11:02:07.028010240,109503.93,1.74
2025-02-22 21:04:31.080392960,109493.46,1.80
2025-02-23 07:06:55.132775680,109388.74,1.80
2025-02-23 17:09:19.185158144,109378.26,1.80
2025-02-24 03:11:43.237540864,109294.49,1.80
2025-02-24 13:14:07.289923584,109294.49,1.80
2025-02-24 23:16:31.342306304,109284.02,1.80
2025-02-25 09:18:55.394689024,109273.54,0.96
2025-02-25 19:21:19.447071744,109273.54,0.96
2025-02-26 05:23:43.499454464,109273.54,1.80
2025-02-26 15:26:07.551836928,109273.54,1.80
2025-02-27 01:28:31.604219648,109273.54,1.80
2025-02-27 11:30:55.656602368,109273.54,1.86
2025-02-27 21:33:19.708985088,109273.54,2.63
2025-02-28 07:35:43.761367808,109179.30,2.63
2025-02-28 17:38:07.813750528,109147.88,2.63
2025-03-01 03:40:31.866133248,109064.10,2.63
2025-03-01 13:42:55.918515712,109053.63,1.44
2025-03-01 23:45:19.970898432,109053.63,0.90
2025-03-02 09:47:44.023281152,109053.63,1.38
2025-03-02 19:50:08.075663872,109043.16,1.44
2025-03-03 05:52:32.128046592,109043.16,1.50
2025-03-03 15:54:56.180429312,109043.16,1.50
2025-03-04 01:57:20.232812032,109043.16,2.28
2025-03-04 11:59:44.285194496,109043.16,2.40
2025-03-04 22:02:08.337577216,109043.16,2.93
2025-03-05 08:04:32.389959936,109043.16,2.93
2025-03-05 18:06:56.442342656,109043.16,2.99
2025-03-06 04:09:20.494725376,109043.16,3.77
2025-03-06 14:11:44.547108096,109043.16,3.77
2025-03-07 00:14:08.599490816,109053.63,4.25
2025-03-07 10:16:32.651873536,109053.63,4.31
2025-03-07 20:18:56.704256000,109105.99,4.37
2025-03-08 06:21:20.756638720,109116.46,4.37
2025-03-08 16:23:44.809021440,109179.30,4.31
2025-03-09 02:26:08.861404160,109210.71,4.25
2025-03-09 12:28:32.913786880,109252.60,3.53
2025-03-09 22:30:56.966169600,109273.54,3.53
2025-03-10 08:33:21.018552320,109325.90,2.63
2025-03-10 18:35:45.070934784,109346.85,2.63
2025-03-11 04:38:09.123317504,109399.21,2.63
2025-03-11 14:40:33.175700224,109451.57,2.63
2025-03-12 00:42:57.228082944,109462.04,2.63
2025-03-12 10:45:21.280465664,109472.51,2.51
2025-03-12 20:47:45.332848384,109462.04,1.80
2025-03-13 06:50:09.385231104,109462.04,1.80
2025-03-13 16:52:33.437613568,109451.57,1.80
2025-03-14 02:54:57.489996288,109451.57,1.80
2025-03-14 12:57:21.542379008,109451.57,1.26
2025-03-14 22:59:45.594761728,109451.57,1.20
2025-03-15 09:02:09.647144448,109430.62,0.72
2025-03-15 19:04:33.699527168,109409.68,0.66
2025-03-16 05:06:57.751909888,109399.21,0.66
2025-03-16 15:09:21.804292352,109399.21,0.66
2025-03-17 01:11:45.856675072,109399.21,0.66
2025-03-17 11:14:09.909057792,109399.21,1.14
2025-03-17 21:16:33.961440512,109399.21,1.20
2025-03-18 07:18:58.013823232,109399.21,1.20
2025-03-18 17:21:22.066205952,109399.21,1.26
2025-03-19 03:23:46.118588672,109399.21,1.80
2025-03-19 13:26:10.170971392,109388.74,1.80
2025-03-19 23:28:34.223353856,109273.54,1.80
2025-03-20 09:30:58.275736576,109252.60,1.80
2025-03-20 19:33:22.328119296,109179.30,1.80
2025-03-21 05:35:46.380502016,109168.82,0.06
2025-03-21 15:38:10.432884736,109168.82,0.12
2025-03-22 01:40:34.485267456,109168.82,0.84
2025-03-22 11:42:58.537650176,109168.82,0.90
2025-03-22 21:45:22.590032640,109168.82,0.90
2025-03-23 07:47:46.642415360,109168.82,1.80
2025-03-23 17:50:10.694798080,109168.82,1.80
2025-03-24 03:52:34.747180800,109168.82,1.86
2025-03-24 13:54:58.799563520,109158.35,2.69
2025-03-24 23:57:22.851946240,109074.58,2.69
2025-03-25 09:59:46.904328960,109053.63,2.69
2025-03-25 20:02:10.956711424,109032.69,2.69
2025-03-26 06:04:35.009094144,108969.86,2.69
2025-03-26 16:06:59.061476864,108959.38,2.63
2025-03-27 02:09:23.113859584,108959.38,0.72
2025-03-27 12:11:47.166242304,108959.38,0.66
2025-03-27 22:14:11.218625024,108959.38,0.66
2025-03-28 08:16:35.271007744,108959.38,1.14
2025-03-28 18:18:59.323390208,108959.38,1.20
2025-03-29 04:21:23.375772928,108959.38,1.20
2025-03-29 14:23:47.428155648,108959.38,1.26
2025-03-30 00:26:11.480538368,108959.38,1.74
2025-03-30 10:28:35.532921088,108938.44,1.80
2025-03-30 20:30:59.585303808,108833.72,1.80
2025-03-31 06:33:23.637686528,108812.78,1.80
2025-03-31 16:35:47.690068992,108739.47,0.72
2025-04-01 02:38:11.742451712,108729.00,0.66
2025-04-01 12:40:35.794834432,108729.00,0.66
2025-04-01 22:42:59.847217152,108729.00,0.66
2025-04-02 08:45:23.899599872,108729.00,0.72
2025-04-02 18:47:47.951982592,108729.00,1.20
2025-04-03 04:50:12.004365312,108729.00,1.20
2025-04-03 14:52:36.056748032,108729.00,1.32
2025-04-04 00:55:00.109130496,108739.47,1.80
2025-04-04 10:57:24.161513216,108791.83,1.80
2025-04-04 20:59:48.213895936,108802.30,1.80
2025-04-05 07:02:12.266278656,108865.14,1.80
2025-04-05 17:04:36.318661376,108875.61,1.32
2025-04-06 03:07:00.371044096,108875.61,1.20
2025-04-06 13:09:24.423426816,108896.55,1.20
2025-04-06 23:11:48.475809280,108948.91,1.20
2025-04-07 23:53:42.844670720,109001.27,0.72
2025-04-09 01:52:05.936704256,109085.05,0.66
2025-04-10 03:50:29.028737792,109085.05,0.66
2025-04-11 05:48:52.120771072,109105.99,0.54
2025-04-12 07:47:15.212804608,109126.94,0.00
2025-04-13 09:45:38.304838144,109126.94,0.54
2025-04-14 11:44:01.396871680,109126.94,0.60
2025-04-15 13:42:24.488904960,109126.94,1.44
2025-04-16 15:40:47.580938496,109126.94,1.50
2025-04-17 17:39:10.672972032,109126.94,1.92
2025-04-18 19:37:33.765005568,109126.94,2.04
2025-04-19 21:35:56.857038848,109126.94,2.81
2025-04-20 23:34:19.949072384,109126.94,2.87
2025-04-22 01:32:43.041105920,109126.94,2.87
2025-04-23 03:31:06.133139456,109126.94,2.93
2025-04-24 05:29:29.225172736,109126.94,3.47
2025-04-25 07:27:52.317206272,109137.41,4.25
2025-04-26 09:26:15.409239808,109137.41,4.25
2025-04-27 11:24:38.501273088,109200.24,4.25
2025-04-28 13:23:01.593306624,109221.18,4.25
2025-04-29 15:21:24.685340160,109273.54,4.25
2025-04-30 17:19:47.777373696,109304.96,3.41
2025-05-01 19:18:10.869406976,109315.43,3.35
2025-05-02 21:16:33.961440512,109346.85,3.35
2025-05-03 23:14:57.053474048,109367.79,3.35
2025-05-05 01:13:20.145507584,109420.15,2.63
2025-05-06 03:11:43.237540864,109472.51,2.51
2025-05-07 05:10:06.329574400,109493.46,2.51
2025-05-08 07:08:29.421607936,109535.34,2.51
2025-05-09 09:06:52.513641216,109577.23,1.74
2025-05-10 11:05:15.605674752,109577.23,1.74
2025-05-11 13:03:38.697708288,109587.70,1.74
2025-05-12 15:02:01.789741824,109587.70,1.68
2025-05-13 17:00:24.881775104,109608.65,1.68
2025-05-14 18:58:47.973808640,109608.65,1.68
2025-05-15 20:57:11.065842176,109619.12,1.14
2025-05-16 22:55:34.157875712,109640.06,0.60
2025-05-18 00:53:57.249908992,109650.54,0.54
2025-05-19 02:52:20.341942528,109650.54,0.00
2025-05-20 04:50:43.433976064,109671.48,0.00
2025-05-21 06:49:06.526009344,109681.95,0.00
2025-05-22 08:47:29.618042880,109681.95,0.54
2025-05-23 10:45:52.710076416,109681.95,1.08
2025-05-24 12:44:15.802109952,109681.95,1.14
2025-05-25 14:42:38.894143232,109681.95,1.20
2025-05-26 16:41:01.986176768,109692.42,1.68
2025-05-27 18:39:25.078210304,109692.42,1.68
2025-05-28 20:37:48.170243840,109702.90,1.68
2025-05-29 22:36:11.262277120,109723.84,1.68
2025-05-31 00:34:34.354310656,109744.78,1.68
2025-06-01 02:32:57.446344192,109744.78,1.20
2025-06-02 04:31:20.538377472,109755.26,1.14
2025-06-03 06:29:43.630411008,109765.73,1.08
2025-06-04 08:28:06.722444544,109797.14,0.72
2025-06-05 10:26:29.814478080,109818.09,0.60
2025-06-06 12:24:52.906511360,109839.03,0.90
2025-06-07 14:23:15.998544896,109839.03,0.90
2025-06-08 16:21:39.090578432,109859.98,0.90
2025-06-09 18:20:02.182611968,109859.98,0.90
2025-06-10 20:18:25.274645248,109859.98,1.68
2025-06-11 22:16:48.366678784,109859.98,1.74
2025-06-13 00:15:11.458712320,109849.50,1.74
2025-06-14 02:13:34.550745856,109849.50,2.63
2025-06-15 04:11:57.642779136,109765.73,2.63
2025-06-16 06:10:20.734812672,109723.84,2.63
2025-06-17 08:08:43.826846208,109640.06,2.63
2025-06-18 10:07:06.918879488,109629.59,2.57
2025-06-19 12:05:30.010913024,109629.59,0.06
2025-06-20 14:03:53.102946560,109629.59,0.12
2025-06-21 16:02:16.194980096,109629.59,0.96
2025-06-22 18:00:39.287013376,109629.59,1.80
2025-06-23 19:59:02.379046912,109629.59,1.80
2025-06-24 21:57:25.471080448,109629.59,1.86
2025-06-25 23:55:48.563113984,109629.59,2.63
2025-06-27 01:54:11.655147264,109650.54,2.63
2025-06-28 03:52:34.747180800,109671.48,2.63
2025-06-29 05:50:57.839214336,109681.95,2.63
2025-06-30 07:49:20.931247616,109713.37,2.63
2025-07-01 09:47:44.023281152,109723.84,2.63
2025-07-02 11:46:07.115314688,109744.78,1.80
2025-07-03 13:44:30.207348224,109755.26,0.96
2025-07-04 15:42:53.299381504,109839.03,0.84
2025-07-05 17:41:16.391415040,109849.50,0.60
2025-07-06 19:39:39.483448576,109859.98,0.54
2025-07-07 21:38:02.575482112,109880.92,0.54
2025-07-08 23:36:25.667515392,109880.92,0.60
2025-07-10 01:34:48.759548928,109880.92,1.08
2025-07-11 03:33:11.851582464,109880.92,1.14
2025-07-12 05:31:34.943615744,109880.92,1.20
2025-07-13 07:29:58.035649280,109880.92,1.68
2025-07-14 09:28:21.127682816,109880.92,1.68
2025-07-15 11:26:44.219716352,109880.92,1.68
2025-07-16 13:25:07.311749632,109880.92,1.68
2025-07-17 15:23:30.403783168,109880.92,1.68
2025-07-18 17:21:53.495816704,109891.39,1.20
2025-07-19 19:20:16.587850240,109901.86,1.14
2025-07-20 21:18:39.679883520,109901.86,1.08
2025-07-21 23:17:02.771917056,109901.86,0.60
2025-07-23 01:15:25.863950592,109922.81,0.60
2025-07-24 03:13:48.955983872,109922.81,0.60
2025-07-25 05:12:12.048017408,109943.75,1.08
2025-07-26 07:10:35.140050944,109943.75,1.14
2025-07-27 09:08:58.232084480,109943.75,1.14
2025-07-28 11:07:21.324117760,109943.75,1.20
2025-07-29 13:05:44.416151296,109943.75,1.68
2025-07-30 15:04:07.508184832,109933.28,1.68
2025-07-31 17:02:30.600218368,109933.28,1.68
2025-08-01 19:00:53.692251648,109912.34,1.68
2025-08-02 20:59:16.784285184,109912.34,1.68
2025-08-03 22:57:39.876318720,109912.34,1.38
2025-08-05 14:08:04.539832576,109912.34,0.60
2025-08-07 05:51:29.268825088,109912.34,0.54
2025-08-08 21:34:53.997817344,109912.34,0.00
2025-08-10 13:18:18.726809856,109912.34,0.00
2025-08-12 05:01:43.455802112,109912.34,0.00
2025-08-13 20:45:08.184794368,109912.34,0.54
2025-08-15 12:28:32.913786880,109912.34,0.60
2025-08-17 04:11:57.642779136,109912.34,1.14
2025-08-18 19:55:22.371771648,109912.34,1.14
2025-08-20 11:38:47.100763904,109912.34,1.68
2025-08-22 03:22:11.829756160,109912.34,1.68
2025-08-23 19:05:36.558748672,109912.34,1.74
2025-08-25 10:49:01.287740928,109912.34,2.22
2025-08-27 02:32:26.016733440,109912.34,2.34
2025-08-28 18:15:50.745725696,109912.34,2.40
2025-08-30 09:59:15.474718208,109912.34,2.87
2025-09-01 01:42:40.203710464,109912.34,3.41
2025-09-02 17:26:04.932702720,109891.39,3.41
2025-09-04 09:09:29.661695232,109797.14,3.47
2025-09-06 00:52:54.390687488,109776.20,3.47
2025-09-07 16:36:19.119680000,109702.90,3.41
2025-09-09 08:19:43.848672256,109692.42,3.41
2025-09-11 00:03:08.577664512,109702.90,1.80
2025-09-12 15:46:33.306657024,109702.90,1.74
2025-09-14 07:29:58.035649280,109702.90,1.74
2025-09-15 23:13:22.764641792,109723.84,1.68
2025-09-17 14:56:47.493634048,109744.78,1.68
2025-09-19 06:40:12.222626304,109765.73,1.08
2025-09-20 22:23:36.951618816,109786.67,0.60
2025-09-22 14:07:01.680611072,109818.09,0.12
2025-09-24 05:50:26.409603584,109839.03,0.06
2025-09-25 21:33:51.138595840,109859.98,0.54
2025-09-27 13:17:15.867588096,109870.45,0.54
2025-09-29 05:00:40.596580608,109880.92,0.60
2025-09-30 20:44:05.325572864,109880.92,1.08
2025-10-02 12:27:30.054565376,109880.92,1.14
2025-10-04 04:10:54.783557632,109880.92,1.14
2025-10-05 19:54:19.512550144,109880.92,1.14
2025-10-07 11:37:44.241542400,109880.92,1.68
2025-10-09 03:21:08.970534656,109859.98,1.74
2025-10-10 19:04:33.699527168,109859.98,1.74
2025-10-12 10:47:58.428519424,109839.03,1.80
2025-10-14 02:31:23.157511936,109828.56,1.80
2025-10-15 18:14:47.886504192,109807.62,1.20
2025-10-17 09:58:12.615496448,109807.62,1.08
2025-10-19 01:41:37.344488960,109786.67,0.54
2025-10-20 17:25:02.073481216,109776.20,0.48
2025-10-22 09:08:26.802473728,109776.20,0.06
2025-10-24 00:51:51.531465984,109776.20,0.60
2025-10-25 16:35:16.260458240,109776.20,0.66
2025-10-27 08:18:40.989450752,109776.20,1.14
2025-10-29 00:02:05.718443008,109776.20,1.20
2025-10-30 15:45:30.447435520,109776.20,1.20
2025-11-01 07:28:55.176427776,109765.73,1.68
2025-11-02 23:12:19.905420032,109765.73,1.80
2025-11-04 14:55:44.634412544,109713.37,1.80
2025-11-06 06:39:09.363404800,109650.54,1.80
2025-11-07 22:22:34.092397312,109608.65,1.80
2025-11-09 14:05:58.821389568,109587.70,1.80
2025-11-11 05:49:23.550382080,109566.76,1.80
2025-11-12 21:32:48.279374336,109566.76,0.12
2025-11-14 13:16:13.008366592,109566.76,0.12
2025-11-16 04:59:37.737359104,109566.76,0.54
2025-11-17 20:43:02.466351360,109566.76,0.54
2025-11-19 12:26:27.195343872,109566.76,0.54
2025-11-21 04:09:51.924336128,109566.76,0.60
2025-11-22 19:53:16.653328384,109566.76,1.14
2025-11-24 11:36:41.382320896,109566.76,1.14
2025-11-26 03:20:06.111313152,109566.76,1.26
2025-11-27 19:03:30.840305664,109566.76,1.62
2025-11-29 10:46:55.569297920,109566.76,1.62
2025-12-01 02:30:20.298290176,109577.23,1.62
2025-12-02 18:13:45.027282688,109587.70,1.62
2025-12-04 09:57:09.756274944,109598.18,1.56
2025-12-06 01:40:34.485267456,109608.65,1.14
2025-12-07 17:23:59.214259712,109619.12,1.08
2025-12-09 09:07:23.943251968,109640.06,0.60
2025-12-11 00:50:48.672244480,109650.54,0.60
2025-12-12 16:34:13.401236736,109650.54,0.60
2025-12-14 08:17:38.130229248,109671.48,1.38
2025-12-16 00:01:02.859221504,109671.48,1.44
2025-12-17 15:44:27.588214016,109681.95,1.50
2025-12-19 07:27:52.317206272,109681.95,1.50
2025-12-20 23:11:17.046198528,109681.95,1.98
2025-12-22 14:54:41.775191040,109681.95,2.10
2025-12-24 06:38:06.504183296,109681.95,2.81
2025-12-25 22:21:31.233175808,109681.95,2.87
2025-12-27 14:04:55.962168064,109681.95,2.93
2025-12-29 05:48:20.691160320,109681.95,3.47
2025-12-30 21:31:45.420152832,109671.48,4.31
2026-01-01 13:15:10.149145088,109661.01,4.37
2026-01-03 04:58:34.878137600,109661.01,4.37
2026-01-04 20:41:59.607129856,109661.01,4.37
2026-01-06 12:25:24.336122112,109661.01,4.31
2026-01-08 04:08:49.065114624,109661.01,4.25
2026-01-09 19:52:13.794106880,109661.01,4.13
2026-01-11 11:35:38.523099392,109661.01,3.35
2026-01-13 03:19:03.252091648,109640.06,2.63
2026-01-14 19:02:27.981084160,109629.59,1.74
2026-01-16 10:45:52.710076416,109629.59,1.26
2026-01-18 02:29:17.439068672,109629.59,1.14
2026-01-19 18:12:42.168061184,109629.59,1.08
2026-01-21 09:56:06.897053440,109629.59,0.66
2026-01-23 01:39:31.626045952,109629.59,0.60
2026-01-24 17:22:56.355038208,109629.59,0.60
2026-01-26 09:06:21.084030464,109629.59,0.66
2026-01-28 00:49:45.813022976,109629.59,0.72
2026-01-29 16:33:10.542015232,109629.59,1.20
2026-01-31 08:16:35.271007744,109629.59,1.20
2026-02-02 00:00:00.000000000,109629.59,1.20
2026-02-02 13:45:01.636958976,109629.59,1.32
2026-02-03 03:30:03.273917696,109619.12,1.80
2026-02-03 17:15:04.910876672,109619.12,1.80
2026-02-04 07:00:06.547835648,109608.65,1.80
2026-02-04 20:45:08.184794368,109598.18,1.80
2026-02-05 10:30:09.821753344,109598.18,1.80
2026-02-06 00:15:11.458712320,109598.18,1.26
2026-02-06 14:00:13.095671040,109577.23,0.72
2026-02-07 03:45:14.732630016,109566.76,0.66
2026-02-07 17:30:16.369588992,109566.76,0.66
2026-02-08 07:15:18.006547712,109566.76,0.72
2026-02-08 21:00:19.643506688,109566.76,0.90
2026-02-09 10:45:21.280465664,109566.76,0.90
2026-02-10 00:30:22.917424640,109566.76,1.02
2026-02-10 14:15:24.554383360,109566.76,1.68
2026-02-11 04:00:26.191342336,109566.76,1.74
2026-02-11 17:45:27.828301312,109566.76,1.74
2026-02-12 07:30:29.465260032,109566.76,2.51
2026-02-12 21:15:31.102219008,109566.76,2.63
2026-02-13 11:00:32.739177984,109619.12,2.63
2026-02-14 00:45:34.376136704,109640.06,2.63
2026-02-14 14:30:36.013095680,109702.90,2.63
2026-02-15 04:15:37.650054656,109734.31,1.74
2026-02-15 18:00:39.287013376,109776.20,1.74
2026-02-16 07:45:40.923972352,109786.67,1.68
2026-02-16 21:30:42.560931328,109828.56,0.96
2026-02-17 11:15:44.197890048,109859.98,0.90
2026-02-18 01:00:45.834849024,109922.81,0.90
2026-02-18 14:45:47.471808000,109922.81,0.90
2026-02-19 04:30:49.108766720,109964.70,0.60
2026-02-19 18:15:50.745725696,109975.17,0.60
2026-02-20 08:00:52.382684672,109964.70,0.60
2026-02-20 21:45:54.019643392,109964.70,0.60
2026-02-21 11:30:55.656602368,109964.70,1.14
2026-02-22 01:15:57.293561344,109964.70,1.14
2026-02-22 15:00:58.930520064,109964.70,1.14
2026-02-23 04:46:00.567479040,109964.70,1.26
2026-02-23 18:31:02.204438016,109975.17,1.68
2026-02-24 08:16:03.841396992,110017.06,1.68
2026-02-24 22:01:05.478355712,110038.00,1.68
2026-02-25 11:46:07.115314688,110069.42,1.68
2026-02-26 01:31:08.752273664,110121.78,1.56
2026-02-26 15:16:10.389232384,110142.72,1.14
2026-02-27 05:01:12.026191360,110163.66,1.14
2026-02-27 18:46:13.663150336,110205.55,1.14
2026-02-28 08:31:15.300109056,110216.02,1.08
2026-02-28 22:16:16.937068032,110331.22,0.60
2026-03-01 12:01:18.574027008,110310.27,0.54
2026-03-02 01:46:20.210985728,110352.16,0.60
2026-03-02 15:31:21.847944704,110362.63,0.84
2026-03-03 05:16:23.484903680,110362.63,0.90
2026-03-03 19:01:25.121862400,110373.10,0.90
2026-03-04 08:46:26.758821376,110373.10,0.90
2026-03-04 22:31:28.395780352,110373.10,1.74
2026-03-05 12:16:30.032739072,110373.10,1.80
2026-03-06 02:01:31.669698048,110373.10,1.86
2026-03-06 15:46:33.306657024,110373.10,2.57
2026-03-07 05:31:34.943615744,110414.99,2.63
2026-03-07 19:16:36.580574720,110435.94,2.63
2026-03-08 09:01:38.217533696,110456.88,2.63
2026-03-08 22:46:39.854492416,110509.24,2.57
2026-03-09 12:31:41.491451392,110530.18,1.74
2026-03-10 02:16:43.128410368,110540.66,1.74
2026-03-10 16:01:44.765369344,110572.07,1.68
2026-03-11 05:46:46.402328064,110593.02,1.68
2026-03-11 19:31:48.039287040,110729.15,0.90
2026-03-12 09:16:49.676246016,110750.10,0.90
2026-03-12 23:01:51.313204736,110791.98,0.90
2026-03-13 12:46:52.950163712,110823.40,0.90
2026-03-14 02:31:54.587122688,110833.87,0.90
2026-03-14 16:16:56.224081408,110833.87,0.90
2026-03-15 06:01:57.861040384,110833.87,0.90
2026-03-15 19:46:59.497999360,110833.87,1.62
2026-03-16 09:32:01.134958080,110833.87,1.74
2026-03-16 23:17:02.771917056,110833.87,1.74
2026-03-17 13:02:04.408876032,110833.87,2.51
2026-03-18 02:47:06.045834752,110823.40,2.63
2026-03-18 16:32:07.682793728,110729.15,2.63
2026-03-19 06:17:09.319752704,110697.74,2.63
2026-03-19 20:02:10.956711424,110624.43,2.63
2026-03-20 09:47:12.593670400,110603.49,2.63
2026-03-20 23:32:14.230629376,110603.49,2.51
2026-03-21 13:17:15.867588096,110603.49,1.68
2026-03-22 03:02:17.504547072,110603.49,1.68
2026-03-22 16:47:19.141506048,110603.49,1.68
2026-03-23 06:32:20.778464768,110603.49,1.74
2026-03-23 20:17:22.415423744,110603.49,2.57
2026-03-24 10:02:24.052382720,110603.49,2.63
2026-03-24 23:47:25.689341696,110603.49,2.63
2026-03-25 13:32:27.326300416,110624.43,2.63
2026-03-26 03:17:28.963259392,110634.90,2.63
2026-03-26 17:02:30.600218368,110655.85,2.63
2026-03-27 06:47:32.237177088,110666.32,2.51
2026-03-27 20:32:33.874136064,110687.26,1.68
2026-03-28 10:17:35.511095040,110718.68,0.90
2026-03-29 00:02:37.148053760,110750.10,0.72
2026-03-29 13:47:38.785012736,110760.57,0.54
2026-03-30 03:32:40.421971712,110760.57,0.60
2026-03-30 17:17:42.058930432,110781.51,0.66
2026-03-31 07:02:43.695889408,110781.51,0.66
2026-03-31 20:47:45.332848384,110781.51,1.20
2026-04-01 10:32:46.969807104,110781.51,1.20
2026-04-02 00:17:48.606766080,110771.04,1.26
2026-04-02 14:02:50.243725056,110771.04,1.80
2026-04-03 03:47:51.880683776,110739.62,1.80
2026-04-03 17:32:53.517642752,110687.26,1.80
2026-04-04 07:17:55.154601728,110634.90,1.80
2026-04-04 21:02:56.791560448,110582.54,1.80
2026-04-05 10:47:58.428519424,110561.60,1.80
2026-04-06 00:16:45.747544576,110551.13,0.72
2026-04-06 07:15:49.436158720,110551.13,0.66
2026-04-06 14:14:53.124772608,110551.13,0.66
2026-04-06 21:13:56.813386752,110551.13,1.20
2026-04-07 04:13:00.502000640,110551.13,1.20
2026-04-07 11:12:04.190614784,110551.13,1.20
2026-04-07 18:11:07.879228928,110551.13,1.26
2026-04-08 01:10:11.567842816,110551.13,1.32
2026-04-08 08:09:15.256456960,110551.13,1.80
2026-04-08 15:08:18.945070848,110561.60,1.80
2026-04-08 22:07:22.633684992,110582.54,1.80
2026-04-09 05:06:26.322299136,110593.02,1.80
2026-04-09 12:05:30.010913024,110603.49,1.68
2026-04-09 19:04:33.699527168,110613.96,1.20
2026-04-10 02:03:37.388141056,110624.43,0.66
2026-04-10 09:02:41.076755200,110687.26,0.66
2026-04-10 16:01:44.765369344,110708.21,0.66
2026-04-10 23:00:48.453983232,110718.68,0.66
2026-04-11 05:59:52.142597376,110739.62,0.66
2026-04-11 12:58:55.831211264,110739.62,0.66
2026-04-11 19:57:59.519825408,110750.10,1.20
2026-04-12 02:57:03.208439552,110750.10,1.20
2026-04-12 09:56:06.897053440,110750.10,1.20
2026-04-12 16:55:10.585667584,110750.10,1.26
2026-04-12 23:54:14.274281472,110750.10,1.80
2026-04-13 06:53:17.962895616,110718.68,1.80
2026-04-13 13:52:21.651509760,110645.38,1.80
2026-04-13 20:51:25.340123648,110613.96,1.80
2026-04-14 03:50:29.028737792,110551.13,1.74
2026-04-14 10:49:32.717351680,110551.13,0.60
2026-04-14 17:48:36.405965824,110551.13,0.60
2026-04-15 00:47:40.094579968,110551.13,0.60
2026-04-15 07:46:43.783193856,110551.13,1.44
2026-04-15 14:45:47.471808000,110551.13,1.50
2026-04-15 21:44:51.160421888,110551.13,1.50
2026-04-16 04:43:54.849036032,110551.13,1.92
2026-04-16 11:42:58.537650176,110551.13,2.81
2026-04-16 18:42:02.226264064,110551.13,2.87
2026-04-17 01:41:05.914878208,110551.13,2.87
2026-04-17 08:40:09.603492096,110551.13,3.41
2026-04-17 15:39:13.292106240,110551.13,3.47
2026-04-17 22:38:16.980720384,110551.13,3.47
2026-04-18 05:37:20.669334272,110551.13,4.25
2026-04-18 12:36:24.357948416,110572.07,4.25
2026-04-18 19:35:28.046562304,110603.49,4.25
2026-04-19 02:34:31.735176448,110624.43,4.25
2026-04-19 09:33:35.423790592,110666.32,4.25
2026-04-19 16:32:39.112404480,110697.74,3.35
2026-04-19 23:31:42.801018624,110708.21,2.57
2026-04-20 06:30:46.489632512,110781.51,1.80
2026-04-20 13:29:50.178246656,110812.93,1.74
2026-04-20 20:28:53.866860800,110875.76,1.68
2026-04-21 03:27:57.555474688,110938.59,1.20
2026-04-21 10:27:01.244088832,111001.42,1.08
2026-04-21 17:26:04.932702720,111074.73,0.60
2026-04-22 00:25:08.621316864,111106.14,0.54
2026-04-22 07:24:12.309931008,111127.09,0.54
2026-04-22 14:23:15.998544896,111137.56,0.54
2026-04-22 21:22:19.687159040,111158.50,0.54
2026-04-23 04:21:23.375772928,111158.50,0.60
2026-04-23 11:20:27.064387072,111158.50,1.14
2026-04-23 18:19:30.753001216,111158.50,1.14
2026-04-24 01:18:34.441615104,111148.03,1.26
2026-04-24 08:17:38.130229248,111127.09,1.68
2026-04-24 15:16:41.818843136,111022.37,1.68
2026-04-24 22:15:45.507457280,111011.90,1.68
2026-04-25 05:14:49.196071424,110938.59,1.68
2026-04-25 12:13:52.884685312,110917.65,1.62
2026-04-25 19:12:56.573299456,110917.65,0.06
2026-04-26 02:12:00.261913344,110917.65,0.48
2026-04-26 09:11:03.950527488,110917.65,0.72
2026-04-26 16:10:07.639141632,110917.65,1.44
2026-04-26 23:09:11.327755520,110917.65,1.50
2026-04-27 06:08:15.016369664,110917.65,1.92
2026-04-27 13:07:18.704983552,110917.65,1.98
2026-04-27 20:06:22.393597696,110917.65,2.81
2026-04-28 03:05:26.082211840,110917.65,2.87
2026-04-28 10:04:29.770825728,110917.65,2.87
2026-04-28 17:03:33.459439872,110917.65,2.93
2026-04-29 00:02:37.148053760,110917.65,3.47
2026-04-29 07:01:40.836667904,110917.65,4.25
2026-04-29 14:00:44.525282048,110928.12,4.25
2026-04-29 20:59:48.213895936,110970.01,4.25
2026-04-30 03:58:51.902510080,110980.48,4.25
2026-04-30 10:57:55.591123968,111022.37,4.25
2026-04-30 17:56:59.279738112,111032.84,3.41
2026-05-01 00:56:02.968352256,111053.78,3.35
2026-05-01 07:55:06.656966144,111053.78,3.35
2026-05-01 14:54:10.345580288,111064.26,2.87
2026-05-01 21:53:14.034194176,111148.03,2.81
2026-05-02 04:52:17.722808320,111231.81,1.86
2026-05-02 11:51:21.411422464,111252.75,1.50
2026-05-02 18:50:25.100036352,111347.00,0.60
2026-05-03 01:49:28.788650496,111399.36,0.54
2026-05-03 08:48:32.477264384,111409.83,0.00
2026-05-03 15:47:36.165878528,111430.78,0.48
2026-05-03 22:46:39.854492672,111430.78,0.60
2026-05-04 05:45:43.543106560,111430.78,1.44
2026-05-04 12:44:47.231720704,111430.78,1.50
2026-05-04 19:43:50.920334592,111430.78,1.98
2026-05-05 02:42:54.608948736,111430.78,2.04
2026-05-05 09:41:58.297562880,111430.78,2.81
2026-05-05 16:41:01.986176768,111430.78,2.87
2026-05-05 23:40:05.674790912,111430.78,2.87
2026-05-06 06:39:09.363404800,111430.78,2.93
2026-05-06 13:38:13.052018944,111430.78,3.41
2026-05-06 20:37:16.740633088,111430.78,4.25
2026-05-07 03:36:20.429246976,111441.25,4.25
2026-05-07 10:35:24.117861120,111462.19,4.25
2026-05-07 17:34:27.806475008,111472.66,4.25
2026-05-08 01:09:08.708621312,111493.61,4.25
2026-05-08 15:33:27.566387712,111504.08,3.47
2026-05-09 05:57:46.424154368,111504.08,3.41
2026-05-09 20:22:05.281920768,111525.02,2.57
2026-05-10 10:46:24.139687168,111566.91,2.51
2026-05-11 01:10:42.997453568,111608.80,2.51
2026-05-11 15:35:01.855220224,111671.63,1.68
2026-05-12 05:59:20.712986624,111692.58,1.14
2026-05-12 20:23:39.570753024,111786.82,0.60
2026-05-13 10:47:58.428519424,111860.13,0.48
2026-05-14 01:12:17.286285824,111860.13,0.00
2026-05-14 15:36:36.144052480,111891.54,0.54
2026-05-15 06:00:55.001818880,111891.54,0.66
2026-05-15 20:25:13.859585280,111891.54,0.66
2026-05-16 10:49:32.717351680,111902.02,1.14
2026-05-17 01:13:51.575118336,111902.02,1.20
2026-05-17 15:38:10.432884736,111902.02,1.26
2026-05-18 06:02:29.290651136,111891.54,1.80
2026-05-18 20:26:48.148417536,111870.60,1.80
2026-05-19 10:51:07.006184192,111849.66,1.80
2026-05-20 01:15:25.863950592,111849.66,1.80
2026-05-20 15:39:44.721716992,111839.18,1.80
2026-05-21 06:04:03.579483392,111839.18,1.80
2026-05-21 20:28:22.437250048,111828.71,1.26
2026-05-22 10:52:41.295016448,111807.77,1.20
2026-05-23 01:17:00.152782848,111776.35,0.66
2026-05-23 15:41:19.010549248,111755.41,0.66
2026-05-24 06:05:37.868315648,111755.41,0.66
2026-05-24 20:29:56.726082304,111755.41,0.66
2026-05-25 10:54:15.583848704,111755.41,1.14
2026-05-26 01:18:34.441615104,111755.41,1.20
2026-05-26 15:42:53.299381504,111755.41,1.26
2026-05-27 06:07:12.157148160,111755.41,1.80
2026-05-27 20:31:31.014914560,111755.41,1.80
2026-05-28 10:55:49.872680960,111755.41,1.80
2026-05-29 01:20:08.730447360,111765.88,1.80
2026-05-29 15:44:27.588214016,111776.35,1.80
2026-05-30 06:08:46.445980416,111786.82,1.26
2026-05-30 20:33:05.303746816,111797.30,1.08
2026-05-31 10:57:24.161513216,111797.30,0.66
2026-06-01 01:21:43.019279872,111807.77,0.66
2026-06-01 15:46:01.877046272,111807.77,0.66
2026-06-02 06:10:20.734812672,111828.71,0.72
2026-06-02 20:34:39.592579072,111828.71,1.38
2026-06-03 10:58:58.450345472,111839.18,1.44
2026-06-04 01:23:17.308112128,111839.18,1.50
2026-06-04 15:47:36.165878528,111839.18,1.50
2026-06-05 06:11:55.023644928,111839.18,1.98
2026-06-05 20:36:13.881411328,111839.18,2.10
2026-06-06 11:00:32.739177984,111839.18,2.93
2026-06-07 01:24:51.596944384,111839.18,2.93
2026-06-07 15:49:10.454710784,111839.18,3.47
2026-06-08 06:13:29.312477184,111849.66,3.59
2026-06-08 20:37:48.170243840,111839.18,4.43
2026-06-09 11:02:07.028010240,111839.18,4.43
2026-06-10 01:26:25.885776640,111828.71,4.43
2026-06-10 15:50:44.743543040,111818.24,4.43
2026-06-11 06:15:03.601309696,111818.24,4.43
2026-06-11 20:39:22.459076096,111818.24,4.43
2026-06-12 11:03:41.316842496,111797.30,3.53
2026-06-13 01:28:00.174608896,111797.30,3.47
2026-06-13 15:52:19.032375552,111786.82,2.63
2026-06-14 06:16:37.890141952,111786.82,1.80
2026-06-14 20:40:56.747908352,111786.82,1.26
2026-06-15 11:05:15.605674752,111786.82,0.72
2026-06-16 01:29:34.463441152,111786.82,0.66
2026-06-16 15:53:53.321207808,111786.82,0.66
2026-06-17 06:18:12.178974208,111786.82,0.66
2026-06-17 20:42:31.036740608,111786.82,0.66
2026-06-18 11:06:49.894507008,111786.82,1.38
2026-06-19 01:31:08.752273664,111786.82,1.50
2026-06-19 15:55:27.610040064,111786.82,1.50
2026-06-20 06:19:46.467806464,111786.82,1.50
2026-06-20 20:44:05.325572864,111786.82,2.10
2026-06-21 11:08:24.183339520,111786.82,2.16
2026-06-22 01:32:43.041105920,111786.82,2.93
2026-06-22 15:57:01.898872320,111786.82,2.93
2026-06-23 06:21:20.756638720,111786.82,3.53
2026-06-23 20:45:39.614405376,111786.82,3.65
2026-06-24 11:09:58.472171776,111786.82,4.37
2026-06-25 01:34:17.329938176,111818.24,4.43
2026-06-25 15:58:36.187704576,111839.18,4.43
2026-06-26 06:22:55.045470976,111860.13,4.43
2026-06-26 20:47:13.903237632,111902.02,4.43
2026-06-27 11:11:32.761004032,111902.02,4.37
2026-06-28 01:35:51.618770432,111912.49,3.59
2026-06-28 16:00:10.476536832,111933.43,3.47
2026-06-29 06:24:29.334303488,111996.26,2.93
2026-06-29 20:48:48.192069888,112017.21,2.04
2026-06-30 11:13:07.049836288,112100.98,1.92
2026-07-01 01:37:25.907602688,112142.87,1.38
2026-07-01 16:01:44.765369344,112184.76,0.66
2026-07-02 06:26:03.623135744,112247.59,0.66
2026-07-02 20:50:22.480902144,112258.06,0.66
2026-07-03 11:14:41.338668544,112279.01,0.66
2026-07-04 01:39:00.196435200,112289.48,0.72
2026-07-04 16:03:19.054201600,112310.42,1.50
2026-07-05 06:27:37.911968000,112310.42,1.50
2026-07-05 20:51:56.769734400,112310.42,1.98
2026-07-06 11:16:15.627501056,112310.42,2.04
2026-07-07 01:40:34.485267456,112310.42,2.10
2026-07-07 16:04:53.343033856,112310.42,2.93
2026-07-08 06:29:12.200800256,112310.42,2.93
2026-07-08 20:53:31.058566656,112310.42,2.99
2026-07-09 11:17:49.916333312,112310.42,3.59
2026-07-10 01:42:08.774099712,112299.95,4.31
2026-07-10 16:06:27.631866112,112299.95,4.37
2026-07-11 06:30:46.489632512,112289.48,4.37
2026-07-11 20:55:05.347399168,112289.48,4.37
2026-07-12 11:19:24.205165568,112279.01,4.37
2026-07-13 01:43:43.062931968,112279.01,4.31
2026-07-13 16:08:01.920698368,112258.06,3.59
2026-07-14 06:32:20.778465024,112258.06,3.41
2026-07-14 20:56:39.636231424,112247.59,2.93
2026-07-15 11:20:58.493997824,112237.12,2.04
2026-07-16 01:45:17.351764224,112195.23,1.98
2026-07-16 16:09:36.209530880,112184.76,1.44
2026-07-17 06:33:55.067297280,112174.29,0.66
2026-07-17 20:58:13.925063680,112163.82,0.06
2026-07-18 11:22:32.782830080,112163.82,0.54
2026-07-19 01:46:51.640596480,112163.82,0.66
2026-07-19 16:11:10.498363136,112163.82,1.38
2026-07-20 06:35:29.356129536,112163.82,1.50
2026-07-20 20:59:48.213895936,112163.82,1.50
2026-07-21 11:24:07.071662336,112163.82,1.98
2026-07-22 01:48:25.929428992,112163.82,2.04
2026-07-22 16:12:44.787195392,112163.82,2.10
2026-07-23 06:37:03.644961792,112163.82,2.93
2026-07-23 21:01:22.502728192,112163.82,2.93
2026-07-24 11:25:41.360494848,112163.82,2.99
2026-07-25 01:50:00.218261248,112163.82,3.53
2026-07-25 16:14:19.076027648,112163.82,4.37
2026-07-26 06:38:37.933794048,112163.82,4.43
2026-07-26 21:02:56.791560704,112174.29,4.43
2026-07-27 11:27:15.649327104,112195.23,4.37
2026-07-28 01:51:34.507093504,112216.18,4.37
2026-07-28 16:15:53.364859904,112216.18,3.59
2026-07-29 06:40:12.222626304,112226.65,3.53
2026-07-29 21:04:31.080392960,112247.59,3.41
2026-07-30 11:28:49.938159360,112268.54,2.63
2026-07-31 01:53:08.795925760,112341.84,1.86
2026-07-31 16:17:27.653692160,112383.73,1.74
2026-08-01 06:41:46.511458816,112425.62,1.20
2026-08-01 21:06:05.369225216,112467.50,0.66
2026-08-02 11:30:24.226991616,112488.45,0.54
2026-08-03 01:54:43.084758016,112498.92,0.48
2026-08-03 16:19:01.942524672,112509.39,0.54
2026-08-04 06:43:20.800291072,112519.86,0.54
2026-08-04 21:07:39.658057472,112530.34,0.60
2026-08-05 11:31:58.515823872,112530.34,1.08
2026-08-06 01:56:17.373590528,112530.34,1.14
2026-08-06 16:20:36.231356928,112540.81,1.20
2026-08-07 06:44:55.089123328,112530.34,1.68
2026-08-07 21:09:13.946889728,112488.45,1.68
2026-08-08 11:33:32.804656384,112446.56,1.68
2026-08-09 01:57:51.662422784,112383.73,1.68
2026-08-09 16:22:10.520189184,112341.84,1.68
2026-08-10 06:46:29.377955584,112310.42,1.68
2026-08-10 21:10:48.235721984,112310.42,0.60
2026-08-11 11:35:07.093488640,112310.42,0.60
2026-08-12 01:59:25.951255040,112310.42,0.54
2026-08-12 16:23:44.809021440,112310.42,0.54
2026-08-13 06:48:03.666787840,112310.42,0.60
2026-08-13 21:12:22.524554496,112310.42,1.14
2026-08-14 11:36:41.382320896,112310.42,1.14
2026-08-15 02:01:00.240087296,112310.42,1.26
2026-08-15 16:25:19.097853696,112310.42,1.68
2026-08-16 06:49:37.955620352,112310.42,1.74
2026-08-16 21:13:56.813386752,112310.42,1.68
2026-08-17 11:38:15.671153152,112310.42,1.68
2026-08-18 02:02:34.528919552,112310.42,1.68
2026-08-18 16:26:53.386686208,112310.42,1.08
2026-08-19 06:51:12.244452608,112310.42,0.60
2026-08-19 21:15:31.102219008,112310.42,0.54
2026-08-20 11:39:49.959985408,112310.42,0.60
2026-08-21 02:04:08.817751808,112310.42,0.66
2026-08-21 16:28:27.675518464,112310.42,1.14
2026-08-22 06:52:46.533284864,112310.42,1.20
2026-08-22 21:17:05.391051264,112310.42,1.20
2026-08-23 11:41:24.248817664,112310.42,1.20
2026-08-24 02:05:43.106584320,112310.42,1.68
2026-08-24 16:30:01.964350720,112310.42,1.80
2026-08-25 06:54:20.822117120,112310.42,2.34
2026-08-25 21:18:39.679883520,112310.42,2.40
2026-08-26 11:42:58.537650176,112310.42,2.46
2026-08-27 02:07:17.395416576,112310.42,2.93
2026-08-27 16:31:36.253182976,112310.42,3.53
2026-08-28 06:55:55.110949376,112310.42,3.59
2026-08-28 21:20:13.968716032,112310.42,3.59
2026-08-29 11:44:32.826482432,112310.42,3.59
2026-08-30 02:08:51.684248832,112331.37,3.53
2026-08-30 16:33:10.542015232,112331.37,3.53
2026-08-31 06:57:29.399781632,112341.84,3.41
2026-08-31 21:21:48.257548288,112341.84,2.87
2026-09-01 11:46:07.115314688,112352.31,2.40
2026-09-02 02:10:25.973081088,112362.78,1.86
2026-09-02 16:34:44.830847488,112425.62,1.80
2026-09-03 06:59:03.688614144,112436.09,1.80
2026-09-03 21:23:22.546380544,112467.50,1.80
2026-09-04 11:47:41.404146944,112477.98,1.80
2026-09-05 02:12:00.261913344,112488.45,1.38
2026-09-05 16:36:19.119680000,112519.86,1.20
2026-09-06 07:00:37.977446400,112551.28,0.66
2026-09-06 21:24:56.835212800,112603.64,0.12
2026-09-07 11:49:15.692979200,112614.11,0.00
2026-09-08 02:13:34.550745856,112614.11,0.00
2026-09-08 16:37:53.408512256,112614.11,0.00
