trio,ref,window,X,stop,trades,win,bp,weekday_loglik,timing,pnl_corr,paired,ret_dd,mon_share,groups_per_month,scratch,ratio_2022_2021,entry_hour_mode
audusd+nzdusd+usdjpy,day_open,0-9,0.1500,25,5608,0.3720,-2.9218,-47.6406,0.2695,0.0704,0.9998,-0.1162,0.1814,18.1615,0.1546,1.0818,0
audusd+nzdusd+usdjpy,day_open,0-9,0.1500,30,5608,0.3973,-3.1751,-47.6221,0.2695,-0.0049,0.9998,-0.1160,0.1813,18.1615,0.1703,1.0818,0
audusd+nzdusd+usdjpy,day_open,0-9,0.1500,40,5607,0.4236,-3.3312,-47.4696,0.2695,-0.1545,1.0000,-0.1166,0.1839,18.1518,0.1883,1.0818,0
audusd+nzdusd+usdjpy,day_open,0-9,0.2000,25,4879,0.3714,-2.8861,-47.6925,0.2301,0.0331,0.9998,-0.1152,0.1789,15.8015,0.1519,1.2116,0
audusd+nzdusd+usdjpy,day_open,0-9,0.2000,30,4879,0.3943,-3.3041,-47.5382,0.2301,-0.0431,0.9998,-0.1147,0.1809,15.8015,0.1672,1.2116,0
audusd+nzdusd+usdjpy,day_open,0-9,0.2000,40,4878,0.4172,-3.8023,-47.4511,0.2301,-0.1732,1.0000,-0.1153,0.1826,15.7918,0.1866,1.2116,0
audusd+nzdusd+usdjpy,day_open,0-9,0.3000,25,3424,0.3575,-3.5978,-47.8453,0.2382,-0.2162,0.9997,-0.1159,0.1753,11.0911,0.1530,1.4882,0
audusd+nzdusd+usdjpy,day_open,0-9,0.3000,30,3424,0.3759,-4.4130,-47.7901,0.2382,-0.2526,0.9997,-0.1158,0.1753,11.0911,0.1647,1.4882,0
audusd+nzdusd+usdjpy,day_open,0-9,0.3000,40,3423,0.3982,-4.7605,-47.6373,0.2382,-0.3103,1.0000,-0.1159,0.1774,11.0814,0.1840,1.4882,0
audusd+nzdusd+usdjpy,day_open,0-9,0.4000,25,2205,0.3596,-2.9201,-48.1535,0.2111,-0.2166,1.0000,-0.1113,0.1683,7.1383,0.1533,2.2239,0
audusd+nzdusd+usdjpy,day_open,0-9,0.4000,30,2205,0.3800,-3.9205,-48.2347,0.2111,-0.2509,1.0000,-0.1134,0.1664,7.1383,0.1669,2.2239,0
audusd+nzdusd+usdjpy,day_open,0-9,0.4000,40,2205,0.4027,-4.6304,-48.1746,0.2111,-0.2570,1.0000,-0.1143,0.1665,7.1383,0.1855,2.2239,0
audusd+nzdusd+usdjpy,day_open,0-9,0.6000,25,903,0.3422,-3.8665,-47.9019,0.1739,-0.4757,1.0000,-0.1067,0.1763,2.9233,0.1429,3.9500,9
audusd+nzdusd+usdjpy,day_open,0-9,0.6000,30,903,0.3765,-3.5705,-47.7859,0.1739,-0.4336,1.0000,-0.1073,0.1782,2.9233,0.1628,3.9500,9
audusd+nzdusd+usdjpy,day_open,0-9,0.6000,40,903,0.4186,-3.2743,-47.5141,0.1739,-0.3326,1.0000,-0.1040,0.1817,2.9233,0.1883,3.9500,9
audusd+nzdusd+usdjpy,day_open,1-7,0.1500,25,5128,0.3705,-2.9915,-47.8563,0.2435,0.0797,0.9998,-0.1167,0.1766,16.6076,0.1517,1.1393,1
audusd+nzdusd+usdjpy,day_open,1-7,0.1500,30,5128,0.3959,-3.2192,-47.8070,0.2435,-0.0569,0.9998,-0.1162,0.1773,16.6076,0.1679,1.1393,1
audusd+nzdusd+usdjpy,day_open,1-7,0.1500,40,5127,0.4219,-3.5771,-47.5905,0.2435,-0.1431,1.0000,-0.1165,0.1808,16.5979,0.1882,1.1393,1
audusd+nzdusd+usdjpy,day_open,1-7,0.2000,25,4243,0.3658,-3.2532,-47.9431,0.2876,0.0001,0.9998,-0.1158,0.1766,13.7425,0.1449,1.3208,1
audusd+nzdusd+usdjpy,day_open,1-7,0.2000,30,4243,0.3901,-3.5776,-47.8189,0.2876,-0.1075,0.9998,-0.1150,0.1780,13.7425,0.1610,1.3208,1
audusd+nzdusd+usdjpy,day_open,1-7,0.2000,40,4242,0.4123,-4.2766,-47.7336,0.2876,-0.1842,1.0000,-0.1157,0.1793,13.7328,0.1810,1.3208,1
audusd+nzdusd+usdjpy,day_open,1-7,0.3000,25,2722,0.3446,-4.0349,-47.8413,0.2668,-0.2967,0.9996,-0.1163,0.1773,8.8185,0.1367,1.8636,1
audusd+nzdusd+usdjpy,day_open,1-7,0.3000,30,2722,0.3663,-4.6932,-47.9056,0.2668,-0.3584,0.9996,-0.1157,0.1758,8.8185,0.1499,1.8636,1
audusd+nzdusd+usdjpy,day_open,1-7,0.3000,40,2721,0.3925,-5.1170,-47.8557,0.2668,-0.3824,1.0000,-0.1157,0.1753,8.8088,0.1716,1.8636,1
audusd+nzdusd+usdjpy,day_open,1-7,0.4000,25,1650,0.3406,-3.5074,-48.2577,0.2784,-0.3526,1.0000,-0.1119,0.1686,5.3416,0.1430,2.7907,1
audusd+nzdusd+usdjpy,day_open,1-7,0.4000,30,1650,0.3667,-4.3091,-48.3961,0.2784,-0.3817,1.0000,-0.1136,0.1657,5.3416,0.1552,2.7907,1
audusd+nzdusd+usdjpy,day_open,1-7,0.4000,40,1650,0.3982,-4.8546,-48.4902,0.2784,-0.3890,1.0000,-0.1152,0.1631,5.3416,0.1788,2.7907,1
audusd+nzdusd+usdjpy,day_open,1-7,0.6000,25,612,0.3170,-5.5223,-47.6937,0.2309,-0.4471,1.0000,-0.1031,0.1857,1.9813,0.1340,4.4167,1
audusd+nzdusd+usdjpy,day_open,1-7,0.6000,30,612,0.3611,-4.8458,-47.7200,0.2309,-0.4444,1.0000,-0.1019,0.1852,1.9813,0.1618,4.4167,1
audusd+nzdusd+usdjpy,day_open,1-7,0.6000,40,612,0.4118,-4.6951,-47.9238,0.2309,-0.4060,1.0000,-0.1023,0.1795,1.9813,0.1879,4.4167,1
audusd+nzdusd+usdjpy,day_open,19-9,0.1500,25,5739,0.3593,-3.8404,-47.3978,0.2260,0.1010,1.0000,-0.1114,0.1856,18.5791,0.1401,1.0478,21
audusd+nzdusd+usdjpy,day_open,19-9,0.1500,30,5738,0.3860,-4.0584,-47.3892,0.2260,0.0356,1.0000,-0.1109,0.1854,18.5791,0.1546,1.0478,21
audusd+nzdusd+usdjpy,day_open,19-9,0.1500,40,5737,0.4169,-4.3729,-47.2613,0.2260,0.0144,0.9998,-0.1133,0.1873,18.5791,0.1750,1.0478,21
audusd+nzdusd+usdjpy,day_open,19-9,0.2000,25,5012,0.3593,-3.8287,-47.5317,0.2107,-0.0528,1.0000,-0.1157,0.1820,16.2288,0.1433,1.2083,22
audusd+nzdusd+usdjpy,day_open,19-9,0.2000,30,5012,0.3843,-4.1832,-47.4208,0.2107,-0.1029,1.0000,-0.1153,0.1838,16.2288,0.1580,1.2083,22
audusd+nzdusd+usdjpy,day_open,19-9,0.2000,40,5010,0.4128,-4.3632,-47.3169,0.2107,-0.1548,1.0000,-0.1152,0.1859,16.2191,0.1796,1.2083,22
audusd+nzdusd+usdjpy,day_open,19-9,0.3000,25,3523,0.3537,-3.6501,-47.7652,0.2022,-0.1846,0.9997,-0.1163,0.1770,11.4116,0.1465,1.5312,9
audusd+nzdusd+usdjpy,day_open,19-9,0.3000,30,3523,0.3738,-4.2799,-47.7573,0.2022,-0.2584,0.9997,-0.1164,0.1765,11.4116,0.1578,1.5312,9
audusd+nzdusd+usdjpy,day_open,19-9,0.3000,40,3522,0.3992,-4.5542,-47.5758,0.2022,-0.2769,1.0000,-0.1161,0.1791,11.4019,0.1769,1.5312,9
audusd+nzdusd+usdjpy,day_open,19-9,0.4000,25,2241,0.3507,-3.0445,-47.9425,0.2045,-0.0692,1.0000,-0.1116,0.1719,7.2549,0.1455,2.2985,9
audusd+nzdusd+usdjpy,day_open,19-9,0.4000,30,2241,0.3744,-3.7585,-48.0604,0.2045,-0.1102,1.0000,-0.1133,0.1695,7.2549,0.1602,2.2985,9
audusd+nzdusd+usdjpy,day_open,19-9,0.4000,40,2241,0.4007,-4.0695,-47.9539,0.2045,-0.1129,1.0000,-0.1149,0.1705,7.2549,0.1789,2.2985,9
audusd+nzdusd+usdjpy,day_open,19-9,0.6000,25,912,0.3399,-3.8126,-47.4504,0.1755,-0.1988,1.0000,-0.1092,0.1839,2.9525,0.1327,4.0000,9
audusd+nzdusd+usdjpy,day_open,19-9,0.6000,30,912,0.3761,-2.9775,-47.3559,0.1755,-0.1647,1.0000,-0.1094,0.1858,2.9525,0.1513,4.0000,9
audusd+nzdusd+usdjpy,day_open,19-9,0.6000,40,912,0.4178,-2.5345,-47.3579,0.1755,-0.1567,1.0000,-0.0945,0.1855,2.9525,0.1754,4.0000,9
audusd+nzdusd+usdjpy,prev_close,0-9,0.1500,25,5620,0.3792,-2.4092,-47.5678,0.2885,-0.0838,0.9998,-0.1180,0.1834,18.2003,0.1591,1.0814,0
audusd+nzdusd+usdjpy,prev_close,0-9,0.1500,30,5620,0.4034,-2.8005,-47.5099,0.2885,-0.1394,0.9998,-0.1172,0.1839,18.2003,0.1733,1.0814,0
audusd+nzdusd+usdjpy,prev_close,0-9,0.1500,40,5619,0.4287,-3.0068,-47.3569,0.2885,-0.2689,1.0000,-0.1171,0.1864,18.1906,0.1920,1.0814,0
audusd+nzdusd+usdjpy,prev_close,0-9,0.2000,25,4885,0.3758,-2.4216,-47.5759,0.2447,-0.1215,0.9998,-0.1152,0.1816,15.8209,0.1513,1.2086,0
audusd+nzdusd+usdjpy,prev_close,0-9,0.2000,30,4885,0.3988,-2.8449,-47.4344,0.2447,-0.1513,0.9998,-0.1150,0.1835,15.8209,0.1675,1.2086,0
audusd+nzdusd+usdjpy,prev_close,0-9,0.2000,40,4884,0.4208,-3.3488,-47.3599,0.2447,-0.2646,1.0000,-0.1157,0.1846,15.8112,0.1855,1.2086,0
audusd+nzdusd+usdjpy,prev_close,0-9,0.3000,25,3463,0.3638,-2.6494,-47.7546,0.2421,-0.1652,0.9997,-0.1160,0.1779,11.2174,0.1510,1.5667,0
audusd+nzdusd+usdjpy,prev_close,0-9,0.3000,30,3463,0.3823,-3.3989,-47.6682,0.2421,-0.2350,0.9997,-0.1155,0.1782,11.2174,0.1660,1.5667,0
audusd+nzdusd+usdjpy,prev_close,0-9,0.3000,40,3462,0.4050,-3.7948,-47.5938,0.2421,-0.2525,1.0000,-0.1154,0.1792,11.2077,0.1860,1.5667,0
audusd+nzdusd+usdjpy,prev_close,0-9,0.4000,25,2274,0.3646,-2.3892,-47.3543,0.2135,-0.3294,1.0000,-0.1131,0.1852,7.3617,0.1579,2.2537,0
audusd+nzdusd+usdjpy,prev_close,0-9,0.4000,30,2274,0.3861,-3.2254,-47.4271,0.2135,-0.3542,1.0000,-0.1142,0.1832,7.3617,0.1728,2.2537,0
audusd+nzdusd+usdjpy,prev_close,0-9,0.4000,40,2274,0.4090,-3.9693,-47.5973,0.2135,-0.3351,1.0000,-0.1150,0.1790,7.3617,0.1953,2.2537,0
audusd+nzdusd+usdjpy,prev_close,0-9,0.6000,25,951,0.3396,-4.1340,-47.1917,0.1158,-0.4602,1.0000,-0.1068,0.1922,3.0787,0.1335,3.6667,9
audusd+nzdusd+usdjpy,prev_close,0-9,0.6000,30,951,0.3701,-4.2251,-47.2412,0.1158,-0.4045,1.0000,-0.1097,0.1913,3.0787,0.1525,3.6667,9
audusd+nzdusd+usdjpy,prev_close,0-9,0.6000,40,951,0.4143,-4.1508,-47.1437,0.1158,-0.2935,1.0000,-0.1054,0.1921,3.0787,0.1777,3.6667,9
audusd+nzdusd+usdjpy,prev_close,1-7,0.1500,25,5173,0.3804,-2.3030,-47.6811,0.2546,-0.1132,0.9998,-0.1175,0.1803,16.7533,0.1543,1.1343,1
audusd+nzdusd+usdjpy,prev_close,1-7,0.1500,30,5173,0.4044,-2.7123,-47.6432,0.2546,-0.2252,0.9998,-0.1174,0.1808,16.7533,0.1690,1.1343,1
audusd+nzdusd+usdjpy,prev_close,1-7,0.1500,40,5172,0.4312,-2.9480,-47.3885,0.2546,-0.3117,1.0000,-0.1172,0.1850,16.7435,0.1891,1.1343,1
audusd+nzdusd+usdjpy,prev_close,1-7,0.2000,25,4270,0.3724,-2.6868,-47.7254,0.3066,-0.0884,0.9998,-0.1143,0.1815,13.8299,0.1468,1.3464,1
audusd+nzdusd+usdjpy,prev_close,1-7,0.2000,30,4270,0.3967,-2.9885,-47.6915,0.3066,-0.1408,0.9998,-0.1149,0.1813,13.8299,0.1632,1.3464,1
audusd+nzdusd+usdjpy,prev_close,1-7,0.2000,40,4269,0.4202,-3.5275,-47.5465,0.3066,-0.2204,1.0000,-0.1160,0.1833,13.8202,0.1822,1.3464,1
audusd+nzdusd+usdjpy,prev_close,1-7,0.3000,25,2752,0.3492,-3.3490,-47.6337,0.2616,-0.3903,0.9996,-0.1164,0.1838,8.9156,0.1399,1.9294,1
audusd+nzdusd+usdjpy,prev_close,1-7,0.3000,30,2752,0.3714,-3.9001,-47.6466,0.2616,-0.4432,0.9996,-0.1151,0.1830,8.9156,0.1559,1.9294,1
audusd+nzdusd+usdjpy,prev_close,1-7,0.3000,40,2751,0.3999,-4.2241,-47.7407,0.2616,-0.4481,1.0000,-0.1151,0.1801,8.9059,0.1788,1.9294,1
audusd+nzdusd+usdjpy,prev_close,1-7,0.4000,25,1710,0.3462,-3.0222,-47.6826,0.2442,-0.3861,1.0000,-0.1143,0.1823,5.5359,0.1515,2.9750,1
audusd+nzdusd+usdjpy,prev_close,1-7,0.4000,30,1710,0.3737,-3.6372,-47.8090,0.2442,-0.4032,1.0000,-0.1152,0.1795,5.5359,0.1637,2.9750,1
audusd+nzdusd+usdjpy,prev_close,1-7,0.4000,40,1710,0.4064,-4.0609,-48.1069,0.2442,-0.3860,1.0000,-0.1163,0.1728,5.5359,0.1901,2.9750,1
audusd+nzdusd+usdjpy,prev_close,1-7,0.6000,25,675,0.3378,-4.6673,-46.8674,0.1623,-0.4671,1.0000,-0.1023,0.2055,2.1852,0.1230,4.1538,1
audusd+nzdusd+usdjpy,prev_close,1-7,0.6000,30,675,0.3733,-4.7674,-47.0087,0.1623,-0.4419,1.0000,-0.1042,0.2028,2.1852,0.1481,4.1538,1
audusd+nzdusd+usdjpy,prev_close,1-7,0.6000,40,675,0.4356,-4.0276,-47.2941,0.1623,-0.4041,1.0000,-0.0994,0.1954,2.1852,0.1748,4.1538,1
audusd+nzdusd+usdjpy,prev_close,19-9,0.1500,25,5766,0.3710,-2.8306,-47.4719,0.2340,-0.0314,1.0000,-0.1119,0.1855,18.6665,0.1410,1.0476,21
audusd+nzdusd+usdjpy,prev_close,19-9,0.1500,30,5765,0.3964,-3.1602,-47.4093,0.2340,-0.0704,1.0000,-0.1113,0.1863,18.6665,0.1565,1.0476,21
audusd+nzdusd+usdjpy,prev_close,19-9,0.1500,40,5764,0.4271,-3.3727,-47.2842,0.2340,-0.1068,0.9998,-0.1144,0.1880,18.6665,0.1773,1.0476,21
audusd+nzdusd+usdjpy,prev_close,19-9,0.2000,25,5054,0.3662,-2.8039,-47.5107,0.2359,-0.0532,1.0000,-0.1137,0.1835,16.3648,0.1427,1.1917,22
audusd+nzdusd+usdjpy,prev_close,19-9,0.2000,30,5054,0.3896,-3.2285,-47.4092,0.2359,-0.0689,1.0000,-0.1159,0.1851,16.3648,0.1569,1.1917,22
audusd+nzdusd+usdjpy,prev_close,19-9,0.2000,40,5052,0.4175,-3.4997,-47.2577,0.2359,-0.1277,1.0000,-0.1157,0.1877,16.3551,0.1783,1.1917,22
audusd+nzdusd+usdjpy,prev_close,19-9,0.3000,25,3598,0.3580,-2.8191,-47.6422,0.2349,-0.2107,0.9997,-0.1155,0.1799,11.6544,0.1442,1.5950,9
audusd+nzdusd+usdjpy,prev_close,19-9,0.3000,30,3598,0.3802,-3.2265,-47.5821,0.2349,-0.2564,0.9997,-0.1164,0.1803,11.6544,0.1570,1.5950,9
audusd+nzdusd+usdjpy,prev_close,19-9,0.3000,40,3597,0.4059,-3.5983,-47.5128,0.2349,-0.2650,1.0000,-0.1155,0.1813,11.6447,0.1760,1.5950,9
audusd+nzdusd+usdjpy,prev_close,19-9,0.4000,25,2319,0.3592,-2.2933,-47.2905,0.1985,-0.1229,1.0000,-0.1130,0.1866,7.5074,0.1453,2.2941,9
audusd+nzdusd+usdjpy,prev_close,19-9,0.4000,30,2319,0.3834,-2.9287,-47.3169,0.1985,-0.1629,1.0000,-0.1140,0.1856,7.5074,0.1591,2.2941,9
audusd+nzdusd+usdjpy,prev_close,19-9,0.4000,40,2319,0.4079,-3.3463,-47.4712,0.1985,-0.1325,1.0000,-0.1151,0.1818,7.5074,0.1798,2.2941,9
audusd+nzdusd+usdjpy,prev_close,19-9,0.6000,25,966,0.3282,-5.2508,-47.0679,0.1218,-0.3554,1.0000,-0.1107,0.1939,3.1273,0.1253,3.6667,9
audusd+nzdusd+usdjpy,prev_close,19-9,0.6000,30,966,0.3602,-4.9032,-47.0771,0.1218,-0.3334,1.0000,-0.1130,0.1936,3.1273,0.1439,3.6667,9
audusd+nzdusd+usdjpy,prev_close,19-9,0.6000,40,966,0.4006,-5.1268,-46.9476,0.1218,-0.2393,1.0000,-0.1115,0.1953,3.1273,0.1677,3.6667,9
eurusd+audusd+nzdusd,day_open,0-9,0.1500,25,5810,0.3702,-3.3560,-47.5354,0.2850,-0.1402,1.0000,-0.1128,0.1850,18.8122,0.1497,1.0522,0
eurusd+audusd+nzdusd,day_open,0-9,0.1500,30,5809,0.3934,-3.8347,-47.5653,0.2850,-0.1815,0.9998,-0.1140,0.1842,18.8122,0.1656,1.0522,0
eurusd+audusd+nzdusd,day_open,0-9,0.1500,40,5808,0.4208,-3.9385,-47.4807,0.2850,-0.2923,1.0000,-0.1149,0.1853,18.8025,0.1861,1.0522,0
eurusd+audusd+nzdusd,day_open,0-9,0.2000,25,5051,0.3716,-3.6672,-47.6574,0.2786,-0.2679,1.0000,-0.1161,0.1817,16.3551,0.1566,1.1330,0
eurusd+audusd+nzdusd,day_open,0-9,0.2000,30,5050,0.3950,-4.1464,-47.6034,0.2786,-0.3559,0.9998,-0.1165,0.1826,16.3551,0.1733,1.1330,0
eurusd+audusd+nzdusd,day_open,0-9,0.2000,40,5049,0.4213,-4.3857,-47.5665,0.2786,-0.4265,1.0000,-0.1171,0.1831,16.3453,0.1917,1.1330,0
eurusd+audusd+nzdusd,day_open,0-9,0.3000,25,3601,0.3732,-3.1547,-47.6332,0.2723,-0.1899,0.9997,-0.1108,0.1798,11.6641,0.1483,1.4599,0
eurusd+audusd+nzdusd,day_open,0-9,0.3000,30,3601,0.3977,-3.7042,-47.5245,0.2723,-0.2566,0.9997,-0.1117,0.1817,11.6641,0.1627,1.4599,0
eurusd+audusd+nzdusd,day_open,0-9,0.3000,40,3600,0.4242,-3.8470,-47.4558,0.2723,-0.3242,1.0000,-0.1126,0.1820,11.6544,0.1853,1.4599,0
eurusd+audusd+nzdusd,day_open,0-9,0.4000,25,2433,0.3683,-3.4145,-47.7470,0.2041,-0.1886,1.0000,-0.1115,0.1746,7.8765,0.1537,1.8182,0
eurusd+audusd+nzdusd,day_open,0-9,0.4000,30,2433,0.3950,-3.8721,-47.6835,0.2041,-0.1478,1.0000,-0.1106,0.1755,7.8765,0.1673,1.8182,0
eurusd+audusd+nzdusd,day_open,0-9,0.4000,40,2433,0.4213,-4.3669,-47.6091,0.2041,-0.2201,1.0000,-0.1128,0.1763,7.8765,0.1878,1.8182,0
eurusd+audusd+nzdusd,day_open,0-9,0.6000,25,993,0.3444,-3.8188,-47.7540,0.1942,-0.0994,1.0000,-0.1112,0.1799,3.2147,0.1501,2.9667,9
eurusd+audusd+nzdusd,day_open,0-9,0.6000,30,993,0.3807,-3.7075,-47.4651,0.1942,-0.0816,1.0000,-0.1031,0.1851,3.2147,0.1672,2.9667,9
eurusd+audusd+nzdusd,day_open,0-9,0.6000,40,993,0.4179,-2.5049,-47.3465,0.1942,0.0176,1.0000,-0.0731,0.1863,3.2147,0.1934,2.9667,9
eurusd+audusd+nzdusd,day_open,1-7,0.1500,25,5349,0.3717,-3.2041,-47.6182,0.2522,-0.0818,1.0000,-0.1148,0.1836,17.3165,0.1469,1.0845,1
eurusd+audusd+nzdusd,day_open,1-7,0.1500,30,5349,0.3975,-3.4104,-47.6782,0.2522,-0.1276,1.0000,-0.1153,0.1824,17.3165,0.1640,1.0845,1
eurusd+audusd+nzdusd,day_open,1-7,0.1500,40,5349,0.4229,-3.8086,-47.4897,0.2522,-0.2259,1.0000,-0.1159,0.1846,17.3165,0.1841,1.0845,1
eurusd+audusd+nzdusd,day_open,1-7,0.2000,25,4482,0.3659,-3.7156,-47.6655,0.2692,-0.1792,1.0000,-0.1132,0.1826,14.5098,0.1513,1.2273,1
eurusd+audusd+nzdusd,day_open,1-7,0.2000,30,4482,0.3947,-3.8673,-47.7133,0.2692,-0.2639,1.0000,-0.1139,0.1816,14.5098,0.1693,1.2273,1
eurusd+audusd+nzdusd,day_open,1-7,0.2000,40,4482,0.4192,-4.3149,-47.6327,0.2692,-0.3510,1.0000,-0.1138,0.1821,14.5098,0.1876,1.2273,1
eurusd+audusd+nzdusd,day_open,1-7,0.3000,25,2871,0.3584,-3.4162,-47.8276,0.2925,-0.2517,1.0000,-0.1093,0.1797,9.2944,0.1383,1.6095,1
eurusd+audusd+nzdusd,day_open,1-7,0.3000,30,2871,0.3905,-3.4721,-47.7985,0.2925,-0.2866,1.0000,-0.1086,0.1799,9.2944,0.1546,1.6095,1
eurusd+audusd+nzdusd,day_open,1-7,0.3000,40,2871,0.4187,-3.7866,-47.6484,0.2925,-0.3357,1.0000,-0.1103,0.1804,9.2944,0.1769,1.6095,1
eurusd+audusd+nzdusd,day_open,1-7,0.4000,25,1809,0.3494,-4.2761,-47.8852,0.1992,-0.3387,1.0000,-0.1134,0.1769,5.8564,0.1443,2.0984,1
eurusd+audusd+nzdusd,day_open,1-7,0.4000,30,1809,0.3792,-4.3779,-48.0260,0.1992,-0.2642,1.0000,-0.1131,0.1738,5.8564,0.1575,2.0984,1
eurusd+audusd+nzdusd,day_open,1-7,0.4000,40,1809,0.4102,-5.0350,-48.2104,0.1992,-0.3565,1.0000,-0.1150,0.1695,5.8564,0.1802,2.0984,1
eurusd+audusd+nzdusd,day_open,1-7,0.6000,25,654,0.3165,-5.4586,-48.2710,0.1700,-0.1906,1.0000,-0.0914,0.1761,2.1172,0.1376,3.8125,5
eurusd+audusd+nzdusd,day_open,1-7,0.6000,30,654,0.3609,-4.9093,-48.1759,0.1700,-0.2203,1.0000,-0.0831,0.1770,2.1172,0.1606,3.8125,5
eurusd+audusd+nzdusd,day_open,1-7,0.6000,40,654,0.4098,-3.7995,-48.2931,0.1700,-0.1857,1.0000,-0.0660,0.1734,2.1172,0.1896,3.8125,5
eurusd+audusd+nzdusd,day_open,19-9,0.1500,25,5930,0.3648,-3.4206,-47.4465,0.2428,-0.0167,1.0000,-0.1114,0.1867,19.2007,0.1341,1.0083,22
eurusd+audusd+nzdusd,day_open,19-9,0.1500,30,5929,0.3899,-3.9423,-47.4227,0.2428,-0.0872,0.9998,-0.1110,0.1869,19.2007,0.1488,1.0083,22
eurusd+audusd+nzdusd,day_open,19-9,0.1500,40,5928,0.4241,-3.8338,-47.3796,0.2428,-0.1119,1.0000,-0.1138,0.1877,19.1910,0.1705,1.0083,22
eurusd+audusd+nzdusd,day_open,19-9,0.2000,25,5189,0.3644,-3.8367,-47.5299,0.2317,-0.0082,1.0000,-0.1164,0.1844,16.8018,0.1451,1.0943,22
eurusd+audusd+nzdusd,day_open,19-9,0.2000,30,5188,0.3899,-4.3130,-47.4569,0.2317,-0.1327,0.9998,-0.1172,0.1856,16.8018,0.1600,1.0943,22
eurusd+audusd+nzdusd,day_open,19-9,0.2000,40,5187,0.4211,-4.2605,-47.4503,0.2317,-0.2329,1.0000,-0.1171,0.1859,16.7921,0.1808,1.0943,22
eurusd+audusd+nzdusd,day_open,19-9,0.3000,25,3697,0.3657,-3.7252,-47.6627,0.2657,-0.2305,0.9997,-0.1125,0.1802,11.9749,0.1423,1.5000,9
eurusd+audusd+nzdusd,day_open,19-9,0.3000,30,3697,0.3936,-4.0637,-47.5157,0.2657,-0.3025,0.9997,-0.1131,0.1830,11.9749,0.1572,1.5000,9
eurusd+audusd+nzdusd,day_open,19-9,0.3000,40,3696,0.4218,-4.0024,-47.4727,0.2657,-0.3672,1.0000,-0.1127,0.1830,11.9652,0.1778,1.5000,9
eurusd+audusd+nzdusd,day_open,19-9,0.4000,25,2478,0.3660,-3.8356,-47.5780,0.2005,-0.1016,1.0000,-0.1156,0.1789,8.0221,0.1473,1.8636,9
eurusd+audusd+nzdusd,day_open,19-9,0.4000,30,2478,0.3947,-4.1823,-47.5465,0.2005,-0.0622,1.0000,-0.1152,0.1794,8.0221,0.1602,1.8636,9
eurusd+audusd+nzdusd,day_open,19-9,0.4000,40,2478,0.4225,-4.2904,-47.5091,0.2005,-0.1061,1.0000,-0.1166,0.1797,8.0221,0.1800,1.8636,9
eurusd+audusd+nzdusd,day_open,19-9,0.6000,25,1005,0.3453,-3.4182,-47.5630,0.2013,-0.1989,1.0000,-0.1093,0.1847,3.2535,0.1463,3.0000,9
eurusd+audusd+nzdusd,day_open,19-9,0.6000,30,1005,0.3781,-3.2334,-47.3032,0.2013,-0.1765,1.0000,-0.1064,0.1898,3.2535,0.1612,3.0000,9
eurusd+audusd+nzdusd,day_open,19-9,0.6000,40,1005,0.4179,-1.7991,-47.1720,0.2013,-0.0839,1.0000,-0.0584,0.1915,3.2535,0.1881,3.0000,9
eurusd+audusd+nzdusd,prev_close,0-9,0.1500,25,5837,0.3774,-2.5411,-47.4247,0.2179,-0.2261,1.0000,-0.1124,0.1870,18.8996,0.1516,1.0431,0
eurusd+audusd+nzdusd,prev_close,0-9,0.1500,30,5836,0.3999,-3.0515,-47.3927,0.2179,-0.2539,0.9998,-0.1143,0.1873,18.8996,0.1683,1.0431,0
eurusd+audusd+nzdusd,prev_close,0-9,0.1500,40,5835,0.4264,-3.2009,-47.3796,0.2179,-0.3713,1.0000,-0.1166,0.1872,18.8899,0.1885,1.0431,0
eurusd+audusd+nzdusd,prev_close,0-9,0.2000,25,5123,0.3773,-2.9693,-47.3616,0.2213,-0.1946,1.0000,-0.1165,0.1877,16.5881,0.1519,1.1275,0
eurusd+audusd+nzdusd,prev_close,0-9,0.2000,30,5122,0.3987,-3.5107,-47.3525,0.2213,-0.2914,0.9998,-0.1170,0.1879,16.5881,0.1687,1.1275,0
eurusd+audusd+nzdusd,prev_close,0-9,0.2000,40,5121,0.4251,-3.8090,-47.3348,0.2213,-0.3798,1.0000,-0.1171,0.1878,16.5784,0.1877,1.1275,0
eurusd+audusd+nzdusd,prev_close,0-9,0.3000,25,3706,0.3813,-2.4433,-47.4742,0.2210,-0.1839,0.9997,-0.1085,0.1828,12.0041,0.1535,1.4889,0
eurusd+audusd+nzdusd,prev_close,0-9,0.3000,30,3706,0.4053,-2.9845,-47.3635,0.2210,-0.2539,0.9997,-0.1104,0.1847,12.0041,0.1689,1.4889,0
eurusd+audusd+nzdusd,prev_close,0-9,0.3000,40,3705,0.4335,-3.0767,-47.3401,0.2210,-0.3205,1.0000,-0.1131,0.1844,11.9944,0.1908,1.4889,0
eurusd+audusd+nzdusd,prev_close,0-9,0.4000,25,2517,0.3810,-2.4892,-47.4759,0.2011,-0.1432,1.0000,-0.1063,0.1823,8.1484,0.1561,1.8111,0
eurusd+audusd+nzdusd,prev_close,0-9,0.4000,30,2517,0.4084,-2.8636,-47.3710,0.2011,-0.1021,1.0000,-0.1079,0.1838,8.1484,0.1720,1.8111,0
eurusd+audusd+nzdusd,prev_close,0-9,0.4000,40,2517,0.4346,-3.3595,-47.4386,0.2011,-0.1635,1.0000,-0.1088,0.1823,8.1484,0.1919,1.8111,0
eurusd+audusd+nzdusd,prev_close,0-9,0.6000,25,1062,0.3672,-1.6688,-47.4988,0.1259,-0.1967,1.0000,-0.0603,0.1852,3.4381,0.1384,3.1429,9
eurusd+audusd+nzdusd,prev_close,0-9,0.6000,30,1062,0.4040,-1.3731,-47.3799,0.1259,-0.1566,1.0000,-0.0486,0.1876,3.4381,0.1535,3.1429,9
eurusd+audusd+nzdusd,prev_close,0-9,0.6000,40,1062,0.4397,-0.3814,-47.1474,0.1259,-0.0306,1.0000,-0.0141,0.1911,3.4381,0.1798,3.1429,9
eurusd+audusd+nzdusd,prev_close,1-7,0.1500,25,5397,0.3795,-2.3171,-47.4806,0.2187,-0.1917,1.0000,-0.1131,0.1861,17.4719,0.1508,1.0737,1
eurusd+audusd+nzdusd,prev_close,1-7,0.1500,30,5397,0.4054,-2.5266,-47.5226,0.2187,-0.2350,1.0000,-0.1157,0.1853,17.4719,0.1681,1.0737,1
eurusd+audusd+nzdusd,prev_close,1-7,0.1500,40,5397,0.4315,-2.8178,-47.4096,0.2187,-0.3265,1.0000,-0.1170,0.1863,17.4719,0.1892,1.0737,1
eurusd+audusd+nzdusd,prev_close,1-7,0.2000,25,4560,0.3757,-2.8629,-47.3603,0.2287,-0.1313,1.0000,-0.1155,0.1889,14.7623,0.1474,1.2203,1
eurusd+audusd+nzdusd,prev_close,1-7,0.2000,30,4560,0.4026,-3.0563,-47.4720,0.2287,-0.2158,1.0000,-0.1167,0.1868,14.7623,0.1651,1.2203,1
eurusd+audusd+nzdusd,prev_close,1-7,0.2000,40,4560,0.4289,-3.4446,-47.4228,0.2287,-0.3151,1.0000,-0.1169,0.1867,14.7623,0.1836,1.2203,1
eurusd+audusd+nzdusd,prev_close,1-7,0.3000,25,2985,0.3702,-2.6218,-47.5593,0.2632,-0.2112,1.0000,-0.1103,0.1861,9.6635,0.1454,1.6286,1
eurusd+audusd+nzdusd,prev_close,1-7,0.3000,30,2985,0.4013,-2.6934,-47.5892,0.2632,-0.2532,1.0000,-0.1093,0.1850,9.6635,0.1621,1.6286,1
eurusd+audusd+nzdusd,prev_close,1-7,0.3000,40,2985,0.4322,-2.8569,-47.5596,0.2632,-0.3106,1.0000,-0.1112,0.1838,9.6635,0.1839,1.6286,1
eurusd+audusd+nzdusd,prev_close,1-7,0.4000,25,1887,0.3593,-3.1877,-47.6588,0.1504,-0.3014,1.0000,-0.1123,0.1853,6.1089,0.1473,2.0156,1
eurusd+audusd+nzdusd,prev_close,1-7,0.4000,30,1887,0.3906,-3.1504,-47.7825,0.1504,-0.2226,1.0000,-0.1119,0.1820,6.1089,0.1632,2.0156,1
eurusd+audusd+nzdusd,prev_close,1-7,0.4000,40,1887,0.4218,-3.7331,-48.0094,0.1504,-0.2742,1.0000,-0.1147,0.1768,6.1089,0.1849,2.0156,1
eurusd+audusd+nzdusd,prev_close,1-7,0.6000,25,720,0.3486,-2.3145,-47.6686,0.1245,-0.1897,1.0000,-0.0496,0.1891,2.3309,0.1250,4.0667,1
eurusd+audusd+nzdusd,prev_close,1-7,0.6000,30,720,0.3986,-1.2021,-47.8117,0.1245,-0.2005,1.0000,-0.0267,0.1865,2.3309,0.1444,4.0667,1
eurusd+audusd+nzdusd,prev_close,1-7,0.6000,40,720,0.4431,-0.1265,-47.7176,0.1245,-0.1467,1.0000,-0.0028,0.1867,2.3309,0.1750,4.0667,1
eurusd+audusd+nzdusd,prev_close,19-9,0.1500,25,5990,0.3716,-2.7916,-47.3797,0.2075,-0.0542,1.0000,-0.1076,0.1884,19.3949,0.1336,1.0083,22
eurusd+audusd+nzdusd,prev_close,19-9,0.1500,30,5989,0.3969,-3.2617,-47.3724,0.2075,-0.0726,0.9998,-0.1082,0.1884,19.3949,0.1489,1.0083,22
eurusd+audusd+nzdusd,prev_close,19-9,0.1500,40,5988,0.4304,-3.2634,-47.3220,0.2075,-0.1565,1.0000,-0.1122,0.1893,19.3852,0.1713,1.0083,22
eurusd+audusd+nzdusd,prev_close,19-9,0.2000,25,5273,0.3719,-2.7968,-47.3511,0.2357,0.0900,1.0000,-0.1141,0.1890,17.0737,0.1430,1.0892,22
eurusd+audusd+nzdusd,prev_close,19-9,0.2000,30,5272,0.3966,-3.2359,-47.3166,0.2357,-0.0148,0.9998,-0.1156,0.1895,17.0737,0.1582,1.0892,22
eurusd+audusd+nzdusd,prev_close,19-9,0.2000,40,5271,0.4284,-3.3023,-47.2908,0.2357,-0.0957,1.0000,-0.1173,0.1897,17.0640,0.1800,1.0892,22
eurusd+audusd+nzdusd,prev_close,19-9,0.3000,25,3805,0.3774,-2.4251,-47.5461,0.2550,-0.1853,0.9997,-0.1070,0.1827,12.3246,0.1461,1.5221,9
eurusd+audusd+nzdusd,prev_close,19-9,0.3000,30,3805,0.4047,-2.8113,-47.4512,0.2550,-0.2492,0.9997,-0.1089,0.1842,12.3246,0.1611,1.5221,9
eurusd+audusd+nzdusd,prev_close,19-9,0.3000,40,3804,0.4340,-2.9026,-47.4316,0.2550,-0.2690,1.0000,-0.1102,0.1839,12.3149,0.1817,1.5221,9
eurusd+audusd+nzdusd,prev_close,19-9,0.4000,25,2586,0.3809,-2.1985,-47.2651,0.1996,-0.1194,1.0000,-0.1032,0.1875,8.3621,0.1473,1.8444,9
eurusd+audusd+nzdusd,prev_close,19-9,0.4000,30,2586,0.4091,-2.5469,-47.2271,0.1996,-0.0861,1.0000,-0.1125,0.1878,8.3621,0.1616,1.8444,9
eurusd+audusd+nzdusd,prev_close,19-9,0.4000,40,2586,0.4374,-2.7291,-47.3104,0.1996,-0.0896,1.0000,-0.1127,0.1860,8.3621,0.1802,1.8444,9
eurusd+audusd+nzdusd,prev_close,19-9,0.6000,25,1077,0.3593,-2.9284,-47.2118,0.1293,-0.1810,1.0000,-0.1129,0.1914,3.4866,0.1328,3.1786,9
eurusd+audusd+nzdusd,prev_close,19-9,0.6000,30,1077,0.3937,-2.6071,-47.1342,0.1293,-0.1451,1.0000,-0.1134,0.1934,3.4866,0.1476,3.1786,9
eurusd+audusd+nzdusd,prev_close,19-9,0.6000,40,1077,0.4327,-1.4267,-46.8929,0.1293,-0.0294,1.0000,-0.0594,0.1973,3.4866,0.1736,3.1786,9
eurusd+audusd+usdjpy,day_open,0-9,0.1500,25,5177,0.3728,-1.0785,-47.6545,0.2044,0.2450,1.0000,-0.0814,0.1811,16.7630,0.1346,1.2071,0
eurusd+audusd+usdjpy,day_open,0-9,0.1500,30,5177,0.4006,-1.2489,-47.6040,0.2044,0.2382,1.0000,-0.0846,0.1817,16.7630,0.1511,1.2071,0
eurusd+audusd+usdjpy,day_open,0-9,0.1500,40,5176,0.4320,-1.5035,-47.5115,0.2044,0.1462,0.9998,-0.0969,0.1829,16.7630,0.1671,1.2071,0
eurusd+audusd+usdjpy,day_open,0-9,0.2000,25,4199,0.3608,-1.9312,-47.6983,0.2301,0.1501,1.0000,-0.1157,0.1788,13.5968,0.1305,1.4295,0
eurusd+audusd+usdjpy,day_open,0-9,0.2000,30,4199,0.3879,-2.0961,-47.5971,0.2301,0.1381,1.0000,-0.1155,0.1800,13.5968,0.1453,1.4295,0
eurusd+audusd+usdjpy,day_open,0-9,0.2000,40,4198,0.4171,-2.5657,-47.5854,0.2301,0.0252,0.9998,-0.1187,0.1802,13.5968,0.1625,1.4295,0
eurusd+audusd+usdjpy,day_open,0-9,0.3000,25,2577,0.3450,-2.6855,-48.0841,0.2232,-0.1821,1.0000,-0.1134,0.1688,8.3426,0.1343,2.3803,0
eurusd+audusd+usdjpy,day_open,0-9,0.3000,30,2576,0.3773,-2.6701,-47.9135,0.2232,-0.2113,1.0000,-0.1141,0.1713,8.3426,0.1510,2.3803,0
eurusd+audusd+usdjpy,day_open,0-9,0.3000,40,2574,0.4110,-2.7923,-47.8146,0.2232,-0.2094,1.0000,-0.1151,0.1729,8.3329,0.1733,2.3803,0
eurusd+audusd+usdjpy,day_open,0-9,0.4000,25,1575,0.3460,-1.3156,-47.7958,0.3037,-0.1287,1.0000,-0.0810,0.1758,5.0988,0.1429,3.8788,9
eurusd+audusd+usdjpy,day_open,0-9,0.4000,30,1575,0.3816,-1.2397,-47.6771,0.3037,-0.1837,1.0000,-0.0719,0.1775,5.0988,0.1594,3.8788,9
eurusd+audusd+usdjpy,day_open,0-9,0.4000,40,1575,0.4203,-1.1669,-47.6282,0.3037,-0.1597,1.0000,-0.0661,0.1783,5.0988,0.1860,3.8788,9
eurusd+audusd+usdjpy,day_open,0-9,0.6000,25,585,0.3487,-3.5634,-47.4497,0.2624,-0.4573,1.0000,-0.1133,0.1754,1.8938,0.1179,11.6000,9
eurusd+audusd+usdjpy,day_open,0-9,0.6000,30,585,0.3880,-2.2000,-47.2120,0.2624,-0.2491,1.0000,-0.0804,0.1797,1.8938,0.1316,11.6000,9
eurusd+audusd+usdjpy,day_open,0-9,0.6000,40,585,0.4188,-3.7980,-46.9554,0.2624,-0.1976,1.0000,-0.1073,0.1841,1.8938,0.1590,11.6000,9
eurusd+audusd+usdjpy,day_open,1-7,0.1500,25,4535,0.3689,-1.0598,-47.8149,0.2511,0.0103,1.0000,-0.0962,0.1779,14.6846,0.1292,1.3913,1
eurusd+audusd+usdjpy,day_open,1-7,0.1500,30,4535,0.3980,-1.1222,-47.8224,0.2511,0.0154,1.0000,-0.0960,0.1774,14.6846,0.1449,1.3913,1
eurusd+audusd+usdjpy,day_open,1-7,0.1500,40,4534,0.4307,-1.4521,-47.6550,0.2511,-0.0689,0.9998,-0.1069,0.1797,14.6846,0.1643,1.3913,1
eurusd+audusd+usdjpy,day_open,1-7,0.2000,25,3431,0.3468,-2.4136,-47.8364,0.3151,-0.0879,1.0000,-0.1142,0.1784,11.1106,0.1247,1.8750,1
eurusd+audusd+usdjpy,day_open,1-7,0.2000,30,3431,0.3757,-2.4228,-47.8518,0.3151,-0.0989,1.0000,-0.1137,0.1775,11.1106,0.1399,1.8750,1
eurusd+audusd+usdjpy,day_open,1-7,0.2000,40,3430,0.4070,-3.1161,-47.8346,0.3151,-0.1696,0.9997,-0.1167,0.1774,11.1106,0.1598,1.8750,1
eurusd+audusd+usdjpy,day_open,1-7,0.3000,25,1926,0.3261,-2.7314,-47.6050,0.2786,-0.1541,1.0000,-0.1150,0.1826,6.2351,0.1220,3.4634,1
eurusd+audusd+usdjpy,day_open,1-7,0.3000,30,1926,0.3629,-2.4151,-47.6342,0.2786,-0.2293,1.0000,-0.1158,0.1813,6.2351,0.1376,3.4634,1
eurusd+audusd+usdjpy,day_open,1-7,0.3000,40,1926,0.3993,-2.8806,-47.6341,0.2786,-0.2170,1.0000,-0.1167,0.1801,6.2351,0.1620,3.4634,1
eurusd+audusd+usdjpy,day_open,1-7,0.4000,25,1071,0.3147,-1.9224,-47.4454,0.2182,-0.1335,1.0000,-0.1047,0.1851,3.4672,0.1251,5.8125,1
eurusd+audusd+usdjpy,day_open,1-7,0.4000,30,1071,0.3539,-1.4551,-47.4977,0.2182,-0.1948,1.0000,-0.0660,0.1833,3.4672,0.1410,5.8125,1
eurusd+audusd+usdjpy,day_open,1-7,0.4000,40,1071,0.4006,-1.3274,-47.7457,0.2182,-0.1823,1.0000,-0.0546,0.1784,3.4672,0.1783,5.8125,1
eurusd+audusd+usdjpy,day_open,1-7,0.6000,25,354,0.2910,-6.6735,-46.5458,0.2529,-0.3288,1.0000,-0.1140,0.1980,1.1460,0.1017,12.3333,5
eurusd+audusd+usdjpy,day_open,1-7,0.6000,30,354,0.3362,-5.1718,-46.4755,0.2529,-0.3238,1.0000,-0.1133,0.1994,1.1460,0.1073,12.3333,5
eurusd+audusd+usdjpy,day_open,1-7,0.6000,40,354,0.3729,-7.3120,-46.5730,0.2529,-0.2891,1.0000,-0.1142,0.1969,1.1460,0.1384,12.3333,5
eurusd+audusd+usdjpy,day_open,19-9,0.1500,25,5277,0.3612,-1.4453,-47.5021,0.1782,0.0686,1.0000,-0.0869,0.1828,17.0835,0.1268,1.2000,22
eurusd+audusd+usdjpy,day_open,19-9,0.1500,30,5277,0.3908,-1.5263,-47.4671,0.1782,0.0650,1.0000,-0.0876,0.1835,17.0835,0.1402,1.2000,22
eurusd+audusd+usdjpy,day_open,19-9,0.1500,40,5276,0.4259,-1.6320,-47.4242,0.1782,0.0677,1.0000,-0.0939,0.1840,17.0835,0.1579,1.2000,22
eurusd+audusd+usdjpy,day_open,19-9,0.2000,25,4287,0.3604,-1.5301,-47.6577,0.2113,-0.0012,1.0000,-0.1143,0.1787,13.8785,0.1204,1.4342,22
eurusd+audusd+usdjpy,day_open,19-9,0.2000,30,4287,0.3877,-1.5690,-47.5474,0.2113,0.0292,1.0000,-0.1123,0.1804,13.8785,0.1330,1.4342,22
eurusd+audusd+usdjpy,day_open,19-9,0.2000,40,4285,0.4175,-2.1111,-47.6007,0.2113,-0.0388,0.9998,-0.1155,0.1799,13.8785,0.1512,1.4342,22
eurusd+audusd+usdjpy,day_open,19-9,0.3000,25,2615,0.3438,-2.2507,-47.8929,0.2205,-0.1070,1.0000,-0.1122,0.1715,8.4689,0.1289,2.4225,9
eurusd+audusd+usdjpy,day_open,19-9,0.3000,30,2615,0.3774,-2.0213,-47.7222,0.2205,-0.1094,1.0000,-0.1135,0.1741,8.4689,0.1457,2.4225,9
eurusd+audusd+usdjpy,day_open,19-9,0.3000,40,2614,0.4097,-2.3002,-47.6572,0.2205,-0.1329,0.9996,-0.1151,0.1752,8.4689,0.1683,2.4225,9
eurusd+audusd+usdjpy,day_open,19-9,0.4000,25,1599,0.3490,-0.8786,-47.7140,0.3130,-0.0385,1.0000,-0.0510,0.1769,5.1765,0.1363,3.9091,9
eurusd+audusd+usdjpy,day_open,19-9,0.4000,30,1599,0.3834,-0.7447,-47.6293,0.3130,-0.0785,1.0000,-0.0404,0.1780,5.1765,0.1520,3.9091,9
eurusd+audusd+usdjpy,day_open,19-9,0.4000,40,1599,0.4196,-0.7355,-47.5193,0.3130,-0.0962,1.0000,-0.0369,0.1800,5.1765,0.1770,3.9091,9
eurusd+audusd+usdjpy,day_open,19-9,0.6000,25,585,0.3419,-4.4131,-47.4029,0.2624,-0.4139,1.0000,-0.1139,0.1763,1.8938,0.1179,11.6000,9
eurusd+audusd+usdjpy,day_open,19-9,0.6000,30,585,0.3812,-3.0950,-47.1073,0.2624,-0.2687,1.0000,-0.1058,0.1814,1.8938,0.1316,11.6000,9
eurusd+audusd+usdjpy,day_open,19-9,0.6000,40,585,0.4120,-4.6286,-46.9597,0.2624,-0.2186,1.0000,-0.1132,0.1841,1.8938,0.1590,11.6000,9
eurusd+audusd+usdjpy,prev_close,0-9,0.1500,25,5225,0.3805,-0.5079,-47.4514,0.2306,0.2393,1.0000,-0.0538,0.1853,16.9184,0.1296,1.2222,0
eurusd+audusd+usdjpy,prev_close,0-9,0.1500,30,5225,0.4088,-0.7477,-47.4164,0.2306,0.2034,1.0000,-0.0643,0.1854,16.9184,0.1468,1.2222,0
eurusd+audusd+usdjpy,prev_close,0-9,0.1500,40,5224,0.4403,-0.8978,-47.2933,0.2306,0.1141,0.9998,-0.0779,0.1870,16.9184,0.1633,1.2222,0
eurusd+audusd+usdjpy,prev_close,0-9,0.2000,25,4190,0.3613,-1.8999,-47.6248,0.2156,0.1202,1.0000,-0.1145,0.1805,13.5677,0.1253,1.4267,0
eurusd+audusd+usdjpy,prev_close,0-9,0.2000,30,4190,0.3897,-2.0451,-47.4734,0.2156,0.1121,1.0000,-0.1154,0.1826,13.5677,0.1411,1.4267,0
eurusd+audusd+usdjpy,prev_close,0-9,0.2000,40,4189,0.4197,-2.4614,-47.4505,0.2156,0.0010,0.9998,-0.1193,0.1830,13.5677,0.1583,1.4267,0
eurusd+audusd+usdjpy,prev_close,0-9,0.3000,25,2679,0.3483,-2.6413,-47.4167,0.1766,-0.1957,1.0000,-0.1162,0.1809,8.6728,0.1310,2.3750,0
eurusd+audusd+usdjpy,prev_close,0-9,0.3000,30,2678,0.3816,-2.5878,-47.3760,0.1766,-0.2335,1.0000,-0.1161,0.1814,8.6728,0.1468,2.3750,0
eurusd+audusd+usdjpy,prev_close,0-9,0.3000,40,2676,0.4122,-2.9412,-47.3059,0.1766,-0.2318,1.0000,-0.1146,0.1828,8.6631,0.1678,2.3750,0
eurusd+audusd+usdjpy,prev_close,0-9,0.4000,25,1656,0.3418,-1.6850,-47.0830,0.2502,-0.3323,1.0000,-0.1128,0.1917,5.3610,0.1395,3.6765,9
eurusd+audusd+usdjpy,prev_close,0-9,0.4000,30,1656,0.3768,-1.6571,-46.9751,0.2502,-0.3623,1.0000,-0.1112,0.1937,5.3610,0.1582,3.6765,9
eurusd+audusd+usdjpy,prev_close,0-9,0.4000,40,1656,0.4143,-1.6603,-46.9921,0.2502,-0.3054,1.0000,-0.1031,0.1929,5.3610,0.1872,3.6765,9
eurusd+audusd+usdjpy,prev_close,0-9,0.6000,25,645,0.3473,-2.9736,-45.8944,0.2260,-0.5398,1.0000,-0.1131,0.2102,2.0881,0.1194,15.0000,9
eurusd+audusd+usdjpy,prev_close,0-9,0.6000,30,645,0.3876,-1.8141,-45.7521,0.2260,-0.3972,1.0000,-0.0802,0.2133,2.0881,0.1318,15.0000,9
eurusd+audusd+usdjpy,prev_close,0-9,0.6000,40,645,0.4248,-3.0227,-46.0251,0.2260,-0.2933,1.0000,-0.0989,0.2081,2.0881,0.1581,15.0000,9
eurusd+audusd+usdjpy,prev_close,1-7,0.1500,25,4580,0.3742,-0.5919,-47.6351,0.2535,0.0762,1.0000,-0.0753,0.1812,14.8303,0.1262,1.4074,1
eurusd+audusd+usdjpy,prev_close,1-7,0.1500,30,4580,0.4033,-0.7741,-47.6797,0.2535,0.0483,1.0000,-0.0810,0.1800,14.8303,0.1421,1.4074,1
eurusd+audusd+usdjpy,prev_close,1-7,0.1500,40,4579,0.4366,-0.9458,-47.4559,0.2535,0.0147,0.9998,-0.0955,0.1832,14.8303,0.1618,1.4074,1
eurusd+audusd+usdjpy,prev_close,1-7,0.2000,25,3425,0.3466,-2.3396,-47.5235,0.2866,-0.0941,1.0000,-0.1182,0.1852,11.0911,0.1194,1.8571,1
eurusd+audusd+usdjpy,prev_close,1-7,0.2000,30,3425,0.3749,-2.3661,-47.5619,0.2866,-0.0972,1.0000,-0.1172,0.1839,11.0911,0.1352,1.8571,1
eurusd+audusd+usdjpy,prev_close,1-7,0.2000,40,3424,0.4092,-2.8528,-47.5412,0.2866,-0.1655,0.9997,-0.1188,0.1837,11.0911,0.1554,1.8571,1
eurusd+audusd+usdjpy,prev_close,1-7,0.3000,25,2016,0.3313,-2.8105,-46.9141,0.2410,-0.1896,1.0000,-0.1154,0.1953,6.5265,0.1205,3.5366,1
eurusd+audusd+usdjpy,prev_close,1-7,0.3000,30,2016,0.3686,-2.5139,-46.9969,0.2410,-0.2504,1.0000,-0.1157,0.1930,6.5265,0.1344,3.5366,1
eurusd+audusd+usdjpy,prev_close,1-7,0.3000,40,2016,0.4038,-2.9996,-47.0203,0.2410,-0.2427,1.0000,-0.1155,0.1917,6.5265,0.1587,3.5366,1
eurusd+audusd+usdjpy,prev_close,1-7,0.4000,25,1143,0.3237,-1.3644,-46.7876,0.1857,-0.2776,1.0000,-0.0736,0.2015,3.7003,0.1269,5.2941,1
eurusd+audusd+usdjpy,prev_close,1-7,0.4000,30,1143,0.3613,-0.8379,-46.9372,0.1857,-0.3275,1.0000,-0.0527,0.1977,3.7003,0.1444,5.2941,1
eurusd+audusd+usdjpy,prev_close,1-7,0.4000,40,1143,0.4086,-0.7657,-47.0078,0.1857,-0.2933,1.0000,-0.0409,0.1953,3.7003,0.1820,5.2941,1
eurusd+audusd+usdjpy,prev_close,1-7,0.6000,25,405,0.2963,-5.8918,-45.5317,0.2523,-0.4787,1.0000,-0.1140,0.2261,1.3111,0.1086,19.0000,1
eurusd+audusd+usdjpy,prev_close,1-7,0.6000,30,405,0.3407,-4.3952,-45.4970,0.2523,-0.4991,1.0000,-0.1132,0.2261,1.3111,0.1136,19.0000,1
eurusd+audusd+usdjpy,prev_close,1-7,0.6000,40,405,0.3975,-5.3491,-46.0082,0.2523,-0.3937,1.0000,-0.1138,0.2153,1.3111,0.1457,19.0000,1
eurusd+audusd+usdjpy,prev_close,19-9,0.1500,25,5340,0.3687,-0.7967,-47.3888,0.2125,0.0729,1.0000,-0.0642,0.1856,17.2874,0.1221,1.2030,22
eurusd+audusd+usdjpy,prev_close,19-9,0.1500,30,5340,0.3981,-0.9414,-47.3679,0.2125,0.0622,1.0000,-0.0680,0.1859,17.2874,0.1354,1.2030,22
eurusd+audusd+usdjpy,prev_close,19-9,0.1500,40,5339,0.4330,-0.9299,-47.2449,0.2125,0.0493,1.0000,-0.0708,0.1877,17.2874,0.1538,1.2030,22
eurusd+audusd+usdjpy,prev_close,19-9,0.2000,25,4305,0.3600,-1.3638,-47.5529,0.1914,-0.0143,1.0000,-0.1100,0.1814,13.9368,0.1152,1.4342,22
eurusd+audusd+usdjpy,prev_close,19-9,0.2000,30,4305,0.3891,-1.2588,-47.4420,0.1914,0.0416,1.0000,-0.1079,0.1831,13.9368,0.1289,1.4342,22
eurusd+audusd+usdjpy,prev_close,19-9,0.2000,40,4303,0.4206,-1.6913,-47.3982,0.1914,-0.0180,0.9998,-0.1146,0.1841,13.9368,0.1469,1.4342,22
eurusd+audusd+usdjpy,prev_close,19-9,0.3000,25,2741,0.3491,-1.8400,-47.2103,0.1986,-0.0743,1.0000,-0.1118,0.1854,8.8671,0.1255,2.4306,9
eurusd+audusd+usdjpy,prev_close,19-9,0.3000,30,2741,0.3823,-1.6452,-47.1753,0.1986,-0.1026,1.0000,-0.1121,0.1856,8.8671,0.1405,2.4306,9
eurusd+audusd+usdjpy,prev_close,19-9,0.3000,40,2740,0.4128,-2.1093,-47.0953,0.1986,-0.1207,0.9996,-0.1122,0.1871,8.8671,0.1617,2.4306,9
eurusd+audusd+usdjpy,prev_close,19-9,0.4000,25,1704,0.3462,-0.7090,-46.8946,0.2747,-0.1067,1.0000,-0.0457,0.1957,5.5164,0.1326,3.7941,9
eurusd+audusd+usdjpy,prev_close,19-9,0.4000,30,1704,0.3785,-0.7103,-46.7333,0.2747,-0.1357,1.0000,-0.0443,0.1985,5.5164,0.1496,3.7941,9
eurusd+audusd+usdjpy,prev_close,19-9,0.4000,40,1704,0.4114,-0.9497,-46.6804,0.2747,-0.1293,1.0000,-0.0576,0.1992,5.5164,0.1755,3.7941,9
eurusd+audusd+usdjpy,prev_close,19-9,0.6000,25,654,0.3318,-4.1220,-45.3743,0.2082,-0.1989,1.0000,-0.1141,0.2234,2.1075,0.1116,15.2500,9
eurusd+audusd+usdjpy,prev_close,19-9,0.6000,30,654,0.3716,-2.9456,-45.2003,0.2082,-0.0932,1.0000,-0.1120,0.2272,2.1075,0.1239,15.2500,9
eurusd+audusd+usdjpy,prev_close,19-9,0.6000,40,654,0.4098,-3.9715,-45.5141,0.2082,-0.0630,1.0000,-0.1131,0.2205,2.1075,0.1498,15.2500,9
eurusd+gbpusd+audusd,day_open,0-9,0.1500,25,5549,0.3438,-2.0548,-47.5584,0.2349,0.0980,1.0000,-0.1055,0.1837,17.9673,0.1148,1.1000,0
eurusd+gbpusd+audusd,day_open,0-9,0.1500,30,5548,0.3755,-2.1011,-47.5957,0.2349,-0.0031,0.9998,-0.1035,0.1831,17.9673,0.1319,1.1000,0
eurusd+gbpusd+audusd,day_open,0-9,0.1500,40,5547,0.4134,-2.3106,-47.5293,0.2349,-0.1290,1.0000,-0.1056,0.1840,17.9575,0.1534,1.1000,0
eurusd+gbpusd+audusd,day_open,0-9,0.2000,25,4697,0.3511,-1.9075,-47.4091,0.2266,-0.1330,1.0000,-0.1005,0.1858,15.2090,0.1184,1.2692,0
eurusd+gbpusd+audusd,day_open,0-9,0.2000,30,4696,0.3790,-2.0821,-47.4217,0.2266,-0.2749,0.9998,-0.1010,0.1858,15.2090,0.1331,1.2692,0
eurusd+gbpusd+audusd,day_open,0-9,0.2000,40,4695,0.4164,-2.2684,-47.4067,0.2266,-0.4404,1.0000,-0.1033,0.1861,15.1993,0.1551,1.2692,0
eurusd+gbpusd+audusd,day_open,0-9,0.3000,25,3127,0.3451,-2.2072,-47.5776,0.2739,-0.1274,0.9997,-0.1024,0.1812,10.1296,0.1135,1.7685,0
eurusd+gbpusd+audusd,day_open,0-9,0.3000,30,3127,0.3818,-1.9304,-47.5547,0.2739,-0.2146,0.9997,-0.0987,0.1819,10.1296,0.1276,1.7685,0
eurusd+gbpusd+audusd,day_open,0-9,0.3000,40,3126,0.4152,-2.3916,-47.6563,0.2739,-0.3132,1.0000,-0.1010,0.1799,10.1199,0.1488,1.7685,0
eurusd+gbpusd+audusd,day_open,0-9,0.4000,25,1917,0.3453,-2.5041,-47.4079,0.3412,-0.3872,1.0000,-0.1009,0.1809,6.2060,0.1132,2.5556,9
eurusd+gbpusd+audusd,day_open,0-9,0.4000,30,1917,0.3865,-2.0605,-47.2787,0.3412,-0.3307,1.0000,-0.0990,0.1835,6.2060,0.1273,2.5556,9
eurusd+gbpusd+audusd,day_open,0-9,0.4000,40,1917,0.4267,-2.4023,-47.3244,0.3412,-0.3250,1.0000,-0.0973,0.1829,6.2060,0.1513,2.5556,9
eurusd+gbpusd+audusd,day_open,0-9,0.6000,25,723,0.3458,-4.2727,-46.5795,0.0918,-0.4423,1.0000,-0.1040,0.1972,2.3406,0.1079,5.0667,9
eurusd+gbpusd+audusd,day_open,0-9,0.6000,30,723,0.3970,-2.5920,-46.3620,0.0918,-0.4378,1.0000,-0.0818,0.2014,2.3406,0.1272,5.0667,9
eurusd+gbpusd+audusd,day_open,0-9,0.6000,40,723,0.4398,-2.9106,-46.5053,0.0918,-0.4244,1.0000,-0.0808,0.1993,2.3406,0.1508,5.0667,9
eurusd+gbpusd+audusd,day_open,1-7,0.1500,25,5001,0.3445,-1.9943,-47.4539,0.2656,-0.0148,1.0000,-0.1008,0.1862,16.1900,0.1070,1.1939,1
eurusd+gbpusd+audusd,day_open,1-7,0.1500,30,5001,0.3769,-2.0122,-47.5222,0.2656,-0.0750,1.0000,-0.0985,0.1846,16.1900,0.1252,1.1939,1
eurusd+gbpusd+audusd,day_open,1-7,0.1500,40,5001,0.4129,-2.4401,-47.4233,0.2656,-0.2266,1.0000,-0.1025,0.1858,16.1900,0.1446,1.1939,1
eurusd+gbpusd+audusd,day_open,1-7,0.2000,25,3954,0.3455,-1.7941,-47.3373,0.2643,0.0120,1.0000,-0.0962,0.1906,12.8005,0.1118,1.4267,1
eurusd+gbpusd+audusd,day_open,1-7,0.2000,30,3954,0.3771,-1.7952,-47.4620,0.2643,0.0190,1.0000,-0.0955,0.1878,12.8005,0.1270,1.4267,1
eurusd+gbpusd+audusd,day_open,1-7,0.2000,40,3954,0.4153,-2.0950,-47.4568,0.2643,-0.2363,1.0000,-0.0996,0.1878,12.8005,0.1477,1.4267,1
eurusd+gbpusd+audusd,day_open,1-7,0.3000,25,2358,0.3342,-2.2173,-47.4141,0.2981,-0.1284,1.0000,-0.1103,0.1904,7.6337,0.1043,2.0385,1
eurusd+gbpusd+audusd,day_open,1-7,0.3000,30,2358,0.3728,-1.9371,-47.5145,0.2981,-0.1592,1.0000,-0.1101,0.1874,7.6337,0.1179,2.0385,1
eurusd+gbpusd+audusd,day_open,1-7,0.3000,40,2358,0.4092,-2.3904,-47.7588,0.2981,-0.2554,1.0000,-0.1118,0.1821,7.6337,0.1412,2.0385,1
eurusd+gbpusd+audusd,day_open,1-7,0.4000,25,1350,0.3319,-2.8327,-46.8973,0.3037,-0.5145,1.0000,-0.1111,0.1981,4.3704,0.1081,3.5484,1
eurusd+gbpusd+audusd,day_open,1-7,0.4000,30,1350,0.3763,-2.3397,-46.9511,0.3037,-0.4856,1.0000,-0.1113,0.1963,4.3704,0.1252,3.5484,1
eurusd+gbpusd+audusd,day_open,1-7,0.4000,40,1350,0.4178,-2.8266,-47.2055,0.3037,-0.5141,1.0000,-0.1152,0.1904,4.3704,0.1511,3.5484,1
eurusd+gbpusd+audusd,day_open,1-7,0.6000,25,462,0.3030,-4.2047,-46.5240,0.1746,-0.3686,1.0000,-0.0947,0.2048,1.4957,0.0909,5.6667,4
eurusd+gbpusd+audusd,day_open,1-7,0.6000,30,462,0.3528,-3.1469,-46.5082,0.1746,-0.3436,1.0000,-0.0746,0.2048,1.4957,0.1061,5.6667,4
eurusd+gbpusd+audusd,day_open,1-7,0.6000,40,462,0.4069,-2.9628,-46.6937,0.1746,-0.2957,1.0000,-0.0568,0.2026,1.4957,0.1385,5.6667,4
eurusd+gbpusd+audusd,day_open,19-9,0.1500,25,5636,0.3355,-2.0222,-47.4921,0.2568,-0.0656,1.0000,-0.1043,0.1853,18.2489,0.1031,1.0752,22
eurusd+gbpusd+audusd,day_open,19-9,0.1500,30,5635,0.3686,-2.0410,-47.4720,0.2568,-0.1204,0.9998,-0.1049,0.1853,18.2489,0.1205,1.0752,22
eurusd+gbpusd+audusd,day_open,19-9,0.1500,40,5634,0.4084,-2.1011,-47.4801,0.2568,-0.1966,1.0000,-0.1046,0.1853,18.2392,0.1415,1.0752,22
eurusd+gbpusd+audusd,day_open,19-9,0.2000,25,4787,0.3445,-1.9906,-47.4090,0.2383,-0.1487,1.0000,-0.1093,0.1855,15.5004,0.1116,1.2406,4
eurusd+gbpusd+audusd,day_open,19-9,0.2000,30,4786,0.3738,-2.1437,-47.3346,0.2383,-0.1544,0.9998,-0.1092,0.1866,15.5004,0.1256,1.2406,4
eurusd+gbpusd+audusd,day_open,19-9,0.2000,40,4785,0.4144,-2.1497,-47.4083,0.2383,-0.2761,1.0000,-0.1088,0.1859,15.4907,0.1465,1.2406,4
eurusd+gbpusd+audusd,day_open,19-9,0.3000,25,3172,0.3490,-1.5033,-47.5549,0.2736,0.0248,0.9997,-0.0945,0.1821,10.2753,0.1091,1.7727,9
eurusd+gbpusd+audusd,day_open,19-9,0.3000,30,3172,0.3843,-1.4681,-47.5359,0.2736,-0.0419,0.9997,-0.0921,0.1826,10.2753,0.1217,1.7727,9
eurusd+gbpusd+audusd,day_open,19-9,0.3000,40,3171,0.4169,-1.8567,-47.6152,0.2736,-0.1470,1.0000,-0.0947,0.1811,10.2656,0.1388,1.7727,9
eurusd+gbpusd+audusd,day_open,19-9,0.4000,25,1959,0.3538,-1.2777,-47.2590,0.3444,-0.3891,1.0000,-0.0917,0.1844,6.3420,0.1097,2.5926,9
eurusd+gbpusd+audusd,day_open,19-9,0.4000,30,1959,0.3936,-1.0686,-47.1557,0.3444,-0.3541,1.0000,-0.0793,0.1868,6.3420,0.1235,2.5926,9
eurusd+gbpusd+audusd,day_open,19-9,0.4000,40,1959,0.4319,-1.4103,-47.1586,0.3444,-0.3992,1.0000,-0.0886,0.1869,6.3420,0.1455,2.5926,9
eurusd+gbpusd+audusd,day_open,19-9,0.6000,25,729,0.3471,-4.0882,-46.6311,0.0912,-0.3992,1.0000,-0.1005,0.1970,2.3600,0.1056,5.1333,9
eurusd+gbpusd+audusd,day_open,19-9,0.6000,30,729,0.3937,-3.2376,-46.3829,0.0912,-0.3872,1.0000,-0.0836,0.2018,2.3600,0.1248,5.1333,9
eurusd+gbpusd+audusd,day_open,19-9,0.6000,40,729,0.4390,-2.6207,-46.4927,0.0912,-0.3749,1.0000,-0.0700,0.2004,2.3600,0.1481,5.1333,9
eurusd+gbpusd+audusd,prev_close,0-9,0.1500,25,5615,0.3464,-1.9958,-47.1897,0.2598,0.0746,1.0000,-0.1026,0.1902,18.1809,0.1143,1.0868,0
eurusd+gbpusd+audusd,prev_close,0-9,0.1500,30,5614,0.3771,-2.0661,-47.2810,0.2598,-0.0045,0.9998,-0.1036,0.1888,18.1809,0.1325,1.0868,0
eurusd+gbpusd+audusd,prev_close,0-9,0.1500,40,5613,0.4180,-2.1887,-47.2916,0.2598,-0.1481,1.0000,-0.1058,0.1883,18.1712,0.1532,1.0868,0
eurusd+gbpusd+audusd,prev_close,0-9,0.2000,25,4826,0.3545,-1.7077,-47.2172,0.2199,-0.0745,1.0000,-0.1047,0.1900,15.6267,0.1138,1.2568,0
eurusd+gbpusd+audusd,prev_close,0-9,0.2000,30,4825,0.3813,-1.9067,-47.2267,0.2199,-0.1769,0.9998,-0.1049,0.1900,15.6267,0.1291,1.2568,0
eurusd+gbpusd+audusd,prev_close,0-9,0.2000,40,4824,0.4183,-2.2495,-47.2056,0.2199,-0.3529,1.0000,-0.1086,0.1905,15.6169,0.1495,1.2568,0
eurusd+gbpusd+audusd,prev_close,0-9,0.3000,25,3220,0.3568,-1.2690,-47.3741,0.2084,-0.1535,0.9997,-0.0891,0.1859,10.4307,0.1149,1.7778,0
eurusd+gbpusd+audusd,prev_close,0-9,0.3000,30,3220,0.3894,-1.2164,-47.2681,0.2084,-0.2255,0.9997,-0.0871,0.1882,10.4307,0.1289,1.7778,0
eurusd+gbpusd+audusd,prev_close,0-9,0.3000,40,3219,0.4250,-1.5916,-47.4068,0.2084,-0.3306,1.0000,-0.0896,0.1853,10.4210,0.1476,1.7778,0
eurusd+gbpusd+audusd,prev_close,0-9,0.4000,25,2019,0.3571,-1.4759,-46.8949,0.2936,-0.3891,1.0000,-0.0956,0.1945,6.5362,0.1109,2.5818,9
eurusd+gbpusd+audusd,prev_close,0-9,0.4000,30,2019,0.3982,-0.9418,-46.7852,0.2936,-0.3521,1.0000,-0.0751,0.1976,6.5362,0.1243,2.5818,9
eurusd+gbpusd+audusd,prev_close,0-9,0.4000,40,2019,0.4403,-1.0137,-46.9365,0.2936,-0.3135,1.0000,-0.0732,0.1947,6.5362,0.1471,2.5818,9
eurusd+gbpusd+audusd,prev_close,0-9,0.6000,25,798,0.3609,-1.4291,-46.3049,0.0866,-0.4229,1.0000,-0.0533,0.2063,2.5834,0.1015,5.0667,9
eurusd+gbpusd+audusd,prev_close,0-9,0.6000,30,798,0.4110,0.3334,-46.2124,0.0866,-0.4460,1.0000,0.0195,0.2088,2.5834,0.1216,5.0667,9
eurusd+gbpusd+audusd,prev_close,0-9,0.6000,40,798,0.4524,-0.1131,-46.6148,0.0866,-0.4183,1.0000,-0.0056,0.2019,2.5834,0.1479,5.0667,9
eurusd+gbpusd+audusd,prev_close,1-7,0.1500,25,5076,0.3465,-1.8782,-47.0946,0.2992,0.0017,1.0000,-0.1022,0.1930,16.4328,0.1091,1.1959,1
eurusd+gbpusd+audusd,prev_close,1-7,0.1500,30,5076,0.3779,-1.9127,-47.2209,0.2992,-0.0531,1.0000,-0.1033,0.1904,16.4328,0.1277,1.1959,1
eurusd+gbpusd+audusd,prev_close,1-7,0.1500,40,5076,0.4169,-2.1767,-47.1941,0.2992,-0.2281,1.0000,-0.1061,0.1903,16.4328,0.1470,1.1959,1
eurusd+gbpusd+audusd,prev_close,1-7,0.2000,25,4083,0.3497,-1.7540,-47.0336,0.2622,0.0725,1.0000,-0.1031,0.1973,13.2181,0.1092,1.4362,1
eurusd+gbpusd+audusd,prev_close,1-7,0.2000,30,4083,0.3801,-1.8436,-47.1559,0.2622,0.0752,1.0000,-0.1025,0.1943,13.2181,0.1249,1.4362,1
eurusd+gbpusd+audusd,prev_close,1-7,0.2000,40,4083,0.4200,-2.1160,-47.1831,0.2622,-0.1253,1.0000,-0.1067,0.1936,13.2181,0.1452,1.4362,1
eurusd+gbpusd+audusd,prev_close,1-7,0.3000,25,2457,0.3521,-0.7391,-47.0871,0.2645,-0.1610,1.0000,-0.0769,0.1997,7.9542,0.1054,2.1200,1
eurusd+gbpusd+audusd,prev_close,1-7,0.3000,30,2457,0.3899,-0.4650,-47.1823,0.2645,-0.1707,1.0000,-0.0431,0.1969,7.9542,0.1197,2.1200,1
eurusd+gbpusd+audusd,prev_close,1-7,0.3000,40,2457,0.4286,-0.7514,-47.4203,0.2645,-0.2827,1.0000,-0.0672,0.1912,7.9542,0.1400,2.1200,1
eurusd+gbpusd+audusd,prev_close,1-7,0.4000,25,1455,0.3436,-1.9612,-46.4014,0.2266,-0.4712,1.0000,-0.1076,0.2147,4.7103,0.1038,3.2941,1
eurusd+gbpusd+audusd,prev_close,1-7,0.4000,30,1455,0.3890,-1.2024,-46.5243,0.2266,-0.4484,1.0000,-0.0672,0.2117,4.7103,0.1203,3.2941,1
eurusd+gbpusd+audusd,prev_close,1-7,0.4000,40,1455,0.4323,-1.3216,-46.8862,0.2266,-0.4515,1.0000,-0.0691,0.2032,4.7103,0.1450,3.2941,1
eurusd+gbpusd+audusd,prev_close,1-7,0.6000,25,519,0.3276,-0.4980,-46.0807,0.1765,-0.3764,1.0000,-0.0175,0.2238,1.6802,0.0886,7.2857,1
eurusd+gbpusd+audusd,prev_close,1-7,0.6000,30,519,0.3776,1.0148,-46.2576,0.1765,-0.3811,1.0000,0.0373,0.2199,1.6802,0.1021,7.2857,1
eurusd+gbpusd+audusd,prev_close,1-7,0.6000,40,519,0.4297,0.8280,-46.4611,0.1765,-0.3153,1.0000,0.0229,0.2170,1.6802,0.1349,7.2857,1
eurusd+gbpusd+audusd,prev_close,19-9,0.1500,25,5693,0.3353,-2.0778,-47.1707,0.2943,-0.1419,1.0000,-0.1030,0.1909,18.4334,0.1008,1.0714,22
eurusd+gbpusd+audusd,prev_close,19-9,0.1500,30,5692,0.3675,-2.1813,-47.2446,0.2943,-0.1520,0.9998,-0.1036,0.1892,18.4334,0.1177,1.0714,22
eurusd+gbpusd+audusd,prev_close,19-9,0.1500,40,5691,0.4098,-2.2277,-47.2553,0.2943,-0.2048,1.0000,-0.1049,0.1891,18.4237,0.1404,1.0714,22
eurusd+gbpusd+audusd,prev_close,19-9,0.2000,25,4904,0.3481,-1.4670,-47.1843,0.2682,0.0043,1.0000,-0.1030,0.1904,15.8792,0.1069,1.2353,4
eurusd+gbpusd+audusd,prev_close,19-9,0.2000,30,4903,0.3775,-1.5937,-47.1935,0.2682,0.0203,0.9998,-0.1057,0.1900,15.8792,0.1216,1.2353,4
eurusd+gbpusd+audusd,prev_close,19-9,0.2000,40,4902,0.4186,-1.7239,-47.1595,0.2682,-0.0977,1.0000,-0.1083,0.1910,15.8695,0.1412,1.2353,4
eurusd+gbpusd+audusd,prev_close,19-9,0.3000,25,3289,0.3597,-0.4824,-47.2081,0.2302,-0.0314,0.9997,-0.0421,0.1896,10.6444,0.1079,1.7818,9
eurusd+gbpusd+audusd,prev_close,19-9,0.3000,30,3289,0.3925,-0.6464,-47.1433,0.2302,-0.0752,0.9997,-0.0512,0.1910,10.6444,0.1210,1.7818,9
eurusd+gbpusd+audusd,prev_close,19-9,0.3000,40,3288,0.4276,-0.8338,-47.2798,0.2302,-0.1761,1.0000,-0.0612,0.1883,10.6347,0.1353,1.7818,9
eurusd+gbpusd+audusd,prev_close,19-9,0.4000,25,2058,0.3581,-0.9943,-46.7061,0.3008,-0.2651,1.0000,-0.0685,0.1986,6.6625,0.1035,2.6000,9
eurusd+gbpusd+audusd,prev_close,19-9,0.4000,30,2058,0.3970,-0.7727,-46.6029,0.3008,-0.2196,1.0000,-0.0546,0.2016,6.6625,0.1161,2.6000,9
eurusd+gbpusd+audusd,prev_close,19-9,0.4000,40,2058,0.4383,-0.7371,-46.7737,0.3008,-0.2484,1.0000,-0.0599,0.1985,6.6625,0.1375,2.6000,9
eurusd+gbpusd+audusd,prev_close,19-9,0.6000,25,807,0.3507,-2.9135,-46.0901,0.0831,-0.3239,1.0000,-0.0924,0.2102,2.6125,0.1004,5.0667,9
eurusd+gbpusd+audusd,prev_close,19-9,0.6000,30,807,0.3953,-1.9493,-45.9935,0.0831,-0.3161,1.0000,-0.0692,0.2127,2.6125,0.1202,5.0667,9
eurusd+gbpusd+audusd,prev_close,19-9,0.6000,40,807,0.4461,-1.0988,-46.4364,0.0831,-0.3375,1.0000,-0.0482,0.2052,2.6125,0.1462,5.0667,9
eurusd+gbpusd+nzdusd,day_open,0-9,0.1500,25,5558,0.3454,-2.8013,-47.2577,0.2278,0.0986,1.0000,-0.1150,0.1894,17.9964,0.1105,1.1302,0
eurusd+gbpusd+nzdusd,day_open,0-9,0.1500,30,5558,0.3732,-3.0880,-47.2822,0.2278,-0.0417,1.0000,-0.1154,0.1888,17.9964,0.1250,1.1302,0
eurusd+gbpusd+nzdusd,day_open,0-9,0.1500,40,5558,0.4106,-3.3448,-47.2774,0.2278,-0.2171,1.0000,-0.1153,0.1890,17.9964,0.1434,1.1302,0
eurusd+gbpusd+nzdusd,day_open,0-9,0.2000,25,4777,0.3488,-2.9663,-47.4498,0.2873,-0.2102,0.9998,-0.1106,0.1862,15.4713,0.1191,1.2722,0
eurusd+gbpusd+nzdusd,day_open,0-9,0.2000,30,4777,0.3774,-3.1810,-47.4790,0.2873,-0.3256,0.9998,-0.1127,0.1857,15.4713,0.1342,1.2722,0
eurusd+gbpusd+nzdusd,day_open,0-9,0.2000,40,4776,0.4110,-3.5717,-47.5266,0.2873,-0.4436,1.0000,-0.1134,0.1845,15.4616,0.1537,1.2722,0
eurusd+gbpusd+nzdusd,day_open,0-9,0.3000,25,3184,0.3455,-2.8607,-47.5739,0.2503,-0.3398,0.9997,-0.1152,0.1814,10.3142,0.1168,1.6814,0
eurusd+gbpusd+nzdusd,day_open,0-9,0.3000,30,3184,0.3819,-2.5482,-47.5037,0.2503,-0.3950,0.9997,-0.1128,0.1827,10.3142,0.1338,1.6814,0
eurusd+gbpusd+nzdusd,day_open,0-9,0.3000,40,3183,0.4160,-2.9905,-47.4882,0.2503,-0.4100,1.0000,-0.1134,0.1822,10.3045,0.1574,1.6814,0
eurusd+gbpusd+nzdusd,day_open,0-9,0.4000,25,2061,0.3309,-4.1085,-47.8175,0.2897,-0.2446,1.0000,-0.1108,0.1781,6.6722,0.1097,2.3750,9
eurusd+gbpusd+nzdusd,day_open,0-9,0.4000,30,2061,0.3629,-3.9652,-47.7253,0.2897,-0.2374,1.0000,-0.1089,0.1796,6.6722,0.1262,2.3750,9
eurusd+gbpusd+nzdusd,day_open,0-9,0.4000,40,2061,0.4003,-4.1987,-47.8730,0.2897,-0.2719,1.0000,-0.1092,0.1770,6.6722,0.1499,2.3750,9
eurusd+gbpusd+nzdusd,day_open,0-9,0.6000,25,723,0.3333,-4.9643,-46.5202,0.2702,-0.5280,1.0000,-0.1118,0.1974,2.3406,0.1162,3.7368,9
eurusd+gbpusd+nzdusd,day_open,0-9,0.6000,30,723,0.3776,-3.8690,-46.7052,0.2702,-0.5769,1.0000,-0.1095,0.1947,2.3406,0.1425,3.7368,9
eurusd+gbpusd+nzdusd,day_open,0-9,0.6000,40,723,0.4122,-4.8523,-46.8159,0.2702,-0.5288,1.0000,-0.1041,0.1928,2.3406,0.1715,3.7368,9
eurusd+gbpusd+nzdusd,day_open,1-7,0.1500,25,5042,0.3376,-3.2702,-47.1931,0.2676,-0.0511,1.0000,-0.1134,0.1912,16.3259,0.1055,1.2396,1
eurusd+gbpusd+nzdusd,day_open,1-7,0.1500,30,5042,0.3677,-3.4512,-47.2856,0.2676,-0.1522,1.0000,-0.1138,0.1895,16.3259,0.1214,1.2396,1
eurusd+gbpusd+nzdusd,day_open,1-7,0.1500,40,5042,0.4054,-3.7420,-47.2478,0.2676,-0.3326,1.0000,-0.1135,0.1897,16.3259,0.1376,1.2396,1
eurusd+gbpusd+nzdusd,day_open,1-7,0.2000,25,4071,0.3427,-2.9086,-47.4900,0.3101,-0.0736,1.0000,-0.1055,0.1885,13.1792,0.1108,1.4257,1
eurusd+gbpusd+nzdusd,day_open,1-7,0.2000,30,4071,0.3726,-3.1209,-47.5656,0.3101,-0.1554,1.0000,-0.1077,0.1870,13.1792,0.1258,1.4257,1
eurusd+gbpusd+nzdusd,day_open,1-7,0.2000,40,4071,0.4087,-3.4240,-47.5678,0.3101,-0.3378,1.0000,-0.1081,0.1858,13.1792,0.1459,1.4257,1
eurusd+gbpusd+nzdusd,day_open,1-7,0.3000,25,2415,0.3371,-2.5339,-47.8273,0.2398,-0.3478,1.0000,-0.1147,0.1807,7.8182,0.1072,1.8506,1
eurusd+gbpusd+nzdusd,day_open,1-7,0.3000,30,2415,0.3760,-2.2272,-47.9693,0.2398,-0.3710,1.0000,-0.1102,0.1775,7.8182,0.1246,1.8506,1
eurusd+gbpusd+nzdusd,day_open,1-7,0.3000,40,2415,0.4145,-2.6538,-47.9877,0.2398,-0.4040,1.0000,-0.1089,0.1755,7.8182,0.1487,1.8506,1
eurusd+gbpusd+nzdusd,day_open,1-7,0.4000,25,1446,0.3278,-3.4514,-47.8874,0.2870,-0.1918,1.0000,-0.1082,0.1793,4.6812,0.0989,3.0526,1
eurusd+gbpusd+nzdusd,day_open,1-7,0.4000,30,1446,0.3603,-3.4290,-48.0531,0.2870,-0.1317,1.0000,-0.1062,0.1759,4.6812,0.1162,3.0526,1
eurusd+gbpusd+nzdusd,day_open,1-7,0.4000,40,1446,0.4025,-3.8661,-48.2870,0.2870,-0.2380,1.0000,-0.1069,0.1711,4.6812,0.1432,3.0526,1
eurusd+gbpusd+nzdusd,day_open,1-7,0.6000,25,474,0.2954,-5.9681,-46.0302,0.3795,-0.4596,1.0000,-0.1169,0.2135,1.5345,0.0886,5.4444,4
eurusd+gbpusd+nzdusd,day_open,1-7,0.6000,30,474,0.3439,-5.7378,-46.4206,0.3795,-0.4025,1.0000,-0.1170,0.2063,1.5345,0.1181,5.4444,4
eurusd+gbpusd+nzdusd,day_open,1-7,0.6000,40,474,0.3861,-6.9750,-46.6082,0.3795,-0.3732,1.0000,-0.1152,0.2013,1.5345,0.1582,5.4444,4
eurusd+gbpusd+nzdusd,day_open,19-9,0.1500,25,5657,0.3330,-3.3912,-47.2752,0.2063,0.1329,1.0000,-0.1153,0.1891,18.3169,0.1050,1.0893,22
eurusd+gbpusd+nzdusd,day_open,19-9,0.1500,30,5657,0.3617,-3.8006,-47.2754,0.2063,0.0407,1.0000,-0.1156,0.1892,18.3169,0.1191,1.0893,22
eurusd+gbpusd+nzdusd,day_open,19-9,0.1500,40,5657,0.4018,-4.1118,-47.2274,0.2063,-0.1745,1.0000,-0.1158,0.1905,18.3169,0.1381,1.0893,22
eurusd+gbpusd+nzdusd,day_open,19-9,0.2000,25,4828,0.3432,-3.2108,-47.4534,0.2862,-0.1093,0.9998,-0.1121,0.1860,15.6364,0.1135,1.2818,4
eurusd+gbpusd+nzdusd,day_open,19-9,0.2000,30,4828,0.3714,-3.6064,-47.4601,0.2862,-0.1909,0.9998,-0.1144,0.1859,15.6364,0.1280,1.2818,4
eurusd+gbpusd+nzdusd,day_open,19-9,0.2000,40,4827,0.4075,-3.8977,-47.5302,0.2862,-0.3850,1.0000,-0.1144,0.1850,15.6267,0.1461,1.2818,4
eurusd+gbpusd+nzdusd,day_open,19-9,0.3000,25,3223,0.3435,-3.1233,-47.5598,0.2557,-0.3062,0.9997,-0.1168,0.1823,10.4404,0.1148,1.6903,9
eurusd+gbpusd+nzdusd,day_open,19-9,0.3000,30,3223,0.3767,-3.1482,-47.5233,0.2557,-0.3710,0.9997,-0.1168,0.1832,10.4404,0.1297,1.6903,9
eurusd+gbpusd+nzdusd,day_open,19-9,0.3000,40,3222,0.4137,-3.2179,-47.5247,0.2557,-0.4308,1.0000,-0.1170,0.1826,10.4307,0.1524,1.6903,9
eurusd+gbpusd+nzdusd,day_open,19-9,0.4000,25,2091,0.3362,-3.6058,-47.7520,0.2970,-0.2694,1.0000,-0.1104,0.1796,6.7693,0.1047,2.4062,9
eurusd+gbpusd+nzdusd,day_open,19-9,0.4000,30,2091,0.3673,-3.6297,-47.6788,0.2970,-0.2535,1.0000,-0.1086,0.1810,6.7693,0.1200,2.4062,9
eurusd+gbpusd+nzdusd,day_open,19-9,0.4000,40,2091,0.4041,-3.8743,-47.7913,0.2970,-0.2992,1.0000,-0.1101,0.1790,6.7693,0.1425,2.4062,9
eurusd+gbpusd+nzdusd,day_open,19-9,0.6000,25,723,0.3347,-5.0290,-46.5759,0.2702,-0.5505,1.0000,-0.1118,0.1960,2.3406,0.1134,3.7368,9
eurusd+gbpusd+nzdusd,day_open,19-9,0.6000,30,723,0.3748,-4.6809,-46.6808,0.2702,-0.5369,1.0000,-0.1107,0.1947,2.3406,0.1383,3.7368,9
eurusd+gbpusd+nzdusd,day_open,19-9,0.6000,40,723,0.4094,-5.7368,-46.7465,0.2702,-0.4808,1.0000,-0.1059,0.1942,2.3406,0.1660,3.7368,9
eurusd+gbpusd+nzdusd,prev_close,0-9,0.1500,25,5603,0.3470,-2.5563,-47.1725,0.2517,0.0560,1.0000,-0.1166,0.1911,18.1421,0.1096,1.1209,0
eurusd+gbpusd+nzdusd,prev_close,0-9,0.1500,30,5603,0.3743,-2.9044,-47.2007,0.2517,-0.0497,1.0000,-0.1168,0.1905,18.1421,0.1246,1.1209,0
eurusd+gbpusd+nzdusd,prev_close,0-9,0.1500,40,5603,0.4123,-3.1859,-47.2420,0.2517,-0.1929,1.0000,-0.1171,0.1896,18.1421,0.1439,1.1209,0
eurusd+gbpusd+nzdusd,prev_close,0-9,0.2000,25,4912,0.3520,-2.4387,-47.2155,0.2926,-0.0952,0.9998,-0.1126,0.1918,15.9083,0.1199,1.2514,0
eurusd+gbpusd+nzdusd,prev_close,0-9,0.2000,30,4912,0.3785,-2.7706,-47.1609,0.2926,-0.1971,0.9998,-0.1152,0.1926,15.9083,0.1348,1.2514,0
eurusd+gbpusd+nzdusd,prev_close,0-9,0.2000,40,4911,0.4162,-2.9565,-47.2391,0.2926,-0.3493,1.0000,-0.1167,0.1910,15.8986,0.1552,1.2514,0
eurusd+gbpusd+nzdusd,prev_close,0-9,0.3000,25,3316,0.3562,-2.1318,-47.3412,0.2278,-0.3229,0.9997,-0.1113,0.1871,10.7415,0.1152,1.6754,0
eurusd+gbpusd+nzdusd,prev_close,0-9,0.3000,30,3316,0.3923,-1.8258,-47.2694,0.2278,-0.3806,0.9997,-0.1111,0.1887,10.7415,0.1312,1.6754,0
eurusd+gbpusd+nzdusd,prev_close,0-9,0.3000,40,3315,0.4265,-2.3722,-47.2572,0.2278,-0.3964,1.0000,-0.1135,0.1884,10.7318,0.1520,1.6754,0
eurusd+gbpusd+nzdusd,prev_close,0-9,0.4000,25,2172,0.3481,-3.0739,-47.4470,0.3030,-0.3196,1.0000,-0.1101,0.1847,7.0315,0.1123,2.3077,9
eurusd+gbpusd+nzdusd,prev_close,0-9,0.4000,30,2172,0.3817,-2.8973,-47.1972,0.3030,-0.3180,1.0000,-0.1086,0.1893,7.0315,0.1280,2.3077,9
eurusd+gbpusd+nzdusd,prev_close,0-9,0.4000,40,2172,0.4167,-3.2389,-47.2037,0.3030,-0.3388,1.0000,-0.1104,0.1894,7.0315,0.1506,2.3077,9
eurusd+gbpusd+nzdusd,prev_close,0-9,0.6000,25,792,0.3561,-2.7655,-45.9627,0.2721,-0.4788,1.0000,-0.0883,0.2143,2.5640,0.1098,4.1765,9
eurusd+gbpusd+nzdusd,prev_close,0-9,0.6000,30,792,0.4003,-1.7071,-46.1188,0.2721,-0.4839,1.0000,-0.0783,0.2125,2.5640,0.1313,4.1765,9
eurusd+gbpusd+nzdusd,prev_close,0-9,0.6000,40,792,0.4356,-2.5594,-46.2776,0.2721,-0.4703,1.0000,-0.0856,0.2101,2.5640,0.1629,4.1765,9
eurusd+gbpusd+nzdusd,prev_close,1-7,0.1500,25,5111,0.3404,-3.1053,-47.2500,0.3087,-0.0613,1.0000,-0.1151,0.1907,16.5493,0.1068,1.2526,1
eurusd+gbpusd+nzdusd,prev_close,1-7,0.1500,30,5111,0.3706,-3.3034,-47.3354,0.3087,-0.1474,1.0000,-0.1162,0.1890,16.5493,0.1225,1.2526,1
eurusd+gbpusd+nzdusd,prev_close,1-7,0.1500,40,5111,0.4099,-3.5233,-47.3286,0.3087,-0.3129,1.0000,-0.1163,0.1886,16.5493,0.1403,1.2526,1
eurusd+gbpusd+nzdusd,prev_close,1-7,0.2000,25,4200,0.3500,-2.2355,-47.2090,0.3316,-0.0386,1.0000,-0.1087,0.1952,13.5968,0.1138,1.4315,1
eurusd+gbpusd+nzdusd,prev_close,1-7,0.2000,30,4200,0.3800,-2.3977,-47.2879,0.3316,-0.1007,1.0000,-0.1106,0.1933,13.5968,0.1283,1.4315,1
eurusd+gbpusd+nzdusd,prev_close,1-7,0.2000,40,4200,0.4193,-2.4732,-47.2869,0.3316,-0.2798,1.0000,-0.1117,0.1924,13.5968,0.1493,1.4315,1
eurusd+gbpusd+nzdusd,prev_close,1-7,0.3000,25,2568,0.3528,-1.7393,-47.4442,0.2411,-0.3453,1.0000,-0.1139,0.1902,8.3135,0.1090,1.8736,1
eurusd+gbpusd+nzdusd,prev_close,1-7,0.3000,30,2568,0.3933,-1.3244,-47.6551,0.2411,-0.3627,1.0000,-0.1045,0.1860,8.3135,0.1266,1.8736,1
eurusd+gbpusd+nzdusd,prev_close,1-7,0.3000,40,2568,0.4315,-1.8946,-47.6751,0.2411,-0.3946,1.0000,-0.1075,0.1841,8.3135,0.1488,1.8736,1
eurusd+gbpusd+nzdusd,prev_close,1-7,0.4000,25,1557,0.3475,-2.3392,-47.2340,0.2434,-0.3622,1.0000,-0.1070,0.1922,5.0405,0.1040,2.8500,1
eurusd+gbpusd+nzdusd,prev_close,1-7,0.4000,30,1557,0.3815,-2.2402,-47.3273,0.2434,-0.3306,1.0000,-0.1060,0.1897,5.0405,0.1188,2.8500,1
eurusd+gbpusd+nzdusd,prev_close,1-7,0.4000,40,1557,0.4232,-2.5537,-47.4328,0.2434,-0.3720,1.0000,-0.1090,0.1872,5.0405,0.1432,2.8500,1
eurusd+gbpusd+nzdusd,prev_close,1-7,0.6000,25,522,0.3295,-2.8716,-46.1881,0.3708,-0.4359,1.0000,-0.0918,0.2149,1.6899,0.0805,6.1250,1
eurusd+gbpusd+nzdusd,prev_close,1-7,0.6000,30,522,0.3793,-2.2149,-46.5293,0.3708,-0.3958,1.0000,-0.0779,0.2084,1.6899,0.1034,6.1250,1
eurusd+gbpusd+nzdusd,prev_close,1-7,0.6000,40,522,0.4195,-3.5891,-46.4528,0.3708,-0.3813,1.0000,-0.0941,0.2096,1.6899,0.1437,6.1250,1
eurusd+gbpusd+nzdusd,prev_close,19-9,0.1500,25,5699,0.3423,-2.6405,-47.2138,0.2523,0.1386,1.0000,-0.1136,0.1905,18.4529,0.1069,1.0852,21
eurusd+gbpusd+nzdusd,prev_close,19-9,0.1500,30,5699,0.3723,-2.9572,-47.2048,0.2523,0.1079,1.0000,-0.1144,0.1906,18.4529,0.1212,1.0852,21
eurusd+gbpusd+nzdusd,prev_close,19-9,0.1500,40,5699,0.4122,-3.2833,-47.2136,0.2523,-0.0660,1.0000,-0.1167,0.1908,18.4529,0.1398,1.0852,21
eurusd+gbpusd+nzdusd,prev_close,19-9,0.2000,25,4978,0.3499,-2.6502,-47.1597,0.3374,-0.0335,0.9998,-0.1123,0.1933,16.1220,0.1157,1.2609,4
eurusd+gbpusd+nzdusd,prev_close,19-9,0.2000,30,4978,0.3775,-3.1043,-47.1099,0.3374,-0.0830,0.9998,-0.1147,0.1939,16.1220,0.1282,1.2609,4
eurusd+gbpusd+nzdusd,prev_close,19-9,0.2000,40,4977,0.4149,-3.3795,-47.1548,0.3374,-0.2587,1.0000,-0.1165,0.1936,16.1123,0.1463,1.2609,4
eurusd+gbpusd+nzdusd,prev_close,19-9,0.3000,25,3379,0.3540,-2.2886,-47.2096,0.2285,-0.2369,0.9997,-0.1103,0.1905,10.9260,0.1128,1.7018,9
eurusd+gbpusd+nzdusd,prev_close,19-9,0.3000,30,3379,0.3880,-2.3281,-47.1912,0.2285,-0.2518,0.9997,-0.1101,0.1910,10.9260,0.1270,1.7018,9
eurusd+gbpusd+nzdusd,prev_close,19-9,0.3000,40,3378,0.4236,-2.6683,-47.1670,0.2285,-0.3158,1.0000,-0.1122,0.1913,10.9163,0.1456,1.7018,9
eurusd+gbpusd+nzdusd,prev_close,19-9,0.4000,25,2208,0.3460,-3.1351,-47.2683,0.3328,-0.2640,1.0000,-0.1070,0.1891,7.1481,0.1091,2.3231,9
eurusd+gbpusd+nzdusd,prev_close,19-9,0.4000,30,2208,0.3773,-3.3228,-47.0766,0.3328,-0.2872,1.0000,-0.1065,0.1927,7.1481,0.1236,2.3231,9
eurusd+gbpusd+nzdusd,prev_close,19-9,0.4000,40,2208,0.4126,-3.6756,-47.1148,0.3328,-0.3458,1.0000,-0.1094,0.1922,7.1481,0.1458,2.3231,9
eurusd+gbpusd+nzdusd,prev_close,19-9,0.6000,25,798,0.3484,-3.8974,-45.7302,0.2678,-0.4457,1.0000,-0.1108,0.2183,2.5834,0.1040,4.1765,9
eurusd+gbpusd+nzdusd,prev_close,19-9,0.6000,30,798,0.3885,-3.6023,-45.8570,0.2678,-0.4043,1.0000,-0.1080,0.2165,2.5834,0.1253,4.1765,9
eurusd+gbpusd+nzdusd,prev_close,19-9,0.6000,40,798,0.4298,-4.1195,-46.0532,0.2678,-0.3707,1.0000,-0.1025,0.2142,2.5834,0.1554,4.1765,9
eurusd+gbpusd+usdjpy,day_open,0-9,0.1500,25,5009,0.3336,-1.6676,-47.3423,0.2296,0.3249,1.0000,-0.1063,0.1863,16.2191,0.0976,1.2961,0
eurusd+gbpusd+usdjpy,day_open,0-9,0.1500,30,5009,0.3679,-1.7901,-47.3682,0.2296,0.2930,1.0000,-0.1065,0.1856,16.2191,0.1136,1.2961,0
eurusd+gbpusd+usdjpy,day_open,0-9,0.1500,40,5009,0.4069,-2.0807,-47.3264,0.2296,0.2615,1.0000,-0.1064,0.1865,16.2191,0.1374,1.2961,0
eurusd+gbpusd+usdjpy,day_open,0-9,0.2000,25,4046,0.3384,-0.8671,-47.3939,0.2675,0.1002,1.0000,-0.0846,0.1866,13.1015,0.0952,1.6825,0
eurusd+gbpusd+usdjpy,day_open,0-9,0.2000,30,4046,0.3762,-0.6554,-47.4633,0.2675,0.0143,1.0000,-0.0586,0.1853,13.1015,0.1125,1.6825,0
eurusd+gbpusd+usdjpy,day_open,0-9,0.2000,40,4046,0.4152,-1.1377,-47.4623,0.2675,-0.0790,1.0000,-0.0919,0.1856,13.1015,0.1322,1.6825,0
eurusd+gbpusd+usdjpy,day_open,0-9,0.3000,25,2381,0.3242,-1.7645,-47.6797,0.3725,-0.2892,1.0000,-0.1016,0.1795,7.7114,0.0924,2.6379,9
eurusd+gbpusd+usdjpy,day_open,0-9,0.3000,30,2381,0.3612,-1.3924,-47.6345,0.3725,-0.3556,1.0000,-0.0941,0.1803,7.7114,0.1088,2.6379,9
eurusd+gbpusd+usdjpy,day_open,0-9,0.3000,40,2381,0.4007,-1.8228,-47.7475,0.3725,-0.4666,1.0000,-0.1006,0.1785,7.7114,0.1298,2.6379,9
eurusd+gbpusd+usdjpy,day_open,0-9,0.4000,25,1351,0.2998,-4.2239,-47.2455,0.3481,-0.5176,0.9993,-0.1157,0.1843,4.3801,0.0829,4.8261,9
eurusd+gbpusd+usdjpy,day_open,0-9,0.4000,30,1351,0.3449,-2.9547,-47.2707,0.3481,-0.4880,0.9993,-0.1132,0.1841,4.3801,0.1021,4.8261,9
eurusd+gbpusd+usdjpy,day_open,0-9,0.4000,40,1350,0.3874,-3.4050,-47.3424,0.3481,-0.4979,1.0000,-0.1106,0.1833,4.3704,0.1304,4.8261,9
eurusd+gbpusd+usdjpy,day_open,0-9,0.6000,25,498,0.2631,-5.0626,-46.5998,0.3911,-0.4412,1.0000,-0.1131,0.1870,1.6122,0.0703,30.5000,9
eurusd+gbpusd+usdjpy,day_open,0-9,0.6000,30,498,0.3092,-4.6334,-46.7344,0.3911,-0.3925,1.0000,-0.1096,0.1851,1.6122,0.0823,30.5000,9
eurusd+gbpusd+usdjpy,day_open,0-9,0.6000,40,498,0.3434,-6.2896,-46.9606,0.3911,-0.3711,1.0000,-0.1122,0.1811,1.6122,0.1104,30.5000,9
eurusd+gbpusd+usdjpy,day_open,1-7,0.1500,25,4322,0.3295,-1.5507,-47.2554,0.2822,0.2615,1.0000,-0.1038,0.1891,13.9950,0.0925,1.5580,1
eurusd+gbpusd+usdjpy,day_open,1-7,0.1500,30,4322,0.3628,-1.8195,-47.3597,0.2822,0.2423,1.0000,-0.1039,0.1869,13.9950,0.1067,1.5580,1
eurusd+gbpusd+usdjpy,day_open,1-7,0.1500,40,4322,0.4063,-2.1074,-47.2477,0.2822,0.1402,1.0000,-0.1040,0.1889,13.9950,0.1310,1.5580,1
eurusd+gbpusd+usdjpy,day_open,1-7,0.2000,25,3236,0.3239,-1.0248,-47.1772,0.3180,-0.0546,1.0000,-0.0777,0.1903,10.4793,0.0834,2.1379,1
eurusd+gbpusd+usdjpy,day_open,1-7,0.2000,30,3236,0.3616,-0.9995,-47.3566,0.3180,-0.1166,1.0000,-0.0719,0.1870,10.4793,0.0992,2.1379,1
eurusd+gbpusd+usdjpy,day_open,1-7,0.2000,40,3236,0.4048,-1.5389,-47.3196,0.3180,-0.2326,1.0000,-0.0924,0.1876,10.4793,0.1214,2.1379,1
eurusd+gbpusd+usdjpy,day_open,1-7,0.3000,25,1670,0.3000,-2.2717,-47.3789,0.3953,-0.4608,1.0000,-0.1006,0.1845,5.4096,0.0844,4.6667,1
eurusd+gbpusd+usdjpy,day_open,1-7,0.3000,30,1670,0.3389,-1.8252,-47.5214,0.3953,-0.5134,1.0000,-0.0936,0.1818,5.4096,0.1012,4.6667,1
eurusd+gbpusd+usdjpy,day_open,1-7,0.3000,40,1670,0.3808,-2.6427,-47.7312,0.3953,-0.5464,1.0000,-0.1038,0.1781,5.4096,0.1263,4.6667,1
eurusd+gbpusd+usdjpy,day_open,1-7,0.4000,25,882,0.2596,-4.5852,-46.4452,0.3782,-0.4458,1.0000,-0.1160,0.1995,2.8553,0.0726,6.9167,1
eurusd+gbpusd+usdjpy,day_open,1-7,0.4000,30,882,0.3039,-3.5625,-46.6916,0.3782,-0.4521,1.0000,-0.1162,0.1952,2.8553,0.0907,6.9167,1
eurusd+gbpusd+usdjpy,day_open,1-7,0.4000,40,882,0.3583,-3.8832,-46.8301,0.3782,-0.4171,1.0000,-0.1167,0.1921,2.8553,0.1259,6.9167,1
eurusd+gbpusd+usdjpy,day_open,1-7,0.6000,25,312,0.2500,-4.7858,-46.0798,0.2503,-0.3839,1.0000,-0.1028,0.2102,1.0101,0.0609,20.0000,1
eurusd+gbpusd+usdjpy,day_open,1-7,0.6000,30,312,0.2917,-4.7359,-46.4031,0.2503,-0.3097,1.0000,-0.0906,0.2026,1.0101,0.0705,20.0000,1
eurusd+gbpusd+usdjpy,day_open,1-7,0.6000,40,312,0.3397,-6.3550,-47.0248,0.2503,-0.2692,1.0000,-0.0993,0.1898,1.0101,0.1026,20.0000,1
eurusd+gbpusd+usdjpy,day_open,19-9,0.1500,25,5064,0.3266,-1.8819,-47.3517,0.2179,0.2533,1.0000,-0.1083,0.1857,16.3939,0.0938,1.2944,3
eurusd+gbpusd+usdjpy,day_open,19-9,0.1500,30,5064,0.3620,-1.9425,-47.3566,0.2179,0.3102,1.0000,-0.1067,0.1854,16.3939,0.1064,1.2944,3
eurusd+gbpusd+usdjpy,day_open,19-9,0.1500,40,5064,0.3993,-2.4328,-47.3212,0.2179,0.2051,1.0000,-0.1095,0.1864,16.3939,0.1286,1.2944,3
eurusd+gbpusd+usdjpy,day_open,19-9,0.2000,25,4095,0.3372,-0.9208,-47.4220,0.2947,0.0199,1.0000,-0.0887,0.1853,13.2569,0.0935,1.6850,4
eurusd+gbpusd+usdjpy,day_open,19-9,0.2000,30,4095,0.3729,-0.7716,-47.4628,0.2947,0.0387,1.0000,-0.0704,0.1844,13.2569,0.1079,1.6850,4
eurusd+gbpusd+usdjpy,day_open,19-9,0.2000,40,4094,0.4118,-1.3954,-47.4219,0.2947,-0.0323,1.0000,-0.0942,0.1859,13.2569,0.1282,1.6850,4
eurusd+gbpusd+usdjpy,day_open,19-9,0.3000,25,2429,0.3273,-1.4870,-47.5785,0.3765,-0.4605,1.0000,-0.0967,0.1805,7.8667,0.0914,2.7069,9
eurusd+gbpusd+usdjpy,day_open,19-9,0.3000,30,2429,0.3598,-1.4761,-47.5276,0.3765,-0.4598,1.0000,-0.0927,0.1815,7.8667,0.1062,2.7069,9
eurusd+gbpusd+usdjpy,day_open,19-9,0.3000,40,2429,0.4002,-1.8503,-47.5607,0.3765,-0.5195,1.0000,-0.0992,0.1814,7.8667,0.1260,2.7069,9
eurusd+gbpusd+usdjpy,day_open,19-9,0.4000,25,1363,0.3030,-3.5689,-47.1976,0.3545,-0.5331,0.9993,-0.1156,0.1852,4.4190,0.0829,4.8261,9
eurusd+gbpusd+usdjpy,day_open,19-9,0.4000,30,1363,0.3426,-2.9098,-47.1678,0.3545,-0.5319,0.9993,-0.1142,0.1862,4.4190,0.1012,4.8261,9
eurusd+gbpusd+usdjpy,day_open,19-9,0.4000,40,1362,0.3862,-3.2030,-47.2008,0.3545,-0.5742,1.0000,-0.1115,0.1861,4.4093,0.1285,4.8261,9
eurusd+gbpusd+usdjpy,day_open,19-9,0.6000,25,507,0.2663,-3.6916,-46.5205,0.3891,-0.3428,1.0000,-0.1053,0.1896,1.6413,0.0730,30.5000,9
eurusd+gbpusd+usdjpy,day_open,19-9,0.6000,30,507,0.3097,-3.6357,-46.5249,0.3891,-0.2882,1.0000,-0.1023,0.1897,1.6413,0.0868,30.5000,9
eurusd+gbpusd+usdjpy,day_open,19-9,0.6000,40,507,0.3491,-4.7859,-46.6243,0.3891,-0.2601,1.0000,-0.1081,0.1878,1.6413,0.1124,30.5000,9
eurusd+gbpusd+usdjpy,prev_close,0-9,0.1500,25,5084,0.3379,-1.1336,-47.0565,0.2849,0.3634,1.0000,-0.0891,0.1921,16.4619,0.0982,1.3107,0
eurusd+gbpusd+usdjpy,prev_close,0-9,0.1500,30,5084,0.3714,-1.2902,-47.0976,0.2849,0.3381,1.0000,-0.0923,0.1914,16.4619,0.1119,1.3107,0
eurusd+gbpusd+usdjpy,prev_close,0-9,0.1500,40,5084,0.4101,-1.6538,-47.0752,0.2849,0.3190,1.0000,-0.0978,0.1920,16.4619,0.1351,1.3107,0
eurusd+gbpusd+usdjpy,prev_close,0-9,0.2000,25,4169,0.3425,-0.6814,-47.0990,0.2612,0.1279,1.0000,-0.0638,0.1931,13.4997,0.0933,1.6462,0
eurusd+gbpusd+usdjpy,prev_close,0-9,0.2000,30,4169,0.3797,-0.5380,-47.1715,0.2612,0.0505,1.0000,-0.0464,0.1918,13.4997,0.1091,1.6462,0
eurusd+gbpusd+usdjpy,prev_close,0-9,0.2000,40,4169,0.4190,-1.0295,-47.1340,0.2612,-0.0381,1.0000,-0.0771,0.1927,13.4997,0.1288,1.6462,0
eurusd+gbpusd+usdjpy,prev_close,0-9,0.3000,25,2504,0.3367,-1.3473,-47.2303,0.3942,-0.2133,1.0000,-0.0963,0.1913,8.1095,0.0919,2.6271,0
eurusd+gbpusd+usdjpy,prev_close,0-9,0.3000,30,2504,0.3714,-1.0539,-47.1160,0.3942,-0.2894,1.0000,-0.0868,0.1932,8.1095,0.1070,2.6271,0
eurusd+gbpusd+usdjpy,prev_close,0-9,0.3000,40,2504,0.4117,-1.5217,-47.1867,0.3942,-0.4003,1.0000,-0.0962,0.1922,8.1095,0.1278,2.6271,0
eurusd+gbpusd+usdjpy,prev_close,0-9,0.4000,25,1450,0.3124,-3.0880,-46.7222,0.3499,-0.4904,0.9993,-0.1155,0.1986,4.7006,0.0779,4.8261,9
eurusd+gbpusd+usdjpy,prev_close,0-9,0.4000,30,1450,0.3566,-1.9577,-46.6389,0.3499,-0.4500,0.9993,-0.1148,0.2009,4.7006,0.0931,4.8261,9
eurusd+gbpusd+usdjpy,prev_close,0-9,0.4000,40,1449,0.3975,-2.5123,-46.6807,0.3499,-0.4789,1.0000,-0.1116,0.2002,4.6909,0.1180,4.8261,9
eurusd+gbpusd+usdjpy,prev_close,0-9,0.6000,25,582,0.2766,-4.9974,-45.1384,0.3241,-0.3889,1.0000,-0.1136,0.2244,1.8841,0.0739,30.0000,9
eurusd+gbpusd+usdjpy,prev_close,0-9,0.6000,30,582,0.3230,-4.7917,-45.4576,0.3241,-0.3500,1.0000,-0.1109,0.2185,1.8841,0.0893,30.0000,9
eurusd+gbpusd+usdjpy,prev_close,0-9,0.6000,40,582,0.3660,-5.8914,-45.8006,0.3241,-0.3625,1.0000,-0.1105,0.2117,1.8841,0.1151,30.0000,9
eurusd+gbpusd+usdjpy,prev_close,1-7,0.1500,25,4397,0.3364,-0.9658,-46.9394,0.2977,0.3161,1.0000,-0.0864,0.1966,14.2378,0.0917,1.5809,1
eurusd+gbpusd+usdjpy,prev_close,1-7,0.1500,30,4397,0.3700,-1.2002,-47.0825,0.2977,0.3127,1.0000,-0.0917,0.1939,14.2378,0.1033,1.5809,1
eurusd+gbpusd+usdjpy,prev_close,1-7,0.1500,40,4397,0.4123,-1.4815,-46.9389,0.2977,0.2440,1.0000,-0.0931,0.1965,14.2378,0.1267,1.5809,1
eurusd+gbpusd+usdjpy,prev_close,1-7,0.2000,25,3356,0.3299,-0.8966,-46.9782,0.3095,0.0390,1.0000,-0.0692,0.1960,10.8678,0.0846,1.9894,1
eurusd+gbpusd+usdjpy,prev_close,1-7,0.2000,30,3356,0.3677,-0.8320,-47.1824,0.3095,-0.0247,1.0000,-0.0612,0.1922,10.8678,0.0983,1.9894,1
eurusd+gbpusd+usdjpy,prev_close,1-7,0.2000,40,3356,0.4115,-1.3033,-47.0925,0.3095,-0.1499,1.0000,-0.0852,0.1938,10.8678,0.1204,1.9894,1
eurusd+gbpusd+usdjpy,prev_close,1-7,0.3000,25,1826,0.3122,-1.9545,-46.2361,0.4073,-0.3438,1.0000,-0.0977,0.2148,5.9146,0.0816,4.7778,1
eurusd+gbpusd+usdjpy,prev_close,1-7,0.3000,30,1826,0.3483,-1.6521,-46.3368,0.4073,-0.4110,1.0000,-0.0939,0.2124,5.9146,0.0953,4.7778,1
eurusd+gbpusd+usdjpy,prev_close,1-7,0.3000,40,1826,0.3927,-2.2994,-46.5835,0.4073,-0.4327,1.0000,-0.1040,0.2074,5.9146,0.1205,4.7778,1
eurusd+gbpusd+usdjpy,prev_close,1-7,0.4000,25,975,0.2779,-3.5451,-45.5858,0.3287,-0.3605,1.0000,-0.1160,0.2257,3.1564,0.0646,6.5385,1
eurusd+gbpusd+usdjpy,prev_close,1-7,0.4000,30,975,0.3231,-2.3810,-45.7884,0.3287,-0.3926,1.0000,-0.1160,0.2218,3.1564,0.0769,6.5385,1
eurusd+gbpusd+usdjpy,prev_close,1-7,0.4000,40,975,0.3785,-2.7999,-45.9337,0.3287,-0.3751,1.0000,-0.1168,0.2175,3.1564,0.1087,6.5385,1
eurusd+gbpusd+usdjpy,prev_close,1-7,0.6000,25,372,0.2366,-6.1624,-44.8810,0.3499,-0.3080,1.0000,-0.1077,0.2502,1.2043,0.0591,38.0000,1
eurusd+gbpusd+usdjpy,prev_close,1-7,0.6000,30,372,0.2769,-6.2381,-45.4204,0.3499,-0.3084,1.0000,-0.1016,0.2357,1.2043,0.0753,38.0000,1
eurusd+gbpusd+usdjpy,prev_close,1-7,0.6000,40,372,0.3441,-6.5972,-46.0892,0.3499,-0.3059,1.0000,-0.0984,0.2196,1.2043,0.1075,38.0000,1
eurusd+gbpusd+usdjpy,prev_close,19-9,0.1500,25,5175,0.3308,-1.5505,-46.9196,0.3055,0.3383,1.0000,-0.0976,0.1944,16.7338,0.0949,1.3017,21
eurusd+gbpusd+usdjpy,prev_close,19-9,0.1500,30,5175,0.3648,-1.6445,-46.9477,0.3055,0.3688,1.0000,-0.0983,0.1938,16.7338,0.1061,1.3017,21
eurusd+gbpusd+usdjpy,prev_close,19-9,0.1500,40,5175,0.4027,-2.1547,-46.9480,0.3055,0.3097,1.0000,-0.1028,0.1944,16.7338,0.1275,1.3017,21
eurusd+gbpusd+usdjpy,prev_close,19-9,0.2000,25,4236,0.3390,-0.8995,-47.0507,0.3042,0.0970,1.0000,-0.0890,0.1935,13.7037,0.0935,1.6615,9
eurusd+gbpusd+usdjpy,prev_close,19-9,0.2000,30,4236,0.3742,-0.8262,-47.0808,0.3042,0.1219,1.0000,-0.0708,0.1927,13.7037,0.1069,1.6615,9
eurusd+gbpusd+usdjpy,prev_close,19-9,0.2000,40,4235,0.4118,-1.4492,-47.0050,0.3042,0.0325,1.0000,-0.0988,0.1948,13.7037,0.1263,1.6615,9
eurusd+gbpusd+usdjpy,prev_close,19-9,0.3000,25,2579,0.3366,-1.0344,-47.1205,0.4028,-0.2848,1.0000,-0.0883,0.1927,8.3426,0.0911,2.7119,9
eurusd+gbpusd+usdjpy,prev_close,19-9,0.3000,30,2579,0.3695,-0.9755,-46.9971,0.4028,-0.3381,1.0000,-0.0811,0.1948,8.3426,0.1047,2.7119,9
eurusd+gbpusd+usdjpy,prev_close,19-9,0.3000,40,2579,0.4102,-1.3337,-46.9866,0.4028,-0.4270,1.0000,-0.0900,0.1956,8.3426,0.1233,2.7119,9
eurusd+gbpusd+usdjpy,prev_close,19-9,0.4000,25,1486,0.3136,-2.5063,-46.6247,0.3802,-0.3490,0.9993,-0.1121,0.2009,4.8172,0.0767,4.8261,9
eurusd+gbpusd+usdjpy,prev_close,19-9,0.4000,30,1486,0.3526,-1.8611,-46.5152,0.3802,-0.3727,0.9993,-0.1038,0.2038,4.8172,0.0908,4.8261,9
eurusd+gbpusd+usdjpy,prev_close,19-9,0.4000,40,1485,0.3960,-2.1670,-46.5911,0.3802,-0.4421,1.0000,-0.1101,0.2028,4.8075,0.1158,4.8261,9
eurusd+gbpusd+usdjpy,prev_close,19-9,0.6000,25,591,0.2724,-4.6292,-44.9455,0.3221,-0.3210,1.0000,-0.1134,0.2311,1.9133,0.0761,30.0000,9
eurusd+gbpusd+usdjpy,prev_close,19-9,0.6000,30,591,0.3113,-5.0567,-45.1795,0.3221,-0.2809,1.0000,-0.1136,0.2262,1.9133,0.0931,30.0000,9
eurusd+gbpusd+usdjpy,prev_close,19-9,0.6000,40,591,0.3570,-5.7632,-45.3132,0.3221,-0.3106,1.0000,-0.1115,0.2237,1.9133,0.1168,30.0000,9
eurusd+nzdusd+usdjpy,day_open,0-9,0.1500,25,5245,0.3655,-2.2761,-47.5049,0.2037,0.0954,0.9998,-0.1147,0.1841,16.9863,0.1375,1.1493,0
eurusd+nzdusd+usdjpy,day_open,0-9,0.1500,30,5245,0.3924,-2.5580,-47.4356,0.2037,0.0700,0.9998,-0.1161,0.1851,16.9863,0.1533,1.1493,0
eurusd+nzdusd+usdjpy,day_open,0-9,0.1500,40,5245,0.4229,-2.6608,-47.3043,0.2037,0.0170,0.9998,-0.1169,0.1871,16.9863,0.1712,1.1493,0
eurusd+nzdusd+usdjpy,day_open,0-9,0.2000,25,4351,0.3682,-2.3753,-47.4830,0.2684,-0.1443,0.9998,-0.1166,0.1841,14.0922,0.1370,1.4118,0
eurusd+nzdusd+usdjpy,day_open,0-9,0.2000,30,4351,0.3935,-2.8170,-47.4414,0.2684,-0.1920,0.9998,-0.1175,0.1846,14.0922,0.1524,1.4118,0
eurusd+nzdusd+usdjpy,day_open,0-9,0.2000,40,4351,0.4245,-2.8328,-47.3177,0.2684,-0.2135,0.9998,-0.1187,0.1867,14.0922,0.1724,1.4118,0
eurusd+nzdusd+usdjpy,day_open,0-9,0.3000,25,2668,0.3493,-3.0374,-48.2721,0.3049,-0.1890,0.9996,-0.1180,0.1679,8.6437,0.1218,2.1625,0
eurusd+nzdusd+usdjpy,day_open,0-9,0.3000,30,2668,0.3733,-3.5754,-48.1159,0.3049,-0.2219,0.9996,-0.1186,0.1705,8.6437,0.1368,2.1625,0
eurusd+nzdusd+usdjpy,day_open,0-9,0.3000,40,2668,0.4085,-3.8406,-47.9236,0.3049,-0.2770,0.9996,-0.1184,0.1730,8.6437,0.1593,2.1625,0
eurusd+nzdusd+usdjpy,day_open,0-9,0.4000,25,1645,0.3277,-2.6500,-47.7971,0.2904,-0.2477,0.9994,-0.1181,0.1738,5.3319,0.1331,2.8837,9
eurusd+nzdusd+usdjpy,day_open,0-9,0.4000,30,1645,0.3666,-2.3268,-47.6302,0.2904,-0.2756,0.9994,-0.1033,0.1750,5.3319,0.1520,2.8837,9
eurusd+nzdusd+usdjpy,day_open,0-9,0.4000,40,1644,0.3996,-2.8089,-47.4687,0.2904,-0.3062,1.0000,-0.1133,0.1777,5.3222,0.1740,2.8837,9
eurusd+nzdusd+usdjpy,day_open,0-9,0.6000,25,645,0.3287,-4.6528,-47.9771,0.2540,-0.6368,1.0000,-0.1123,0.1696,2.0881,0.1287,6.7778,9
eurusd+nzdusd+usdjpy,day_open,0-9,0.6000,30,645,0.3659,-4.2620,-48.0436,0.2540,-0.4961,1.0000,-0.1111,0.1689,2.0881,0.1473,6.7778,9
eurusd+nzdusd+usdjpy,day_open,0-9,0.6000,40,645,0.4031,-5.0214,-47.6964,0.2540,-0.3275,1.0000,-0.1113,0.1751,2.0881,0.1736,6.7778,9
eurusd+nzdusd+usdjpy,day_open,1-7,0.1500,25,4537,0.3661,-2.0519,-47.5593,0.2503,-0.0007,0.9998,-0.1160,0.1817,14.6943,0.1318,1.3438,1
eurusd+nzdusd+usdjpy,day_open,1-7,0.1500,30,4537,0.3932,-2.3222,-47.5496,0.2503,-0.0064,0.9998,-0.1174,0.1815,14.6943,0.1475,1.3438,1
eurusd+nzdusd+usdjpy,day_open,1-7,0.1500,40,4537,0.4241,-2.6287,-47.3023,0.2503,-0.0497,0.9998,-0.1174,0.1853,14.6943,0.1664,1.3438,1
eurusd+nzdusd+usdjpy,day_open,1-7,0.2000,25,3553,0.3589,-2.6220,-47.7705,0.2901,-0.3218,0.9997,-0.1150,0.1792,11.5088,0.1236,1.7009,1
eurusd+nzdusd+usdjpy,day_open,1-7,0.2000,30,3553,0.3867,-2.9135,-47.8110,0.2901,-0.3677,0.9997,-0.1168,0.1784,11.5088,0.1388,1.7009,1
eurusd+nzdusd+usdjpy,day_open,1-7,0.2000,40,3553,0.4199,-3.0023,-47.6542,0.2901,-0.3295,0.9997,-0.1179,0.1805,11.5088,0.1590,1.7009,1
eurusd+nzdusd+usdjpy,day_open,1-7,0.3000,25,2002,0.3252,-3.7606,-48.2543,0.2950,-0.2640,0.9995,-0.1166,0.1703,6.4876,0.1004,2.8200,1
eurusd+nzdusd+usdjpy,day_open,1-7,0.3000,30,2002,0.3531,-4.1719,-48.3152,0.2950,-0.3222,0.9995,-0.1178,0.1695,6.4876,0.1159,2.8200,1
eurusd+nzdusd+usdjpy,day_open,1-7,0.3000,40,2002,0.3951,-4.4505,-48.1462,0.2950,-0.3750,0.9995,-0.1175,0.1705,6.4876,0.1419,2.8200,1
eurusd+nzdusd+usdjpy,day_open,1-7,0.4000,25,1137,0.3008,-3.3488,-47.5088,0.1881,-0.2852,1.0000,-0.1190,0.1860,3.6809,0.1143,3.8750,1
eurusd+nzdusd+usdjpy,day_open,1-7,0.4000,30,1137,0.3404,-2.9670,-47.6849,0.1881,-0.3485,1.0000,-0.0990,0.1812,3.6809,0.1328,3.8750,1
eurusd+nzdusd+usdjpy,day_open,1-7,0.4000,40,1137,0.3808,-3.3498,-47.7448,0.1881,-0.3589,1.0000,-0.1048,0.1796,3.6809,0.1627,3.8750,1
eurusd+nzdusd+usdjpy,day_open,1-7,0.6000,25,375,0.3093,-6.3135,-47.4613,0.2177,-0.6370,1.0000,-0.1113,0.1837,1.2140,0.1147,7.8000,5
eurusd+nzdusd+usdjpy,day_open,1-7,0.6000,30,375,0.3547,-5.1744,-47.4225,0.2177,-0.5302,1.0000,-0.1107,0.1839,1.2140,0.1307,7.8000,5
eurusd+nzdusd+usdjpy,day_open,1-7,0.6000,40,375,0.4000,-6.6382,-47.6880,0.2177,-0.4245,1.0000,-0.1124,0.1799,1.2140,0.1600,7.8000,5
eurusd+nzdusd+usdjpy,day_open,19-9,0.1500,25,5352,0.3563,-2.9558,-47.3777,0.1791,0.0747,1.0000,-0.1154,0.1854,17.3263,0.1271,1.1415,21
eurusd+nzdusd+usdjpy,day_open,19-9,0.1500,30,5351,0.3842,-3.3568,-47.2799,0.1791,0.0765,1.0000,-0.1160,0.1872,17.3263,0.1403,1.1415,21
eurusd+nzdusd+usdjpy,day_open,19-9,0.1500,40,5351,0.4160,-3.6950,-47.2173,0.1791,0.0101,1.0000,-0.1173,0.1886,17.3263,0.1600,1.1415,21
eurusd+nzdusd+usdjpy,day_open,19-9,0.2000,25,4445,0.3604,-2.6582,-47.5243,0.2680,-0.0537,1.0000,-0.1171,0.1832,14.3932,0.1336,1.4129,22
eurusd+nzdusd+usdjpy,day_open,19-9,0.2000,30,4445,0.3863,-3.1181,-47.4268,0.2680,-0.0924,1.0000,-0.1179,0.1849,14.3932,0.1465,1.4129,22
eurusd+nzdusd+usdjpy,day_open,19-9,0.2000,40,4444,0.4170,-3.4159,-47.3125,0.2680,-0.1200,0.9998,-0.1183,0.1872,14.3932,0.1667,1.4129,22
eurusd+nzdusd+usdjpy,day_open,19-9,0.3000,25,2722,0.3483,-2.9011,-48.2143,0.2917,-0.1100,0.9996,-0.1180,0.1690,8.8185,0.1187,2.2125,9
eurusd+nzdusd+usdjpy,day_open,19-9,0.3000,30,2722,0.3699,-3.5578,-48.1152,0.2917,-0.1522,0.9996,-0.1186,0.1708,8.8185,0.1323,2.2125,9
eurusd+nzdusd+usdjpy,day_open,19-9,0.3000,40,2722,0.4078,-3.5939,-47.9121,0.2917,-0.2062,0.9996,-0.1185,0.1738,8.8185,0.1565,2.2125,9
eurusd+nzdusd+usdjpy,day_open,19-9,0.4000,25,1669,0.3307,-2.4447,-47.6171,0.2987,-0.1227,0.9994,-0.1124,0.1767,5.4096,0.1294,2.9070,9
eurusd+nzdusd+usdjpy,day_open,19-9,0.4000,30,1669,0.3661,-2.0627,-47.4781,0.2987,-0.1698,0.9994,-0.1013,0.1776,5.4096,0.1462,2.9070,9
eurusd+nzdusd+usdjpy,day_open,19-9,0.4000,40,1668,0.4011,-2.3552,-47.2738,0.2987,-0.2377,1.0000,-0.0982,0.1815,5.3999,0.1685,2.9070,9
eurusd+nzdusd+usdjpy,day_open,19-9,0.6000,25,651,0.3272,-4.5078,-47.7574,0.2595,-0.3147,1.0000,-0.1122,0.1742,2.1075,0.1260,6.7778,9
eurusd+nzdusd+usdjpy,day_open,19-9,0.6000,30,651,0.3641,-4.0077,-47.7689,0.2595,-0.2713,1.0000,-0.1108,0.1743,2.1075,0.1444,6.7778,9
eurusd+nzdusd+usdjpy,day_open,19-9,0.6000,40,651,0.4025,-4.8247,-47.4615,0.2595,-0.1583,1.0000,-0.1111,0.1805,2.1075,0.1690,6.7778,9
eurusd+nzdusd+usdjpy,prev_close,0-9,0.1500,25,5278,0.3655,-1.9334,-47.3223,0.1824,0.0359,0.9998,-0.1152,0.1884,17.0932,0.1345,1.1650,0
eurusd+nzdusd+usdjpy,prev_close,0-9,0.1500,30,5278,0.3911,-2.3349,-47.3364,0.1824,-0.0066,0.9998,-0.1171,0.1879,17.0932,0.1506,1.1650,0
eurusd+nzdusd+usdjpy,prev_close,0-9,0.1500,40,5278,0.4229,-2.2934,-47.2618,0.1824,-0.0263,0.9998,-0.1151,0.1887,17.0932,0.1698,1.1650,0
eurusd+nzdusd+usdjpy,prev_close,0-9,0.2000,25,4423,0.3645,-2.3300,-47.2405,0.2543,-0.0221,0.9998,-0.1164,0.1892,14.3252,0.1390,1.4305,0
eurusd+nzdusd+usdjpy,prev_close,0-9,0.2000,30,4423,0.3909,-2.5545,-47.2404,0.2543,-0.0548,0.9998,-0.1183,0.1889,14.3252,0.1560,1.4305,0
eurusd+nzdusd+usdjpy,prev_close,0-9,0.2000,40,4423,0.4228,-2.6050,-47.1701,0.2543,-0.1190,0.9998,-0.1189,0.1900,14.3252,0.1766,1.4305,0
eurusd+nzdusd+usdjpy,prev_close,0-9,0.3000,25,2770,0.3578,-2.3866,-47.8434,0.2964,-0.2301,0.9996,-0.1154,0.1773,8.9739,0.1202,2.0843,0
eurusd+nzdusd+usdjpy,prev_close,0-9,0.3000,30,2770,0.3812,-2.8509,-47.7559,0.2964,-0.2812,0.9996,-0.1172,0.1789,8.9739,0.1361,2.0843,0
eurusd+nzdusd+usdjpy,prev_close,0-9,0.3000,40,2770,0.4152,-3.1013,-47.6930,0.2964,-0.3029,0.9996,-0.1173,0.1793,8.9739,0.1592,2.0843,0
eurusd+nzdusd+usdjpy,prev_close,0-9,0.4000,25,1732,0.3435,-1.8929,-47.6266,0.2678,-0.3101,0.9994,-0.1126,0.1802,5.6136,0.1316,2.8140,9
eurusd+nzdusd+usdjpy,prev_close,0-9,0.4000,30,1732,0.3770,-1.9791,-47.3663,0.2678,-0.3314,0.9994,-0.1122,0.1834,5.6136,0.1490,2.8140,9
eurusd+nzdusd+usdjpy,prev_close,0-9,0.4000,40,1731,0.4055,-2.6847,-47.1743,0.2678,-0.3450,1.0000,-0.1142,0.1866,5.6038,0.1704,2.8140,9
eurusd+nzdusd+usdjpy,prev_close,0-9,0.6000,25,720,0.3361,-4.1424,-46.9447,0.2361,-0.6551,1.0000,-0.1126,0.1901,2.3309,0.1292,7.1111,9
eurusd+nzdusd+usdjpy,prev_close,0-9,0.6000,30,720,0.3722,-3.7665,-46.9619,0.2361,-0.5412,1.0000,-0.1115,0.1910,2.3309,0.1486,7.1111,9
eurusd+nzdusd+usdjpy,prev_close,0-9,0.6000,40,720,0.4097,-4.4712,-46.8254,0.2361,-0.3977,1.0000,-0.1116,0.1937,2.3309,0.1694,7.1111,9
eurusd+nzdusd+usdjpy,prev_close,1-7,0.1500,25,4609,0.3641,-1.8774,-47.2208,0.2540,0.0073,0.9998,-0.1167,0.1891,14.9274,0.1321,1.3252,1
eurusd+nzdusd+usdjpy,prev_close,1-7,0.1500,30,4609,0.3903,-2.2723,-47.3106,0.2540,-0.0279,0.9998,-0.1175,0.1872,14.9274,0.1471,1.3252,1
eurusd+nzdusd+usdjpy,prev_close,1-7,0.1500,40,4609,0.4235,-2.3650,-47.1434,0.2540,-0.0471,0.9998,-0.1175,0.1899,14.9274,0.1681,1.3252,1
eurusd+nzdusd+usdjpy,prev_close,1-7,0.2000,25,3637,0.3585,-2.4605,-47.4525,0.2935,-0.2536,0.9997,-0.1177,0.1866,11.7807,0.1287,1.7217,1
eurusd+nzdusd+usdjpy,prev_close,1-7,0.2000,30,3637,0.3866,-2.6171,-47.5256,0.2935,-0.2714,0.9997,-0.1179,0.1851,11.7807,0.1441,1.7217,1
eurusd+nzdusd+usdjpy,prev_close,1-7,0.2000,40,3637,0.4226,-2.6997,-47.4182,0.2935,-0.2865,0.9997,-0.1182,0.1863,11.7807,0.1644,1.7217,1
eurusd+nzdusd+usdjpy,prev_close,1-7,0.3000,25,2104,0.3398,-2.7411,-47.7039,0.2526,-0.2624,0.9995,-0.1177,0.1831,6.8178,0.1065,2.7692,1
eurusd+nzdusd+usdjpy,prev_close,1-7,0.3000,30,2104,0.3683,-3.0701,-47.8367,0.2526,-0.3226,0.9995,-0.1179,0.1809,6.8178,0.1212,2.7692,1
eurusd+nzdusd+usdjpy,prev_close,1-7,0.3000,40,2104,0.4106,-3.2213,-47.7134,0.2526,-0.3344,0.9995,-0.1176,0.1814,6.8178,0.1473,2.7692,1
eurusd+nzdusd+usdjpy,prev_close,1-7,0.4000,25,1221,0.3202,-2.4861,-47.3855,0.1625,-0.2091,1.0000,-0.1167,0.1929,3.9528,0.1171,3.8333,1
eurusd+nzdusd+usdjpy,prev_close,1-7,0.4000,30,1221,0.3538,-2.6511,-47.4004,0.1625,-0.2469,1.0000,-0.1114,0.1912,3.9528,0.1319,3.8333,1
eurusd+nzdusd+usdjpy,prev_close,1-7,0.4000,40,1221,0.3948,-2.8158,-47.4637,0.1625,-0.2524,1.0000,-0.1065,0.1890,3.9528,0.1613,3.8333,1
eurusd+nzdusd+usdjpy,prev_close,1-7,0.6000,25,444,0.3288,-5.6778,-45.9573,0.2012,-0.6362,1.0000,-0.1116,0.2194,1.4374,0.1261,7.8000,1
eurusd+nzdusd+usdjpy,prev_close,1-7,0.6000,30,444,0.3716,-4.6173,-46.0381,0.2012,-0.5665,1.0000,-0.1110,0.2185,1.4374,0.1441,7.8000,1
eurusd+nzdusd+usdjpy,prev_close,1-7,0.6000,40,444,0.4212,-5.5263,-46.2779,0.2012,-0.4982,1.0000,-0.1124,0.2140,1.4374,0.1667,7.8000,1
eurusd+nzdusd+usdjpy,prev_close,19-9,0.1500,25,5394,0.3567,-2.5267,-47.2212,0.1787,0.1156,1.0000,-0.1168,0.1898,17.4525,0.1251,1.1512,21
eurusd+nzdusd+usdjpy,prev_close,19-9,0.1500,30,5393,0.3840,-2.9394,-47.1235,0.1787,0.0964,1.0000,-0.1170,0.1915,17.4525,0.1385,1.1512,21
eurusd+nzdusd+usdjpy,prev_close,19-9,0.1500,40,5393,0.4174,-3.1132,-47.1069,0.1787,0.0631,1.0000,-0.1178,0.1917,17.4525,0.1585,1.1512,21
eurusd+nzdusd+usdjpy,prev_close,19-9,0.2000,25,4541,0.3579,-2.6661,-47.2862,0.2990,0.0586,1.0000,-0.1153,0.1884,14.6749,0.1365,1.4474,22
eurusd+nzdusd+usdjpy,prev_close,19-9,0.2000,30,4541,0.3858,-2.8455,-47.1953,0.2990,0.0155,1.0000,-0.1168,0.1900,14.6749,0.1508,1.4474,22
eurusd+nzdusd+usdjpy,prev_close,19-9,0.2000,40,4540,0.4183,-3.1385,-47.0833,0.2990,-0.0762,0.9998,-0.1184,0.1923,14.6749,0.1718,1.4474,22
eurusd+nzdusd+usdjpy,prev_close,19-9,0.3000,25,2848,0.3560,-2.4080,-47.7713,0.3048,-0.1252,0.9996,-0.1155,0.1790,9.2264,0.1190,2.1205,9
eurusd+nzdusd+usdjpy,prev_close,19-9,0.3000,30,2848,0.3782,-2.9851,-47.6705,0.3048,-0.1945,0.9996,-0.1172,0.1809,9.2264,0.1313,2.1205,9
eurusd+nzdusd+usdjpy,prev_close,19-9,0.3000,40,2848,0.4164,-3.0341,-47.5318,0.3048,-0.2228,0.9996,-0.1187,0.1827,9.2264,0.1538,2.1205,9
eurusd+nzdusd+usdjpy,prev_close,19-9,0.4000,25,1768,0.3382,-2.0818,-47.3999,0.2945,-0.1485,0.9994,-0.1087,0.1847,5.7301,0.1250,2.8605,9
eurusd+nzdusd+usdjpy,prev_close,19-9,0.4000,30,1768,0.3676,-2.2777,-47.0911,0.2945,-0.1909,0.9994,-0.1085,0.1888,5.7301,0.1391,2.8605,9
eurusd+nzdusd+usdjpy,prev_close,19-9,0.4000,40,1767,0.4001,-2.7696,-46.9328,0.2945,-0.2271,1.0000,-0.1108,0.1919,5.7204,0.1607,2.8605,9
eurusd+nzdusd+usdjpy,prev_close,19-9,0.6000,25,738,0.3211,-5.2401,-46.6017,0.2321,-0.3911,1.0000,-0.1135,0.1984,2.3794,0.1247,7.2222,9
eurusd+nzdusd+usdjpy,prev_close,19-9,0.6000,30,738,0.3604,-4.5517,-46.5568,0.2321,-0.3245,1.0000,-0.1124,0.1999,2.3794,0.1436,7.2222,9
eurusd+nzdusd+usdjpy,prev_close,19-9,0.6000,40,738,0.3997,-5.3178,-46.4709,0.2321,-0.2126,1.0000,-0.1125,0.2019,2.3794,0.1626,7.2222,9
gbpusd+audusd+nzdusd,day_open,0-9,0.1500,25,5854,0.3497,-3.5273,-47.4359,0.2550,0.0306,0.9998,-0.1146,0.1854,18.9579,0.1271,1.0702,0
gbpusd+audusd+nzdusd,day_open,0-9,0.1500,30,5853,0.3731,-4.0420,-47.4632,0.2550,-0.0812,1.0000,-0.1145,0.1845,18.9482,0.1435,1.0702,0
gbpusd+audusd+nzdusd,day_open,0-9,0.1500,40,5853,0.4047,-4.4048,-47.3776,0.2550,-0.2141,1.0000,-0.1156,0.1862,18.9482,0.1659,1.0702,0
gbpusd+audusd+nzdusd,day_open,0-9,0.2000,25,5200,0.3515,-3.8552,-47.5513,0.2900,-0.1150,0.9998,-0.1141,0.1833,16.8407,0.1350,1.1132,0
gbpusd+audusd+nzdusd,day_open,0-9,0.2000,30,5199,0.3770,-4.3241,-47.6216,0.2900,-0.2040,1.0000,-0.1144,0.1821,16.8309,0.1516,1.1132,0
gbpusd+audusd+nzdusd,day_open,0-9,0.2000,40,5199,0.4074,-4.7408,-47.6400,0.2900,-0.3126,1.0000,-0.1149,0.1813,16.8309,0.1731,1.1132,0
gbpusd+audusd+nzdusd,day_open,0-9,0.3000,25,3843,0.3578,-3.0999,-47.7604,0.3173,-0.1418,1.0000,-0.1077,0.1785,12.4411,0.1408,1.3356,0
gbpusd+audusd+nzdusd,day_open,0-9,0.3000,30,3843,0.3810,-3.6116,-47.7919,0.3173,-0.3005,1.0000,-0.1092,0.1782,12.4411,0.1530,1.3356,0
gbpusd+audusd+nzdusd,day_open,0-9,0.3000,40,3843,0.4093,-3.9751,-47.7976,0.3173,-0.3630,1.0000,-0.1096,0.1779,12.4411,0.1712,1.3356,0
gbpusd+audusd+nzdusd,day_open,0-9,0.4000,25,2586,0.3492,-3.5742,-47.6622,0.2046,-0.5177,1.0000,-0.1107,0.1787,8.3718,0.1311,1.5810,0
gbpusd+audusd+nzdusd,day_open,0-9,0.4000,30,2586,0.3712,-4.4041,-47.6630,0.2046,-0.5687,1.0000,-0.1112,0.1789,8.3718,0.1427,1.5810,0
gbpusd+audusd+nzdusd,day_open,0-9,0.4000,40,2586,0.4014,-4.8572,-47.7994,0.2046,-0.5873,1.0000,-0.1129,0.1761,8.3718,0.1632,1.5810,0
gbpusd+audusd+nzdusd,day_open,0-9,0.6000,25,1089,0.3462,-4.0028,-47.3827,0.1503,-0.3199,1.0000,-0.0957,0.1850,3.5255,0.1359,2.6944,9
gbpusd+audusd+nzdusd,day_open,0-9,0.6000,30,1089,0.3783,-3.8015,-47.3318,0.1503,-0.3345,1.0000,-0.0935,0.1856,3.5255,0.1524,2.6944,9
gbpusd+audusd+nzdusd,day_open,0-9,0.6000,40,1089,0.4178,-3.4639,-47.4205,0.1503,-0.3290,1.0000,-0.0895,0.1834,3.5255,0.1818,2.6944,9
gbpusd+audusd+nzdusd,day_open,1-7,0.1500,25,5484,0.3541,-3.2894,-47.4846,0.2595,0.0105,1.0000,-0.1132,0.1854,17.7536,0.1282,1.0880,1
gbpusd+audusd+nzdusd,day_open,1-7,0.1500,30,5484,0.3791,-3.7641,-47.5195,0.2595,-0.0799,1.0000,-0.1133,0.1844,17.7536,0.1453,1.0880,1
gbpusd+audusd+nzdusd,day_open,1-7,0.1500,40,5484,0.4085,-4.2535,-47.4550,0.2595,-0.1956,1.0000,-0.1149,0.1851,17.7536,0.1647,1.0880,1
gbpusd+audusd+nzdusd,day_open,1-7,0.2000,25,4680,0.3483,-3.5583,-47.5484,0.2997,-0.0205,1.0000,-0.1110,0.1845,15.1508,0.1299,1.1799,1
gbpusd+audusd+nzdusd,day_open,1-7,0.2000,30,4680,0.3754,-4.0679,-47.6134,0.2997,-0.1030,1.0000,-0.1117,0.1832,15.1508,0.1479,1.1799,1
gbpusd+audusd+nzdusd,day_open,1-7,0.2000,40,4680,0.4051,-4.5062,-47.6807,0.2997,-0.2209,1.0000,-0.1122,0.1815,15.1508,0.1675,1.1799,1
gbpusd+audusd+nzdusd,day_open,1-7,0.3000,25,3099,0.3491,-3.0177,-47.9606,0.2996,-0.2027,1.0000,-0.1075,0.1797,10.0325,0.1294,1.4545,1
gbpusd+audusd+nzdusd,day_open,1-7,0.3000,30,3099,0.3746,-3.5723,-48.0734,0.2996,-0.3193,1.0000,-0.1090,0.1775,10.0325,0.1436,1.4545,1
gbpusd+audusd+nzdusd,day_open,1-7,0.3000,40,3099,0.4037,-4.2259,-48.0389,0.2996,-0.3662,1.0000,-0.1095,0.1768,10.0325,0.1620,1.4545,1
gbpusd+audusd+nzdusd,day_open,1-7,0.4000,25,1962,0.3425,-3.5428,-47.8374,0.1781,-0.4463,1.0000,-0.1140,0.1793,6.3517,0.1244,1.7342,1
gbpusd+audusd+nzdusd,day_open,1-7,0.4000,30,1962,0.3695,-4.2101,-47.9326,0.1781,-0.4804,1.0000,-0.1141,0.1769,6.3517,0.1402,1.7342,1
gbpusd+audusd+nzdusd,day_open,1-7,0.4000,40,1962,0.3991,-5.0131,-48.2208,0.1781,-0.5139,1.0000,-0.1158,0.1709,6.3517,0.1600,1.7342,1
gbpusd+audusd+nzdusd,day_open,1-7,0.6000,25,753,0.3187,-5.5123,-47.0571,0.2298,-0.4204,1.0000,-0.1061,0.1919,2.4377,0.1248,4.2353,1
gbpusd+audusd+nzdusd,day_open,1-7,0.6000,30,753,0.3559,-5.6382,-47.1539,0.2298,-0.4003,1.0000,-0.1037,0.1894,2.4377,0.1461,4.2353,1
gbpusd+audusd+nzdusd,day_open,1-7,0.6000,40,753,0.3918,-5.8580,-47.6209,0.2298,-0.3811,1.0000,-0.1050,0.1809,2.4377,0.1766,4.2353,1
gbpusd+audusd+nzdusd,day_open,19-9,0.1500,25,5992,0.3450,-2.9278,-47.3554,0.2151,0.0540,0.9998,-0.1123,0.1871,19.4046,0.1148,1.0338,21
gbpusd+audusd+nzdusd,day_open,19-9,0.1500,30,5991,0.3684,-3.7357,-47.3376,0.2151,-0.0009,1.0000,-0.1140,0.1871,19.3949,0.1304,1.0338,21
gbpusd+audusd+nzdusd,day_open,19-9,0.1500,40,5991,0.4059,-4.0044,-47.2592,0.2151,-0.0574,1.0000,-0.1163,0.1888,19.3949,0.1532,1.0338,21
gbpusd+audusd+nzdusd,day_open,19-9,0.2000,25,5311,0.3455,-3.8485,-47.5017,0.2808,0.1156,0.9998,-0.1131,0.1847,17.2000,0.1246,1.0822,22
gbpusd+audusd+nzdusd,day_open,19-9,0.2000,30,5310,0.3727,-4.3693,-47.5617,0.2808,0.0856,1.0000,-0.1139,0.1836,17.1903,0.1416,1.0822,22
gbpusd+audusd+nzdusd,day_open,19-9,0.2000,40,5310,0.4062,-4.8055,-47.5036,0.2808,-0.0250,1.0000,-0.1148,0.1843,17.1903,0.1631,1.0822,22
gbpusd+audusd+nzdusd,day_open,19-9,0.3000,25,3909,0.3497,-3.9043,-47.6464,0.3188,-0.2333,1.0000,-0.1135,0.1818,12.6548,0.1353,1.3667,4
gbpusd+audusd+nzdusd,day_open,19-9,0.3000,30,3909,0.3735,-4.5574,-47.6866,0.3188,-0.3628,1.0000,-0.1146,0.1813,12.6548,0.1489,1.3667,4
gbpusd+audusd+nzdusd,day_open,19-9,0.3000,40,3909,0.4052,-4.6007,-47.7460,0.3188,-0.3851,1.0000,-0.1143,0.1803,12.6548,0.1655,1.3667,4
gbpusd+audusd+nzdusd,day_open,19-9,0.4000,25,2631,0.3402,-4.8141,-47.4452,0.1963,-0.4462,1.0000,-0.1149,0.1834,8.5174,0.1254,1.6190,9
gbpusd+audusd+nzdusd,day_open,19-9,0.4000,30,2631,0.3649,-5.5541,-47.5266,0.1963,-0.4888,1.0000,-0.1150,0.1823,8.5174,0.1372,1.6190,9
gbpusd+audusd+nzdusd,day_open,19-9,0.4000,40,2631,0.3968,-5.8152,-47.6039,0.1963,-0.5250,1.0000,-0.1161,0.1805,8.5174,0.1543,1.6190,9
gbpusd+audusd+nzdusd,day_open,19-9,0.6000,25,1095,0.3434,-4.3812,-47.3317,0.1575,-0.3618,1.0000,-0.0998,0.1867,3.5449,0.1297,2.6944,9
gbpusd+audusd+nzdusd,day_open,19-9,0.6000,30,1095,0.3708,-5.0353,-47.1990,0.1575,-0.3492,1.0000,-0.1051,0.1887,3.5449,0.1443,2.6944,9
gbpusd+audusd+nzdusd,day_open,19-9,0.6000,40,1095,0.4128,-4.1154,-47.3357,0.1575,-0.3703,1.0000,-0.1039,0.1861,3.5449,0.1735,2.6944,9
gbpusd+audusd+nzdusd,prev_close,0-9,0.1500,25,5869,0.3544,-3.2561,-47.3865,0.2506,-0.0706,0.9998,-0.1159,0.1867,19.0064,0.1269,1.0658,0
gbpusd+audusd+nzdusd,prev_close,0-9,0.1500,30,5868,0.3780,-3.7879,-47.3637,0.2506,-0.1657,1.0000,-0.1169,0.1867,18.9967,0.1437,1.0658,0
gbpusd+audusd+nzdusd,prev_close,0-9,0.1500,40,5868,0.4093,-4.1257,-47.2971,0.2506,-0.2953,1.0000,-0.1169,0.1880,18.9967,0.1656,1.0658,0
gbpusd+audusd+nzdusd,prev_close,0-9,0.2000,25,5272,0.3579,-3.1706,-47.3594,0.2350,-0.1637,0.9998,-0.1118,0.1875,17.0737,0.1364,1.0981,0
gbpusd+audusd+nzdusd,prev_close,0-9,0.2000,30,5271,0.3817,-3.7174,-47.3673,0.2350,-0.2481,1.0000,-0.1130,0.1872,17.0640,0.1531,1.0981,0
gbpusd+audusd+nzdusd,prev_close,0-9,0.2000,40,5271,0.4123,-4.1241,-47.3951,0.2350,-0.3618,1.0000,-0.1150,0.1861,17.0640,0.1740,1.0981,0
gbpusd+audusd+nzdusd,prev_close,0-9,0.3000,25,3909,0.3569,-3.0000,-47.3823,0.2291,-0.1389,1.0000,-0.1109,0.1860,12.6548,0.1427,1.3117,0
gbpusd+audusd+nzdusd,prev_close,0-9,0.3000,30,3909,0.3807,-3.5425,-47.4093,0.2291,-0.3131,1.0000,-0.1117,0.1857,12.6548,0.1555,1.3117,0
gbpusd+audusd+nzdusd,prev_close,0-9,0.3000,40,3909,0.4111,-3.7861,-47.4969,0.2291,-0.3911,1.0000,-0.1108,0.1836,12.6548,0.1755,1.3117,0
gbpusd+audusd+nzdusd,prev_close,0-9,0.4000,25,2658,0.3495,-3.6893,-47.5263,0.1569,-0.4858,1.0000,-0.1109,0.1816,8.6049,0.1272,1.6832,0
gbpusd+audusd+nzdusd,prev_close,0-9,0.4000,30,2658,0.3736,-4.4266,-47.5041,0.1569,-0.5130,1.0000,-0.1113,0.1822,8.6049,0.1400,1.6832,0
gbpusd+audusd+nzdusd,prev_close,0-9,0.4000,40,2658,0.4026,-4.9938,-47.7095,0.1569,-0.5213,1.0000,-0.1129,0.1783,8.6049,0.1576,1.6832,0
gbpusd+audusd+nzdusd,prev_close,0-9,0.6000,25,1179,0.3545,-3.3701,-47.1687,0.0930,-0.4029,1.0000,-0.1094,0.1921,3.8168,0.1230,2.7027,9
gbpusd+audusd+nzdusd,prev_close,0-9,0.6000,30,1179,0.3851,-3.3951,-47.0718,0.0930,-0.3948,1.0000,-0.1133,0.1939,3.8168,0.1357,2.7027,9
gbpusd+audusd+nzdusd,prev_close,0-9,0.6000,40,1179,0.4266,-3.0921,-47.0503,0.0930,-0.3762,1.0000,-0.1087,0.1936,3.8168,0.1654,2.7027,9
gbpusd+audusd+nzdusd,prev_close,1-7,0.1500,25,5508,0.3593,-2.8299,-47.4236,0.2305,-0.1450,1.0000,-0.1133,0.1864,17.8313,0.1278,1.0734,1
gbpusd+audusd+nzdusd,prev_close,1-7,0.1500,30,5508,0.3844,-3.3621,-47.4360,0.2305,-0.2463,1.0000,-0.1152,0.1859,17.8313,0.1451,1.0734,1
gbpusd+audusd+nzdusd,prev_close,1-7,0.1500,40,5508,0.4150,-3.7629,-47.3835,0.2305,-0.3595,1.0000,-0.1167,0.1865,17.8313,0.1643,1.0734,1
gbpusd+audusd+nzdusd,prev_close,1-7,0.2000,25,4743,0.3553,-2.9135,-47.3828,0.2394,-0.0687,1.0000,-0.1094,0.1878,15.3547,0.1314,1.1872,1
gbpusd+audusd+nzdusd,prev_close,1-7,0.2000,30,4743,0.3810,-3.4557,-47.3840,0.2394,-0.1451,1.0000,-0.1115,0.1875,15.3547,0.1499,1.1872,1
gbpusd+audusd+nzdusd,prev_close,1-7,0.2000,40,4743,0.4124,-3.7986,-47.4561,0.2394,-0.2761,1.0000,-0.1133,0.1856,15.3547,0.1689,1.1872,1
gbpusd+audusd+nzdusd,prev_close,1-7,0.3000,25,3177,0.3510,-2.7157,-47.2673,0.2622,-0.1608,1.0000,-0.1144,0.1938,10.2850,0.1313,1.4590,1
gbpusd+audusd+nzdusd,prev_close,1-7,0.3000,30,3177,0.3777,-3.2739,-47.3593,0.2622,-0.2910,1.0000,-0.1138,0.1917,10.2850,0.1473,1.4590,1
gbpusd+audusd+nzdusd,prev_close,1-7,0.3000,40,3177,0.4111,-3.4933,-47.5908,0.2622,-0.3562,1.0000,-0.1124,0.1860,10.2850,0.1681,1.4590,1
gbpusd+audusd+nzdusd,prev_close,1-7,0.4000,25,2037,0.3422,-3.6795,-47.4085,0.1132,-0.4356,1.0000,-0.1140,0.1885,6.5945,0.1183,1.8400,1
gbpusd+audusd+nzdusd,prev_close,1-7,0.4000,30,2037,0.3702,-4.3463,-47.5351,0.1132,-0.4301,1.0000,-0.1135,0.1854,6.5945,0.1350,1.8400,1
gbpusd+audusd+nzdusd,prev_close,1-7,0.4000,40,2037,0.4021,-4.9967,-47.8852,0.1132,-0.4405,1.0000,-0.1149,0.1783,6.5945,0.1532,1.8400,1
gbpusd+audusd+nzdusd,prev_close,1-7,0.6000,25,831,0.3321,-3.7272,-46.5462,0.1492,-0.4490,1.0000,-0.1038,0.2064,2.6902,0.1131,3.9474,1
gbpusd+audusd+nzdusd,prev_close,1-7,0.6000,30,831,0.3658,-4.0210,-46.7040,0.1492,-0.4257,1.0000,-0.1086,0.2029,2.6902,0.1300,3.9474,1
gbpusd+audusd+nzdusd,prev_close,1-7,0.6000,40,831,0.4031,-4.1002,-47.0339,0.1492,-0.4013,1.0000,-0.1056,0.1959,2.6902,0.1600,3.9474,1
gbpusd+audusd+nzdusd,prev_close,19-9,0.1500,25,6019,0.3496,-2.4147,-47.2746,0.2681,-0.0084,0.9998,-0.1078,0.1893,19.4920,0.1151,1.0252,21
gbpusd+audusd+nzdusd,prev_close,19-9,0.1500,30,6018,0.3749,-3.0993,-47.2432,0.2681,-0.0557,1.0000,-0.1088,0.1897,19.4823,0.1311,1.0252,21
gbpusd+audusd+nzdusd,prev_close,19-9,0.1500,40,6018,0.4108,-3.4845,-47.1796,0.2681,-0.1630,1.0000,-0.1131,0.1909,19.4823,0.1532,1.0252,21
gbpusd+audusd+nzdusd,prev_close,19-9,0.2000,25,5389,0.3531,-2.9685,-47.3411,0.2678,0.1143,0.9998,-0.1092,0.1887,17.4525,0.1232,1.0776,22
gbpusd+audusd+nzdusd,prev_close,19-9,0.2000,30,5388,0.3786,-3.5111,-47.3996,0.2678,0.0753,1.0000,-0.1110,0.1874,17.4428,0.1399,1.0776,22
gbpusd+audusd+nzdusd,prev_close,19-9,0.2000,40,5388,0.4118,-3.9478,-47.3074,0.2678,-0.0168,1.0000,-0.1134,0.1888,17.4428,0.1611,1.0776,22
gbpusd+audusd+nzdusd,prev_close,19-9,0.3000,25,3984,0.3514,-3.3471,-47.3622,0.2528,-0.1907,1.0000,-0.1134,0.1880,12.8782,0.1350,1.3355,4
gbpusd+audusd+nzdusd,prev_close,19-9,0.3000,30,3984,0.3783,-3.9363,-47.4506,0.2528,-0.2962,1.0000,-0.1150,0.1865,12.8782,0.1491,1.3355,4
gbpusd+audusd+nzdusd,prev_close,19-9,0.3000,40,3984,0.4086,-4.3277,-47.4989,0.2528,-0.3261,1.0000,-0.1158,0.1852,12.8782,0.1677,1.3355,4
gbpusd+audusd+nzdusd,prev_close,19-9,0.4000,25,2730,0.3469,-3.6747,-47.3538,0.1963,-0.3758,1.0000,-0.1119,0.1870,8.8185,0.1187,1.7030,9
gbpusd+audusd+nzdusd,prev_close,19-9,0.4000,30,2730,0.3736,-4.3505,-47.4732,0.1963,-0.4014,1.0000,-0.1126,0.1849,8.8185,0.1311,1.7030,9
gbpusd+audusd+nzdusd,prev_close,19-9,0.4000,40,2730,0.4040,-4.8538,-47.5996,0.1963,-0.4079,1.0000,-0.1138,0.1822,8.8185,0.1462,1.7030,9
gbpusd+audusd+nzdusd,prev_close,19-9,0.6000,25,1197,0.3383,-5.2465,-46.9391,0.1390,-0.3952,1.0000,-0.1140,0.1972,3.8751,0.1170,2.7027,9
gbpusd+audusd+nzdusd,prev_close,19-9,0.6000,30,1197,0.3676,-5.8395,-46.8875,0.1390,-0.3521,1.0000,-0.1141,0.1981,3.8751,0.1295,2.7027,9
gbpusd+audusd+nzdusd,prev_close,19-9,0.6000,40,1197,0.4110,-5.1820,-46.8676,0.1390,-0.3718,1.0000,-0.1114,0.1982,3.8751,0.1571,2.7027,9
gbpusd+audusd+usdjpy,day_open,0-9,0.1500,25,5399,0.3540,-1.0018,-47.7825,0.2392,0.4172,1.0000,-0.0909,0.1793,17.4817,0.1174,1.1561,0
gbpusd+audusd+usdjpy,day_open,0-9,0.1500,30,5399,0.3821,-1.2541,-47.8209,0.2392,0.3590,1.0000,-0.0959,0.1785,17.4817,0.1321,1.1561,0
gbpusd+audusd+usdjpy,day_open,0-9,0.1500,40,5398,0.4196,-1.5165,-47.6888,0.2392,0.3190,0.9998,-0.0983,0.1805,17.4817,0.1519,1.1561,0
gbpusd+audusd+usdjpy,day_open,0-9,0.2000,25,4541,0.3462,-1.9659,-47.7551,0.2429,0.1471,1.0000,-0.1156,0.1781,14.7040,0.1150,1.2994,0
gbpusd+audusd+usdjpy,day_open,0-9,0.2000,30,4541,0.3752,-2.1117,-47.7331,0.2429,0.0268,1.0000,-0.1139,0.1783,14.7040,0.1284,1.2994,0
gbpusd+audusd+usdjpy,day_open,0-9,0.2000,40,4540,0.4084,-2.4816,-47.7363,0.2429,-0.0799,0.9998,-0.1135,0.1780,14.7040,0.1496,1.2994,0
gbpusd+audusd+usdjpy,day_open,0-9,0.3000,25,2813,0.3391,-2.2198,-48.0884,0.2912,-0.3555,1.0000,-0.1061,0.1726,9.1099,0.1234,2.1084,0
gbpusd+audusd+usdjpy,day_open,0-9,0.3000,30,2812,0.3695,-2.3699,-48.0425,0.2912,-0.4537,0.9996,-0.1074,0.1736,9.1099,0.1355,2.1084,0
gbpusd+audusd+usdjpy,day_open,0-9,0.3000,40,2811,0.3984,-3.1966,-48.0869,0.2912,-0.5077,1.0000,-0.1102,0.1727,9.1002,0.1523,2.1084,0
gbpusd+audusd+usdjpy,day_open,0-9,0.4000,25,1659,0.3321,-2.8207,-48.1319,0.3587,-0.4976,1.0000,-0.1132,0.1740,5.3708,0.1200,3.2564,9
gbpusd+audusd+usdjpy,day_open,0-9,0.4000,30,1659,0.3605,-3.1187,-48.1918,0.3587,-0.5668,1.0000,-0.1142,0.1735,5.3708,0.1344,3.2564,9
gbpusd+audusd+usdjpy,day_open,0-9,0.4000,40,1659,0.3960,-3.4250,-48.2542,0.3587,-0.5474,1.0000,-0.1091,0.1724,5.3708,0.1597,3.2564,9
gbpusd+audusd+usdjpy,day_open,0-9,0.6000,25,639,0.2879,-5.3948,-46.3266,0.3229,-0.4242,1.0000,-0.1172,0.2008,2.0687,0.0845,8.1250,9
gbpusd+audusd+usdjpy,day_open,0-9,0.6000,30,639,0.3318,-4.5314,-46.4987,0.3229,-0.4270,1.0000,-0.1111,0.1969,2.0687,0.1033,8.1250,9
gbpusd+audusd+usdjpy,day_open,0-9,0.6000,40,639,0.3818,-5.6416,-46.4878,0.3229,-0.4189,1.0000,-0.1142,0.1964,2.0687,0.1362,8.1250,9
gbpusd+audusd+usdjpy,day_open,1-7,0.1500,25,4808,0.3540,-0.7441,-47.6973,0.2726,0.3330,1.0000,-0.0880,0.1810,15.5684,0.1136,1.2989,1
gbpusd+audusd+usdjpy,day_open,1-7,0.1500,30,4808,0.3812,-1.1198,-47.7477,0.2726,0.2747,1.0000,-0.0938,0.1799,15.5684,0.1285,1.2989,1
gbpusd+audusd+usdjpy,day_open,1-7,0.1500,40,4807,0.4213,-1.3136,-47.6025,0.2726,0.2387,0.9998,-0.0980,0.1823,15.5684,0.1494,1.2989,1
gbpusd+audusd+usdjpy,day_open,1-7,0.2000,25,3740,0.3366,-2.2534,-47.4991,0.2662,-0.0578,1.0000,-0.1153,0.1848,12.1109,0.1104,1.5887,1
gbpusd+audusd+usdjpy,day_open,1-7,0.2000,30,3740,0.3650,-2.5081,-47.5769,0.2662,-0.2491,1.0000,-0.1138,0.1830,12.1109,0.1249,1.5887,1
gbpusd+audusd+usdjpy,day_open,1-7,0.2000,40,3739,0.4030,-2.9258,-47.6100,0.2662,-0.3154,0.9997,-0.1144,0.1821,12.1109,0.1474,1.5887,1
gbpusd+audusd+usdjpy,day_open,1-7,0.3000,25,2103,0.3291,-2.0226,-47.7221,0.3298,-0.3250,1.0000,-0.0956,0.1822,6.8081,0.1136,2.7170,1
gbpusd+audusd+usdjpy,day_open,1-7,0.3000,30,2103,0.3619,-2.2326,-47.8332,0.3298,-0.4410,1.0000,-0.0967,0.1801,6.8081,0.1265,2.7170,1
gbpusd+audusd+usdjpy,day_open,1-7,0.3000,40,2103,0.3932,-3.2453,-48.0269,0.3298,-0.4205,1.0000,-0.1049,0.1761,6.8081,0.1450,2.7170,1
gbpusd+audusd+usdjpy,day_open,1-7,0.4000,25,1191,0.3081,-3.5522,-47.2151,0.3598,-0.4550,1.0000,-0.1144,0.1891,3.8557,0.1058,4.4348,1
gbpusd+audusd+usdjpy,day_open,1-7,0.4000,30,1191,0.3426,-3.7317,-47.4098,0.3598,-0.5295,1.0000,-0.1141,0.1854,3.8557,0.1217,4.4348,1
gbpusd+audusd+usdjpy,day_open,1-7,0.4000,40,1191,0.3795,-4.4878,-47.6639,0.3598,-0.4933,1.0000,-0.1117,0.1810,3.8557,0.1511,4.4348,1
gbpusd+audusd+usdjpy,day_open,1-7,0.6000,25,411,0.2336,-8.6469,-45.8791,0.2753,-0.5050,1.0000,-0.1183,0.2136,1.3305,0.0706,9.8000,5
gbpusd+audusd+usdjpy,day_open,1-7,0.6000,30,411,0.2895,-7.2379,-46.2818,0.2753,-0.4723,1.0000,-0.1153,0.2051,1.3305,0.0949,9.8000,5
gbpusd+audusd+usdjpy,day_open,1-7,0.6000,40,411,0.3528,-7.8953,-46.4191,0.2753,-0.4351,1.0000,-0.1179,0.2027,1.3305,0.1290,9.8000,5
gbpusd+audusd+usdjpy,day_open,19-9,0.1500,25,5496,0.3406,-1.9449,-47.5861,0.2307,0.1756,1.0000,-0.1022,0.1821,17.7924,0.1104,1.1280,21
gbpusd+audusd+usdjpy,day_open,19-9,0.1500,30,5496,0.3690,-2.1898,-47.6620,0.2307,0.1344,1.0000,-0.1052,0.1808,17.7924,0.1241,1.1280,21
gbpusd+audusd+usdjpy,day_open,19-9,0.1500,40,5495,0.4076,-2.4233,-47.5514,0.2307,0.1223,1.0000,-0.1057,0.1825,17.7924,0.1441,1.1280,21
gbpusd+audusd+usdjpy,day_open,19-9,0.2000,25,4620,0.3422,-2.1014,-47.6870,0.2295,-0.1308,1.0000,-0.1157,0.1790,14.9565,0.1093,1.2807,4
gbpusd+audusd+usdjpy,day_open,19-9,0.2000,30,4620,0.3725,-2.0868,-47.6653,0.2295,-0.2492,1.0000,-0.1153,0.1793,14.9565,0.1219,1.2807,4
gbpusd+audusd+usdjpy,day_open,19-9,0.2000,40,4618,0.4052,-2.5393,-47.6137,0.2295,-0.2009,0.9998,-0.1139,0.1801,14.9565,0.1414,1.2807,4
gbpusd+audusd+usdjpy,day_open,19-9,0.3000,25,2861,0.3345,-1.9437,-47.8533,0.2869,-0.2287,1.0000,-0.1054,0.1757,9.2653,0.1192,2.1928,9
gbpusd+audusd+usdjpy,day_open,19-9,0.3000,30,2860,0.3657,-2.1541,-47.8383,0.2869,-0.3619,0.9997,-0.1064,0.1761,9.2653,0.1318,2.1928,9
gbpusd+audusd+usdjpy,day_open,19-9,0.3000,40,2859,0.3973,-2.6547,-47.8568,0.2869,-0.4983,1.0000,-0.1088,0.1759,9.2556,0.1476,2.1928,9
gbpusd+audusd+usdjpy,day_open,19-9,0.4000,25,1683,0.3345,-2.1843,-48.0516,0.3655,-0.3918,1.0000,-0.1052,0.1748,5.4484,0.1153,3.2564,9
gbpusd+audusd+usdjpy,day_open,19-9,0.4000,30,1683,0.3630,-2.5918,-48.1048,0.3655,-0.4740,1.0000,-0.1087,0.1743,5.4484,0.1289,3.2564,9
gbpusd+audusd+usdjpy,day_open,19-9,0.4000,40,1683,0.3951,-3.1865,-48.1152,0.3655,-0.4802,1.0000,-0.1074,0.1741,5.4484,0.1509,3.2564,9
gbpusd+audusd+usdjpy,day_open,19-9,0.6000,25,639,0.2817,-5.8285,-46.1552,0.3229,-0.3396,1.0000,-0.1179,0.2047,2.0687,0.0829,8.1250,9
gbpusd+audusd+usdjpy,day_open,19-9,0.6000,30,639,0.3255,-4.9311,-46.2706,0.3229,-0.3757,1.0000,-0.1121,0.2016,2.0687,0.1033,8.1250,9
gbpusd+audusd+usdjpy,day_open,19-9,0.6000,40,639,0.3772,-5.7840,-46.2689,0.3229,-0.3587,1.0000,-0.1135,0.2011,2.0687,0.1346,8.1250,9
gbpusd+audusd+usdjpy,prev_close,0-9,0.1500,25,5414,0.3485,-1.2769,-47.5505,0.2740,0.2852,1.0000,-0.0924,0.1834,17.5302,0.1210,1.1561,0
gbpusd+audusd+usdjpy,prev_close,0-9,0.1500,30,5414,0.3777,-1.5573,-47.5434,0.2740,0.2113,1.0000,-0.0968,0.1832,17.5302,0.1369,1.1561,0
gbpusd+audusd+usdjpy,prev_close,0-9,0.1500,40,5413,0.4162,-1.8089,-47.4448,0.2740,0.1334,0.9998,-0.1017,0.1849,17.5302,0.1565,1.1561,0
gbpusd+audusd+usdjpy,prev_close,0-9,0.2000,25,4541,0.3464,-1.8941,-47.4391,0.2851,0.0519,1.0000,-0.1065,0.1848,14.7040,0.1130,1.3540,0
gbpusd+audusd+usdjpy,prev_close,0-9,0.2000,30,4541,0.3763,-1.9980,-47.3757,0.2851,-0.0903,1.0000,-0.1089,0.1854,14.7040,0.1273,1.3540,0
gbpusd+audusd+usdjpy,prev_close,0-9,0.2000,40,4540,0.4070,-2.6127,-47.4124,0.2851,-0.2510,0.9998,-0.1126,0.1845,14.7040,0.1460,1.3540,0
gbpusd+audusd+usdjpy,prev_close,0-9,0.3000,25,2879,0.3446,-1.9717,-47.4973,0.2488,-0.3074,1.0000,-0.1083,0.1836,9.3235,0.1216,2.1205,0
gbpusd+audusd+usdjpy,prev_close,0-9,0.3000,30,2878,0.3773,-2.0608,-47.4952,0.2488,-0.3883,0.9997,-0.1098,0.1840,9.3235,0.1352,2.1205,0
gbpusd+audusd+usdjpy,prev_close,0-9,0.3000,40,2877,0.4081,-2.8603,-47.5910,0.2488,-0.4368,1.0000,-0.1121,0.1821,9.3138,0.1515,2.1205,0
gbpusd+audusd+usdjpy,prev_close,0-9,0.4000,25,1758,0.3248,-3.4948,-47.1810,0.2802,-0.5959,1.0000,-0.1146,0.1938,5.6912,0.1081,3.0750,0
gbpusd+audusd+usdjpy,prev_close,0-9,0.4000,30,1758,0.3532,-3.8096,-47.2744,0.2802,-0.6258,1.0000,-0.1147,0.1933,5.6912,0.1251,3.0750,0
gbpusd+audusd+usdjpy,prev_close,0-9,0.4000,40,1758,0.3902,-4.1044,-47.4309,0.2802,-0.6195,1.0000,-0.1111,0.1901,5.6912,0.1490,3.0750,0
gbpusd+audusd+usdjpy,prev_close,0-9,0.6000,25,705,0.3007,-3.2291,-45.5632,0.3092,-0.4388,1.0000,-0.1098,0.2217,2.2823,0.1021,8.0000,9
gbpusd+audusd+usdjpy,prev_close,0-9,0.6000,30,705,0.3319,-3.3104,-45.6506,0.3092,-0.4337,1.0000,-0.1096,0.2196,2.2823,0.1106,8.0000,9
gbpusd+audusd+usdjpy,prev_close,0-9,0.6000,40,705,0.3915,-3.6667,-45.9234,0.3092,-0.3799,1.0000,-0.1131,0.2135,2.2823,0.1475,8.0000,9
gbpusd+audusd+usdjpy,prev_close,1-7,0.1500,25,4829,0.3496,-1.1616,-47.4775,0.2897,0.1890,1.0000,-0.0954,0.1858,15.6364,0.1160,1.2857,1
gbpusd+audusd+usdjpy,prev_close,1-7,0.1500,30,4829,0.3763,-1.6381,-47.5033,0.2897,0.0907,1.0000,-0.1021,0.1848,15.6364,0.1321,1.2857,1
gbpusd+audusd+usdjpy,prev_close,1-7,0.1500,40,4828,0.4186,-1.7322,-47.3436,0.2897,0.0042,0.9998,-0.1039,0.1876,15.6364,0.1527,1.2857,1
gbpusd+audusd+usdjpy,prev_close,1-7,0.2000,25,3749,0.3364,-2.3196,-47.1089,0.3005,-0.1330,1.0000,-0.1135,0.1936,12.1400,0.1102,1.6230,1
gbpusd+audusd+usdjpy,prev_close,1-7,0.2000,30,3749,0.3649,-2.5506,-47.1844,0.3005,-0.3279,1.0000,-0.1152,0.1915,12.1400,0.1246,1.6230,1
gbpusd+audusd+usdjpy,prev_close,1-7,0.2000,40,3748,0.4013,-3.0469,-47.2357,0.3005,-0.3931,0.9997,-0.1162,0.1903,12.1400,0.1446,1.6230,1
gbpusd+audusd+usdjpy,prev_close,1-7,0.3000,25,2166,0.3283,-2.3046,-47.0218,0.3056,-0.3709,1.0000,-0.1070,0.1977,7.0121,0.1108,2.7358,1
gbpusd+audusd+usdjpy,prev_close,1-7,0.3000,30,2166,0.3633,-2.5009,-47.1498,0.3056,-0.4498,1.0000,-0.1086,0.1954,7.0121,0.1260,2.7358,1
gbpusd+audusd+usdjpy,prev_close,1-7,0.3000,40,2166,0.3975,-3.3870,-47.3531,0.3056,-0.4206,1.0000,-0.1121,0.1906,7.0121,0.1445,2.7358,1
gbpusd+audusd+usdjpy,prev_close,1-7,0.4000,25,1284,0.3045,-4.0646,-46.2182,0.2697,-0.5751,1.0000,-0.1148,0.2105,4.1567,0.0974,4.3913,1
gbpusd+audusd+usdjpy,prev_close,1-7,0.4000,30,1284,0.3372,-4.3773,-46.4104,0.2697,-0.6144,1.0000,-0.1146,0.2071,4.1567,0.1145,4.3913,1
gbpusd+audusd+usdjpy,prev_close,1-7,0.4000,40,1284,0.3816,-4.5453,-46.8179,0.2697,-0.5808,1.0000,-0.1134,0.1991,4.1567,0.1433,4.3913,1
gbpusd+audusd+usdjpy,prev_close,1-7,0.6000,25,480,0.2708,-5.1458,-44.9292,0.2671,-0.5223,1.0000,-0.1191,0.2538,1.5539,0.1000,9.8000,1
gbpusd+audusd+usdjpy,prev_close,1-7,0.6000,30,480,0.3021,-5.3235,-45.1588,0.2671,-0.4656,1.0000,-0.1152,0.2475,1.5539,0.1104,9.8000,1
gbpusd+audusd+usdjpy,prev_close,1-7,0.6000,40,480,0.3833,-4.3938,-45.6951,0.2671,-0.3990,1.0000,-0.1098,0.2361,1.5539,0.1521,9.8000,1
gbpusd+audusd+usdjpy,prev_close,19-9,0.1500,25,5523,0.3384,-1.8037,-47.4311,0.2437,0.1337,1.0000,-0.0969,0.1850,17.8701,0.1090,1.1280,21
gbpusd+audusd+usdjpy,prev_close,19-9,0.1500,30,5523,0.3666,-2.1914,-47.4702,0.2437,0.1184,1.0000,-0.1014,0.1842,17.8701,0.1231,1.1280,21
gbpusd+audusd+usdjpy,prev_close,19-9,0.1500,40,5522,0.4064,-2.3893,-47.3869,0.2437,0.1201,1.0000,-0.1038,0.1854,17.8701,0.1432,1.1280,21
gbpusd+audusd+usdjpy,prev_close,19-9,0.2000,25,4641,0.3417,-1.9941,-47.3327,0.2595,-0.1154,1.0000,-0.1076,0.1863,15.0148,0.1071,1.3333,22
gbpusd+audusd+usdjpy,prev_close,19-9,0.2000,30,4641,0.3732,-1.8855,-47.3767,0.2595,-0.1775,1.0000,-0.1084,0.1854,15.0148,0.1209,1.3333,22
gbpusd+audusd+usdjpy,prev_close,19-9,0.2000,40,4639,0.4055,-2.4887,-47.2946,0.2595,-0.2382,0.9998,-0.1105,0.1866,15.0148,0.1395,1.3333,22
gbpusd+audusd+usdjpy,prev_close,19-9,0.3000,25,2975,0.3466,-1.2897,-47.1713,0.2706,-0.1630,1.0000,-0.1011,0.1893,9.6149,0.1139,2.2048,9
gbpusd+audusd+usdjpy,prev_close,19-9,0.3000,30,2974,0.3796,-1.4755,-47.2286,0.2706,-0.2445,0.9997,-0.1043,0.1885,9.6149,0.1271,2.2048,9
gbpusd+audusd+usdjpy,prev_close,19-9,0.3000,40,2973,0.4117,-1.9469,-47.2176,0.2706,-0.3354,1.0000,-0.1080,0.1887,9.6052,0.1426,2.2048,9
gbpusd+audusd+usdjpy,prev_close,19-9,0.4000,25,1806,0.3267,-2.7148,-46.9935,0.3073,-0.4901,1.0000,-0.1096,0.1976,5.8466,0.1035,3.1500,9
gbpusd+audusd+usdjpy,prev_close,19-9,0.4000,30,1806,0.3549,-3.2218,-47.0743,0.3073,-0.5247,1.0000,-0.1100,0.1968,5.8466,0.1190,3.1500,9
gbpusd+audusd+usdjpy,prev_close,19-9,0.4000,40,1806,0.3876,-3.8741,-47.1350,0.3073,-0.5222,1.0000,-0.1071,0.1953,5.8466,0.1406,3.1500,9
gbpusd+audusd+usdjpy,prev_close,19-9,0.6000,25,711,0.2883,-4.6948,-45.3265,0.3067,-0.2698,1.0000,-0.1180,0.2290,2.3018,0.0914,8.0000,9
gbpusd+audusd+usdjpy,prev_close,19-9,0.6000,30,711,0.3193,-4.6763,-45.4033,0.3067,-0.2874,1.0000,-0.1123,0.2269,2.3018,0.1013,8.0000,9
gbpusd+audusd+usdjpy,prev_close,19-9,0.6000,40,711,0.3797,-4.7058,-45.6266,0.3067,-0.2061,1.0000,-0.1127,0.2216,2.3018,0.1364,8.0000,9
gbpusd+nzdusd+usdjpy,day_open,0-9,0.1500,25,5398,0.3444,-2.3585,-47.5332,0.1663,0.1094,0.9998,-0.1106,0.1835,17.4817,0.1189,1.1244,0
gbpusd+nzdusd+usdjpy,day_open,0-9,0.1500,30,5398,0.3711,-2.6541,-47.5426,0.1663,0.0482,0.9998,-0.1114,0.1830,17.4817,0.1325,1.1244,0
gbpusd+nzdusd+usdjpy,day_open,0-9,0.1500,40,5398,0.4070,-2.8405,-47.4894,0.1663,0.0035,0.9998,-0.1138,0.1842,17.4817,0.1519,1.1244,0
gbpusd+nzdusd+usdjpy,day_open,0-9,0.2000,25,4543,0.3399,-2.8527,-47.6515,0.2749,-0.0541,0.9998,-0.1117,0.1804,14.7137,0.1182,1.2690,0
gbpusd+nzdusd+usdjpy,day_open,0-9,0.2000,30,4543,0.3672,-3.1903,-47.6755,0.2749,-0.1507,0.9998,-0.1131,0.1799,14.7137,0.1327,1.2690,0
gbpusd+nzdusd+usdjpy,day_open,0-9,0.2000,40,4543,0.3997,-3.7031,-47.5167,0.2749,-0.2308,0.9998,-0.1150,0.1824,14.7137,0.1547,1.2690,0
gbpusd+nzdusd+usdjpy,day_open,0-9,0.3000,25,2947,0.3376,-3.2829,-48.0564,0.3580,-0.2667,0.9997,-0.1142,0.1742,9.5469,0.1164,1.8737,0
gbpusd+nzdusd+usdjpy,day_open,0-9,0.3000,30,2947,0.3651,-3.6238,-48.0547,0.3580,-0.3690,0.9997,-0.1166,0.1741,9.5469,0.1300,1.8737,0
gbpusd+nzdusd+usdjpy,day_open,0-9,0.3000,40,2947,0.3943,-4.2147,-47.9993,0.3580,-0.4325,0.9997,-0.1163,0.1743,9.5469,0.1510,1.8737,0
gbpusd+nzdusd+usdjpy,day_open,0-9,0.4000,25,1761,0.3248,-3.3271,-48.1126,0.3518,-0.5254,1.0000,-0.1146,0.1721,5.7010,0.1181,2.7292,9
gbpusd+nzdusd+usdjpy,day_open,0-9,0.4000,30,1761,0.3549,-3.5418,-48.2642,0.3518,-0.5640,1.0000,-0.1138,0.1693,5.7010,0.1300,2.7292,9
gbpusd+nzdusd+usdjpy,day_open,0-9,0.4000,40,1761,0.3913,-3.7697,-48.2979,0.3518,-0.5602,1.0000,-0.1129,0.1681,5.7010,0.1528,2.7292,9
gbpusd+nzdusd+usdjpy,day_open,0-9,0.6000,25,699,0.3090,-5.4813,-47.4108,0.3724,-0.4709,1.0000,-0.1106,0.1808,2.2629,0.1087,7.6667,9
gbpusd+nzdusd+usdjpy,day_open,0-9,0.6000,30,699,0.3491,-4.0505,-47.3549,0.3724,-0.4705,1.0000,-0.1060,0.1817,2.2629,0.1288,7.6667,9
gbpusd+nzdusd+usdjpy,day_open,0-9,0.6000,40,699,0.3906,-5.4577,-47.4124,0.3724,-0.4654,1.0000,-0.1064,0.1804,2.2629,0.1559,7.6667,9
gbpusd+nzdusd+usdjpy,day_open,1-7,0.1500,25,4852,0.3454,-2.1766,-47.5527,0.1863,0.0304,0.9998,-0.1106,0.1841,15.7141,0.1125,1.2514,1
gbpusd+nzdusd+usdjpy,day_open,1-7,0.1500,30,4852,0.3724,-2.5624,-47.5643,0.1863,-0.0683,0.9998,-0.1118,0.1837,15.7141,0.1282,1.2514,1
gbpusd+nzdusd+usdjpy,day_open,1-7,0.1500,40,4852,0.4089,-2.9159,-47.5430,0.1863,-0.1479,0.9998,-0.1142,0.1842,15.7141,0.1463,1.2514,1
gbpusd+nzdusd+usdjpy,day_open,1-7,0.2000,25,3817,0.3359,-2.9067,-47.7414,0.3330,-0.3045,0.9997,-0.1094,0.1801,12.3634,0.1077,1.5191,1
gbpusd+nzdusd+usdjpy,day_open,1-7,0.2000,30,3817,0.3636,-3.3429,-47.8037,0.3330,-0.3807,0.9997,-0.1117,0.1789,12.3634,0.1244,1.5191,1
gbpusd+nzdusd+usdjpy,day_open,1-7,0.2000,40,3817,0.3987,-3.9177,-47.6728,0.3330,-0.4152,0.9997,-0.1131,0.1807,12.3634,0.1467,1.5191,1
gbpusd+nzdusd+usdjpy,day_open,1-7,0.3000,25,2230,0.3175,-4.0100,-47.7027,0.3361,-0.3520,0.9996,-0.1083,0.1823,7.2257,0.1009,2.4333,1
gbpusd+nzdusd+usdjpy,day_open,1-7,0.3000,30,2230,0.3466,-4.6032,-47.9046,0.3361,-0.4427,0.9996,-0.1121,0.1786,7.2257,0.1157,2.4333,1
gbpusd+nzdusd+usdjpy,day_open,1-7,0.3000,40,2230,0.3803,-5.2791,-47.9005,0.3361,-0.4777,0.9996,-0.1116,0.1771,7.2257,0.1377,2.4333,1
gbpusd+nzdusd+usdjpy,day_open,1-7,0.4000,25,1260,0.2984,-4.1916,-48.2839,0.3761,-0.5341,1.0000,-0.1156,0.1695,4.0791,0.1040,3.8077,1
gbpusd+nzdusd+usdjpy,day_open,1-7,0.4000,30,1260,0.3278,-4.7857,-48.5292,0.3761,-0.5740,1.0000,-0.1157,0.1652,4.0791,0.1175,3.8077,1
gbpusd+nzdusd+usdjpy,day_open,1-7,0.4000,40,1260,0.3722,-4.7705,-48.7566,0.3761,-0.5614,1.0000,-0.1157,0.1610,4.0791,0.1460,3.8077,1
gbpusd+nzdusd+usdjpy,day_open,1-7,0.6000,25,444,0.2838,-5.1330,-46.5361,0.3292,-0.5203,1.0000,-0.1108,0.2090,1.4374,0.0856,8.3333,5
gbpusd+nzdusd+usdjpy,day_open,1-7,0.6000,30,444,0.3356,-3.6139,-46.4253,0.3292,-0.4487,1.0000,-0.0901,0.2104,1.4374,0.1149,8.3333,5
gbpusd+nzdusd+usdjpy,day_open,1-7,0.6000,40,444,0.3919,-4.8062,-46.9045,0.3292,-0.4192,1.0000,-0.1004,0.2002,1.4374,0.1464,8.3333,5
gbpusd+nzdusd+usdjpy,day_open,19-9,0.1500,25,5490,0.3301,-3.5256,-47.3920,0.1599,0.0692,1.0000,-0.1116,0.1865,17.7730,0.1098,1.1280,22
gbpusd+nzdusd+usdjpy,day_open,19-9,0.1500,30,5489,0.3596,-3.8774,-47.4451,0.1599,0.0626,1.0000,-0.1127,0.1854,17.7730,0.1226,1.1280,22
gbpusd+nzdusd+usdjpy,day_open,19-9,0.1500,40,5489,0.3970,-4.3421,-47.3716,0.1599,-0.0818,1.0000,-0.1151,0.1873,17.7730,0.1406,1.1280,22
gbpusd+nzdusd+usdjpy,day_open,19-9,0.2000,25,4655,0.3358,-2.9291,-47.6852,0.2853,0.0148,1.0000,-0.1133,0.1798,15.0731,0.1166,1.2701,22
gbpusd+nzdusd+usdjpy,day_open,19-9,0.2000,30,4655,0.3652,-3.2133,-47.6903,0.2853,-0.0262,1.0000,-0.1140,0.1797,15.0731,0.1310,1.2701,22
gbpusd+nzdusd+usdjpy,day_open,19-9,0.2000,40,4654,0.3997,-3.6563,-47.4969,0.2853,-0.1374,0.9998,-0.1163,0.1833,15.0731,0.1528,1.2701,22
gbpusd+nzdusd+usdjpy,day_open,19-9,0.3000,25,2995,0.3322,-3.4350,-47.9695,0.3454,-0.2898,0.9997,-0.1143,0.1758,9.7023,0.1119,1.8947,9
gbpusd+nzdusd+usdjpy,day_open,19-9,0.3000,30,2995,0.3593,-3.8840,-47.9423,0.3454,-0.3761,0.9997,-0.1166,0.1762,9.7023,0.1249,1.8947,9
gbpusd+nzdusd+usdjpy,day_open,19-9,0.3000,40,2995,0.3923,-4.2855,-47.8893,0.3454,-0.4588,0.9997,-0.1165,0.1763,9.7023,0.1466,1.8947,9
gbpusd+nzdusd+usdjpy,day_open,19-9,0.4000,25,1779,0.3204,-3.4729,-47.9966,0.3467,-0.4758,1.0000,-0.1144,0.1731,5.7592,0.1141,2.7500,9
gbpusd+nzdusd+usdjpy,day_open,19-9,0.4000,30,1779,0.3479,-3.9318,-48.1663,0.3467,-0.5522,1.0000,-0.1121,0.1701,5.7592,0.1248,2.7500,9
gbpusd+nzdusd+usdjpy,day_open,19-9,0.4000,40,1779,0.3845,-4.2703,-48.0828,0.3467,-0.5175,1.0000,-0.1123,0.1712,5.7592,0.1467,2.7500,9
gbpusd+nzdusd+usdjpy,day_open,19-9,0.6000,25,705,0.3050,-5.8083,-47.2766,0.3919,-0.4459,1.0000,-0.1121,0.1842,2.2823,0.1035,7.6667,9
gbpusd+nzdusd+usdjpy,day_open,19-9,0.6000,30,705,0.3404,-5.1578,-47.0862,0.3919,-0.4380,1.0000,-0.1097,0.1872,2.2823,0.1248,7.6667,9
gbpusd+nzdusd+usdjpy,day_open,19-9,0.6000,40,705,0.3872,-5.6518,-47.1488,0.3919,-0.4371,1.0000,-0.1084,0.1866,2.2823,0.1489,7.6667,9
gbpusd+nzdusd+usdjpy,prev_close,0-9,0.1500,25,5449,0.3419,-2.3687,-47.2611,0.1730,-0.0385,0.9998,-0.1144,0.1899,17.6468,0.1209,1.1394,0
gbpusd+nzdusd+usdjpy,prev_close,0-9,0.1500,30,5449,0.3696,-2.5922,-47.3166,0.1730,-0.1014,0.9998,-0.1156,0.1882,17.6468,0.1351,1.1394,0
gbpusd+nzdusd+usdjpy,prev_close,0-9,0.1500,40,5449,0.4028,-3.0951,-47.2306,0.1730,-0.1739,0.9998,-0.1155,0.1898,17.6468,0.1536,1.1394,0
gbpusd+nzdusd+usdjpy,prev_close,0-9,0.2000,25,4627,0.3402,-2.6559,-47.3094,0.2530,-0.0572,0.9998,-0.1125,0.1885,14.9857,0.1145,1.3077,0
gbpusd+nzdusd+usdjpy,prev_close,0-9,0.2000,30,4627,0.3683,-2.9840,-47.2986,0.2530,-0.1582,0.9998,-0.1142,0.1881,14.9857,0.1290,1.3077,0
gbpusd+nzdusd+usdjpy,prev_close,0-9,0.2000,40,4627,0.4016,-3.4271,-47.3094,0.2530,-0.2199,0.9998,-0.1164,0.1879,14.9857,0.1509,1.3077,0
gbpusd+nzdusd+usdjpy,prev_close,0-9,0.3000,25,3022,0.3428,-2.8613,-47.8707,0.2827,-0.3094,0.9997,-0.1123,0.1789,9.7897,0.1069,1.8936,0
gbpusd+nzdusd+usdjpy,prev_close,0-9,0.3000,30,3022,0.3719,-3.0819,-47.8833,0.2827,-0.4067,0.9997,-0.1150,0.1784,9.7897,0.1224,1.8936,0
gbpusd+nzdusd+usdjpy,prev_close,0-9,0.3000,40,3022,0.4004,-3.7409,-47.8628,0.2827,-0.4554,0.9997,-0.1164,0.1779,9.7897,0.1436,1.8936,0
gbpusd+nzdusd+usdjpy,prev_close,0-9,0.4000,25,1899,0.3333,-3.1431,-47.3424,0.3350,-0.5377,1.0000,-0.1157,0.1880,6.1477,0.1111,2.6327,0
gbpusd+nzdusd+usdjpy,prev_close,0-9,0.4000,30,1899,0.3628,-3.4347,-47.3773,0.3350,-0.5624,1.0000,-0.1158,0.1873,6.1477,0.1248,2.6327,0
gbpusd+nzdusd+usdjpy,prev_close,0-9,0.4000,40,1899,0.3981,-3.7966,-47.4323,0.3350,-0.5675,1.0000,-0.1155,0.1857,6.1477,0.1469,2.6327,0
gbpusd+nzdusd+usdjpy,prev_close,0-9,0.6000,25,777,0.3192,-4.2439,-46.2346,0.2672,-0.5855,1.0000,-0.1095,0.2058,2.5154,0.1094,7.1000,9
gbpusd+nzdusd+usdjpy,prev_close,0-9,0.6000,30,777,0.3591,-3.0505,-46.3059,0.2672,-0.5116,1.0000,-0.1057,0.2053,2.5154,0.1287,7.1000,9
gbpusd+nzdusd+usdjpy,prev_close,0-9,0.6000,40,777,0.4028,-4.1513,-46.4219,0.2672,-0.5022,1.0000,-0.1063,0.2028,2.5154,0.1544,7.1000,9
gbpusd+nzdusd+usdjpy,prev_close,1-7,0.1500,25,4894,0.3435,-2.1099,-47.3945,0.2090,-0.0295,0.9998,-0.1131,0.1875,15.8500,0.1120,1.2670,1
gbpusd+nzdusd+usdjpy,prev_close,1-7,0.1500,30,4894,0.3698,-2.5563,-47.4133,0.2090,-0.1038,0.9998,-0.1153,0.1867,15.8500,0.1275,1.2670,1
gbpusd+nzdusd+usdjpy,prev_close,1-7,0.1500,40,4894,0.4056,-3.1071,-47.3024,0.2090,-0.2147,0.9998,-0.1159,0.1887,15.8500,0.1459,1.2670,1
gbpusd+nzdusd+usdjpy,prev_close,1-7,0.2000,25,3898,0.3386,-2.6091,-47.5852,0.3458,-0.2803,0.9997,-0.1106,0.1847,12.6256,0.1065,1.5781,1
gbpusd+nzdusd+usdjpy,prev_close,1-7,0.2000,30,3898,0.3653,-3.1373,-47.5868,0.3458,-0.3573,0.9997,-0.1132,0.1842,12.6256,0.1216,1.5781,1
gbpusd+nzdusd+usdjpy,prev_close,1-7,0.2000,40,3898,0.4030,-3.5108,-47.5533,0.3458,-0.3565,0.9997,-0.1146,0.1845,12.6256,0.1439,1.5781,1
gbpusd+nzdusd+usdjpy,prev_close,1-7,0.3000,25,2320,0.3250,-3.6330,-47.5196,0.2858,-0.4000,0.9996,-0.1132,0.1873,7.5171,0.0953,2.4262,1
gbpusd+nzdusd+usdjpy,prev_close,1-7,0.3000,30,2320,0.3565,-4.0744,-47.7246,0.2858,-0.4765,0.9996,-0.1162,0.1835,7.5171,0.1108,2.4262,1
gbpusd+nzdusd+usdjpy,prev_close,1-7,0.3000,40,2320,0.3927,-4.5886,-47.8037,0.2858,-0.4919,0.9996,-0.1149,0.1806,7.5171,0.1336,2.4262,1
gbpusd+nzdusd+usdjpy,prev_close,1-7,0.4000,25,1383,0.3080,-3.9915,-46.9525,0.3433,-0.5528,1.0000,-0.1156,0.1982,4.4772,0.0947,4.0000,1
gbpusd+nzdusd+usdjpy,prev_close,1-7,0.4000,30,1383,0.3362,-4.7267,-47.1833,0.3433,-0.5876,1.0000,-0.1158,0.1932,4.4772,0.1092,4.0000,1
gbpusd+nzdusd+usdjpy,prev_close,1-7,0.4000,40,1383,0.3832,-4.6761,-47.5090,0.3433,-0.5764,1.0000,-0.1158,0.1865,4.4772,0.1374,4.0000,1
gbpusd+nzdusd+usdjpy,prev_close,1-7,0.6000,25,516,0.2946,-4.4247,-45.5261,0.3034,-0.5990,1.0000,-0.1108,0.2399,1.6705,0.0911,8.5000,1
gbpusd+nzdusd+usdjpy,prev_close,1-7,0.6000,30,516,0.3372,-3.6729,-45.5873,0.3034,-0.4700,1.0000,-0.1071,0.2392,1.6705,0.1202,8.5000,1
gbpusd+nzdusd+usdjpy,prev_close,1-7,0.6000,40,516,0.4050,-3.8532,-46.0155,0.3034,-0.4462,1.0000,-0.1032,0.2295,1.6705,0.1512,8.5000,1
gbpusd+nzdusd+usdjpy,prev_close,19-9,0.1500,25,5547,0.3339,-3.1158,-47.1816,0.1607,0.0161,1.0000,-0.1138,0.1914,17.9575,0.1130,1.1435,21
gbpusd+nzdusd+usdjpy,prev_close,19-9,0.1500,30,5546,0.3622,-3.5205,-47.2188,0.1607,0.0316,1.0000,-0.1147,0.1903,17.9575,0.1268,1.1435,21
gbpusd+nzdusd+usdjpy,prev_close,19-9,0.1500,40,5546,0.3978,-4.1827,-47.0791,0.1607,-0.0681,1.0000,-0.1158,0.1934,17.9575,0.1439,1.1435,21
gbpusd+nzdusd+usdjpy,prev_close,19-9,0.2000,25,4742,0.3385,-2.7216,-47.2974,0.2567,-0.0683,1.0000,-0.1132,0.1884,15.3547,0.1158,1.3099,22
gbpusd+nzdusd+usdjpy,prev_close,19-9,0.2000,30,4742,0.3663,-3.1208,-47.3043,0.2567,-0.1245,1.0000,-0.1144,0.1880,15.3547,0.1286,1.3099,22
gbpusd+nzdusd+usdjpy,prev_close,19-9,0.2000,40,4741,0.4016,-3.4454,-47.2300,0.2567,-0.2065,0.9998,-0.1161,0.1895,15.3547,0.1502,1.3099,22
gbpusd+nzdusd+usdjpy,prev_close,19-9,0.3000,25,3088,0.3391,-2.8469,-47.8016,0.3002,-0.2302,0.9997,-0.1121,0.1807,10.0034,0.1033,1.9255,9
gbpusd+nzdusd+usdjpy,prev_close,19-9,0.3000,30,3088,0.3682,-3.1874,-47.7753,0.3002,-0.3111,0.9997,-0.1142,0.1809,10.0034,0.1169,1.9255,9
gbpusd+nzdusd+usdjpy,prev_close,19-9,0.3000,40,3088,0.3986,-3.7548,-47.6586,0.3002,-0.3783,0.9997,-0.1163,0.1821,10.0034,0.1367,1.9255,9
gbpusd+nzdusd+usdjpy,prev_close,19-9,0.4000,25,1929,0.3276,-3.4144,-47.2703,0.3465,-0.5065,1.0000,-0.1132,0.1890,6.2448,0.1063,2.6327,9
gbpusd+nzdusd+usdjpy,prev_close,19-9,0.4000,30,1929,0.3551,-4.0512,-47.2799,0.3465,-0.5342,1.0000,-0.1130,0.1886,6.2448,0.1182,2.6327,9
gbpusd+nzdusd+usdjpy,prev_close,19-9,0.4000,40,1929,0.3888,-4.6971,-47.2509,0.3465,-0.5032,1.0000,-0.1135,0.1888,6.2448,0.1395,2.6327,9
gbpusd+nzdusd+usdjpy,prev_close,19-9,0.6000,25,789,0.3067,-5.7086,-45.9963,0.2744,-0.4410,1.0000,-0.1124,0.2122,2.5543,0.1039,7.1000,9
gbpusd+nzdusd+usdjpy,prev_close,19-9,0.6000,30,789,0.3422,-5.0855,-45.9494,0.2744,-0.4002,1.0000,-0.1113,0.2136,2.5543,0.1242,7.1000,9
gbpusd+nzdusd+usdjpy,prev_close,19-9,0.6000,40,789,0.3904,-5.4576,-46.0626,0.2744,-0.3809,1.0000,-0.1103,0.2118,2.5543,0.1470,7.1000,9
