trio,ref,W,X,close,stop,trades,win,bp,weekday_loglik,timing,pnl_corr,paired,ret_dd,mon_share,groups_per_month,hold_p10,hold_p90,within_group_sd,avg_pips,ratio_2022_2021
audusd+nzdusd+usdjpy,day_open,6,0.1000,lon17,0,5400,0.4896,-1.4227,-46.6152,0.2547,-0.2954,1.0000,-0.1035,0.2011,17.4817,14.4000,17.9667,20.9927,-0.9152,1.1232
audusd+nzdusd+usdjpy,day_open,6,0.1000,lon17,25,5400,0.3839,-1.1989,-46.6659,0.2547,-0.2937,1.0000,-0.0956,0.1999,17.4817,1.8000,17.4833,15.3187,-0.5279,1.1232
audusd+nzdusd+usdjpy,day_open,6,0.1000,lon17,30,5400,0.4146,-1.1985,-46.6821,0.2547,-0.2648,1.0000,-0.0919,0.1995,17.4817,2.6983,17.6500,16.9903,-0.5285,1.1232
audusd+nzdusd+usdjpy,day_open,6,0.1000,lon17,40,5400,0.4489,-1.4259,-46.6611,0.2547,-0.2155,1.0000,-0.0952,0.1999,17.4817,5.6833,17.8167,18.7145,-0.7939,1.1232
audusd+nzdusd+usdjpy,day_open,6,0.1000,ny11,0,5400,0.4943,-1.2294,-46.6255,0.2547,-0.3082,1.0000,-0.0934,0.2008,17.4817,13.3817,16.9333,20.4549,-0.7904,1.1232
audusd+nzdusd+usdjpy,day_open,6,0.1000,ny11,25,5400,0.3946,-1.0652,-46.6765,0.2547,-0.2899,1.0000,-0.0897,0.1996,17.4817,1.8000,16.3683,14.8255,-0.3814,1.1232
audusd+nzdusd+usdjpy,day_open,6,0.1000,ny11,30,5400,0.4241,-1.0243,-46.6928,0.2547,-0.2473,1.0000,-0.0841,0.1993,17.4817,2.6983,16.5333,16.8426,-0.3421,1.1232
audusd+nzdusd+usdjpy,day_open,6,0.1000,ny11,40,5400,0.4559,-1.1755,-46.6722,0.2547,-0.1826,1.0000,-0.0862,0.1996,17.4817,5.6833,16.7333,18.5737,-0.5475,1.1232
audusd+nzdusd+usdjpy,day_open,6,0.1000,ny1655,0,5400,0.4907,-1.5731,-46.5134,0.2547,-0.3091,1.0000,-0.1043,0.2042,17.4817,19.3000,22.8350,22.0157,-0.9140,1.1232
audusd+nzdusd+usdjpy,day_open,6,0.1000,ny1655,25,5400,0.3739,-1.2169,-46.5916,0.2547,-0.3070,1.0000,-0.0903,0.2020,17.4817,1.8000,22.2000,15.0330,-0.4752,1.1232
audusd+nzdusd+usdjpy,day_open,6,0.1000,ny1655,30,5400,0.4043,-1.3029,-46.6080,0.2547,-0.2843,1.0000,-0.0907,0.2016,17.4817,2.6983,22.4000,16.7601,-0.5645,1.1232
audusd+nzdusd+usdjpy,day_open,6,0.1000,ny1655,40,5400,0.4426,-1.6254,-46.5753,0.2547,-0.2719,1.0000,-0.0946,0.2024,17.4817,5.6833,22.6167,19.1287,-0.9065,1.1232
audusd+nzdusd+usdjpy,day_open,6,0.1500,lon17,0,3993,0.4864,-1.2750,-46.4617,0.2936,-0.2145,1.0000,-0.0894,0.2047,12.9267,13.9500,17.8833,21.7707,-0.8067,1.4357
audusd+nzdusd+usdjpy,day_open,6,0.1500,lon17,25,3993,0.3717,-1.1778,-46.5195,0.2936,-0.1045,1.0000,-0.0917,0.2031,12.9267,1.6367,16.9500,14.4338,-0.7120,1.4357
audusd+nzdusd+usdjpy,day_open,6,0.1500,lon17,30,3993,0.4025,-1.5258,-46.5229,0.2936,-0.1220,1.0000,-0.1016,0.2030,12.9267,2.4500,17.0833,17.0042,-0.9997,1.4357
audusd+nzdusd+usdjpy,day_open,6,0.1500,lon17,40,3993,0.4418,-1.3462,-46.5091,0.2936,-0.1280,1.0000,-0.0945,0.2032,12.9267,5.1567,17.3667,18.6433,-0.7658,1.4357
audusd+nzdusd+usdjpy,day_open,6,0.1500,ny11,0,3993,0.4921,-1.2863,-46.4746,0.2936,-0.2408,1.0000,-0.0813,0.2044,12.9267,12.9000,16.8167,21.1069,-0.9157,1.4357
audusd+nzdusd+usdjpy,day_open,6,0.1500,ny11,25,3993,0.3809,-1.1356,-46.5328,0.2936,-0.1084,1.0000,-0.0882,0.2027,12.9267,1.6367,15.8333,14.3183,-0.6445,1.4357
audusd+nzdusd+usdjpy,day_open,6,0.1500,ny11,30,3993,0.4095,-1.4131,-46.5362,0.2936,-0.1157,1.0000,-0.0953,0.2026,12.9267,2.4500,16.0467,16.7444,-0.8934,1.4357
audusd+nzdusd+usdjpy,day_open,6,0.1500,ny11,40,3993,0.4470,-1.1379,-46.5224,0.2936,-0.1028,1.0000,-0.0822,0.2029,12.9267,5.1567,16.2333,19.0764,-0.6041,1.4357
audusd+nzdusd+usdjpy,day_open,6,0.1500,ny1655,0,3993,0.4904,-1.3694,-46.4087,0.2936,-0.2569,1.0000,-0.0905,0.2069,12.9267,18.8333,22.7000,23.0836,-0.8821,1.4357
audusd+nzdusd+usdjpy,day_open,6,0.1500,ny1655,25,3993,0.3599,-1.2773,-46.4970,0.2936,-0.1829,1.0000,-0.0860,0.2042,12.9267,1.6367,21.6433,14.2927,-0.8163,1.4357
audusd+nzdusd+usdjpy,day_open,6,0.1500,ny1655,30,3993,0.3917,-1.6189,-46.5023,0.2936,-0.1925,1.0000,-0.0956,0.2039,12.9267,2.4500,21.8000,16.6386,-1.1145,1.4357
audusd+nzdusd+usdjpy,day_open,6,0.1500,ny1655,40,3993,0.4383,-1.4957,-46.4727,0.2936,-0.2147,1.0000,-0.0910,0.2045,12.9267,5.1567,22.0833,19.0474,-0.9404,1.4357
audusd+nzdusd+usdjpy,day_open,6,0.2000,lon17,0,2679,0.4867,-0.6405,-46.3173,0.2407,-0.2022,1.0000,-0.0493,0.2077,8.6728,13.7000,17.7833,22.8843,-0.3512,1.9036
audusd+nzdusd+usdjpy,day_open,6,0.2000,lon17,25,2679,0.3751,-0.6470,-46.4079,0.2407,-0.1066,1.0000,-0.0588,0.2053,8.6728,1.4000,16.5667,14.1338,-0.3933,1.9036
audusd+nzdusd+usdjpy,day_open,6,0.2000,lon17,30,2679,0.4084,-0.9710,-46.4149,0.2407,-0.1947,1.0000,-0.0725,0.2049,8.6728,2.2333,16.8667,17.4586,-0.6002,1.9036
audusd+nzdusd+usdjpy,day_open,6,0.2000,lon17,40,2679,0.4420,-1.2786,-46.3641,0.2407,-0.2045,1.0000,-0.0761,0.2064,8.6728,4.7467,17.3000,18.5922,-0.7063,1.9036
audusd+nzdusd+usdjpy,day_open,6,0.2000,ny11,0,2679,0.4867,-0.7543,-46.3205,0.2407,-0.2615,1.0000,-0.0530,0.2077,8.6728,12.6667,16.7000,22.6553,-0.4977,1.9036
audusd+nzdusd+usdjpy,day_open,6,0.2000,ny11,25,2679,0.3789,-0.7188,-46.4094,0.2407,-0.1275,1.0000,-0.0665,0.2053,8.6728,1.4000,15.4533,14.4777,-0.4268,1.9036
audusd+nzdusd+usdjpy,day_open,6,0.2000,ny11,30,2679,0.4084,-0.9904,-46.4163,0.2407,-0.1976,1.0000,-0.0770,0.2049,8.6728,2.2333,15.7333,16.7878,-0.6141,1.9036
audusd+nzdusd+usdjpy,day_open,6,0.2000,ny11,40,2679,0.4420,-1.1263,-46.3656,0.2407,-0.1985,1.0000,-0.0750,0.2064,8.6728,4.7467,16.1833,18.6952,-0.5904,1.9036
audusd+nzdusd+usdjpy,day_open,6,0.2000,ny1655,0,2679,0.4875,-0.9864,-46.2344,0.2407,-0.2559,1.0000,-0.0613,0.2107,8.6728,18.5833,22.5500,23.5001,-0.7065,1.9036
audusd+nzdusd+usdjpy,day_open,6,0.2000,ny1655,25,2679,0.3572,-0.7753,-46.3640,0.2407,-0.2262,1.0000,-0.0629,0.2069,8.6728,1.4000,21.2867,13.9775,-0.4344,1.9036
audusd+nzdusd+usdjpy,day_open,6,0.2000,ny1655,30,2679,0.3897,-1.2442,-46.3603,0.2407,-0.2994,1.0000,-0.0817,0.2068,8.6728,2.2333,21.4333,16.6079,-0.7582,1.9036
audusd+nzdusd+usdjpy,day_open,6,0.2000,ny1655,40,2679,0.4304,-1.7688,-46.3090,0.2407,-0.3514,1.0000,-0.0903,0.2084,8.6728,4.7467,21.9033,18.4163,-1.0893,1.9036
audusd+nzdusd+usdjpy,day_open,6,0.3000,lon17,0,1224,0.4681,-1.3455,-45.3046,0.2344,-0.0349,1.0000,-0.0648,0.2353,3.9625,13.5667,17.4950,24.9417,-1.6265,3.9091
audusd+nzdusd+usdjpy,day_open,6,0.3000,lon17,25,1224,0.3562,-1.7346,-45.4183,0.2344,-0.0516,1.0000,-0.0701,0.2320,3.9625,1.0500,16.0833,14.7740,-1.5381,3.9091
audusd+nzdusd+usdjpy,day_open,6,0.3000,lon17,30,1224,0.3758,-2.6365,-45.4087,0.2344,-0.0072,1.0000,-0.0884,0.2324,3.9625,1.5767,16.3333,17.4997,-2.3310,3.9091
audusd+nzdusd+usdjpy,day_open,6,0.3000,lon17,40,1224,0.4118,-2.3125,-45.3676,0.2344,-0.0196,1.0000,-0.0841,0.2332,3.9625,3.8167,16.6683,21.0155,-2.2492,3.9091
audusd+nzdusd+usdjpy,day_open,6,0.3000,ny11,0,1224,0.4641,-1.2871,-45.3120,0.2344,-0.0856,1.0000,-0.0550,0.2353,3.9625,12.4933,16.2967,24.7165,-1.4545,3.9091
audusd+nzdusd+usdjpy,day_open,6,0.3000,ny11,25,1224,0.3521,-1.6387,-45.4183,0.2344,-0.0409,1.0000,-0.0693,0.2320,3.9625,1.0500,15.0500,14.2596,-1.4892,3.9091
audusd+nzdusd+usdjpy,day_open,6,0.3000,ny11,30,1224,0.3734,-2.3873,-45.4087,0.2344,0.0157,1.0000,-0.0823,0.2324,3.9625,1.5767,15.3067,16.4834,-2.1569,3.9091
audusd+nzdusd+usdjpy,day_open,6,0.3000,ny11,40,1224,0.4060,-2.1534,-45.3700,0.2344,-0.0241,1.0000,-0.0794,0.2332,3.9625,3.8167,15.6067,20.1397,-2.1417,3.9091
audusd+nzdusd+usdjpy,day_open,6,0.3000,ny1655,0,1224,0.4788,-2.2057,-45.2819,0.2344,-0.0529,1.0000,-0.0734,0.2376,3.9625,18.4100,22.2133,25.2920,-2.0307,3.9091
audusd+nzdusd+usdjpy,day_open,6,0.3000,ny1655,25,1224,0.3309,-2.4091,-45.4152,0.2344,-0.1387,1.0000,-0.0887,0.2323,3.9625,1.0500,20.8783,12.9880,-1.9666,3.9091
audusd+nzdusd+usdjpy,day_open,6,0.3000,ny1655,30,1224,0.3562,-3.4487,-45.4032,0.2344,-0.1040,1.0000,-0.0985,0.2327,3.9625,1.5767,21.0117,15.6446,-2.8415,3.9091
audusd+nzdusd+usdjpy,day_open,6,0.3000,ny1655,40,1224,0.4020,-3.0145,-45.4019,0.2344,-0.1203,1.0000,-0.0931,0.2331,3.9625,3.8167,21.3500,20.0016,-2.6926,3.9091
audusd+nzdusd+usdjpy,day_open,6,0.4000,lon17,0,597,0.4841,1.6365,-45.1607,0.2352,-0.0226,1.0000,0.0854,0.2361,1.9327,13.5833,17.4067,22.9385,0.9106,6.6250
audusd+nzdusd+usdjpy,day_open,6,0.4000,lon17,25,597,0.3400,-1.3496,-45.2384,0.2352,0.1675,1.0000,-0.0506,0.2353,1.9327,0.6500,15.5900,13.9500,-0.3600,6.6250
audusd+nzdusd+usdjpy,day_open,6,0.4000,lon17,30,597,0.3685,-2.3161,-45.2456,0.2352,0.1606,1.0000,-0.0800,0.2353,1.9327,1.1500,15.7000,16.7663,-1.0948,6.6250
audusd+nzdusd+usdjpy,day_open,6,0.4000,lon17,40,597,0.4137,-0.3405,-45.2161,0.2352,0.0895,1.0000,-0.0163,0.2353,1.9327,2.9500,15.9500,20.4861,-0.1266,6.6250
audusd+nzdusd+usdjpy,day_open,6,0.4000,ny11,0,597,0.4941,2.1712,-45.1805,0.2352,-0.0767,1.0000,0.0889,0.2361,1.9327,12.5267,15.8167,23.4768,1.5144,6.6250
audusd+nzdusd+usdjpy,day_open,6,0.4000,ny11,25,597,0.3518,-1.0686,-45.2384,0.2352,0.1788,1.0000,-0.0390,0.2353,1.9327,0.6500,14.6000,14.6070,-0.3916,6.6250
audusd+nzdusd+usdjpy,day_open,6,0.4000,ny11,30,597,0.3819,-1.8036,-45.2456,0.2352,0.1833,1.0000,-0.0628,0.2353,1.9327,1.1500,14.7800,17.1039,-0.9199,6.6250
audusd+nzdusd+usdjpy,day_open,6,0.4000,ny11,40,597,0.4288,-0.0178,-45.2287,0.2352,0.0830,1.0000,-0.0008,0.2353,1.9327,2.9500,14.9500,19.4310,0.0109,6.6250
audusd+nzdusd+usdjpy,day_open,6,0.4000,ny1655,0,597,0.4858,-0.0366,-45.0092,0.2352,-0.0135,1.0000,-0.0011,0.2417,1.9327,18.4500,22.0167,27.8383,-0.3060,6.6250
audusd+nzdusd+usdjpy,day_open,6,0.4000,ny1655,25,597,0.3199,-1.4323,-45.2260,0.2352,0.1379,1.0000,-0.0515,0.2353,1.9327,0.6500,20.4667,10.9436,-0.4946,6.6250
audusd+nzdusd+usdjpy,day_open,6,0.4000,ny1655,30,597,0.3551,-2.4421,-45.2207,0.2352,0.1282,1.0000,-0.0729,0.2353,1.9327,1.1500,20.6167,14.7005,-1.2613,6.6250
audusd+nzdusd+usdjpy,day_open,6,0.4000,ny1655,40,597,0.4070,-1.0339,-45.1936,0.2352,0.0254,1.0000,-0.0360,0.2357,1.9327,2.9500,20.8667,19.1680,-0.6745,6.6250
audusd+nzdusd+usdjpy,day_open,8,0.1000,lon17,0,5760,0.4913,-1.1761,-46.7277,0.2227,-0.2940,1.0000,-0.0910,0.1984,18.6471,13.9467,17.9667,20.5642,-0.7542,1.0917
audusd+nzdusd+usdjpy,day_open,8,0.1000,lon17,25,5760,0.3887,-1.0142,-46.7838,0.2227,-0.2842,1.0000,-0.0831,0.1971,18.6471,1.8500,17.4500,15.2424,-0.3943,1.0917
audusd+nzdusd+usdjpy,day_open,8,0.1000,lon17,30,5760,0.4182,-1.0376,-46.8000,0.2227,-0.2522,1.0000,-0.0828,0.1968,18.6471,2.7167,17.6000,16.7836,-0.4260,1.0917
audusd+nzdusd+usdjpy,day_open,8,0.1000,lon17,40,5760,0.4519,-1.2468,-46.7762,0.2227,-0.2038,1.0000,-0.0873,0.1972,18.6471,5.7000,17.7833,18.5666,-0.6981,1.0917
audusd+nzdusd+usdjpy,day_open,8,0.1000,ny11,0,5760,0.4953,-1.0171,-46.7368,0.2227,-0.3092,1.0000,-0.0831,0.1982,18.6471,12.8833,16.9167,19.9419,-0.6486,1.0917
audusd+nzdusd+usdjpy,day_open,8,0.1000,ny11,25,5760,0.3984,-0.8999,-46.7938,0.2227,-0.2885,1.0000,-0.0807,0.1969,18.6471,1.8500,16.3500,14.8560,-0.2648,1.0917
audusd+nzdusd+usdjpy,day_open,8,0.1000,ny11,30,5760,0.4273,-0.8784,-46.8099,0.2227,-0.2424,1.0000,-0.0752,0.1965,18.6471,2.7167,16.5000,16.6022,-0.2525,1.0917
audusd+nzdusd+usdjpy,day_open,8,0.1000,ny11,40,5760,0.4583,-1.0242,-46.7865,0.2227,-0.1790,1.0000,-0.0788,0.1970,18.6471,5.7000,16.7167,18.3748,-0.4757,1.0917
audusd+nzdusd+usdjpy,day_open,8,0.1000,ny1655,0,5760,0.4901,-1.3315,-46.6132,0.2227,-0.3210,1.0000,-0.0930,0.2016,18.6471,18.8000,22.8183,21.6240,-0.7679,1.0917
audusd+nzdusd+usdjpy,day_open,8,0.1000,ny1655,25,5760,0.3771,-1.0367,-46.7015,0.2227,-0.3106,1.0000,-0.0816,0.1992,18.6471,1.8500,22.1500,14.9736,-0.3501,1.0917
audusd+nzdusd+usdjpy,day_open,8,0.1000,ny1655,30,5760,0.4061,-1.1494,-46.7176,0.2227,-0.2848,1.0000,-0.0846,0.1989,18.6471,2.7167,22.3500,16.5737,-0.4732,1.0917
audusd+nzdusd+usdjpy,day_open,8,0.1000,ny1655,40,5760,0.4436,-1.4563,-46.6819,0.2227,-0.2751,1.0000,-0.0882,0.1997,18.6471,5.7000,22.5667,18.7908,-0.8239,1.0917
audusd+nzdusd+usdjpy,day_open,8,0.1500,lon17,0,4566,0.4877,-0.9101,-46.7419,0.2326,-0.0836,1.0000,-0.0702,0.2007,14.7817,12.8833,17.8500,21.1135,-0.5117,1.4140
audusd+nzdusd+usdjpy,day_open,8,0.1500,lon17,25,4566,0.3758,-1.0174,-46.8296,0.2326,0.0294,1.0000,-0.0821,0.1984,14.7817,1.7500,16.8333,14.4718,-0.5666,1.4140
audusd+nzdusd+usdjpy,day_open,8,0.1500,lon17,30,4566,0.4060,-1.3045,-46.8243,0.2326,0.0256,1.0000,-0.0903,0.1985,14.7817,2.5500,17.0500,16.7988,-0.8244,1.4140
audusd+nzdusd+usdjpy,day_open,8,0.1500,lon17,40,4566,0.4452,-1.0669,-46.8014,0.2326,0.0193,1.0000,-0.0766,0.1990,14.7817,5.2833,17.3083,18.4487,-0.5692,1.4140
audusd+nzdusd+usdjpy,day_open,8,0.1500,ny11,0,4566,0.4928,-0.9547,-46.7535,0.2326,-0.1027,1.0000,-0.0680,0.2004,14.7817,11.8000,16.8000,20.7379,-0.6278,1.4140
audusd+nzdusd+usdjpy,day_open,8,0.1500,ny11,25,4566,0.3857,-0.9744,-46.8420,0.2326,0.0268,1.0000,-0.0810,0.1981,14.7817,1.7500,15.7333,14.3891,-0.5042,1.4140
audusd+nzdusd+usdjpy,day_open,8,0.1500,ny11,30,4566,0.4139,-1.2050,-46.8366,0.2326,0.0335,1.0000,-0.0839,0.1982,14.7817,2.5500,15.9500,16.6774,-0.7213,1.4140
audusd+nzdusd+usdjpy,day_open,8,0.1500,ny11,40,4566,0.4514,-0.8826,-46.8142,0.2326,0.0415,1.0000,-0.0688,0.1986,14.7817,5.2833,16.1917,18.8799,-0.4145,1.4140
audusd+nzdusd+usdjpy,day_open,8,0.1500,ny1655,0,4566,0.4888,-1.0969,-46.6602,0.2326,-0.1228,1.0000,-0.0703,0.2032,14.7817,17.7667,22.6333,22.3911,-0.6735,1.4140
audusd+nzdusd+usdjpy,day_open,8,0.1500,ny1655,25,4566,0.3625,-1.1614,-46.7850,0.2326,-0.0408,1.0000,-0.0763,0.1999,14.7817,1.7500,21.4000,14.2903,-0.7168,1.4140
audusd+nzdusd+usdjpy,day_open,8,0.1500,ny1655,30,4566,0.3944,-1.4495,-46.7816,0.2326,-0.0436,1.0000,-0.0821,0.1999,14.7817,2.5500,21.6583,16.4369,-0.9802,1.4140
audusd+nzdusd+usdjpy,day_open,8,0.1500,ny1655,40,4566,0.4396,-1.2863,-46.7440,0.2326,-0.0590,1.0000,-0.0735,0.2006,14.7817,5.2833,21.9667,18.6530,-0.7925,1.4140
audusd+nzdusd+usdjpy,day_open,8,0.2000,lon17,0,3282,0.4881,-0.2155,-47.0717,0.2320,-0.0502,1.0000,-0.0181,0.1933,10.6250,12.3500,17.7500,21.6907,-0.0227,1.7333
audusd+nzdusd+usdjpy,day_open,8,0.2000,lon17,25,3282,0.3818,-0.4912,-47.1977,0.2320,0.0661,1.0000,-0.0416,0.1904,10.6250,1.5683,16.4333,14.0767,-0.2988,1.7333
audusd+nzdusd+usdjpy,day_open,8,0.2000,lon17,30,3282,0.4138,-0.6989,-47.1959,0.2320,0.0074,1.0000,-0.0540,0.1903,10.6250,2.4333,16.7333,16.9217,-0.4343,1.7333
audusd+nzdusd+usdjpy,day_open,8,0.2000,lon17,40,3282,0.4470,-0.7814,-47.1345,0.2320,-0.0254,1.0000,-0.0543,0.1918,10.6250,4.8500,17.1667,18.2664,-0.3255,1.7333
audusd+nzdusd+usdjpy,day_open,8,0.2000,ny11,0,3282,0.4912,-0.2785,-47.0748,0.2320,-0.1062,1.0000,-0.0213,0.1933,10.6250,11.3000,16.6500,21.4344,-0.1489,1.7333
audusd+nzdusd+usdjpy,day_open,8,0.2000,ny11,25,3282,0.3885,-0.4607,-47.1995,0.2320,0.0408,1.0000,-0.0436,0.1904,10.6250,1.5683,15.3167,14.4094,-0.2622,1.7333
audusd+nzdusd+usdjpy,day_open,8,0.2000,ny11,30,3282,0.4174,-0.6113,-47.1977,0.2320,0.0022,1.0000,-0.0535,0.1903,10.6250,2.4333,15.5167,16.4258,-0.3687,1.7333
audusd+nzdusd+usdjpy,day_open,8,0.2000,ny11,40,3282,0.4503,-0.5391,-47.1369,0.2320,-0.0256,1.0000,-0.0443,0.1918,10.6250,4.8500,15.9833,18.5157,-0.1451,1.7333
audusd+nzdusd+usdjpy,day_open,8,0.2000,ny1655,0,3282,0.4924,-0.2497,-47.0340,0.2320,-0.1628,1.0000,-0.0221,0.1953,10.6250,17.2500,22.4333,22.4987,-0.1029,1.7333
audusd+nzdusd+usdjpy,day_open,8,0.2000,ny1655,25,3282,0.3678,-0.3567,-47.1767,0.2320,-0.0450,1.0000,-0.0369,0.1916,10.6250,1.5683,20.9833,14.3443,-0.1414,1.7333
audusd+nzdusd+usdjpy,day_open,8,0.2000,ny1655,30,3282,0.3988,-0.7664,-47.1679,0.2320,-0.1146,1.0000,-0.0662,0.1917,10.6250,2.4333,21.3000,16.6375,-0.4578,1.7333
audusd+nzdusd+usdjpy,day_open,8,0.2000,ny1655,40,3282,0.4388,-1.0565,-47.1052,0.2320,-0.2022,1.0000,-0.0714,0.1933,10.6250,4.8500,21.6667,18.5546,-0.5531,1.7333
audusd+nzdusd+usdjpy,day_open,8,0.3000,lon17,0,1632,0.4792,-0.3878,-46.3917,0.2414,0.0493,1.0000,-0.0298,0.2086,5.2833,12.1167,17.4500,25.4574,-0.5044,3.5938
audusd+nzdusd+usdjpy,day_open,8,0.3000,lon17,25,1632,0.3762,-0.8544,-46.4970,0.2414,0.0147,1.0000,-0.0478,0.2062,5.2833,1.2333,15.9167,15.0956,-0.5387,3.5938
audusd+nzdusd+usdjpy,day_open,8,0.3000,lon17,30,1632,0.3946,-1.6800,-46.4998,0.2414,0.0461,1.0000,-0.0775,0.2062,5.2833,1.9183,16.1333,17.6903,-1.2757,3.5938
audusd+nzdusd+usdjpy,day_open,8,0.3000,lon17,40,1632,0.4295,-1.3351,-46.4814,0.2414,0.0413,1.0000,-0.0645,0.2065,5.2833,3.9417,16.4667,21.0155,-1.0558,3.5938
audusd+nzdusd+usdjpy,day_open,8,0.3000,ny11,0,1632,0.4792,-0.4819,-46.3947,0.2414,-0.0515,1.0000,-0.0323,0.2086,5.2833,11.0667,16.2167,24.5210,-0.5814,3.5938
audusd+nzdusd+usdjpy,day_open,8,0.3000,ny11,25,1632,0.3756,-0.6330,-46.4970,0.2414,0.0150,1.0000,-0.0407,0.2062,5.2833,1.2333,14.9500,15.2901,-0.3891,3.5938
audusd+nzdusd+usdjpy,day_open,8,0.3000,ny11,30,1632,0.3958,-1.3343,-46.4998,0.2414,0.0656,1.0000,-0.0686,0.2062,5.2833,1.9183,15.0833,17.0345,-1.0249,3.5938
audusd+nzdusd+usdjpy,day_open,8,0.3000,ny11,40,1632,0.4283,-1.0341,-46.4823,0.2414,0.0288,1.0000,-0.0540,0.2065,5.2833,3.9417,15.4333,20.3788,-0.8353,3.5938
audusd+nzdusd+usdjpy,day_open,8,0.3000,ny1655,0,1632,0.4816,-1.4217,-46.4272,0.2414,-0.0003,1.0000,-0.0712,0.2096,5.2833,17.0000,21.9833,25.2213,-1.0965,3.5938
audusd+nzdusd+usdjpy,day_open,8,0.3000,ny1655,25,1632,0.3499,-1.4257,-46.5380,0.2414,-0.0724,1.0000,-0.0702,0.2059,5.2833,1.2333,20.5833,13.7170,-0.8512,3.5938
audusd+nzdusd+usdjpy,day_open,8,0.3000,ny1655,30,1632,0.3707,-2.5023,-46.5404,0.2414,-0.0531,1.0000,-0.0925,0.2060,5.2833,1.9183,20.8167,16.7634,-1.7775,3.5938
audusd+nzdusd+usdjpy,day_open,8,0.3000,ny1655,40,1632,0.4130,-2.2161,-46.5438,0.2414,-0.0778,1.0000,-0.0857,0.2062,5.2833,3.9417,21.0467,19.8097,-1.6402,3.5938
audusd+nzdusd+usdjpy,day_open,8,0.4000,lon17,0,867,0.4717,0.3963,-46.7482,0.2078,0.0206,1.0000,0.0189,0.1972,2.8068,11.7600,16.9800,23.7748,0.2121,6.6667
audusd+nzdusd+usdjpy,day_open,8,0.4000,lon17,25,867,0.3437,-1.3410,-46.8736,0.2078,0.2211,1.0000,-0.0582,0.1944,2.8068,1.0100,15.3233,13.9500,-0.1727,6.6667
audusd+nzdusd+usdjpy,day_open,8,0.4000,lon17,30,867,0.3714,-2.1832,-46.8572,0.2078,0.1911,1.0000,-0.0846,0.1949,2.8068,1.7167,15.4867,16.7663,-0.8551,6.6667
audusd+nzdusd+usdjpy,day_open,8,0.4000,lon17,40,867,0.4095,-1.2662,-46.8118,0.2078,0.1207,1.0000,-0.0540,0.1961,2.8068,3.7133,15.8400,20.6589,-0.6720,6.6667
audusd+nzdusd+usdjpy,day_open,8,0.4000,ny11,0,867,0.4810,1.1715,-46.7574,0.2078,-0.0340,1.0000,0.0530,0.1972,2.8068,10.7967,15.4567,24.1006,0.9178,6.6667
audusd+nzdusd+usdjpy,day_open,8,0.4000,ny11,25,867,0.3552,-0.7987,-46.8736,0.2078,0.2233,1.0000,-0.0379,0.1944,2.8068,1.0100,14.3700,14.6070,0.0692,6.6667
audusd+nzdusd+usdjpy,day_open,8,0.4000,ny11,30,867,0.3829,-1.4964,-46.8572,0.2078,0.1996,1.0000,-0.0622,0.1949,2.8068,1.7167,14.5567,17.1631,-0.4754,6.6667
audusd+nzdusd+usdjpy,day_open,8,0.4000,ny11,40,867,0.4233,-0.5218,-46.8176,0.2078,0.1141,1.0000,-0.0241,0.1961,2.8068,3.7133,14.8400,19.6299,-0.1674,6.6667
audusd+nzdusd+usdjpy,day_open,8,0.4000,ny1655,0,867,0.4694,-1.5761,-46.6163,0.2078,-0.0108,1.0000,-0.0475,0.2014,2.8068,16.6767,21.5033,26.8690,-1.0767,6.6667
audusd+nzdusd+usdjpy,day_open,8,0.4000,ny1655,25,867,0.3230,-2.1772,-46.8652,0.2078,0.1710,1.0000,-0.0792,0.1953,2.8068,1.0100,20.2133,11.6086,-0.7836,6.6667
audusd+nzdusd+usdjpy,day_open,8,0.4000,ny1655,30,867,0.3518,-3.1873,-46.8435,0.2078,0.1273,1.0000,-0.0876,0.1958,2.8068,1.7167,20.4667,16.2428,-1.5845,6.6667
audusd+nzdusd+usdjpy,day_open,8,0.4000,ny1655,40,867,0.3968,-2.7028,-46.7888,0.2078,0.0331,1.0000,-0.0839,0.1972,2.8068,3.7133,20.7833,20.2672,-1.7227,6.6667
audusd+nzdusd+usdjpy,day_open,10,0.1000,lon17,0,6036,0.4912,-1.1697,-46.9091,0.1129,-0.2887,1.0000,-0.0930,0.1956,19.5406,13.0667,17.9500,20.2016,-0.7698,1.0083
audusd+nzdusd+usdjpy,day_open,10,0.1000,lon17,25,6036,0.3912,-1.0201,-46.9634,0.1129,-0.2794,1.0000,-0.0876,0.1943,19.5406,1.9167,17.4000,14.9909,-0.4214,1.0083
audusd+nzdusd+usdjpy,day_open,10,0.1000,lon17,30,6036,0.4206,-1.0366,-46.9796,0.1129,-0.2565,1.0000,-0.0821,0.1940,19.5406,2.8500,17.5833,16.5481,-0.4460,1.0083
audusd+nzdusd+usdjpy,day_open,10,0.1000,lon17,40,6036,0.4534,-1.2134,-46.9564,0.1129,-0.1987,1.0000,-0.0869,0.1944,19.5406,5.8250,17.7500,18.2980,-0.6889,1.0083
audusd+nzdusd+usdjpy,day_open,10,0.1000,ny11,0,6036,0.4959,-1.0250,-46.9175,0.1129,-0.2983,1.0000,-0.0811,0.1953,19.5406,12.0667,16.9167,19.6220,-0.6686,1.0083
audusd+nzdusd+usdjpy,day_open,10,0.1000,ny11,25,6036,0.4011,-0.9158,-46.9729,0.1129,-0.2778,1.0000,-0.0812,0.1941,19.5406,1.9167,16.3000,14.7110,-0.2999,1.0083
audusd+nzdusd+usdjpy,day_open,10,0.1000,ny11,30,6036,0.4299,-0.8864,-46.9890,0.1129,-0.2405,1.0000,-0.0738,0.1938,19.5406,2.8500,16.4667,16.3496,-0.2801,1.0083
audusd+nzdusd+usdjpy,day_open,10,0.1000,ny11,40,6036,0.4604,-1.0277,-46.9662,0.1129,-0.1670,1.0000,-0.0772,0.1942,19.5406,5.8250,16.7000,17.9774,-0.4937,1.0083
audusd+nzdusd+usdjpy,day_open,10,0.1000,ny1655,0,6036,0.4874,-1.5307,-46.7945,0.1129,-0.3023,1.0000,-0.0960,0.1987,19.5406,17.9500,22.8000,21.1066,-0.9538,1.0083
audusd+nzdusd+usdjpy,day_open,10,0.1000,ny1655,25,6036,0.3774,-1.1450,-46.8813,0.1129,-0.3085,1.0000,-0.0943,0.1964,19.5406,1.9167,22.1167,14.8259,-0.4650,1.0083
audusd+nzdusd+usdjpy,day_open,10,0.1000,ny1655,30,6036,0.4061,-1.2695,-46.8972,0.1129,-0.2886,1.0000,-0.0922,0.1961,19.5406,2.8500,22.2833,16.4071,-0.5955,1.0083
audusd+nzdusd+usdjpy,day_open,10,0.1000,ny1655,40,6036,0.4428,-1.5752,-46.8623,0.1129,-0.2631,1.0000,-0.0932,0.1968,19.5406,5.8250,22.5167,18.3823,-0.9433,1.0083
audusd+nzdusd+usdjpy,day_open,10,0.1500,lon17,0,5139,0.4851,-0.9749,-46.9768,0.2152,-0.0829,1.0000,-0.0727,0.1944,16.6367,10.9667,17.8000,20.4883,-0.6146,1.2434
audusd+nzdusd+usdjpy,day_open,10,0.1500,lon17,25,5139,0.3793,-1.1135,-47.0596,0.2152,0.0531,1.0000,-0.0838,0.1924,16.6367,1.8167,16.7000,14.3628,-0.6709,1.2434
audusd+nzdusd+usdjpy,day_open,10,0.1500,lon17,30,5139,0.4084,-1.3667,-47.0593,0.2152,0.0431,1.0000,-0.0897,0.1924,16.6367,2.6967,16.9333,16.3967,-0.9060,1.2434
audusd+nzdusd+usdjpy,day_open,10,0.1500,lon17,40,5139,0.4462,-1.1049,-47.0377,0.2152,0.0244,1.0000,-0.0770,0.1927,16.6367,5.4667,17.1833,17.8979,-0.6363,1.2434
audusd+nzdusd+usdjpy,day_open,10,0.1500,ny11,0,5139,0.4917,-0.9383,-46.9869,0.2152,-0.0972,1.0000,-0.0665,0.1941,16.6367,9.8667,16.7500,19.7441,-0.6542,1.2434
audusd+nzdusd+usdjpy,day_open,10,0.1500,ny11,25,5139,0.3903,-1.0047,-47.0710,0.2152,0.0441,1.0000,-0.0820,0.1921,16.6367,1.8167,15.5333,14.2028,-0.5555,1.2434
audusd+nzdusd+usdjpy,day_open,10,0.1500,ny11,30,5139,0.4180,-1.1994,-47.0707,0.2152,0.0431,1.0000,-0.0840,0.1921,16.6367,2.6967,15.8200,16.0824,-0.7507,1.2434
audusd+nzdusd+usdjpy,day_open,10,0.1500,ny11,40,5139,0.4542,-0.8585,-47.0494,0.2152,0.0405,1.0000,-0.0679,0.1925,16.6367,5.4667,16.1000,17.8259,-0.4230,1.2434
audusd+nzdusd+usdjpy,day_open,10,0.1500,ny1655,0,5139,0.4861,-1.1302,-46.8442,0.2152,-0.1464,1.0000,-0.0721,0.1979,16.6367,15.8333,22.5500,21.5744,-0.7549,1.2434
audusd+nzdusd+usdjpy,day_open,10,0.1500,ny1655,25,5139,0.3662,-1.2574,-46.9838,0.2152,-0.0069,1.0000,-0.0806,0.1944,16.6367,1.8167,21.3167,14.1451,-0.8336,1.2434
audusd+nzdusd+usdjpy,day_open,10,0.1500,ny1655,30,5139,0.3970,-1.4935,-46.9815,0.2152,-0.0265,1.0000,-0.0848,0.1944,16.6367,2.6967,21.4667,15.9349,-1.0573,1.2434
audusd+nzdusd+usdjpy,day_open,10,0.1500,ny1655,40,5139,0.4409,-1.2647,-46.9456,0.2152,-0.0679,1.0000,-0.0740,0.1950,16.6367,5.4667,21.8500,17.8119,-0.8148,1.2434
audusd+nzdusd+usdjpy,day_open,10,0.2000,lon17,0,3996,0.4810,-0.6349,-47.1983,0.2041,0.0538,1.0000,-0.0553,0.1903,12.9364,10.1833,17.6667,20.6905,-0.4884,1.4964
audusd+nzdusd+usdjpy,day_open,10,0.2000,lon17,25,3996,0.3816,-0.8537,-47.3105,0.2041,0.2357,1.0000,-0.0635,0.1878,12.9364,1.5833,16.2833,13.5259,-0.6620,1.4964
audusd+nzdusd+usdjpy,day_open,10,0.2000,lon17,30,3996,0.4124,-0.9530,-47.3149,0.2041,0.1730,1.0000,-0.0671,0.1876,12.9364,2.4500,16.5250,15.9047,-0.6780,1.4964
audusd+nzdusd+usdjpy,day_open,10,0.2000,lon17,40,3996,0.4444,-1.0395,-47.2625,0.2041,0.1357,1.0000,-0.0678,0.1888,12.9364,4.9333,16.9833,17.7047,-0.6559,1.4964
audusd+nzdusd+usdjpy,day_open,10,0.2000,ny11,0,3996,0.4872,-0.6112,-47.1997,0.2041,0.0172,1.0000,-0.0478,0.1903,12.9364,9.0833,16.5500,20.0380,-0.5312,1.4964
audusd+nzdusd+usdjpy,day_open,10,0.2000,ny11,25,3996,0.3911,-0.7890,-47.3116,0.2041,0.2214,1.0000,-0.0627,0.1878,12.9364,1.5833,15.0833,13.8970,-0.5885,1.4964
audusd+nzdusd+usdjpy,day_open,10,0.2000,ny11,30,3996,0.4199,-0.8027,-47.3159,0.2041,0.1832,1.0000,-0.0624,0.1876,12.9364,2.4500,15.4167,15.5760,-0.5562,1.4964
audusd+nzdusd+usdjpy,day_open,10,0.2000,ny11,40,3996,0.4505,-0.7563,-47.2640,0.2041,0.1511,1.0000,-0.0548,0.1888,12.9364,4.9333,15.7833,17.9033,-0.4425,1.4964
audusd+nzdusd+usdjpy,day_open,10,0.2000,ny1655,0,3996,0.4827,-0.6327,-47.0930,0.2041,-0.0363,1.0000,-0.0571,0.1932,12.9364,15.0333,22.2333,21.2662,-0.5284,1.4964
audusd+nzdusd+usdjpy,day_open,10,0.2000,ny1655,25,3996,0.3669,-0.6672,-47.2484,0.2041,0.1678,1.0000,-0.0601,0.1896,12.9364,1.5833,20.7833,13.5794,-0.4577,1.4964
audusd+nzdusd+usdjpy,day_open,10,0.2000,ny1655,30,3996,0.3976,-0.9479,-47.2356,0.2041,0.1000,1.0000,-0.0727,0.1898,12.9364,2.4500,21.0000,15.9811,-0.6221,1.4964
audusd+nzdusd+usdjpy,day_open,10,0.2000,ny1655,40,3996,0.4347,-1.1909,-47.1784,0.2041,-0.0073,1.0000,-0.0755,0.1912,12.9364,4.9333,21.3833,17.7724,-0.7546,1.4964
audusd+nzdusd+usdjpy,day_open,10,0.3000,lon17,0,2226,0.4874,-0.1513,-47.9588,0.2175,-0.0173,1.0000,-0.0111,0.1779,7.2063,9.7000,17.2000,23.2435,-0.0753,2.6182
audusd+nzdusd+usdjpy,day_open,10,0.3000,lon17,25,2226,0.3913,-0.2361,-48.0802,0.2175,-0.0222,1.0000,-0.0189,0.1757,7.2063,1.3000,15.7167,14.6751,-0.0429,2.6182
audusd+nzdusd+usdjpy,day_open,10,0.3000,lon17,30,2226,0.4115,-0.8155,-48.0700,0.2175,0.0346,1.0000,-0.0557,0.1759,7.2063,1.9833,15.9667,16.8573,-0.4677,2.6182
audusd+nzdusd+usdjpy,day_open,10,0.3000,lon17,40,2226,0.4438,-0.6651,-48.0550,0.2175,0.0045,1.0000,-0.0445,0.1761,7.2063,3.9500,16.2833,20.0503,-0.4248,2.6182
audusd+nzdusd+usdjpy,day_open,10,0.3000,ny11,0,2226,0.4946,0.1135,-47.9631,0.2175,-0.0592,1.0000,0.0085,0.1779,7.2063,8.6667,16.0500,22.2740,0.0781,2.6182
audusd+nzdusd+usdjpy,day_open,10,0.3000,ny11,25,2226,0.3998,0.1419,-48.0833,0.2175,-0.0013,1.0000,0.0127,0.1757,7.2063,1.3000,14.6667,14.7224,0.2236,2.6182
audusd+nzdusd+usdjpy,day_open,10,0.3000,ny11,30,2226,0.4223,-0.3278,-48.0730,0.2175,0.0758,1.0000,-0.0271,0.1759,7.2063,1.9833,14.9583,16.5024,-0.1107,2.6182
audusd+nzdusd+usdjpy,day_open,10,0.3000,ny11,40,2226,0.4506,-0.1954,-48.0584,0.2175,0.0294,1.0000,-0.0149,0.1761,7.2063,3.9500,15.1333,19.3759,-0.1124,2.6182
audusd+nzdusd+usdjpy,day_open,10,0.3000,ny1655,0,2226,0.4838,-0.8533,-47.9196,0.2175,-0.0326,1.0000,-0.0445,0.1793,7.2063,14.5833,21.5333,23.6840,-0.4558,2.6182
audusd+nzdusd+usdjpy,day_open,10,0.3000,ny1655,25,2226,0.3630,-0.8050,-48.0709,0.2175,-0.0934,1.0000,-0.0530,0.1761,7.2063,1.3000,20.1500,13.2744,-0.4332,2.6182
audusd+nzdusd+usdjpy,day_open,10,0.3000,ny1655,30,2226,0.3845,-1.5985,-48.0564,0.2175,-0.0374,1.0000,-0.0822,0.1764,7.2063,1.9833,20.4833,15.7905,-0.9520,2.6182
audusd+nzdusd+usdjpy,day_open,10,0.3000,ny1655,40,2226,0.4241,-1.5349,-48.0502,0.2175,-0.0832,1.0000,-0.0761,0.1766,7.2063,3.9500,20.7833,19.1134,-1.0165,2.6182
audusd+nzdusd+usdjpy,day_open,10,0.4000,lon17,0,1260,0.4873,0.0018,-47.6965,0.2501,-0.0315,1.0000,0.0001,0.1774,4.0791,9.6483,16.6683,22.7458,0.0552,4.2083
audusd+nzdusd+usdjpy,day_open,10,0.4000,lon17,25,1260,0.3754,0.2034,-47.8678,0.2501,0.1654,1.0000,0.0148,0.1742,4.0791,1.0967,15.1067,14.7610,0.9974,4.2083
audusd+nzdusd+usdjpy,day_open,10,0.4000,lon17,30,1260,0.4016,-0.4878,-47.8506,0.2501,0.1351,1.0000,-0.0274,0.1746,4.0791,1.7083,15.4000,16.7905,0.4637,4.2083
audusd+nzdusd+usdjpy,day_open,10,0.4000,lon17,40,1260,0.4333,-0.3342,-47.7699,0.2501,0.0909,1.0000,-0.0168,0.1762,4.0791,3.4950,15.7000,20.0798,0.1444,4.2083
audusd+nzdusd+usdjpy,day_open,10,0.4000,ny11,0,1260,0.4897,0.3699,-47.7005,0.2501,-0.0437,1.0000,0.0186,0.1774,4.0791,8.5483,15.4350,23.3359,0.3502,4.2083
audusd+nzdusd+usdjpy,day_open,10,0.4000,ny11,25,1260,0.3841,0.5405,-47.8678,0.2501,0.1779,1.0000,0.0422,0.1742,4.0791,1.0967,14.1833,14.8583,1.0888,4.2083
audusd+nzdusd+usdjpy,day_open,10,0.4000,ny11,30,1260,0.4095,-0.0287,-47.8506,0.2501,0.1557,1.0000,-0.0019,0.1746,4.0791,1.7083,14.4000,16.6783,0.6573,4.2083
audusd+nzdusd+usdjpy,day_open,10,0.4000,ny11,40,1260,0.4421,0.0686,-47.7723,0.2501,0.0985,1.0000,0.0039,0.1762,4.0791,3.4950,14.7000,19.0518,0.3274,4.2083
audusd+nzdusd+usdjpy,day_open,10,0.4000,ny1655,0,1260,0.4865,-0.8633,-47.6209,0.2501,-0.0489,1.0000,-0.0343,0.1794,4.0791,14.5267,21.1367,25.0905,-0.3724,4.2083
audusd+nzdusd+usdjpy,day_open,10,0.4000,ny1655,25,1260,0.3540,-0.1363,-47.8891,0.2501,0.1298,1.0000,-0.0091,0.1740,4.0791,1.0967,19.5067,13.3895,0.8226,4.2083
audusd+nzdusd+usdjpy,day_open,10,0.4000,ny1655,30,1260,0.3825,-0.9436,-47.8648,0.2501,0.0919,1.0000,-0.0469,0.1744,4.0791,1.7083,19.8167,15.9219,0.1950,4.2083
audusd+nzdusd+usdjpy,day_open,10,0.4000,ny1655,40,1260,0.4230,-0.9368,-47.8001,0.2501,0.0186,1.0000,-0.0461,0.1758,4.0791,3.4950,20.3833,19.3379,-0.2475,4.2083
audusd+nzdusd+usdjpy,prev_close,6,0.1000,lon17,0,5478,0.4971,-0.5438,-46.3620,0.2782,-0.4234,1.0000,-0.0566,0.2070,17.7342,14.3667,18.0000,21.1304,-0.3665,1.1407
audusd+nzdusd+usdjpy,prev_close,6,0.1000,lon17,25,5478,0.3908,-0.2829,-46.4223,0.2782,-0.3119,1.0000,-0.0334,0.2057,17.7342,1.8667,17.6500,15.3398,0.0644,1.1407
audusd+nzdusd+usdjpy,prev_close,6,0.1000,lon17,30,5478,0.4226,-0.2547,-46.4127,0.2782,-0.3143,1.0000,-0.0310,0.2059,17.7342,2.7450,17.7667,16.9687,0.1037,1.1407
audusd+nzdusd+usdjpy,prev_close,6,0.1000,lon17,40,5478,0.4547,-0.5042,-46.4228,0.2782,-0.2492,1.0000,-0.0565,0.2056,17.7342,5.6667,17.9000,18.7035,-0.2097,1.1407
audusd+nzdusd+usdjpy,prev_close,6,0.1000,ny11,0,5478,0.5024,-0.1828,-46.3710,0.2782,-0.4397,1.0000,-0.0238,0.2067,17.7342,13.3167,16.9833,20.7294,-0.1134,1.1407
audusd+nzdusd+usdjpy,prev_close,6,0.1000,ny11,25,5478,0.4016,-0.1533,-46.4320,0.2782,-0.3451,1.0000,-0.0221,0.2055,17.7342,1.8667,16.4883,15.1406,0.2090,1.1407
audusd+nzdusd+usdjpy,prev_close,6,0.1000,ny11,30,5478,0.4323,-0.0411,-46.4224,0.2782,-0.3415,1.0000,-0.0063,0.2056,17.7342,2.7450,16.7000,16.9726,0.3230,1.1407
audusd+nzdusd+usdjpy,prev_close,6,0.1000,ny11,40,5478,0.4629,-0.1759,-46.4328,0.2782,-0.2510,1.0000,-0.0248,0.2054,17.7342,5.6333,16.8333,18.6568,0.0950,1.1407
audusd+nzdusd+usdjpy,prev_close,6,0.1000,ny1655,0,5478,0.4984,-1.0148,-46.2625,0.2782,-0.4020,1.0000,-0.0800,0.2101,17.7342,19.2500,22.9000,21.9501,-0.7960,1.1407
audusd+nzdusd+usdjpy,prev_close,6,0.1000,ny1655,25,5478,0.3808,-0.4485,-46.3549,0.2782,-0.3264,1.0000,-0.0503,0.2077,17.7342,1.8667,22.3833,15.0806,-0.0693,1.1407
audusd+nzdusd+usdjpy,prev_close,6,0.1000,ny1655,30,5478,0.4109,-0.4784,-46.3502,0.2782,-0.3339,1.0000,-0.0533,0.2078,17.7342,2.7450,22.6167,16.8609,-0.0974,1.1407
audusd+nzdusd+usdjpy,prev_close,6,0.1000,ny1655,40,5478,0.4491,-0.9123,-46.3466,0.2782,-0.2839,1.0000,-0.0736,0.2079,17.7342,5.6667,22.7500,19.0802,-0.5369,1.1407
audusd+nzdusd+usdjpy,prev_close,6,0.1500,lon17,0,4083,0.4884,-0.4008,-45.8789,0.2390,-0.1758,1.0000,-0.0387,0.2178,13.2181,13.9500,18.0000,22.5309,-0.1602,1.3916
audusd+nzdusd+usdjpy,prev_close,6,0.1500,lon17,25,4083,0.3740,-0.7788,-45.9352,0.2390,-0.1253,1.0000,-0.0696,0.2164,13.2181,1.6000,17.2833,15.3627,-0.5032,1.3916
audusd+nzdusd+usdjpy,prev_close,6,0.1500,lon17,30,4083,0.4036,-0.9812,-45.9234,0.2390,-0.0337,1.0000,-0.0794,0.2166,13.2181,2.3500,17.6133,17.3205,-0.6661,1.3916
audusd+nzdusd+usdjpy,prev_close,6,0.1500,lon17,40,4083,0.4416,-0.7240,-45.9407,0.2390,-0.0120,1.0000,-0.0612,0.2163,13.2181,4.9033,17.8333,19.0715,-0.4993,1.3916
audusd+nzdusd+usdjpy,prev_close,6,0.1500,ny11,0,4083,0.4942,-0.3664,-45.8783,0.2390,-0.2008,1.0000,-0.0377,0.2178,13.2181,12.8833,16.9833,21.6602,-0.1731,1.3916
audusd+nzdusd+usdjpy,prev_close,6,0.1500,ny11,25,4083,0.3823,-0.7233,-45.9348,0.2390,-0.1718,1.0000,-0.0664,0.2164,13.2181,1.6000,16.1667,14.9710,-0.3916,1.3916
audusd+nzdusd+usdjpy,prev_close,6,0.1500,ny11,30,4083,0.4102,-0.8955,-45.9231,0.2390,-0.0565,1.0000,-0.0734,0.2166,13.2181,2.3500,16.5167,17.1852,-0.5460,1.3916
audusd+nzdusd+usdjpy,prev_close,6,0.1500,ny11,40,4083,0.4477,-0.5115,-45.9402,0.2390,0.0036,1.0000,-0.0471,0.2163,13.2181,4.9033,16.8167,19.4490,-0.2900,1.3916
audusd+nzdusd+usdjpy,prev_close,6,0.1500,ny1655,0,4083,0.4947,-0.5452,-45.7838,0.2390,-0.1845,1.0000,-0.0449,0.2211,13.2181,18.8167,22.9000,23.1267,-0.3463,1.3916
audusd+nzdusd+usdjpy,prev_close,6,0.1500,ny1655,25,4083,0.3620,-0.9566,-45.8778,0.2390,-0.1887,1.0000,-0.0713,0.2182,13.2181,1.6167,21.9633,15.1266,-0.6786,1.3916
audusd+nzdusd+usdjpy,prev_close,6,0.1500,ny1655,30,4083,0.3946,-1.0873,-45.8656,0.2390,-0.1055,1.0000,-0.0764,0.2184,13.2181,2.3567,22.2833,16.7623,-0.8175,1.3916
audusd+nzdusd+usdjpy,prev_close,6,0.1500,ny1655,40,4083,0.4394,-0.9297,-45.8632,0.2390,-0.1058,1.0000,-0.0699,0.2186,13.2181,4.9533,22.6667,19.3931,-0.7234,1.3916
audusd+nzdusd+usdjpy,prev_close,6,0.2000,lon17,0,2838,0.4933,0.2589,-45.7758,0.2130,-0.3330,1.0000,0.0256,0.2214,9.1876,13.8667,19.0000,23.5611,0.3239,2.0256
audusd+nzdusd+usdjpy,prev_close,6,0.2000,lon17,25,2838,0.3805,0.0670,-45.8589,0.2130,-0.2469,1.0000,0.0075,0.2193,9.1876,1.4167,17.4833,15.2920,0.0744,2.0256
audusd+nzdusd+usdjpy,prev_close,6,0.2000,lon17,30,2838,0.4101,-0.2392,-45.8364,0.2130,-0.2663,1.0000,-0.0217,0.2197,9.1876,2.1283,17.7717,18.6571,-0.2088,2.0256
audusd+nzdusd+usdjpy,prev_close,6,0.2000,lon17,40,2838,0.4436,-0.1766,-45.8479,0.2130,-0.2817,1.0000,-0.0163,0.2193,9.1876,4.5350,17.9500,20.0902,-0.2161,2.0256
audusd+nzdusd+usdjpy,prev_close,6,0.2000,ny11,0,2838,0.4940,0.2546,-45.7784,0.2130,-0.4151,1.0000,0.0234,0.2214,9.1876,12.8333,17.3833,22.9163,0.2652,2.0256
audusd+nzdusd+usdjpy,prev_close,6,0.2000,ny11,25,2838,0.3827,-0.0069,-45.8601,0.2130,-0.3000,1.0000,-0.0008,0.2193,9.1876,1.4167,16.4300,14.9306,0.0443,2.0256
audusd+nzdusd+usdjpy,prev_close,6,0.2000,ny11,30,2838,0.4123,-0.1746,-45.8375,0.2130,-0.2996,1.0000,-0.0178,0.2197,9.1876,2.1283,16.7500,17.4552,-0.1473,2.0256
audusd+nzdusd+usdjpy,prev_close,6,0.2000,ny11,40,2838,0.4454,-0.0031,-45.8493,0.2130,-0.3048,1.0000,-0.0003,0.2193,9.1876,4.5350,16.9167,19.5890,-0.0631,2.0256
audusd+nzdusd+usdjpy,prev_close,6,0.2000,ny1655,0,2838,0.4961,0.2755,-45.7230,0.2130,-0.3292,1.0000,0.0234,0.2237,9.1876,18.7500,23.0667,24.3672,0.2922,2.0256
audusd+nzdusd+usdjpy,prev_close,6,0.2000,ny1655,25,2838,0.3650,0.1842,-45.8287,0.2130,-0.2893,1.0000,0.0222,0.2205,9.1876,1.4167,22.1167,15.2301,0.1819,2.0256
audusd+nzdusd+usdjpy,prev_close,6,0.2000,ny1655,30,2838,0.3953,-0.2472,-45.8042,0.2130,-0.3079,1.0000,-0.0227,0.2209,9.1876,2.1283,22.5333,17.5500,-0.2008,2.0256
audusd+nzdusd+usdjpy,prev_close,6,0.2000,ny1655,40,2838,0.4352,-0.2811,-45.8013,0.2130,-0.3377,1.0000,-0.0234,0.2210,9.1876,4.5350,22.7333,20.1022,-0.3156,2.0256
audusd+nzdusd+usdjpy,prev_close,6,0.3000,lon17,0,1383,0.4917,0.4795,-44.8284,0.2320,-0.0815,1.0000,0.0321,0.2462,4.4772,13.6667,22.4667,25.8036,-0.2125,4.6316
audusd+nzdusd+usdjpy,prev_close,6,0.3000,lon17,25,1383,0.3731,0.7410,-44.8744,0.2320,-0.0149,1.0000,0.0557,0.2440,4.4772,1.0700,17.8133,17.9106,0.3404,4.6316
audusd+nzdusd+usdjpy,prev_close,6,0.3000,lon17,30,1383,0.3970,0.1327,-44.8981,0.2320,0.0085,1.0000,0.0083,0.2433,4.4772,1.6500,17.9667,18.8322,-0.2479,4.6316
audusd+nzdusd+usdjpy,prev_close,6,0.3000,lon17,40,1383,0.4309,0.1727,-44.8958,0.2320,-0.0475,1.0000,0.0113,0.2429,4.4772,3.7433,19.0367,21.6315,-0.5283,4.6316
audusd+nzdusd+usdjpy,prev_close,6,0.3000,ny11,0,1383,0.4881,0.4902,-44.8359,0.2320,-0.1116,1.0000,0.0270,0.2462,4.4772,12.6167,22.4667,25.2399,-0.0557,4.6316
audusd+nzdusd+usdjpy,prev_close,6,0.3000,ny11,25,1383,0.3702,0.5938,-44.8744,0.2320,-0.0170,1.0000,0.0399,0.2440,4.4772,1.0700,16.8133,16.1506,0.1750,4.6316
audusd+nzdusd+usdjpy,prev_close,6,0.3000,ny11,30,1383,0.3948,0.1066,-44.8981,0.2320,0.0154,1.0000,0.0059,0.2433,4.4772,1.6500,16.9500,18.0408,-0.3159,4.6316
audusd+nzdusd+usdjpy,prev_close,6,0.3000,ny11,40,1383,0.4259,0.1154,-44.9000,0.2320,-0.0525,1.0000,0.0068,0.2429,4.4772,3.7433,17.1367,20.8869,-0.5729,4.6316
audusd+nzdusd+usdjpy,prev_close,6,0.3000,ny1655,0,1383,0.5004,0.0082,-44.7982,0.2320,-0.0694,1.0000,0.0003,0.2483,4.4772,18.5333,23.4667,25.9396,-0.4124,4.6316
audusd+nzdusd+usdjpy,prev_close,6,0.3000,ny1655,25,1383,0.3536,0.7216,-44.8441,0.2320,-0.0556,1.0000,0.0629,0.2446,4.4772,1.0700,22.4633,16.7822,0.3364,4.6316
audusd+nzdusd+usdjpy,prev_close,6,0.3000,ny1655,30,1383,0.3796,-0.0834,-44.8828,0.2320,-0.0526,1.0000,-0.0055,0.2436,4.4772,1.6500,22.6500,18.5141,-0.3795,4.6316
audusd+nzdusd+usdjpy,prev_close,6,0.3000,ny1655,40,1383,0.4230,0.0197,-44.8914,0.2320,-0.0940,1.0000,0.0012,0.2435,4.4772,3.7433,22.8000,21.3968,-0.5547,4.6316
audusd+nzdusd+usdjpy,prev_close,6,0.4000,lon17,0,750,0.4853,0.5816,-43.8365,0.2563,0.1117,1.0000,0.0243,0.2859,2.4280,13.5800,23.4483,25.1461,-0.6517,6.2222
audusd+nzdusd+usdjpy,prev_close,6,0.4000,lon17,25,750,0.3560,0.1502,-43.9192,0.2563,0.2826,1.0000,0.0143,0.2799,2.4280,0.7933,19.1500,15.4009,-0.2093,6.2222
audusd+nzdusd+usdjpy,prev_close,6,0.4000,lon17,30,750,0.3813,-0.9021,-43.8971,0.2563,0.2865,1.0000,-0.0523,0.2805,2.4280,1.4167,21.1367,17.6662,-0.9089,6.2222
audusd+nzdusd+usdjpy,prev_close,6,0.4000,lon17,40,750,0.4200,-0.2150,-43.8533,0.2563,0.1908,1.0000,-0.0147,0.2825,2.4280,2.8800,22.1833,20.9273,-0.6055,6.2222
audusd+nzdusd+usdjpy,prev_close,6,0.4000,ny11,0,750,0.4827,1.1390,-43.8489,0.2563,0.0667,1.0000,0.0496,0.2859,2.4280,12.5117,23.4483,24.9858,-0.0535,6.2222
audusd+nzdusd+usdjpy,prev_close,6,0.4000,ny11,25,750,0.3573,0.1913,-43.9243,0.2563,0.3026,1.0000,0.0167,0.2799,2.4280,0.7933,17.0717,15.3786,-0.3947,6.2222
audusd+nzdusd+usdjpy,prev_close,6,0.4000,ny11,30,750,0.3840,-0.3629,-43.9050,0.2563,0.3018,1.0000,-0.0209,0.2805,2.4280,1.4167,20.1067,17.2143,-0.4773,6.2222
audusd+nzdusd+usdjpy,prev_close,6,0.4000,ny11,40,750,0.4213,0.1672,-43.8628,0.2563,0.1958,1.0000,0.0117,0.2825,2.4280,2.8800,22.1833,20.2694,-0.2253,6.2222
audusd+nzdusd+usdjpy,prev_close,6,0.4000,ny1655,0,750,0.4973,0.4907,-43.7969,0.2563,0.1164,1.0000,0.0209,0.2890,2.4280,18.4283,23.8850,27.1760,-0.6497,6.2222
audusd+nzdusd+usdjpy,prev_close,6,0.4000,ny1655,25,750,0.3520,0.9230,-43.9423,0.2563,0.2583,1.0000,0.0941,0.2785,2.4280,0.7933,22.5333,13.8505,0.3445,6.2222
audusd+nzdusd+usdjpy,prev_close,6,0.4000,ny1655,30,750,0.3827,-0.1279,-43.9195,0.2563,0.2508,1.0000,-0.0078,0.2792,2.4280,1.4167,22.8000,17.0041,-0.3259,6.2222
audusd+nzdusd+usdjpy,prev_close,6,0.4000,ny1655,40,750,0.4227,0.0910,-43.8715,0.2563,0.1256,1.0000,0.0058,0.2816,2.4280,2.8800,22.9000,21.3663,-0.4225,6.2222
audusd+nzdusd+usdjpy,prev_close,8,0.1000,lon17,0,5814,0.4950,-0.5881,-46.4805,0.2822,-0.4207,1.0000,-0.0613,0.2043,18.8219,13.8933,17.9833,20.6387,-0.3965,1.1168
audusd+nzdusd+usdjpy,prev_close,8,0.1000,lon17,25,5814,0.3915,-0.4446,-46.5386,0.2822,-0.2839,1.0000,-0.0517,0.2031,18.8219,1.9333,17.5617,15.1843,-0.0654,1.1168
audusd+nzdusd+usdjpy,prev_close,8,0.1000,lon17,30,5814,0.4224,-0.4243,-46.5292,0.2822,-0.2813,1.0000,-0.0496,0.2033,18.8219,2.8550,17.7333,16.7347,-0.0397,1.1168
audusd+nzdusd+usdjpy,prev_close,8,0.1000,lon17,40,5814,0.4544,-0.6046,-46.5391,0.2822,-0.2177,1.0000,-0.0634,0.2030,18.8219,5.7833,17.8667,18.4817,-0.2960,1.1168
audusd+nzdusd+usdjpy,prev_close,8,0.1000,ny11,0,5814,0.4998,-0.2717,-46.4888,0.2822,-0.4366,1.0000,-0.0351,0.2041,18.8219,12.8150,16.9667,20.3415,-0.1768,1.1168
audusd+nzdusd+usdjpy,prev_close,8,0.1000,ny11,25,5814,0.4013,-0.3402,-46.5477,0.2822,-0.3273,1.0000,-0.0471,0.2029,18.8219,1.9333,16.4450,14.8838,0.0558,1.1168
audusd+nzdusd+usdjpy,prev_close,8,0.1000,ny11,30,5814,0.4315,-0.2256,-46.5384,0.2822,-0.3169,1.0000,-0.0318,0.2030,18.8219,2.8550,16.6667,16.7874,0.1658,1.1168
audusd+nzdusd+usdjpy,prev_close,8,0.1000,ny11,40,5814,0.4618,-0.3002,-46.5486,0.2822,-0.2237,1.0000,-0.0406,0.2028,18.8219,5.7550,16.8000,18.3028,-0.0095,1.1168
audusd+nzdusd+usdjpy,prev_close,8,0.1000,ny1655,0,5814,0.4943,-1.0281,-46.3722,0.2822,-0.4160,1.0000,-0.0779,0.2075,18.8219,18.7883,22.9000,21.4223,-0.7972,1.1168
audusd+nzdusd+usdjpy,prev_close,8,0.1000,ny1655,25,5814,0.3793,-0.5871,-46.4656,0.2822,-0.3243,1.0000,-0.0601,0.2051,18.8219,1.9333,22.3167,14.8731,-0.1868,1.1168
audusd+nzdusd+usdjpy,prev_close,8,0.1000,ny1655,30,5814,0.4092,-0.6232,-46.4607,0.2822,-0.3288,1.0000,-0.0605,0.2052,18.8219,2.8550,22.5450,16.5737,-0.2226,1.1168
audusd+nzdusd+usdjpy,prev_close,8,0.1000,ny1655,40,5814,0.4467,-0.9905,-46.4571,0.2822,-0.2837,1.0000,-0.0748,0.2053,18.8219,5.7833,22.7000,18.6666,-0.6061,1.1168
audusd+nzdusd+usdjpy,prev_close,8,0.1500,lon17,0,4599,0.4877,-0.1799,-46.3699,0.1788,-0.1106,1.0000,-0.0205,0.2087,14.8885,12.9167,17.9667,21.6842,0.0478,1.3774
audusd+nzdusd+usdjpy,prev_close,8,0.1500,lon17,25,4599,0.3768,-0.7222,-46.4268,0.1788,-0.0462,1.0000,-0.0677,0.2073,14.8885,1.7167,17.0833,15.0444,-0.4393,1.3774
audusd+nzdusd+usdjpy,prev_close,8,0.1500,lon17,30,4599,0.4057,-0.8415,-46.4156,0.1788,0.0649,1.0000,-0.0717,0.2075,14.8885,2.4633,17.3367,16.9479,-0.5333,1.3774
audusd+nzdusd+usdjpy,prev_close,8,0.1500,lon17,40,4599,0.4434,-0.5102,-46.4328,0.1788,0.0734,1.0000,-0.0485,0.2072,14.8885,5.0833,17.7333,18.7777,-0.3070,1.3774
audusd+nzdusd+usdjpy,prev_close,8,0.1500,ny11,0,4599,0.4949,-0.1510,-46.3698,0.1788,-0.1320,1.0000,-0.0180,0.2087,14.8885,11.9000,16.9500,21.1069,0.0327,1.3774
audusd+nzdusd+usdjpy,prev_close,8,0.1500,ny11,25,4599,0.3873,-0.6393,-46.4269,0.1788,-0.0959,1.0000,-0.0638,0.2073,14.8885,1.7167,15.9833,14.7974,-0.3101,1.3774
audusd+nzdusd+usdjpy,prev_close,8,0.1500,ny11,30,4599,0.4144,-0.7527,-46.4157,0.1788,0.0408,1.0000,-0.0686,0.2075,14.8885,2.4633,16.1867,16.9741,-0.4062,1.3774
audusd+nzdusd+usdjpy,prev_close,8,0.1500,ny11,40,4599,0.4518,-0.2989,-46.4332,0.1788,0.0830,1.0000,-0.0318,0.2072,14.8885,5.0833,16.6833,19.2408,-0.0929,1.3774
audusd+nzdusd+usdjpy,prev_close,8,0.1500,ny1655,0,4599,0.4925,-0.2833,-46.2787,0.1788,-0.1149,1.0000,-0.0226,0.2116,14.8885,17.8333,22.8667,22.4522,-0.0843,1.3774
audusd+nzdusd+usdjpy,prev_close,8,0.1500,ny1655,25,4599,0.3646,-0.9079,-46.3749,0.1788,-0.1096,1.0000,-0.0639,0.2090,14.8885,1.7300,21.7500,14.8894,-0.6218,1.3774
audusd+nzdusd+usdjpy,prev_close,8,0.1500,ny1655,30,4599,0.3968,-0.9269,-46.3595,0.1788,-0.0131,1.0000,-0.0643,0.2092,14.8885,2.4800,22.0000,16.3980,-0.6652,1.3774
audusd+nzdusd+usdjpy,prev_close,8,0.1500,ny1655,40,4599,0.4403,-0.7121,-46.3580,0.1788,-0.0151,1.0000,-0.0579,0.2094,14.8885,5.1167,22.5500,19.0962,-0.5091,1.3774
audusd+nzdusd+usdjpy,prev_close,8,0.2000,lon17,0,3435,0.4929,0.2166,-46.7003,0.2318,-0.2591,1.0000,0.0215,0.2017,11.1203,12.4667,18.3167,22.3643,0.3225,1.9072
audusd+nzdusd+usdjpy,prev_close,8,0.2000,lon17,25,3435,0.3840,-0.2808,-46.7974,0.2318,-0.1229,1.0000,-0.0261,0.1996,11.1203,1.5733,17.0200,14.6500,-0.1635,1.9072
audusd+nzdusd+usdjpy,prev_close,8,0.2000,lon17,30,3435,0.4137,-0.4470,-46.7773,0.2318,-0.1342,1.0000,-0.0366,0.1999,11.1203,2.4033,17.4567,17.6669,-0.2976,1.9072
audusd+nzdusd+usdjpy,prev_close,8,0.2000,lon17,40,3435,0.4472,-0.2293,-46.7776,0.2318,-0.1594,1.0000,-0.0209,0.1999,11.1203,4.7233,17.8000,19.1103,-0.1696,1.9072
audusd+nzdusd+usdjpy,prev_close,8,0.2000,ny11,0,3435,0.4926,0.2235,-46.7032,0.2318,-0.3233,1.0000,0.0234,0.2017,11.1203,11.3833,16.9833,22.1541,0.2540,1.9072
audusd+nzdusd+usdjpy,prev_close,8,0.2000,ny11,25,3435,0.3866,-0.2606,-46.7991,0.2318,-0.1736,1.0000,-0.0260,0.1996,11.1203,1.5733,15.8167,14.6070,-0.1345,1.9072
audusd+nzdusd+usdjpy,prev_close,8,0.2000,ny11,30,3435,0.4166,-0.3136,-46.7789,0.2318,-0.1531,1.0000,-0.0283,0.1999,11.1203,2.4033,16.2167,16.9589,-0.2003,1.9072
audusd+nzdusd+usdjpy,prev_close,8,0.2000,ny11,40,3435,0.4489,0.0072,-46.7799,0.2318,-0.1695,1.0000,0.0008,0.1999,11.1203,4.7233,16.7500,19.1526,0.0165,1.9072
audusd+nzdusd+usdjpy,prev_close,8,0.2000,ny1655,0,3435,0.4967,0.3428,-46.6374,0.2318,-0.2898,1.0000,0.0336,0.2041,11.1203,17.3333,22.9000,23.6011,0.3335,1.9072
audusd+nzdusd+usdjpy,prev_close,8,0.2000,ny1655,25,3435,0.3694,-0.0225,-46.7637,0.2318,-0.1861,1.0000,-0.0026,0.2008,11.1203,1.5733,21.4767,14.9710,0.0482,1.9072
audusd+nzdusd+usdjpy,prev_close,8,0.2000,ny1655,30,3435,0.3994,-0.4039,-46.7364,0.2318,-0.2116,1.0000,-0.0357,0.2013,11.1203,2.4033,21.9667,17.2774,-0.2894,1.9072
audusd+nzdusd+usdjpy,prev_close,8,0.2000,ny1655,40,3435,0.4384,-0.2971,-46.7219,0.2318,-0.2523,1.0000,-0.0264,0.2017,11.1203,4.7233,22.6000,19.2586,-0.2764,1.9072
audusd+nzdusd+usdjpy,prev_close,8,0.3000,lon17,0,1791,0.4880,0.8213,-45.7120,0.2649,-0.0444,1.0000,0.0681,0.2261,5.7981,12.2167,19.6333,25.5625,0.5777,3.9667
audusd+nzdusd+usdjpy,prev_close,8,0.3000,lon17,25,1791,0.3797,0.7890,-45.7843,0.2649,-0.0191,1.0000,0.0835,0.2236,5.7981,1.2667,17.2167,16.9246,0.6571,3.9667
audusd+nzdusd+usdjpy,prev_close,8,0.3000,lon17,30,1791,0.4015,0.1725,-45.8048,0.2649,-0.0167,1.0000,0.0157,0.2230,5.7981,1.9833,17.7333,18.5209,0.0681,3.9667
audusd+nzdusd+usdjpy,prev_close,8,0.3000,lon17,40,1791,0.4355,0.3949,-45.7899,0.2649,-0.0580,1.0000,0.0392,0.2233,5.7981,4.0167,17.9500,20.9227,0.1517,3.9667
audusd+nzdusd+usdjpy,prev_close,8,0.3000,ny11,0,1791,0.4897,0.6731,-45.7145,0.2649,-0.1246,1.0000,0.0569,0.2261,5.7981,11.1500,19.3500,24.5777,0.4270,3.9667
audusd+nzdusd+usdjpy,prev_close,8,0.3000,ny11,25,1791,0.3808,0.8833,-45.7843,0.2649,-0.0318,1.0000,0.0983,0.2236,5.7981,1.2667,16.2167,16.0689,0.6898,3.9667
audusd+nzdusd+usdjpy,prev_close,8,0.3000,ny11,30,1791,0.4037,0.3601,-45.8048,0.2649,-0.0146,1.0000,0.0326,0.2230,5.7981,1.9833,16.7333,17.8874,0.1577,3.9667
audusd+nzdusd+usdjpy,prev_close,8,0.3000,ny11,40,1791,0.4355,0.5177,-45.7912,0.2649,-0.0748,1.0000,0.0544,0.2233,5.7981,4.0167,16.9000,20.2672,0.2269,3.9667
audusd+nzdusd+usdjpy,prev_close,8,0.3000,ny1655,0,1791,0.4969,0.4926,-45.7000,0.2649,-0.0469,1.0000,0.0310,0.2279,5.7981,17.0667,23.0667,25.0692,0.4591,3.9667
audusd+nzdusd+usdjpy,prev_close,8,0.3000,ny1655,25,1791,0.3646,0.8288,-45.7715,0.2649,-0.0668,1.0000,0.0923,0.2242,5.7981,1.2667,21.7667,16.4260,0.7389,3.9667
audusd+nzdusd+usdjpy,prev_close,8,0.3000,ny1655,30,1791,0.3864,-0.0736,-45.8046,0.2649,-0.0789,1.0000,-0.0058,0.2235,5.7981,1.9833,22.2667,18.3567,-0.0614,3.9667
audusd+nzdusd+usdjpy,prev_close,8,0.3000,ny1655,40,1791,0.4283,0.1941,-45.7886,0.2649,-0.1113,1.0000,0.0150,0.2242,5.7981,4.0167,22.6167,20.9578,0.0867,3.9667
audusd+nzdusd+usdjpy,prev_close,8,0.4000,lon17,0,1017,0.4838,0.6724,-45.2861,0.2221,0.0791,1.0000,0.0326,0.2389,3.2924,11.8700,22.0433,25.1899,-0.1475,5.7143
audusd+nzdusd+usdjpy,prev_close,8,0.4000,lon17,25,1017,0.3638,0.4375,-45.3750,0.2221,0.2042,1.0000,0.0324,0.2350,3.2924,1.0867,17.9500,15.3832,0.3983,5.7143
audusd+nzdusd+usdjpy,prev_close,8,0.4000,lon17,30,1017,0.3884,-0.4905,-45.3532,0.2221,0.2263,1.0000,-0.0259,0.2355,3.2924,1.7100,18.1000,17.5500,-0.2589,5.7143
audusd+nzdusd+usdjpy,prev_close,8,0.4000,lon17,40,1017,0.4248,0.0577,-45.3254,0.2221,0.1526,1.0000,0.0034,0.2364,3.2924,3.5000,20.0000,20.9204,-0.0048,5.7143
audusd+nzdusd+usdjpy,prev_close,8,0.4000,ny11,0,1017,0.4867,1.2506,-45.2934,0.2221,0.0295,1.0000,0.0772,0.2389,3.2924,10.8700,22.0433,24.6447,0.4763,5.7143
audusd+nzdusd+usdjpy,prev_close,8,0.4000,ny11,25,1017,0.3687,0.6400,-45.3784,0.2221,0.1983,1.0000,0.0548,0.2350,3.2924,1.0867,16.9133,15.3575,0.4229,5.7143
audusd+nzdusd+usdjpy,prev_close,8,0.4000,ny11,30,1017,0.3943,0.0707,-45.3585,0.2221,0.2188,1.0000,0.0043,0.2355,3.2924,1.7100,17.0167,17.4930,0.2212,5.7143
audusd+nzdusd+usdjpy,prev_close,8,0.4000,ny11,40,1017,0.4307,0.6183,-45.3316,0.2221,0.1391,1.0000,0.0436,0.2364,3.2924,3.5000,20.0000,19.9851,0.5284,5.7143
audusd+nzdusd+usdjpy,prev_close,8,0.4000,ny1655,0,1017,0.4877,-0.4287,-45.2735,0.2221,0.0620,1.0000,-0.0169,0.2414,3.2924,16.7600,23.3533,27.0678,-0.7799,5.7143
audusd+nzdusd+usdjpy,prev_close,8,0.4000,ny1655,25,1017,0.3550,0.2715,-45.4147,0.2221,0.1499,1.0000,0.0179,0.2348,3.2924,1.0867,22.2000,14.4260,0.3116,5.7143
audusd+nzdusd+usdjpy,prev_close,8,0.4000,ny1655,30,1017,0.3815,-0.8240,-45.3913,0.2221,0.1534,1.0000,-0.0371,0.2353,3.2924,1.7100,22.4667,17.4940,-0.4412,5.7143
audusd+nzdusd+usdjpy,prev_close,8,0.4000,ny1655,40,1017,0.4199,-0.7497,-45.3600,0.2221,0.0610,1.0000,-0.0331,0.2365,3.2924,3.5000,22.7233,21.1770,-0.5920,5.7143
audusd+nzdusd+usdjpy,prev_close,10,0.1000,lon17,0,6072,0.4962,-0.4351,-46.6738,0.1688,-0.4285,1.0000,-0.0520,0.2006,19.6571,13.1333,17.9833,20.3183,-0.2810,1.0167
audusd+nzdusd+usdjpy,prev_close,10,0.1000,lon17,25,6072,0.3949,-0.3429,-46.7310,0.1688,-0.2903,1.0000,-0.0435,0.1994,19.6571,1.9833,17.4833,15.0191,0.0147,1.0167
audusd+nzdusd+usdjpy,prev_close,10,0.1000,lon17,30,6072,0.4259,-0.2808,-46.7217,0.1688,-0.2990,1.0000,-0.0367,0.1996,19.6571,2.9667,17.7000,16.5385,0.0667,1.0167
audusd+nzdusd+usdjpy,prev_close,10,0.1000,lon17,40,6072,0.4572,-0.4398,-46.7317,0.1688,-0.2338,1.0000,-0.0538,0.1994,19.6571,5.9667,17.8333,18.2108,-0.1738,1.0167
audusd+nzdusd+usdjpy,prev_close,10,0.1000,ny11,0,6072,0.5020,-0.1609,-46.6816,0.1688,-0.4322,1.0000,-0.0248,0.2003,19.6571,12.1333,16.9667,19.8137,-0.0912,1.0167
audusd+nzdusd+usdjpy,prev_close,10,0.1000,ny11,25,6072,0.4055,-0.2606,-46.7399,0.1688,-0.3196,1.0000,-0.0403,0.1992,19.6571,1.9833,16.3983,14.7194,0.1163,1.0167
audusd+nzdusd+usdjpy,prev_close,10,0.1000,ny11,30,6072,0.4358,-0.1106,-46.7305,0.1688,-0.3216,1.0000,-0.0182,0.1994,19.6571,2.9667,16.6000,16.5784,0.2467,1.0167
audusd+nzdusd+usdjpy,prev_close,10,0.1000,ny11,40,6072,0.4654,-0.1859,-46.7410,0.1688,-0.2259,1.0000,-0.0302,0.1991,19.6571,5.9183,16.7667,17.9118,0.0704,1.0167
audusd+nzdusd+usdjpy,prev_close,10,0.1000,ny1655,0,6072,0.4932,-1.0441,-46.5633,0.1688,-0.4136,1.0000,-0.0804,0.2037,19.6571,18.0500,22.9000,21.1032,-0.8150,1.0167
audusd+nzdusd+usdjpy,prev_close,10,0.1000,ny1655,25,6072,0.3809,-0.6055,-46.6569,0.1688,-0.3274,1.0000,-0.0629,0.2014,19.6571,1.9833,22.2650,14.7713,-0.2002,1.0167
audusd+nzdusd+usdjpy,prev_close,10,0.1000,ny1655,30,6072,0.4106,-0.6035,-46.6518,0.1688,-0.3405,1.0000,-0.0616,0.2015,19.6571,2.9667,22.4500,16.4194,-0.2137,1.0167
audusd+nzdusd+usdjpy,prev_close,10,0.1000,ny1655,40,6072,0.4475,-0.9539,-46.6482,0.1688,-0.2907,1.0000,-0.0762,0.2016,19.6571,5.9667,22.6667,18.4579,-0.5842,1.0167
audusd+nzdusd+usdjpy,prev_close,10,0.1500,lon17,0,5130,0.4881,-0.1146,-46.7395,0.2115,-0.0969,1.0000,-0.0140,0.1988,16.6076,11.0500,17.9500,20.9257,0.0878,1.2378
audusd+nzdusd+usdjpy,prev_close,10,0.1500,lon17,25,5130,0.3827,-0.7351,-46.8113,0.2115,-0.0069,1.0000,-0.0709,0.1972,16.6076,1.7833,16.9333,14.8896,-0.4582,1.2378
audusd+nzdusd+usdjpy,prev_close,10,0.1500,lon17,30,5130,0.4103,-0.8374,-46.8002,0.2115,0.0916,1.0000,-0.0749,0.1974,16.6076,2.5833,17.1667,16.5144,-0.5569,1.2378
audusd+nzdusd+usdjpy,prev_close,10,0.1500,lon17,40,5130,0.4472,-0.4513,-46.8132,0.2115,0.0939,1.0000,-0.0439,0.1972,16.6076,5.4467,17.6000,18.1345,-0.2737,1.2378
audusd+nzdusd+usdjpy,prev_close,10,0.1500,ny11,0,5130,0.4971,-0.0410,-46.7496,0.2115,-0.1161,1.0000,-0.0054,0.1985,16.6076,9.9633,16.8850,20.2739,0.1259,1.2378
audusd+nzdusd+usdjpy,prev_close,10,0.1500,ny11,25,5130,0.3947,-0.6422,-46.8106,0.2115,-0.0597,1.0000,-0.0700,0.1972,16.6076,1.7833,15.8333,14.5041,-0.3231,1.2378
audusd+nzdusd+usdjpy,prev_close,10,0.1500,ny11,30,5130,0.4209,-0.7241,-46.7995,0.2115,0.0640,1.0000,-0.0725,0.1974,16.6076,2.5833,16.0517,16.4922,-0.4146,1.2378
audusd+nzdusd+usdjpy,prev_close,10,0.1500,ny11,40,5130,0.4575,-0.2311,-46.8129,0.2115,0.1001,1.0000,-0.0262,0.1972,16.6076,5.4467,16.5167,18.2258,-0.0422,1.2378
audusd+nzdusd+usdjpy,prev_close,10,0.1500,ny1655,0,5130,0.4903,-0.2352,-46.6194,0.2115,-0.1426,1.0000,-0.0222,0.2021,16.6076,15.9483,22.8183,21.7204,-0.0569,1.2378
audusd+nzdusd+usdjpy,prev_close,10,0.1500,ny1655,25,5130,0.3684,-0.9796,-46.7474,0.2115,-0.0713,1.0000,-0.0700,0.1989,16.6076,1.8000,21.4867,14.4930,-0.6991,1.2378
audusd+nzdusd+usdjpy,prev_close,10,0.1500,ny1655,30,5130,0.3992,-0.9711,-46.7323,0.2115,0.0030,1.0000,-0.0685,0.1991,16.6076,2.6450,21.8167,15.9618,-0.7348,1.2378
audusd+nzdusd+usdjpy,prev_close,10,0.1500,ny1655,40,5130,0.4421,-0.6453,-46.7260,0.2115,-0.0232,1.0000,-0.0575,0.1994,16.6076,5.4667,22.3167,18.2466,-0.4698,1.2378
audusd+nzdusd+usdjpy,prev_close,10,0.2000,lon17,0,4098,0.4907,0.1842,-47.0961,0.2553,-0.2164,1.0000,0.0186,0.1933,13.2666,10.1667,17.9500,21.2852,0.2318,1.5891
audusd+nzdusd+usdjpy,prev_close,10,0.2000,lon17,25,4098,0.3907,-0.1742,-47.1839,0.2553,-0.0080,1.0000,-0.0165,0.1914,13.2666,1.6500,16.5667,14.3768,-0.1123,1.5891
audusd+nzdusd+usdjpy,prev_close,10,0.2000,lon17,30,4098,0.4190,-0.2512,-47.1668,0.2553,-0.0013,1.0000,-0.0205,0.1917,13.2666,2.5167,16.9717,16.6030,-0.1346,1.5891
audusd+nzdusd+usdjpy,prev_close,10,0.2000,lon17,40,4098,0.4495,-0.1891,-47.1670,0.2553,-0.0394,1.0000,-0.0167,0.1917,13.2666,4.8117,17.5000,18.5712,-0.1589,1.5891
audusd+nzdusd+usdjpy,prev_close,10,0.2000,ny11,0,4098,0.4929,0.0918,-47.0965,0.2553,-0.2570,1.0000,0.0103,0.1933,13.2666,9.0667,16.8667,20.5143,0.0959,1.5891
audusd+nzdusd+usdjpy,prev_close,10,0.2000,ny11,25,4098,0.3958,-0.2457,-47.1843,0.2553,-0.0468,1.0000,-0.0238,0.1914,13.2666,1.6500,15.4167,14.1895,-0.1377,1.5891
audusd+nzdusd+usdjpy,prev_close,10,0.2000,ny11,30,4098,0.4246,-0.1995,-47.1671,0.2553,-0.0081,1.0000,-0.0175,0.1917,13.2666,2.5167,15.8000,16.0583,-0.0857,1.5891
audusd+nzdusd+usdjpy,prev_close,10,0.2000,ny11,40,4098,0.4534,-0.0591,-47.1677,0.2553,-0.0346,1.0000,-0.0059,0.1917,13.2666,4.8117,16.3267,18.4203,-0.0477,1.5891
audusd+nzdusd+usdjpy,prev_close,10,0.2000,ny1655,0,4098,0.4924,0.2642,-46.9988,0.2553,-0.2211,1.0000,0.0274,0.1961,13.2666,15.0333,22.7500,22.5726,0.2094,1.5891
audusd+nzdusd+usdjpy,prev_close,10,0.2000,ny1655,25,4098,0.3760,0.0660,-47.1186,0.2553,-0.0611,1.0000,0.0074,0.1933,13.2666,1.6500,21.1667,14.5648,0.0902,1.5891
audusd+nzdusd+usdjpy,prev_close,10,0.2000,ny1655,30,4098,0.4048,-0.2447,-47.0894,0.2553,-0.0608,1.0000,-0.0215,0.1939,13.2666,2.5167,21.5100,16.4256,-0.1299,1.5891
audusd+nzdusd+usdjpy,prev_close,10,0.2000,ny1655,40,4098,0.4407,-0.2746,-47.0823,0.2553,-0.1292,1.0000,-0.0248,0.1941,13.2666,4.8117,22.1700,18.5546,-0.2558,1.5891
audusd+nzdusd+usdjpy,prev_close,10,0.3000,lon17,0,2325,0.4929,0.6546,-46.7877,0.2315,-0.0448,1.0000,0.0564,0.2019,7.5268,9.7667,17.9833,23.7643,0.5934,2.9400
audusd+nzdusd+usdjpy,prev_close,10,0.3000,lon17,25,2325,0.3880,0.7073,-46.8760,0.2315,-0.0058,1.0000,0.0609,0.1996,7.5268,1.3333,16.5100,15.4153,0.6209,2.9400
audusd+nzdusd+usdjpy,prev_close,10,0.3000,lon17,30,2325,0.4112,0.2888,-46.8950,0.2315,-0.0038,1.0000,0.0243,0.1991,7.5268,2.0400,17.0500,17.4940,0.2900,2.9400
audusd+nzdusd+usdjpy,prev_close,10,0.3000,lon17,40,2325,0.4460,0.5130,-46.8744,0.2315,-0.0429,1.0000,0.0494,0.1996,7.5268,3.9867,17.4667,20.0013,0.3814,2.9400
audusd+nzdusd+usdjpy,prev_close,10,0.3000,ny11,0,2325,0.4994,0.6789,-46.7920,0.2315,-0.0883,1.0000,0.0575,0.2019,7.5268,8.7500,16.9833,22.8264,0.5620,2.9400
audusd+nzdusd+usdjpy,prev_close,10,0.3000,ny11,25,2325,0.3957,0.8951,-46.8790,0.2315,0.0099,1.0000,0.0790,0.1996,7.5268,1.3333,15.3667,15.5095,0.7296,2.9400
audusd+nzdusd+usdjpy,prev_close,10,0.3000,ny11,30,2325,0.4198,0.5672,-46.8980,0.2315,0.0289,1.0000,0.0485,0.1991,7.5268,2.0400,15.9233,17.1502,0.4510,2.9400
audusd+nzdusd+usdjpy,prev_close,10,0.3000,ny11,40,2325,0.4512,0.7030,-46.8780,0.2315,-0.0212,1.0000,0.0674,0.1996,7.5268,3.9867,16.5167,19.2258,0.4823,2.9400
audusd+nzdusd+usdjpy,prev_close,10,0.3000,ny1655,0,2325,0.4942,0.1749,-46.7325,0.2315,-0.0373,1.0000,0.0106,0.2040,7.5268,14.6833,22.7500,24.1001,0.3176,2.9400
audusd+nzdusd+usdjpy,prev_close,10,0.3000,ny1655,25,2325,0.3677,0.5200,-46.8348,0.2315,-0.0525,1.0000,0.0491,0.2006,7.5268,1.3333,20.8833,15.4746,0.5258,2.9400
audusd+nzdusd+usdjpy,prev_close,10,0.3000,ny1655,30,2325,0.3905,-0.2154,-46.8649,0.2315,-0.0479,1.0000,-0.0181,0.2001,7.5268,2.0400,21.2933,16.9164,-0.0305,2.9400
audusd+nzdusd+usdjpy,prev_close,10,0.3000,ny1655,40,2325,0.4335,0.0028,-46.8328,0.2315,-0.0852,1.0000,0.0002,0.2009,7.5268,3.9867,22.0933,19.7454,0.0827,2.9400
audusd+nzdusd+usdjpy,prev_close,10,0.4000,lon17,0,1356,0.5022,2.1109,-46.0293,0.2589,0.1258,1.0000,0.1434,0.2190,4.3898,9.6500,19.4667,24.2995,1.4268,4.0400
audusd+nzdusd+usdjpy,prev_close,10,0.4000,lon17,25,1356,0.3909,1.8535,-46.1676,0.2589,0.2416,1.0000,0.2297,0.2146,4.3898,1.2167,17.0000,16.0359,1.7260,4.0400
audusd+nzdusd+usdjpy,prev_close,10,0.4000,lon17,30,1356,0.4137,1.1200,-46.1362,0.2589,0.2539,1.0000,0.1162,0.2153,4.3898,1.7667,17.6750,17.9433,1.2236,4.0400
audusd+nzdusd+usdjpy,prev_close,10,0.4000,lon17,40,1356,0.4462,1.1866,-46.0959,0.2589,0.1828,1.0000,0.1043,0.2164,4.3898,3.4250,17.9667,21.2942,1.1684,4.0400
audusd+nzdusd+usdjpy,prev_close,10,0.4000,ny11,0,1356,0.5029,2.2396,-46.0313,0.2589,0.1094,1.0000,0.1754,0.2190,4.3898,8.6167,19.1000,24.4008,1.5800,4.0400
audusd+nzdusd+usdjpy,prev_close,10,0.4000,ny11,25,1356,0.3990,2.0158,-46.1680,0.2589,0.2602,1.0000,0.2654,0.2146,4.3898,1.2167,16.1917,15.9438,1.6917,4.0400
audusd+nzdusd+usdjpy,prev_close,10,0.4000,ny11,30,1356,0.4226,1.4968,-46.1369,0.2589,0.2671,1.0000,0.1665,0.2153,4.3898,1.7667,16.6167,17.8656,1.4866,4.0400
audusd+nzdusd+usdjpy,prev_close,10,0.4000,ny11,40,1356,0.4535,1.5406,-46.0971,0.2589,0.1914,1.0000,0.1365,0.2164,4.3898,3.4250,16.9000,20.7694,1.4456,4.0400
audusd+nzdusd+usdjpy,prev_close,10,0.4000,ny1655,0,1356,0.5037,1.7333,-46.0588,0.2589,0.1109,1.0000,0.1106,0.2200,4.3898,14.5333,22.8833,25.9211,1.3201,4.0400
audusd+nzdusd+usdjpy,prev_close,10,0.4000,ny1655,25,1356,0.3768,1.8271,-46.1940,0.2589,0.2093,1.0000,0.1924,0.2145,4.3898,1.2167,20.8750,14.8683,1.8186,4.0400
audusd+nzdusd+usdjpy,prev_close,10,0.4000,ny1655,30,1356,0.4012,0.9491,-46.1797,0.2589,0.1966,1.0000,0.0738,0.2148,4.3898,1.7667,21.6917,17.4361,1.1968,4.0400
audusd+nzdusd+usdjpy,prev_close,10,0.4000,ny1655,40,1356,0.4388,0.8569,-46.1528,0.2589,0.1014,1.0000,0.0643,0.2158,4.3898,3.4250,22.3333,20.8191,0.9791,4.0400
eurusd+audusd+nzdusd,day_open,6,0.1000,lon17,0,5526,0.4832,-1.4683,-46.4371,0.2086,-0.1184,1.0000,-0.0950,0.2047,17.8896,14.2667,17.9833,15.0198,-1.0333,1.0991
eurusd+audusd+nzdusd,day_open,6,0.1000,lon17,25,5526,0.3900,-1.5161,-46.4663,0.2086,-0.1781,1.0000,-0.0938,0.2039,17.8896,3.1833,17.6250,11.0080,-1.0378,1.0991
eurusd+audusd+nzdusd,day_open,6,0.1000,lon17,30,5526,0.4206,-1.5486,-46.4883,0.2086,-0.1231,1.0000,-0.0923,0.2035,17.8896,5.0500,17.7500,12.7017,-1.0249,1.0991
eurusd+audusd+nzdusd,day_open,6,0.1000,lon17,40,5526,0.4553,-1.6872,-46.4842,0.2086,-0.0929,1.0000,-0.0942,0.2035,17.8896,8.2500,17.8500,13.6102,-1.1843,1.0991
eurusd+audusd+nzdusd,day_open,6,0.1000,ny11,0,5526,0.4844,-0.9930,-46.4469,0.2086,-0.1449,1.0000,-0.0804,0.2044,17.8896,13.2333,16.9500,14.2763,-0.6358,1.0991
eurusd+audusd+nzdusd,day_open,6,0.1000,ny11,25,5526,0.3961,-1.2156,-46.4762,0.2086,-0.1680,1.0000,-0.0891,0.2037,17.8896,3.1833,16.5333,10.7929,-0.8019,1.0991
eurusd+audusd+nzdusd,day_open,6,0.1000,ny11,30,5526,0.4258,-1.1976,-46.4987,0.2086,-0.1013,1.0000,-0.0848,0.2032,17.8896,5.0500,16.7000,12.3107,-0.7295,1.0991
eurusd+audusd+nzdusd,day_open,6,0.1000,ny11,40,5526,0.4571,-1.3367,-46.4946,0.2086,-0.0765,1.0000,-0.0881,0.2032,17.8896,8.2500,16.8167,13.1309,-0.8780,1.0991
eurusd+audusd+nzdusd,day_open,6,0.1000,ny1655,0,5526,0.4857,-1.4731,-46.3435,0.2086,-0.1448,1.0000,-0.0740,0.2077,17.8896,19.1500,22.8500,16.1203,-1.0087,1.0991
eurusd+audusd+nzdusd,day_open,6,0.1000,ny1655,25,5526,0.3766,-1.3778,-46.4240,0.2086,-0.1849,1.0000,-0.0816,0.2053,17.8896,3.1833,22.3000,10.2930,-0.9009,1.0991
eurusd+audusd+nzdusd,day_open,6,0.1000,ny1655,30,5526,0.4102,-1.5267,-46.4266,0.2086,-0.1364,1.0000,-0.0811,0.2053,17.8896,5.0500,22.5000,12.0761,-0.9529,1.0991
eurusd+audusd+nzdusd,day_open,6,0.1000,ny1655,40,5526,0.4493,-1.6702,-46.4063,0.2086,-0.1397,1.0000,-0.0827,0.2058,17.8896,8.2500,22.6500,13.7667,-1.1087,1.0991
eurusd+audusd+nzdusd,day_open,6,0.1500,lon17,0,4110,0.4883,-0.4933,-45.8438,0.2072,-0.3169,1.0000,-0.0441,0.2193,13.3055,13.9167,17.8683,15.3107,-0.2235,1.4054
eurusd+audusd+nzdusd,day_open,6,0.1500,lon17,25,4110,0.3939,-0.2475,-45.9062,0.2072,-0.1948,1.0000,-0.0348,0.2175,13.3055,3.0167,17.0500,11.0212,-0.0143,1.4054
eurusd+audusd+nzdusd,day_open,6,0.1500,lon17,30,4110,0.4246,-0.4842,-45.9283,0.2072,-0.3059,1.0000,-0.0534,0.2170,13.3055,4.7167,17.2000,12.7808,-0.1315,1.4054
eurusd+audusd+nzdusd,day_open,6,0.1500,lon17,40,4110,0.4584,-0.5683,-45.8979,0.2072,-0.2420,1.0000,-0.0718,0.2178,13.3055,7.8433,17.5333,13.9430,-0.2320,1.4054
eurusd+audusd+nzdusd,day_open,6,0.1500,ny11,0,4110,0.4905,-0.1104,-45.8553,0.2072,-0.3329,1.0000,-0.0123,0.2190,13.3055,12.9000,16.8000,14.9550,0.0841,1.4054
eurusd+audusd+nzdusd,day_open,6,0.1500,ny11,25,4110,0.4027,-0.0489,-45.9177,0.2072,-0.1448,1.0000,-0.0070,0.2171,13.3055,3.0167,16.0000,10.7863,0.1590,1.4054
eurusd+audusd+nzdusd,day_open,6,0.1500,ny11,30,4110,0.4314,-0.2169,-45.9398,0.2072,-0.2568,1.0000,-0.0275,0.2167,13.3055,4.7167,16.1500,11.9564,0.1099,1.4054
eurusd+audusd+nzdusd,day_open,6,0.1500,ny11,40,4110,0.4620,-0.2759,-45.9094,0.2072,-0.1969,1.0000,-0.0356,0.2174,13.3055,7.8433,16.4500,13.6309,0.0126,1.4054
eurusd+audusd+nzdusd,day_open,6,0.1500,ny1655,0,4110,0.4912,-0.2667,-45.7924,0.2072,-0.2947,1.0000,-0.0180,0.2222,13.3055,18.8167,22.6833,16.6105,-0.0213,1.4054
eurusd+audusd+nzdusd,day_open,6,0.1500,ny1655,25,4110,0.3783,-0.1656,-45.8791,0.2072,-0.2195,1.0000,-0.0246,0.2191,13.3055,3.0167,21.7833,10.5192,0.0907,1.4054
eurusd+audusd+nzdusd,day_open,6,0.1500,ny1655,30,4110,0.4105,-0.4472,-45.8885,0.2072,-0.3105,1.0000,-0.0468,0.2189,13.3055,4.7167,21.9517,12.3668,-0.0489,1.4054
eurusd+audusd+nzdusd,day_open,6,0.1500,ny1655,40,4110,0.4528,-0.5074,-45.8578,0.2072,-0.2701,1.0000,-0.0538,0.2198,13.3055,7.8433,22.1833,14.2740,-0.1326,1.4054
eurusd+audusd+nzdusd,day_open,6,0.2000,lon17,0,2820,0.4876,-0.4925,-45.9476,0.1705,-0.2599,1.0000,-0.0432,0.2239,9.1293,13.6500,17.8183,15.4250,-0.2359,1.6429
eurusd+audusd+nzdusd,day_open,6,0.2000,lon17,25,2820,0.3918,-0.0458,-46.0358,0.1705,-0.1842,1.0000,-0.0059,0.2213,9.1293,2.6483,16.5667,10.8962,0.1633,1.6429
eurusd+audusd+nzdusd,day_open,6,0.2000,lon17,30,2820,0.4227,-0.2789,-46.0541,0.1705,-0.2741,1.0000,-0.0307,0.2207,9.1293,4.3333,16.8683,12.4228,0.0230,1.6429
eurusd+audusd+nzdusd,day_open,6,0.2000,lon17,40,2820,0.4567,-0.7767,-46.0107,0.1705,-0.3121,1.0000,-0.0671,0.2220,9.1293,6.9000,17.3017,13.4812,-0.3517,1.6429
eurusd+audusd+nzdusd,day_open,6,0.2000,ny11,0,2820,0.4890,-0.3808,-45.9483,0.1705,-0.3366,1.0000,-0.0347,0.2239,9.1293,12.6000,16.6517,15.2649,-0.1606,1.6429
eurusd+audusd+nzdusd,day_open,6,0.2000,ny11,25,2820,0.4004,-0.1344,-46.0360,0.1705,-0.1401,1.0000,-0.0216,0.2213,9.1293,2.6483,15.5667,10.7277,0.1277,1.6429
eurusd+audusd+nzdusd,day_open,6,0.2000,ny11,30,2820,0.4287,-0.2053,-46.0543,0.1705,-0.2425,1.0000,-0.0277,0.2207,9.1293,4.3333,15.8167,12.0726,0.1094,1.6429
eurusd+audusd+nzdusd,day_open,6,0.2000,ny11,40,2820,0.4592,-0.6233,-46.0109,0.1705,-0.2964,1.0000,-0.0683,0.2220,9.1293,6.9000,16.2383,13.5618,-0.2420,1.6429
eurusd+audusd+nzdusd,day_open,6,0.2000,ny1655,0,2820,0.4894,-0.7997,-45.9124,0.1705,-0.3601,1.0000,-0.0432,0.2268,9.1293,18.5167,22.5500,16.4566,-0.4138,1.6429
eurusd+audusd+nzdusd,day_open,6,0.2000,ny1655,25,2820,0.3734,-0.5875,-46.0127,0.1705,-0.3134,1.0000,-0.0665,0.2229,9.1293,2.6483,21.3500,9.7352,-0.2007,1.6429
eurusd+audusd+nzdusd,day_open,6,0.2000,ny1655,30,2820,0.4050,-0.8288,-46.0229,0.1705,-0.3836,1.0000,-0.0744,0.2226,9.1293,4.3333,21.5833,11.7823,-0.3448,1.6429
eurusd+audusd+nzdusd,day_open,6,0.2000,ny1655,40,2820,0.4489,-1.1581,-45.9862,0.1705,-0.4508,1.0000,-0.0854,0.2239,9.1293,6.9000,22.1167,13.5541,-0.5732,1.6429
eurusd+audusd+nzdusd,day_open,6,0.3000,lon17,0,1272,0.4733,-0.0849,-45.3190,0.3444,-0.1043,1.0000,-0.0042,0.2393,4.1179,13.4500,17.5000,16.3869,-0.1004,3.0968
eurusd+audusd+nzdusd,day_open,6,0.3000,lon17,25,1272,0.3766,0.7421,-45.4222,0.3444,-0.0475,1.0000,0.0545,0.2362,4.1179,2.4350,16.0167,10.2768,0.7482,3.0968
eurusd+audusd+nzdusd,day_open,6,0.3000,lon17,30,1272,0.4009,0.0570,-45.4059,0.3444,-0.0130,1.0000,0.0037,0.2366,4.1179,3.8033,16.2667,11.7454,0.2247,3.0968
eurusd+audusd+nzdusd,day_open,6,0.3000,lon17,40,1272,0.4371,-0.3402,-45.3674,0.3444,-0.0762,1.0000,-0.0193,0.2382,4.1179,6.3517,16.4983,14.7241,-0.1149,3.0968
eurusd+audusd+nzdusd,day_open,6,0.3000,ny11,0,1272,0.4670,-0.3234,-45.3195,0.3444,-0.1670,1.0000,-0.0162,0.2393,4.1179,12.4167,16.2167,16.4660,-0.2642,3.0968
eurusd+audusd+nzdusd,day_open,6,0.3000,ny11,25,1272,0.3829,1.0817,-45.4222,0.3444,-0.0325,1.0000,0.0833,0.2362,4.1179,2.4350,15.0483,9.7661,1.0167,3.0968
eurusd+audusd+nzdusd,day_open,6,0.3000,ny11,30,1272,0.4072,0.4491,-45.4059,0.3444,-0.0214,1.0000,0.0313,0.2366,4.1179,3.8033,15.2667,11.7484,0.5408,3.0968
eurusd+audusd+nzdusd,day_open,6,0.3000,ny11,40,1272,0.4387,-0.0761,-45.3675,0.3444,-0.1130,1.0000,-0.0046,0.2382,4.1179,6.3517,15.4450,14.8534,0.0411,3.0968
eurusd+audusd+nzdusd,day_open,6,0.3000,ny1655,0,1272,0.4607,-0.9793,-45.2491,0.3444,-0.1328,1.0000,-0.0284,0.2428,4.1179,18.3333,22.1500,17.9133,-0.8815,3.0968
eurusd+audusd+nzdusd,day_open,6,0.3000,ny1655,25,1272,0.3381,-0.3460,-45.4186,0.3444,-0.1544,1.0000,-0.0245,0.2368,4.1179,2.4350,20.8833,8.7331,-0.0927,3.0968
eurusd+audusd+nzdusd,day_open,6,0.3000,ny1655,30,1272,0.3703,-1.1131,-45.3957,0.3444,-0.1176,1.0000,-0.0658,0.2372,4.1179,3.8033,21.1333,11.9305,-0.6192,3.0968
eurusd+audusd+nzdusd,day_open,6,0.3000,ny1655,40,1272,0.4151,-1.1682,-45.3584,0.3444,-0.2014,1.0000,-0.0484,0.2389,4.1179,6.3517,21.3333,14.2855,-0.7789,3.0968
eurusd+audusd+nzdusd,day_open,6,0.4000,lon17,0,615,0.4943,6.0676,-45.2007,0.2664,0.0491,1.0000,0.2915,0.2414,1.9910,13.3667,17.5000,16.7840,3.8187,8.5000
eurusd+audusd+nzdusd,day_open,6,0.4000,lon17,25,615,0.3935,5.3670,-45.2837,0.2664,0.1051,1.0000,0.4260,0.2381,1.9910,1.9567,15.9833,10.7482,3.8158,8.5000
eurusd+audusd+nzdusd,day_open,6,0.4000,lon17,30,615,0.4163,4.9521,-45.2815,0.2664,0.1059,1.0000,0.3820,0.2389,1.9910,3.0633,16.0500,13.0806,3.4621,8.5000
eurusd+audusd+nzdusd,day_open,6,0.4000,lon17,40,615,0.4537,5.2351,-45.2452,0.2664,0.0618,1.0000,0.3245,0.2406,1.9910,5.2633,16.9667,15.3324,3.5296,8.5000
eurusd+audusd+nzdusd,day_open,6,0.4000,ny11,0,615,0.4894,7.0417,-45.2100,0.2664,-0.0097,1.0000,0.2966,0.2414,1.9910,12.3667,16.2833,16.9077,4.4312,8.5000
eurusd+audusd+nzdusd,day_open,6,0.4000,ny11,25,615,0.3984,6.4731,-45.2884,0.2664,0.0986,1.0000,0.4825,0.2381,1.9910,1.9567,14.8500,10.2812,4.6429,8.5000
eurusd+audusd+nzdusd,day_open,6,0.4000,ny11,30,615,0.4211,5.9894,-45.2867,0.2664,0.0900,1.0000,0.4183,0.2389,1.9910,3.0633,14.9767,12.8021,4.1833,8.5000
eurusd+audusd+nzdusd,day_open,6,0.4000,ny11,40,615,0.4585,6.2984,-45.2510,0.2664,0.0337,1.0000,0.3465,0.2406,1.9910,5.2633,15.5067,16.2862,4.2995,8.5000
eurusd+audusd+nzdusd,day_open,6,0.4000,ny1655,0,615,0.5073,5.2138,-45.0926,0.2664,0.0044,1.0000,0.2460,0.2475,1.9910,18.2833,22.3167,17.8158,3.4860,8.5000
eurusd+audusd+nzdusd,day_open,6,0.4000,ny1655,25,615,0.3837,5.5499,-45.2922,0.2664,0.0840,1.0000,0.3693,0.2389,1.9910,1.9567,20.7667,9.9955,4.0824,8.5000
eurusd+audusd+nzdusd,day_open,6,0.4000,ny1655,30,615,0.4163,5.1221,-45.2908,0.2664,0.0724,1.0000,0.3417,0.2399,1.9910,3.0633,20.8933,13.0931,3.7898,8.5000
eurusd+audusd+nzdusd,day_open,6,0.4000,ny1655,40,615,0.4602,5.8190,-45.2525,0.2664,-0.0100,1.0000,0.4092,0.2417,1.9910,5.2633,21.4633,15.7119,4.0824,8.5000
eurusd+audusd+nzdusd,day_open,8,0.1000,lon17,0,5874,0.4809,-1.3917,-46.5940,0.2121,-0.1062,1.0000,-0.0921,0.2015,19.0162,13.8833,17.9667,14.8373,-0.9892,1.0482
eurusd+audusd+nzdusd,day_open,8,0.1000,lon17,25,5874,0.3900,-1.5129,-46.6351,0.2121,-0.1744,1.0000,-0.0923,0.2005,19.0162,3.2667,17.5950,10.9739,-1.0463,1.0482
eurusd+audusd+nzdusd,day_open,8,0.1000,lon17,30,5874,0.4203,-1.5288,-46.6565,0.2121,-0.1091,1.0000,-0.0905,0.2000,19.0162,5.1167,17.7333,12.4941,-1.0198,1.0482
eurusd+audusd+nzdusd,day_open,8,0.1000,lon17,40,5874,0.4544,-1.6414,-46.6427,0.2121,-0.0730,1.0000,-0.0922,0.2003,19.0162,8.4050,17.8500,13.4846,-1.1661,1.0482
eurusd+audusd+nzdusd,day_open,8,0.1000,ny11,0,5874,0.4842,-0.8960,-46.6031,0.2121,-0.1354,1.0000,-0.0756,0.2012,19.0162,12.8383,16.9500,14.1521,-0.5815,1.0482
eurusd+audusd+nzdusd,day_open,8,0.1000,ny11,25,5874,0.3982,-1.2334,-46.6446,0.2121,-0.1604,1.0000,-0.0875,0.2002,19.0162,3.2667,16.5000,10.8423,-0.8333,1.0482
eurusd+audusd+nzdusd,day_open,8,0.1000,ny11,30,5874,0.4275,-1.1968,-46.6664,0.2121,-0.0816,1.0000,-0.0827,0.1998,19.0162,5.1167,16.6833,12.1812,-0.7475,1.0482
eurusd+audusd+nzdusd,day_open,8,0.1000,ny11,40,5874,0.4581,-1.2757,-46.6526,0.2121,-0.0553,1.0000,-0.0851,0.2000,19.0162,8.4050,16.8000,13.0553,-0.8539,1.0482
eurusd+audusd+nzdusd,day_open,8,0.1000,ny1655,0,5874,0.4830,-1.3991,-46.4899,0.2121,-0.1473,1.0000,-0.0729,0.2046,19.0162,18.7667,22.8500,15.8472,-0.9626,1.0482
eurusd+audusd+nzdusd,day_open,8,0.1000,ny1655,25,5874,0.3771,-1.3436,-46.5858,0.2121,-0.1975,1.0000,-0.0800,0.2019,19.0162,3.2667,22.2167,10.3137,-0.8875,1.0482
eurusd+audusd+nzdusd,day_open,8,0.1000,ny1655,30,5874,0.4105,-1.4793,-46.5877,0.2121,-0.1426,1.0000,-0.0795,0.2019,19.0162,5.1167,22.4500,12.0761,-0.9283,1.0482
eurusd+audusd+nzdusd,day_open,8,0.1000,ny1655,40,5874,0.4484,-1.6228,-46.5544,0.2121,-0.1369,1.0000,-0.0811,0.2027,19.0162,8.4050,22.6333,13.6908,-1.0824,1.0482
eurusd+audusd+nzdusd,day_open,8,0.1500,lon17,0,4665,0.4832,-0.7235,-46.3843,0.1330,-0.3182,1.0000,-0.0814,0.2084,15.1022,12.9000,17.8667,15.1110,-0.4227,1.3333
eurusd+audusd+nzdusd,day_open,8,0.1500,lon17,25,4665,0.3908,-0.7861,-46.4490,0.1330,-0.1630,1.0000,-0.0882,0.2066,15.1022,3.1400,17.0000,11.0802,-0.4351,1.3333
eurusd+audusd+nzdusd,day_open,8,0.1500,lon17,30,4665,0.4217,-0.9464,-46.4680,0.1330,-0.2633,1.0000,-0.0903,0.2062,15.1022,4.7567,17.1500,12.8633,-0.5173,1.3333
eurusd+audusd+nzdusd,day_open,8,0.1500,lon17,40,4665,0.4553,-0.8624,-46.4313,0.1330,-0.2211,1.0000,-0.0963,0.2071,15.1022,7.9500,17.5000,13.9851,-0.4837,1.3333
eurusd+audusd+nzdusd,day_open,8,0.1500,ny11,0,4665,0.4875,-0.3111,-46.3965,0.1330,-0.3050,1.0000,-0.0415,0.2080,15.1022,11.8500,16.7833,14.7625,-0.0976,1.3333
eurusd+audusd+nzdusd,day_open,8,0.1500,ny11,25,4665,0.4011,-0.5215,-46.4617,0.1330,-0.0924,1.0000,-0.0774,0.2063,15.1022,3.1400,15.8833,10.8933,-0.2271,1.3333
eurusd+audusd+nzdusd,day_open,8,0.1500,ny11,30,4665,0.4307,-0.6129,-46.4806,0.1330,-0.1909,1.0000,-0.0796,0.2059,15.1022,4.7567,16.0833,12.2398,-0.2387,1.3333
eurusd+audusd+nzdusd,day_open,8,0.1500,ny11,40,4665,0.4613,-0.5210,-46.4438,0.1330,-0.1534,1.0000,-0.0785,0.2068,15.1022,7.9500,16.3833,13.6195,-0.2119,1.3333
eurusd+audusd+nzdusd,day_open,8,0.1500,ny1655,0,4665,0.4857,-0.5335,-46.3130,0.1330,-0.3069,1.0000,-0.0414,0.2112,15.1022,17.7833,22.5833,16.3928,-0.2563,1.3333
eurusd+audusd+nzdusd,day_open,8,0.1500,ny1655,25,4665,0.3745,-0.7099,-46.4080,0.1330,-0.1960,1.0000,-0.0756,0.2082,15.1022,3.1400,21.5833,10.5306,-0.3311,1.3333
eurusd+audusd+nzdusd,day_open,8,0.1500,ny1655,30,4665,0.4064,-0.9478,-46.4136,0.1330,-0.2746,1.0000,-0.0774,0.2081,15.1022,4.7567,21.8000,12.4307,-0.4623,1.3333
eurusd+audusd+nzdusd,day_open,8,0.1500,ny1655,40,4665,0.4495,-0.8184,-46.3725,0.1330,-0.2569,1.0000,-0.0741,0.2093,15.1022,7.9500,22.0767,14.1451,-0.3956,1.3333
eurusd+audusd+nzdusd,day_open,8,0.2000,lon17,0,3363,0.4778,-1.3967,-46.5965,0.2049,-0.1690,1.0000,-0.0965,0.2110,10.8872,12.5500,17.7500,15.0231,-0.9775,1.6316
eurusd+audusd+nzdusd,day_open,8,0.2000,lon17,25,3363,0.3833,-1.1157,-46.6754,0.2049,-0.0370,1.0000,-0.0898,0.2087,10.8872,2.9200,16.4667,10.8542,-0.6870,1.6316
eurusd+audusd+nzdusd,day_open,8,0.2000,lon17,30,3363,0.4148,-1.2708,-46.6945,0.2049,-0.1212,1.0000,-0.0913,0.2083,10.8872,4.3700,16.7333,12.4709,-0.7898,1.6316
eurusd+audusd+nzdusd,day_open,8,0.2000,lon17,40,3363,0.4481,-1.7016,-46.6563,0.2049,-0.1721,1.0000,-0.1012,0.2093,10.8872,7.0367,17.2000,13.3821,-1.1155,1.6316
eurusd+audusd+nzdusd,day_open,8,0.2000,ny11,0,3363,0.4802,-1.3229,-46.5991,0.2049,-0.1658,1.0000,-0.1009,0.2110,10.8872,11.5333,16.6000,14.7300,-0.9289,1.6316
eurusd+audusd+nzdusd,day_open,8,0.2000,ny11,25,3363,0.3940,-1.1400,-46.6777,0.2049,0.0563,1.0000,-0.0922,0.2087,10.8872,2.9200,15.4500,10.5628,-0.6836,1.6316
eurusd+audusd+nzdusd,day_open,8,0.2000,ny11,30,3363,0.4219,-1.2026,-46.6968,0.2049,-0.0318,1.0000,-0.0953,0.2083,10.8872,4.3700,15.6667,12.0666,-0.7153,1.6316
eurusd+audusd+nzdusd,day_open,8,0.2000,ny11,40,3363,0.4523,-1.6001,-46.6585,0.2049,-0.0987,1.0000,-0.1009,0.2093,10.8872,7.0367,16.1400,13.3503,-1.0511,1.6316
eurusd+audusd+nzdusd,day_open,8,0.2000,ny1655,0,3363,0.4811,-1.8877,-46.5924,0.2049,-0.3009,1.0000,-0.0883,0.2131,10.8872,17.4667,22.4333,16.0103,-1.3177,1.6316
eurusd+audusd+nzdusd,day_open,8,0.2000,ny1655,25,3363,0.3672,-1.4921,-46.6723,0.2049,-0.1804,1.0000,-0.0909,0.2098,10.8872,2.9200,21.0500,9.4870,-0.9205,1.6316
eurusd+audusd+nzdusd,day_open,8,0.2000,ny1655,30,3363,0.3996,-1.7175,-46.6878,0.2049,-0.2527,1.0000,-0.0949,0.2096,10.8872,4.3700,21.3467,11.7628,-1.0681,1.6316
eurusd+audusd+nzdusd,day_open,8,0.2000,ny1655,40,3363,0.4422,-2.0410,-46.6552,0.2049,-0.3312,1.0000,-0.0987,0.2107,10.8872,7.0367,21.7667,13.4359,-1.2860,1.6316
eurusd+audusd+nzdusd,day_open,8,0.3000,lon17,0,1692,0.4840,0.2489,-46.3356,0.2789,-0.0194,1.0000,0.0136,0.2136,5.4776,12.1167,17.4667,15.9019,0.1989,2.6444
eurusd+audusd+nzdusd,day_open,8,0.3000,lon17,25,1692,0.3883,0.6298,-46.4839,0.2789,0.0352,1.0000,0.0608,0.2098,5.4776,2.5183,15.9167,10.5839,0.6339,2.6444
eurusd+audusd+nzdusd,day_open,8,0.3000,lon17,30,1692,0.4131,-0.0528,-46.4643,0.2789,0.0420,1.0000,-0.0045,0.2104,5.4776,3.7533,16.1650,11.9823,0.1044,2.6444
eurusd+audusd+nzdusd,day_open,8,0.3000,lon17,40,1692,0.4504,-0.0561,-46.4078,0.2789,-0.0301,1.0000,-0.0042,0.2122,5.4776,6.2867,16.3983,14.1217,0.1116,2.6444
eurusd+audusd+nzdusd,day_open,8,0.3000,ny11,0,1692,0.4793,0.1535,-46.3377,0.2789,-0.0722,1.0000,0.0094,0.2136,5.4776,10.9833,16.1500,15.9927,0.1574,2.6444
eurusd+audusd+nzdusd,day_open,8,0.3000,ny11,25,1692,0.3930,0.9481,-46.4869,0.2789,0.0834,1.0000,0.0999,0.2098,5.4776,2.5183,14.9500,10.9846,0.8862,2.6444
eurusd+audusd+nzdusd,day_open,8,0.3000,ny11,30,1692,0.4178,0.3190,-46.4672,0.2789,0.0658,1.0000,0.0296,0.2104,5.4776,3.7533,15.2167,12.0141,0.4004,2.6444
eurusd+audusd+nzdusd,day_open,8,0.3000,ny11,40,1692,0.4515,0.2091,-46.4104,0.2789,-0.0430,1.0000,0.0172,0.2122,5.4776,6.2867,15.3833,14.4211,0.2724,2.6444
eurusd+audusd+nzdusd,day_open,8,0.3000,ny1655,0,1692,0.4634,-1.1402,-46.2353,0.2789,-0.0729,1.0000,-0.0407,0.2171,5.4776,16.9333,21.9833,17.4235,-0.8925,2.6444
eurusd+audusd+nzdusd,day_open,8,0.3000,ny1655,25,1692,0.3493,-0.7277,-46.4582,0.2789,-0.0673,1.0000,-0.0654,0.2108,5.4776,2.5183,20.6000,9.9918,-0.3928,2.6444
eurusd+audusd+nzdusd,day_open,8,0.3000,ny1655,30,1692,0.3788,-1.4978,-46.4233,0.2789,-0.0656,1.0000,-0.0965,0.2117,5.4776,3.7533,20.8667,12.5346,-0.9423,2.6444
eurusd+audusd+nzdusd,day_open,8,0.3000,ny1655,40,1692,0.4214,-1.3161,-46.3686,0.2789,-0.1691,1.0000,-0.0685,0.2136,5.4776,6.2867,21.1800,14.1423,-0.8278,2.6444
eurusd+audusd+nzdusd,day_open,8,0.4000,lon17,0,891,0.4725,2.8564,-46.6146,0.3438,0.0283,1.0000,0.1928,0.2104,2.8845,11.7667,17.5000,15.8035,1.6847,5.1429
eurusd+audusd+nzdusd,day_open,8,0.4000,lon17,25,891,0.3737,2.7569,-46.7728,0.3438,0.1503,1.0000,0.2650,0.2065,2.8845,2.2667,15.8500,10.3764,1.9035,5.1429
eurusd+audusd+nzdusd,day_open,8,0.4000,lon17,30,891,0.3984,2.3993,-46.7643,0.3438,0.1242,1.0000,0.1940,0.2071,2.8845,3.2833,15.9833,11.9801,1.5788,5.1429
eurusd+audusd+nzdusd,day_open,8,0.4000,lon17,40,891,0.4377,2.5958,-46.6761,0.3438,0.0669,1.0000,0.2318,0.2093,2.8845,5.0500,16.6667,14.1288,1.7639,5.1429
eurusd+audusd+nzdusd,day_open,8,0.4000,ny11,0,891,0.4736,3.3949,-46.6189,0.3438,-0.0645,1.0000,0.1992,0.2104,2.8845,10.7667,16.2833,16.6644,2.0140,5.1429
eurusd+audusd+nzdusd,day_open,8,0.4000,ny11,25,891,0.3838,3.4881,-46.7744,0.3438,0.1250,1.0000,0.3577,0.2065,2.8845,2.2667,14.8167,9.9681,2.4721,5.1429
eurusd+audusd+nzdusd,day_open,8,0.4000,ny11,30,891,0.4052,2.9935,-46.7661,0.3438,0.0848,1.0000,0.3027,0.2071,2.8845,3.2833,14.9333,11.8934,2.0030,5.1429
eurusd+audusd+nzdusd,day_open,8,0.4000,ny11,40,891,0.4444,3.1053,-46.6786,0.3438,0.0071,1.0000,0.2420,0.2093,2.8845,5.0500,15.3167,14.8796,2.1299,5.1429
eurusd+audusd+nzdusd,day_open,8,0.4000,ny1655,0,891,0.4837,1.8660,-46.5089,0.3438,-0.0777,1.0000,0.1041,0.2145,2.8845,16.6833,21.5667,16.9041,1.0999,5.1429
eurusd+audusd+nzdusd,day_open,8,0.4000,ny1655,25,891,0.3681,2.4965,-46.7766,0.3438,0.0598,1.0000,0.1995,0.2070,2.8845,2.2667,20.5500,10.1681,1.8064,5.1429
eurusd+audusd+nzdusd,day_open,8,0.4000,ny1655,30,891,0.4007,2.2304,-46.7687,0.3438,0.0197,1.0000,0.1803,0.2076,2.8845,3.2833,20.6833,12.7017,1.5868,5.1429
eurusd+audusd+nzdusd,day_open,8,0.4000,ny1655,40,891,0.4433,2.7455,-46.6803,0.3438,-0.0743,1.0000,0.2635,0.2100,2.8845,5.0500,20.8500,14.7824,1.9231,5.1429
eurusd+audusd+nzdusd,day_open,10,0.1000,lon17,0,6111,0.4818,-1.3233,-46.7058,0.1688,-0.1773,1.0000,-0.0909,0.2000,19.7834,13.2667,17.9667,14.6977,-0.9239,1.0168
eurusd+audusd+nzdusd,day_open,10,0.1000,lon17,25,6111,0.3913,-1.5191,-46.7451,0.1688,-0.2361,1.0000,-0.0936,0.1991,19.7834,3.2500,17.5667,10.9820,-1.0453,1.0168
eurusd+audusd+nzdusd,day_open,10,0.1000,lon17,30,6111,0.4209,-1.5366,-46.7661,0.1688,-0.1748,1.0000,-0.0915,0.1987,19.7834,5.0500,17.7167,12.4374,-1.0268,1.0168
eurusd+audusd+nzdusd,day_open,10,0.1000,lon17,40,6111,0.4557,-1.5674,-46.7530,0.1688,-0.1403,1.0000,-0.0914,0.1989,19.7834,8.2500,17.8333,13.4374,-1.0944,1.0168
eurusd+audusd+nzdusd,day_open,10,0.1000,ny11,0,6111,0.4852,-0.8474,-46.7141,0.1688,-0.1973,1.0000,-0.0739,0.1998,19.7834,12.2500,16.9500,14.0657,-0.5322,1.0168
eurusd+audusd+nzdusd,day_open,10,0.1000,ny11,25,6111,0.3996,-1.2279,-46.7539,0.1688,-0.2104,1.0000,-0.0884,0.1988,19.7834,3.2500,16.4667,10.9777,-0.8251,1.0168
eurusd+audusd+nzdusd,day_open,10,0.1000,ny11,30,6111,0.4287,-1.1898,-46.7753,0.1688,-0.1369,1.0000,-0.0832,0.1984,19.7834,5.0500,16.6667,12.1533,-0.7452,1.0168
eurusd+audusd+nzdusd,day_open,10,0.1000,ny11,40,6111,0.4600,-1.1980,-46.7621,0.1688,-0.1151,1.0000,-0.0835,0.1987,19.7834,8.1333,16.7833,13.0082,-0.7804,1.0168
eurusd+audusd+nzdusd,day_open,10,0.1000,ny1655,0,6111,0.4822,-1.4147,-46.5900,0.1688,-0.2019,1.0000,-0.0750,0.2033,19.7834,18.2000,22.8333,15.7500,-0.9634,1.0168
eurusd+audusd+nzdusd,day_open,10,0.1000,ny1655,25,6111,0.3775,-1.4106,-46.6836,0.1688,-0.2370,1.0000,-0.0834,0.2007,19.7834,3.2500,22.1833,10.4026,-0.9326,1.0168
eurusd+audusd+nzdusd,day_open,10,0.1000,ny1655,30,6111,0.4101,-1.5596,-46.6845,0.1688,-0.1859,1.0000,-0.0826,0.2008,19.7834,5.0500,22.4167,12.0089,-0.9908,1.0168
eurusd+audusd+nzdusd,day_open,10,0.1000,ny1655,40,6111,0.4487,-1.6377,-46.6524,0.1688,-0.1900,1.0000,-0.0827,0.2015,19.7834,8.2500,22.6167,13.6606,-1.0830,1.0168
eurusd+audusd+nzdusd,day_open,10,0.1500,lon17,0,5262,0.4831,-0.6435,-46.7704,0.1912,-0.1995,1.0000,-0.0732,0.2007,17.0349,10.9833,17.8000,14.6957,-0.3460,1.1618
eurusd+audusd+nzdusd,day_open,10,0.1500,lon17,25,5262,0.3957,-0.7409,-46.8435,0.1912,-0.0329,1.0000,-0.0854,0.1989,17.0349,3.0683,16.8667,10.9651,-0.3958,1.1618
eurusd+audusd+nzdusd,day_open,10,0.1500,lon17,30,5262,0.4265,-0.8189,-46.8606,0.1912,-0.1301,1.0000,-0.0815,0.1985,17.0349,4.8017,17.0833,12.6156,-0.4227,1.1618
eurusd+audusd+nzdusd,day_open,10,0.1500,lon17,40,5262,0.4580,-0.7668,-46.8188,0.1912,-0.0880,1.0000,-0.0846,0.1994,17.0349,7.9167,17.3833,13.6677,-0.4118,1.1618
eurusd+audusd+nzdusd,day_open,10,0.1500,ny11,0,5262,0.4890,-0.3295,-46.7807,0.1912,-0.1785,1.0000,-0.0424,0.2004,17.0349,9.8833,16.7167,14.4404,-0.1042,1.1618
eurusd+audusd+nzdusd,day_open,10,0.1500,ny11,25,5262,0.4073,-0.4958,-46.8546,0.1912,0.0362,1.0000,-0.0767,0.1986,17.0349,3.0683,15.7833,10.7952,-0.2022,1.1618
eurusd+audusd+nzdusd,day_open,10,0.1500,ny11,30,5262,0.4367,-0.4940,-46.8717,0.1912,-0.0516,1.0000,-0.0710,0.1982,17.0349,4.8017,15.9967,11.9324,-0.1559,1.1618
eurusd+audusd+nzdusd,day_open,10,0.1500,ny11,40,5262,0.4656,-0.4273,-46.8298,0.1912,-0.0234,1.0000,-0.0709,0.1992,17.0349,7.9167,16.2167,13.3400,-0.1471,1.1618
eurusd+audusd+nzdusd,day_open,10,0.1500,ny1655,0,5262,0.4871,-0.3661,-46.6553,0.1912,-0.2046,1.0000,-0.0308,0.2041,17.0349,15.8333,22.5333,15.8409,-0.0950,1.1618
eurusd+audusd+nzdusd,day_open,10,0.1500,ny1655,25,5262,0.3822,-0.5249,-46.7682,0.1912,-0.0765,1.0000,-0.0594,0.2010,17.0349,3.0683,21.3833,10.5710,-0.1769,1.1618
eurusd+audusd+nzdusd,day_open,10,0.1500,ny1655,30,5262,0.4133,-0.6739,-46.7712,0.1912,-0.1568,1.0000,-0.0608,0.2008,17.0349,4.8017,21.6667,12.4496,-0.2477,1.1618
eurusd+audusd+nzdusd,day_open,10,0.1500,ny1655,40,5262,0.4544,-0.5823,-46.7244,0.1912,-0.1456,1.0000,-0.0571,0.2021,17.0349,7.9167,21.9833,13.9199,-0.2075,1.1618
eurusd+audusd+nzdusd,day_open,10,0.2000,lon17,0,4161,0.4795,-1.0260,-46.9779,0.2250,-0.0769,1.0000,-0.0770,0.1997,13.4706,10.0833,17.5667,14.6289,-0.7215,1.3590
eurusd+audusd+nzdusd,day_open,10,0.2000,lon17,25,4161,0.3913,-0.9338,-47.0630,0.2250,0.0911,1.0000,-0.0834,0.1975,13.4706,2.8167,16.3333,11.0368,-0.5745,1.3590
eurusd+audusd+nzdusd,day_open,10,0.2000,lon17,30,4161,0.4227,-0.8937,-47.0800,0.2250,0.0176,1.0000,-0.0795,0.1972,13.4706,4.3833,16.5333,12.7986,-0.5472,1.3590
eurusd+audusd+nzdusd,day_open,10,0.2000,lon17,40,4161,0.4533,-1.2595,-47.0322,0.2250,-0.0557,1.0000,-0.0882,0.1984,13.4706,7.1333,17.0000,13.4030,-0.8447,1.3590
eurusd+audusd+nzdusd,day_open,10,0.2000,ny11,0,4161,0.4828,-0.9423,-46.9792,0.2250,-0.0323,1.0000,-0.0787,0.1997,13.4706,8.9833,16.5000,14.3816,-0.6832,1.3590
eurusd+audusd+nzdusd,day_open,10,0.2000,ny11,25,4161,0.4035,-0.8540,-47.0647,0.2250,0.2092,1.0000,-0.0816,0.1975,13.4706,2.8167,15.2500,10.5655,-0.5063,1.3590
eurusd+audusd+nzdusd,day_open,10,0.2000,ny11,30,4161,0.4314,-0.7548,-47.0817,0.2250,0.1492,1.0000,-0.0780,0.1972,13.4706,4.3833,15.4667,11.9542,-0.4388,1.3590
eurusd+audusd+nzdusd,day_open,10,0.2000,ny11,40,4161,0.4593,-1.0760,-47.0338,0.2250,0.0458,1.0000,-0.0870,0.1984,13.4706,7.1333,15.8833,13.1081,-0.7313,1.3590
eurusd+audusd+nzdusd,day_open,10,0.2000,ny1655,0,4161,0.4792,-1.4628,-46.9226,0.2250,-0.1572,1.0000,-0.0732,0.2022,13.4706,14.9000,22.2333,15.5288,-1.0414,1.3590
eurusd+audusd+nzdusd,day_open,10,0.2000,ny1655,25,4161,0.3756,-1.3036,-47.0268,0.2250,0.0235,1.0000,-0.0852,0.1989,13.4706,2.8167,20.7333,9.9360,-0.8139,1.3590
eurusd+audusd+nzdusd,day_open,10,0.2000,ny1655,30,4161,0.4071,-1.3281,-47.0355,0.2250,-0.0569,1.0000,-0.0848,0.1988,13.4706,4.3833,21.0167,12.1706,-0.8394,1.3590
eurusd+audusd+nzdusd,day_open,10,0.2000,ny1655,40,4161,0.4460,-1.5851,-46.9873,0.2250,-0.1776,1.0000,-0.0875,0.2001,13.4706,7.1333,21.3833,13.4993,-1.0474,1.3590
eurusd+audusd+nzdusd,day_open,10,0.3000,lon17,0,2346,0.4898,0.6267,-47.2256,0.2717,-0.0444,1.0000,0.0522,0.1925,7.5948,9.7500,17.0500,15.1457,0.6400,2.1111
eurusd+audusd+nzdusd,day_open,10,0.3000,lon17,25,2346,0.3998,0.8126,-47.3279,0.2717,0.0623,1.0000,0.1247,0.1901,7.5948,2.2000,15.6167,10.7438,0.7435,2.1111
eurusd+audusd+nzdusd,day_open,10,0.3000,lon17,30,2346,0.4241,0.2973,-47.3227,0.2717,0.0427,1.0000,0.0365,0.1903,7.5948,3.3833,15.8833,12.0277,0.3228,2.1111
eurusd+audusd+nzdusd,day_open,10,0.3000,lon17,40,2346,0.4578,0.1909,-47.2832,0.2717,-0.0512,1.0000,0.0183,0.1914,7.5948,6.1500,16.1250,13.5889,0.2992,2.1111
eurusd+audusd+nzdusd,day_open,10,0.3000,ny11,0,2346,0.4898,0.7319,-47.2291,0.2717,-0.1040,1.0000,0.0635,0.1925,7.5948,8.7000,15.8000,14.9656,0.7373,2.1111
eurusd+audusd+nzdusd,day_open,10,0.3000,ny11,25,2346,0.4062,1.0802,-47.3307,0.2717,0.0831,1.0000,0.1745,0.1901,7.5948,2.2000,14.6667,11.1280,0.9575,2.1111
eurusd+audusd+nzdusd,day_open,10,0.3000,ny11,30,2346,0.4318,0.6156,-47.3255,0.2717,0.0587,1.0000,0.0820,0.1903,7.5948,3.3833,14.9500,12.2068,0.5711,2.1111
eurusd+audusd+nzdusd,day_open,10,0.3000,ny11,40,2346,0.4638,0.5005,-47.2861,0.2717,-0.0627,1.0000,0.0514,0.1914,7.5948,6.1500,15.1583,13.8693,0.5054,2.1111
eurusd+audusd+nzdusd,day_open,10,0.3000,ny1655,0,2346,0.4736,-0.1381,-47.2077,0.2717,-0.1592,1.0000,-0.0084,0.1937,7.5948,14.6333,21.3833,16.1158,0.0127,2.1111
eurusd+audusd+nzdusd,day_open,10,0.3000,ny1655,25,2346,0.3636,-0.2194,-47.2946,0.2717,-0.0495,1.0000,-0.0274,0.1910,7.5948,2.2000,20.1500,10.2290,-0.0286,2.1111
eurusd+audusd+nzdusd,day_open,10,0.3000,ny1655,30,2346,0.3939,-0.7013,-47.2869,0.2717,-0.1282,1.0000,-0.0676,0.1912,7.5948,3.3833,20.4167,12.4045,-0.3981,2.1111
eurusd+audusd+nzdusd,day_open,10,0.3000,ny1655,40,2346,0.4348,-0.6099,-47.2705,0.2717,-0.2541,1.0000,-0.0533,0.1919,7.5948,6.1500,20.7667,13.8254,-0.2848,2.1111
eurusd+audusd+nzdusd,day_open,10,0.4000,lon17,0,1281,0.4840,2.9944,-47.0559,0.2833,0.0086,1.0000,0.3063,0.2073,4.1470,9.6000,17.1500,15.7852,2.0351,3.6296
eurusd+audusd+nzdusd,day_open,10,0.4000,lon17,25,1281,0.3864,2.8173,-47.1681,0.2833,0.1441,1.0000,0.4018,0.2045,4.1470,1.7500,15.5667,10.3500,2.0477,3.6296
eurusd+audusd+nzdusd,day_open,10,0.4000,lon17,30,1281,0.4153,2.7146,-47.1621,0.2833,0.1067,1.0000,0.3570,0.2049,4.1470,2.7000,15.8000,11.9801,1.9097,3.6296
eurusd+audusd+nzdusd,day_open,10,0.4000,lon17,40,1281,0.4504,2.5940,-47.0999,0.2833,0.0202,1.0000,0.3044,0.2065,4.1470,4.5000,15.9833,14.0873,1.8343,3.6296
eurusd+audusd+nzdusd,day_open,10,0.4000,ny11,0,1281,0.4817,3.2428,-47.0579,0.2833,-0.0736,1.0000,0.2481,0.2073,4.1470,8.5500,15.6167,16.0531,2.1075,3.6296
eurusd+audusd+nzdusd,day_open,10,0.4000,ny11,25,1281,0.3973,3.3644,-47.1689,0.2833,0.1164,1.0000,0.5197,0.2045,4.1470,1.7500,14.5500,10.2812,2.4469,3.6296
eurusd+audusd+nzdusd,day_open,10,0.4000,ny11,30,1281,0.4208,3.1595,-47.1629,0.2833,0.0695,1.0000,0.4023,0.2049,4.1470,2.7000,14.6667,11.6047,2.2150,3.6296
eurusd+audusd+nzdusd,day_open,10,0.4000,ny11,40,1281,0.4536,2.9531,-47.1010,0.2833,-0.0383,1.0000,0.3256,0.2065,4.1470,4.5000,14.9333,14.5349,2.0528,3.6296
eurusd+audusd+nzdusd,day_open,10,0.4000,ny1655,0,1281,0.4965,2.6676,-47.0863,0.2833,-0.1442,1.0000,0.2287,0.2080,4.1470,14.4833,21.1000,17.1660,1.9706,3.6296
eurusd+audusd+nzdusd,day_open,10,0.4000,ny1655,25,1281,0.3817,2.7728,-47.2540,0.2833,0.0198,1.0000,0.3759,0.2029,4.1470,1.7500,19.9667,10.1371,2.1292,3.6296
eurusd+audusd+nzdusd,day_open,10,0.4000,ny1655,30,1281,0.4145,2.6581,-47.2483,0.2833,-0.0348,1.0000,0.3137,0.2034,4.1470,2.7000,20.1833,12.2769,2.0074,3.6296
eurusd+audusd+nzdusd,day_open,10,0.4000,ny1655,40,1281,0.4567,2.9866,-47.2070,0.2833,-0.1707,1.0000,0.3351,0.2046,4.1470,4.5000,20.5167,15.1348,2.2204,3.6296
eurusd+audusd+nzdusd,prev_close,6,0.1000,lon17,0,5559,0.4911,-0.5670,-46.2833,0.2401,-0.1602,1.0000,-0.0536,0.2084,17.9964,14.3333,18.1000,15.2069,-0.2799,1.0939
eurusd+audusd+nzdusd,prev_close,6,0.1000,lon17,25,5559,0.3990,-0.6756,-46.3329,0.2401,-0.1394,1.0000,-0.0580,0.2072,17.9964,3.1333,17.7500,11.2308,-0.3473,1.0939
eurusd+audusd+nzdusd,prev_close,6,0.1000,lon17,30,5559,0.4296,-0.7178,-46.3419,0.2401,-0.1007,1.0000,-0.0572,0.2070,17.9964,5.0633,17.9000,12.4772,-0.3668,1.0939
eurusd+audusd+nzdusd,prev_close,6,0.1000,lon17,40,5559,0.4657,-0.5390,-46.3412,0.2401,-0.0464,1.0000,-0.0483,0.2070,17.9964,8.4000,17.9667,13.8091,-0.2760,1.0939
eurusd+audusd+nzdusd,prev_close,6,0.1000,ny11,0,5559,0.4929,-0.2428,-46.2926,0.2401,-0.2132,1.0000,-0.0277,0.2081,17.9964,13.2833,16.9833,14.5152,-0.0161,1.0939
eurusd+audusd+nzdusd,prev_close,6,0.1000,ny11,25,5559,0.4053,-0.5684,-46.3326,0.2401,-0.1655,1.0000,-0.0548,0.2072,17.9964,3.1333,16.6700,11.1330,-0.2678,1.0939
eurusd+audusd+nzdusd,prev_close,6,0.1000,ny11,30,5559,0.4348,-0.5586,-46.3421,0.2401,-0.1236,1.0000,-0.0508,0.2070,17.9964,5.0633,16.8367,12.4299,-0.2279,1.0939
eurusd+audusd+nzdusd,prev_close,6,0.1000,ny11,40,5559,0.4672,-0.4021,-46.3413,0.2401,-0.0789,1.0000,-0.0412,0.2070,17.9964,8.4000,16.9500,13.5724,-0.1467,1.0939
eurusd+audusd+nzdusd,prev_close,6,0.1000,ny1655,0,5559,0.4920,-0.6122,-46.1970,0.2401,-0.1748,1.0000,-0.0393,0.2112,17.9964,19.2333,22.9333,16.2396,-0.3183,1.0939
eurusd+audusd+nzdusd,prev_close,6,0.1000,ny1655,25,5559,0.3830,-0.5723,-46.2762,0.2401,-0.1315,1.0000,-0.0443,0.2088,17.9964,3.1333,22.5367,10.6814,-0.2653,1.0939
eurusd+audusd+nzdusd,prev_close,6,0.1000,ny1655,30,5559,0.4155,-0.5983,-46.2859,0.2401,-0.1035,1.0000,-0.0428,0.2086,17.9964,5.0633,22.7033,12.3217,-0.2449,1.0939
eurusd+audusd+nzdusd,prev_close,6,0.1000,ny1655,40,5559,0.4573,-0.5425,-46.2659,0.2401,-0.0822,1.0000,-0.0403,0.2092,17.9964,8.3333,22.8667,14.1578,-0.2322,1.0939
eurusd+audusd+nzdusd,prev_close,6,0.1500,lon17,0,4206,0.4893,-0.7794,-45.6548,0.2346,-0.3545,1.0000,-0.0823,0.2237,13.6163,13.9167,18.0000,15.3890,-0.4853,1.3733
eurusd+audusd+nzdusd,prev_close,6,0.1500,lon17,25,4206,0.3942,-0.5493,-45.7110,0.2346,-0.2858,1.0000,-0.0556,0.2221,13.6163,2.7667,17.5500,10.7358,-0.2337,1.3733
eurusd+audusd+nzdusd,prev_close,6,0.1500,lon17,30,4206,0.4251,-0.6927,-45.7053,0.2346,-0.2812,1.0000,-0.0683,0.2223,13.6163,4.6917,17.8250,12.3133,-0.3757,1.3733
eurusd+audusd+nzdusd,prev_close,6,0.1500,lon17,40,4206,0.4622,-0.6322,-45.7080,0.2346,-0.2365,1.0000,-0.0713,0.2223,13.6163,7.6417,17.9333,13.7917,-0.3236,1.3733
eurusd+audusd+nzdusd,prev_close,6,0.1500,ny11,0,4206,0.4957,-0.2006,-45.6548,0.2346,-0.4063,1.0000,-0.0240,0.2237,13.6163,12.9167,16.9833,15.0072,-0.0383,1.3733
eurusd+audusd+nzdusd,prev_close,6,0.1500,ny11,25,4206,0.4061,-0.2708,-45.7110,0.2346,-0.2816,1.0000,-0.0328,0.2221,13.6163,2.7667,16.4667,10.3631,-0.0034,1.3733
eurusd+audusd+nzdusd,prev_close,6,0.1500,ny11,30,4206,0.4346,-0.3168,-45.7053,0.2346,-0.2774,1.0000,-0.0377,0.2223,13.6163,4.6917,16.7417,11.8382,-0.0522,1.3733
eurusd+audusd+nzdusd,prev_close,6,0.1500,ny11,40,4206,0.4691,-0.2089,-45.7079,0.2346,-0.2332,1.0000,-0.0248,0.2223,13.6163,7.6417,16.9333,13.5667,0.0219,1.3733
eurusd+audusd+nzdusd,prev_close,6,0.1500,ny1655,0,4206,0.4874,-0.7186,-45.5765,0.2346,-0.2987,1.0000,-0.0561,0.2269,13.6163,18.8000,22.9000,16.4083,-0.4489,1.3733
eurusd+audusd+nzdusd,prev_close,6,0.1500,ny1655,25,4206,0.3747,-0.5052,-45.6568,0.2346,-0.2555,1.0000,-0.0503,0.2241,13.6163,2.7500,22.2333,10.4500,-0.1715,1.3733
eurusd+audusd+nzdusd,prev_close,6,0.1500,ny1655,30,4206,0.4073,-0.6053,-45.6479,0.2346,-0.2399,1.0000,-0.0568,0.2243,13.6163,4.6500,22.5833,12.0224,-0.2778,1.3733
eurusd+audusd+nzdusd,prev_close,6,0.1500,ny1655,40,4206,0.4503,-0.6836,-45.6510,0.2346,-0.2434,1.0000,-0.0652,0.2245,13.6163,7.6083,22.8167,14.1051,-0.3094,1.3733
eurusd+audusd+nzdusd,prev_close,6,0.2000,lon17,0,3009,0.4925,-0.2822,-45.1441,0.1837,-0.1970,1.0000,-0.0227,0.2454,9.7412,13.6333,18.5167,15.6721,-0.1161,1.6224
eurusd+audusd+nzdusd,prev_close,6,0.2000,lon17,25,3009,0.3998,0.3702,-45.2079,0.1837,-0.2329,1.0000,0.0355,0.2430,9.7412,2.6967,17.7500,11.0907,0.4322,1.6224
eurusd+audusd+nzdusd,prev_close,6,0.2000,lon17,30,3009,0.4297,0.2300,-45.1991,0.1837,-0.2105,1.0000,0.0198,0.2434,9.7412,4.3967,17.8500,12.5108,0.3610,1.6224
eurusd+audusd+nzdusd,prev_close,6,0.2000,lon17,40,3009,0.4646,0.0652,-45.2039,0.1837,-0.1842,1.0000,0.0058,0.2435,9.7412,7.3300,17.9500,13.7871,0.2114,1.6224
eurusd+audusd+nzdusd,prev_close,6,0.2000,ny11,0,3009,0.4895,-0.2550,-45.1437,0.1837,-0.2738,1.0000,-0.0244,0.2454,9.7412,12.6000,17.0000,15.4824,-0.1255,1.6224
eurusd+audusd+nzdusd,prev_close,6,0.2000,ny11,25,3009,0.4035,0.2576,-45.2076,0.1837,-0.2396,1.0000,0.0297,0.2430,9.7412,2.6967,16.7200,10.7387,0.3600,1.6224
eurusd+audusd+nzdusd,prev_close,6,0.2000,ny11,30,3009,0.4317,0.1937,-45.1987,0.1837,-0.2239,1.0000,0.0200,0.2434,9.7412,4.3967,16.8500,12.0379,0.3378,1.6224
eurusd+audusd+nzdusd,prev_close,6,0.2000,ny11,40,3009,0.4636,0.1167,-45.2033,0.1837,-0.2081,1.0000,0.0130,0.2435,9.7412,7.3300,16.9500,13.6165,0.2282,1.6224
eurusd+audusd+nzdusd,prev_close,6,0.2000,ny1655,0,3009,0.4909,-0.4640,-45.0834,0.1837,-0.2666,1.0000,-0.0382,0.2487,9.7412,18.5167,22.9167,17.0171,-0.2166,1.6224
eurusd+audusd+nzdusd,prev_close,6,0.2000,ny1655,25,3009,0.3769,-0.0555,-45.1954,0.1837,-0.2963,1.0000,-0.0049,0.2445,9.7412,2.6633,22.4833,10.5633,0.1649,1.6224
eurusd+audusd+nzdusd,prev_close,6,0.2000,ny1655,30,3009,0.4084,-0.1623,-45.1778,0.1837,-0.2577,1.0000,-0.0129,0.2451,9.7412,4.3833,22.6833,12.1706,0.1169,1.6224
eurusd+audusd+nzdusd,prev_close,6,0.2000,ny1655,40,3009,0.4536,-0.1882,-45.1715,0.1837,-0.2934,1.0000,-0.0148,0.2456,9.7412,7.2800,22.8500,13.9579,0.0963,1.6224
eurusd+audusd+nzdusd,prev_close,6,0.3000,lon17,0,1461,0.4867,1.7933,-44.8370,0.2756,0.0365,1.0000,0.0890,0.2556,4.7298,13.6000,22.0333,17.6730,1.5764,2.8235
eurusd+audusd+nzdusd,prev_close,6,0.3000,lon17,25,1461,0.3956,2.7867,-44.9081,0.2756,0.0906,1.0000,0.1826,0.2529,4.7298,2.2833,17.9833,11.0851,2.4305,2.8235
eurusd+audusd+nzdusd,prev_close,6,0.3000,lon17,30,1461,0.4168,1.8504,-44.8999,0.2756,0.0689,1.0000,0.0917,0.2529,4.7298,3.5500,17.9833,12.5739,1.7880,2.8235
eurusd+audusd+nzdusd,prev_close,6,0.3000,lon17,40,1461,0.4538,1.3926,-44.9036,0.2756,0.0496,1.0000,0.0758,0.2525,4.7298,6.1667,19.9667,15.7576,1.4533,2.8235
eurusd+audusd+nzdusd,prev_close,6,0.3000,ny11,0,1461,0.4839,1.3511,-44.8367,0.2756,-0.0180,1.0000,0.0700,0.2556,4.7298,12.6000,22.0333,17.1133,1.2131,2.8235
eurusd+audusd+nzdusd,prev_close,6,0.3000,ny11,25,1461,0.3997,2.6469,-44.9081,0.2756,0.0605,1.0000,0.1893,0.2529,4.7298,2.2833,16.9833,11.1024,2.3188,2.8235
eurusd+audusd+nzdusd,prev_close,6,0.3000,ny11,30,1461,0.4223,1.7856,-44.8999,0.2756,0.0407,1.0000,0.0959,0.2529,4.7298,3.5500,16.9833,12.3678,1.7233,2.8235
eurusd+audusd+nzdusd,prev_close,6,0.3000,ny11,40,1461,0.4545,1.2931,-44.9028,0.2756,0.0128,1.0000,0.0743,0.2525,4.7298,6.1667,17.9833,15.6921,1.3140,2.8235
eurusd+audusd+nzdusd,prev_close,6,0.3000,ny1655,0,1461,0.4949,1.8756,-44.8021,0.2756,-0.0150,1.0000,0.0995,0.2577,4.7298,18.4833,23.5667,18.4348,1.6183,2.8235
eurusd+audusd+nzdusd,prev_close,6,0.3000,ny1655,25,1461,0.3765,2.4746,-44.9391,0.2756,0.0467,1.0000,0.1655,0.2520,4.7298,2.2833,22.8167,11.5659,2.2377,2.8235
eurusd+audusd+nzdusd,prev_close,6,0.3000,ny1655,30,1461,0.4038,1.5206,-44.9246,0.2756,0.0018,1.0000,0.0802,0.2520,4.7298,3.5500,22.8500,13.6122,1.6393,2.8235
eurusd+audusd+nzdusd,prev_close,6,0.3000,ny1655,40,1461,0.4476,1.1780,-44.9154,0.2756,-0.0420,1.0000,0.0693,0.2522,4.7298,6.1667,22.9000,15.2998,1.3628,2.8235
eurusd+audusd+nzdusd,prev_close,6,0.4000,lon17,0,771,0.5188,6.6669,-44.0164,0.3383,0.1166,1.0000,0.3673,0.2956,2.4960,13.4833,23.5000,18.0012,4.5473,6.8571
eurusd+audusd+nzdusd,prev_close,6,0.4000,lon17,25,771,0.4358,8.3311,-44.1238,0.3383,0.1365,1.0000,1.0531,0.2904,2.4960,2.0000,21.4000,11.1355,6.1835,6.8571
eurusd+audusd+nzdusd,prev_close,6,0.4000,lon17,30,771,0.4540,7.5563,-44.0952,0.3383,0.1523,1.0000,0.7525,0.2897,2.4960,3.0500,21.8833,13.5100,5.5101,6.8571
eurusd+audusd+nzdusd,prev_close,6,0.4000,lon17,40,771,0.4851,6.7082,-44.0754,0.3383,0.1350,1.0000,0.5621,0.2904,2.4960,5.3000,22.4333,15.8771,4.8628,6.8571
eurusd+audusd+nzdusd,prev_close,6,0.4000,ny11,0,771,0.5123,7.5580,-44.0235,0.3383,0.0582,1.0000,0.3818,0.2956,2.4960,12.4833,23.5000,17.5838,5.0672,6.8571
eurusd+audusd+nzdusd,prev_close,6,0.4000,ny11,25,771,0.4306,8.7669,-44.1255,0.3383,0.1068,1.0000,0.9485,0.2904,2.4960,2.0000,21.2167,11.1541,6.5366,6.8571
eurusd+audusd+nzdusd,prev_close,6,0.4000,ny11,30,771,0.4488,7.9558,-44.0976,0.3383,0.1221,1.0000,0.7000,0.2897,2.4960,3.0500,21.8000,13.6240,5.7997,6.8571
eurusd+audusd+nzdusd,prev_close,6,0.4000,ny11,40,771,0.4812,7.2668,-44.0781,0.3383,0.1026,1.0000,0.5300,0.2904,2.4960,5.3000,22.4333,16.1081,5.2477,6.8571
eurusd+audusd+nzdusd,prev_close,6,0.4000,ny1655,0,771,0.5305,6.8449,-43.8775,0.3383,0.0874,1.0000,0.3619,0.3026,2.4960,18.4000,23.9667,18.5907,4.8248,6.8571
eurusd+audusd+nzdusd,prev_close,6,0.4000,ny1655,25,771,0.4293,8.9897,-44.0448,0.3383,0.1217,1.0000,1.3664,0.2931,2.4960,2.0000,22.9333,11.0077,6.8030,6.8571
eurusd+audusd+nzdusd,prev_close,6,0.4000,ny1655,30,771,0.4540,8.0808,-44.0111,0.3383,0.1360,1.0000,0.9202,0.2926,2.4960,3.0500,23.2833,13.0024,6.0759,6.8571
eurusd+audusd+nzdusd,prev_close,6,0.4000,ny1655,40,771,0.4890,7.4090,-43.9856,0.3383,0.0926,1.0000,0.6096,0.2935,2.4960,5.3000,23.4333,15.3956,5.4934,6.8571
eurusd+audusd+nzdusd,prev_close,8,0.1000,lon17,0,5874,0.4888,-0.5212,-46.4681,0.2801,-0.1348,1.0000,-0.0491,0.2043,19.0162,13.9000,18.0000,14.8433,-0.2571,1.0619
eurusd+audusd+nzdusd,prev_close,8,0.1000,lon17,25,5874,0.3994,-0.6681,-46.5166,0.2801,-0.1257,1.0000,-0.0573,0.2032,19.0162,3.2333,17.6833,10.9420,-0.3419,1.0619
eurusd+audusd+nzdusd,prev_close,8,0.1000,lon17,30,5874,0.4290,-0.7420,-46.5253,0.2801,-0.0781,1.0000,-0.0579,0.2031,19.0162,5.1833,17.8500,12.2655,-0.3861,1.0619
eurusd+audusd+nzdusd,prev_close,8,0.1000,lon17,40,5874,0.4644,-0.5231,-46.5248,0.2801,-0.0195,1.0000,-0.0466,0.2031,19.0162,8.5000,17.9500,13.5057,-0.2729,1.0619
eurusd+audusd+nzdusd,prev_close,8,0.1000,ny11,0,5874,0.4906,-0.2316,-46.4770,0.2801,-0.2052,1.0000,-0.0253,0.2041,19.0162,12.8333,16.9833,14.2793,-0.0201,1.0619
eurusd+audusd+nzdusd,prev_close,8,0.1000,ny11,25,5874,0.4057,-0.6135,-46.5161,0.2801,-0.1616,1.0000,-0.0571,0.2032,19.0162,3.2333,16.6000,10.8599,-0.3031,1.0619
eurusd+audusd+nzdusd,prev_close,8,0.1000,ny11,30,5874,0.4341,-0.6371,-46.5253,0.2801,-0.1103,1.0000,-0.0546,0.2031,19.0162,5.1833,16.7667,12.2248,-0.2904,1.0619
eurusd+audusd+nzdusd,prev_close,8,0.1000,ny11,40,5874,0.4660,-0.4145,-46.5247,0.2801,-0.0655,1.0000,-0.0416,0.2031,19.0162,8.5000,16.9333,13.4053,-0.1637,1.0619
eurusd+audusd+nzdusd,prev_close,8,0.1000,ny1655,0,5874,0.4891,-0.5083,-46.3628,0.2801,-0.1688,1.0000,-0.0322,0.2075,19.0162,18.7883,22.9167,15.8947,-0.2458,1.0619
eurusd+audusd+nzdusd,prev_close,8,0.1000,ny1655,25,5874,0.3836,-0.4962,-46.4445,0.2801,-0.1348,1.0000,-0.0405,0.2051,19.0162,3.2333,22.4667,10.5230,-0.2009,1.0619
eurusd+audusd+nzdusd,prev_close,8,0.1000,ny1655,30,5874,0.4152,-0.5565,-46.4506,0.2801,-0.0993,1.0000,-0.0408,0.2051,19.0162,5.1833,22.6500,12.1533,-0.2095,1.0619
eurusd+audusd+nzdusd,prev_close,8,0.1000,ny1655,40,5874,0.4559,-0.4698,-46.4309,0.2801,-0.0768,1.0000,-0.0360,0.2056,19.0162,8.4667,22.8500,13.8907,-0.1807,1.0619
eurusd+audusd+nzdusd,prev_close,8,0.1500,lon17,0,4749,0.4847,-0.8738,-46.0549,0.1679,-0.3571,1.0000,-0.0883,0.2155,15.3741,12.8833,17.9833,15.0324,-0.5670,1.2924
eurusd+audusd+nzdusd,prev_close,8,0.1500,lon17,25,4749,0.3931,-0.8421,-46.1082,0.1679,-0.2440,1.0000,-0.0749,0.2141,15.3741,2.9300,17.2567,10.7373,-0.4563,1.2924
eurusd+audusd+nzdusd,prev_close,8,0.1500,lon17,30,4749,0.4235,-0.9454,-46.1028,0.1679,-0.2308,1.0000,-0.0793,0.2142,15.3741,4.7167,17.6033,12.3290,-0.5696,1.2924
eurusd+audusd+nzdusd,prev_close,8,0.1500,lon17,40,4749,0.4595,-0.7734,-46.1046,0.1679,-0.2130,1.0000,-0.0788,0.2142,15.3741,7.7133,17.8667,13.7019,-0.4438,1.2924
eurusd+audusd+nzdusd,prev_close,8,0.1500,ny11,0,4749,0.4919,-0.4295,-46.0562,0.1679,-0.3874,1.0000,-0.0537,0.2155,15.3741,11.8167,16.9667,14.7127,-0.2299,1.2924
eurusd+audusd+nzdusd,prev_close,8,0.1500,ny11,25,4749,0.4051,-0.5453,-46.1095,0.1679,-0.2273,1.0000,-0.0587,0.2141,15.3741,2.9300,16.1500,10.4854,-0.2273,1.2924
eurusd+audusd+nzdusd,prev_close,8,0.1500,ny11,30,4749,0.4336,-0.5635,-46.1042,0.1679,-0.2093,1.0000,-0.0636,0.2142,15.3741,4.7167,16.5167,11.9001,-0.2529,1.2924
eurusd+audusd+nzdusd,prev_close,8,0.1500,ny11,40,4749,0.4675,-0.3634,-46.1058,0.1679,-0.1946,1.0000,-0.0473,0.2142,15.3741,7.7133,16.8500,13.4556,-0.1200,1.2924
eurusd+audusd+nzdusd,prev_close,8,0.1500,ny1655,0,4749,0.4847,-0.8685,-45.9680,0.1679,-0.3023,1.0000,-0.0701,0.2187,15.3741,17.7667,22.8833,16.2028,-0.5743,1.2924
eurusd+audusd+nzdusd,prev_close,8,0.1500,ny1655,25,4749,0.3744,-0.8024,-46.0487,0.1679,-0.2180,1.0000,-0.0670,0.2160,15.3741,2.8967,21.9333,10.5078,-0.3867,1.2924
eurusd+audusd+nzdusd,prev_close,8,0.1500,ny1655,30,4749,0.4066,-0.8623,-46.0400,0.1679,-0.1976,1.0000,-0.0672,0.2163,15.3741,4.6833,22.2333,12.1503,-0.4710,1.2924
eurusd+audusd+nzdusd,prev_close,8,0.1500,ny1655,40,4749,0.4496,-0.8111,-46.0384,0.1679,-0.2256,1.0000,-0.0688,0.2166,15.3741,7.6467,22.7167,13.7851,-0.4195,1.2924
eurusd+audusd+nzdusd,prev_close,8,0.2000,lon17,0,3558,0.4882,-0.5305,-45.7452,0.1713,-0.1171,1.0000,-0.0474,0.2286,11.5185,12.4833,17.9833,15.0914,-0.3424,1.6207
eurusd+audusd+nzdusd,prev_close,8,0.2000,lon17,25,3558,0.3954,-0.2954,-45.8104,0.1713,-0.0587,1.0000,-0.0290,0.2266,11.5185,2.8950,17.2000,11.0879,-0.0992,1.6207
eurusd+audusd+nzdusd,prev_close,8,0.2000,lon17,30,3558,0.4258,-0.3880,-45.8007,0.1713,-0.0694,1.0000,-0.0346,0.2269,11.5185,4.4000,17.7000,12.5476,-0.1569,1.6207
eurusd+audusd+nzdusd,prev_close,8,0.2000,lon17,40,3558,0.4621,-0.2710,-45.8019,0.1713,-0.0706,1.0000,-0.0269,0.2270,11.5185,7.4833,17.8833,13.5052,-0.0868,1.6207
eurusd+audusd+nzdusd,prev_close,8,0.2000,ny11,0,3558,0.4890,-0.5167,-45.7465,0.1713,-0.1671,1.0000,-0.0529,0.2286,11.5185,11.4667,16.9667,14.7576,-0.3554,1.6207
eurusd+audusd+nzdusd,prev_close,8,0.2000,ny11,25,3558,0.4036,-0.3043,-45.8121,0.1713,-0.0286,1.0000,-0.0359,0.2266,11.5185,2.8950,16.1500,10.7411,-0.1049,1.6207
eurusd+audusd+nzdusd,prev_close,8,0.2000,ny11,30,3558,0.4320,-0.3379,-45.8024,0.1713,-0.0469,1.0000,-0.0360,0.2269,11.5185,4.4000,16.5983,12.0207,-0.1241,1.6207
eurusd+audusd+nzdusd,prev_close,8,0.2000,ny11,40,3558,0.4649,-0.2182,-45.8032,0.1713,-0.0693,1.0000,-0.0264,0.2270,11.5185,7.4833,16.8600,13.3692,-0.0773,1.6207
eurusd+audusd+nzdusd,prev_close,8,0.2000,ny1655,0,3558,0.4862,-1.0424,-45.6894,0.1713,-0.2221,1.0000,-0.0737,0.2316,11.5185,17.4333,22.8833,16.4278,-0.7157,1.6207
eurusd+audusd+nzdusd,prev_close,8,0.2000,ny1655,25,3558,0.3744,-0.7035,-45.7856,0.1713,-0.1761,1.0000,-0.0625,0.2281,11.5185,2.8667,21.8000,10.2586,-0.3557,1.6207
eurusd+audusd+nzdusd,prev_close,8,0.2000,ny1655,30,3558,0.4053,-0.8527,-45.7639,0.1713,-0.1566,1.0000,-0.0725,0.2289,11.5185,4.3833,22.2833,12.0307,-0.4531,1.6207
eurusd+audusd+nzdusd,prev_close,8,0.2000,ny1655,40,3558,0.4508,-0.6698,-45.7677,0.1713,-0.2173,1.0000,-0.0603,0.2290,11.5185,7.4500,22.6833,13.6832,-0.3068,1.6207
eurusd+audusd+nzdusd,prev_close,8,0.3000,lon17,0,1857,0.4906,1.8192,-45.5724,0.2197,0.0376,1.0000,0.1152,0.2375,6.0117,12.1433,19.6567,16.2903,1.5453,2.6889
eurusd+audusd+nzdusd,prev_close,8,0.3000,lon17,25,1857,0.4033,2.4779,-45.6243,0.2197,0.0796,1.0000,0.2185,0.2356,6.0117,2.5267,17.9233,10.9741,2.1130,2.6889
eurusd+audusd+nzdusd,prev_close,8,0.3000,lon17,30,1857,0.4254,1.6526,-45.6289,0.2197,0.0393,1.0000,0.1050,0.2353,6.0117,3.6833,17.9667,12.3622,1.5375,2.6889
eurusd+audusd+nzdusd,prev_close,8,0.3000,lon17,40,1857,0.4604,1.4820,-45.6319,0.2197,0.0125,1.0000,0.1034,0.2350,6.0117,6.2933,18.3000,15.2218,1.4340,2.6889
eurusd+audusd+nzdusd,prev_close,8,0.3000,ny11,0,1857,0.4900,1.6059,-45.5762,0.2197,-0.0130,1.0000,0.1124,0.2375,6.0117,11.0767,18.6200,16.1717,1.3851,2.6889
eurusd+audusd+nzdusd,prev_close,8,0.3000,ny11,25,1857,0.4066,2.4529,-45.6275,0.2197,0.0675,1.0000,0.2605,0.2356,6.0117,2.5267,16.9000,11.4687,2.0897,2.6889
eurusd+audusd+nzdusd,prev_close,8,0.3000,ny11,30,1857,0.4303,1.7092,-45.6320,0.2197,0.0279,1.0000,0.1326,0.2353,6.0117,3.6833,16.9333,12.7555,1.5708,2.6889
eurusd+audusd+nzdusd,prev_close,8,0.3000,ny11,40,1857,0.4626,1.5313,-45.6350,0.2197,-0.0077,1.0000,0.1305,0.2350,6.0117,6.2933,17.0000,14.9387,1.4262,2.6889
eurusd+audusd+nzdusd,prev_close,8,0.3000,ny1655,0,1857,0.4900,1.2401,-45.5592,0.2197,-0.0254,1.0000,0.0643,0.2390,6.0117,17.0100,23.0233,17.5825,1.1202,2.6889
eurusd+audusd+nzdusd,prev_close,8,0.3000,ny1655,25,1857,0.3796,1.7365,-45.6660,0.2197,0.0352,1.0000,0.1201,0.2349,6.0117,2.5267,22.4333,11.5659,1.6088,2.6889
eurusd+audusd+nzdusd,prev_close,8,0.3000,ny1655,30,1857,0.4055,0.8620,-45.6591,0.2197,-0.0321,1.0000,0.0472,0.2349,6.0117,3.6833,22.5900,13.2213,1.0387,2.6889
eurusd+audusd+nzdusd,prev_close,8,0.3000,ny1655,40,1857,0.4475,0.8192,-45.6512,0.2197,-0.0856,1.0000,0.0480,0.2350,6.0117,6.2933,22.7500,15.0957,1.0131,2.6889
eurusd+audusd+nzdusd,prev_close,8,0.4000,lon17,0,1026,0.5117,5.4647,-45.6132,0.2725,0.1003,1.0000,0.4443,0.2441,3.3215,11.9000,22.4333,16.9380,3.8515,4.7333
eurusd+audusd+nzdusd,prev_close,8,0.4000,lon17,25,1026,0.4191,6.6213,-45.7248,0.2725,0.1535,1.0000,0.9788,0.2402,3.3215,2.2000,18.8500,11.0695,4.8926,4.7333
eurusd+audusd+nzdusd,prev_close,8,0.4000,lon17,30,1026,0.4425,6.2434,-45.7134,0.2725,0.1590,1.0000,0.8213,0.2397,3.3215,3.1333,19.5333,13.0771,4.6197,4.7333
eurusd+audusd+nzdusd,prev_close,8,0.4000,lon17,40,1026,0.4786,5.7655,-45.6936,0.2725,0.1444,1.0000,0.6347,0.2402,3.3215,5.3750,21.0000,14.3291,4.3355,4.7333
eurusd+audusd+nzdusd,prev_close,8,0.4000,ny11,0,1026,0.5097,6.1166,-45.6199,0.2725,0.0211,1.0000,0.4050,0.2441,3.3215,10.8833,22.4333,17.2668,4.2261,4.7333
eurusd+audusd+nzdusd,prev_close,8,0.4000,ny11,25,1026,0.4211,7.0702,-45.7277,0.2725,0.1077,1.0000,1.1247,0.2402,3.3215,2.2000,17.1333,10.7098,5.2478,4.7333
eurusd+audusd+nzdusd,prev_close,8,0.4000,ny11,30,1026,0.4435,6.5552,-45.7166,0.2725,0.1102,1.0000,0.8649,0.2397,3.3215,3.1333,19.4167,13.4238,4.8200,4.7333
eurusd+audusd+nzdusd,prev_close,8,0.4000,ny11,40,1026,0.4795,6.0467,-45.6969,0.2725,0.0871,1.0000,0.6167,0.2402,3.3215,5.3750,20.0000,15.5629,4.4989,4.7333
eurusd+audusd+nzdusd,prev_close,8,0.4000,ny1655,0,1026,0.5224,5.2887,-45.4626,0.2725,0.0241,1.0000,0.3895,0.2492,3.3215,16.8000,23.5000,17.8483,3.8293,4.7333
eurusd+audusd+nzdusd,prev_close,8,0.4000,ny1655,25,1026,0.4172,6.9390,-45.6551,0.2725,0.1060,1.0000,1.1089,0.2421,3.3215,2.2000,22.6667,10.9227,5.2197,4.7333
eurusd+audusd+nzdusd,prev_close,8,0.4000,ny1655,30,1026,0.4464,6.4402,-45.6394,0.2725,0.1019,1.0000,0.8291,0.2418,3.3215,3.1333,22.8500,13.0478,4.9044,4.7333
eurusd+audusd+nzdusd,prev_close,8,0.4000,ny1655,40,1026,0.4844,6.0977,-45.6153,0.2725,0.0569,1.0000,0.6526,0.2424,3.3215,5.3750,22.9000,14.9391,4.6777,4.7333
eurusd+audusd+nzdusd,prev_close,10,0.1000,lon17,0,6147,0.4900,-0.3373,-46.6588,0.2102,-0.2196,1.0000,-0.0333,0.2009,19.8999,13.2267,17.9833,14.6243,-0.0901,1.0000
eurusd+audusd+nzdusd,prev_close,10,0.1000,lon17,25,6147,0.4015,-0.5754,-46.7019,0.2102,-0.2133,1.0000,-0.0552,0.1999,19.8999,3.2333,17.6333,10.9820,-0.2534,1.0000
eurusd+audusd+nzdusd,prev_close,10,0.1000,lon17,30,6147,0.4311,-0.6024,-46.7148,0.2102,-0.1688,1.0000,-0.0539,0.1997,19.8999,5.2167,17.7833,12.2659,-0.2629,1.0000
eurusd+audusd+nzdusd,prev_close,10,0.1000,lon17,40,6147,0.4662,-0.3418,-46.7151,0.2102,-0.1077,1.0000,-0.0366,0.1997,19.8999,8.4167,17.9333,13.4128,-0.1120,1.0000
eurusd+audusd+nzdusd,prev_close,10,0.1000,ny11,0,6147,0.4915,-0.0943,-46.6669,0.2102,-0.2758,1.0000,-0.0109,0.2006,19.8999,12.1600,16.9833,14.1019,0.1098,1.0000
eurusd+audusd+nzdusd,prev_close,10,0.1000,ny11,25,6147,0.4074,-0.5243,-46.7010,0.2102,-0.2338,1.0000,-0.0549,0.1999,19.8999,3.2333,16.5000,10.9119,-0.2170,1.0000
eurusd+audusd+nzdusd,prev_close,10,0.1000,ny11,30,6147,0.4363,-0.4992,-46.7143,0.2102,-0.1861,1.0000,-0.0498,0.1997,19.8999,5.2167,16.7233,12.1803,-0.1682,1.0000
eurusd+audusd+nzdusd,prev_close,10,0.1000,ny11,40,6147,0.4679,-0.2493,-46.7145,0.2102,-0.1422,1.0000,-0.0278,0.1997,19.8999,8.2667,16.9167,13.2515,-0.0126,1.0000
eurusd+audusd+nzdusd,prev_close,10,0.1000,ny1655,0,6147,0.4879,-0.5256,-46.5521,0.2102,-0.2307,1.0000,-0.0340,0.2040,19.8999,18.0933,22.9000,15.6404,-0.2335,1.0000
eurusd+audusd+nzdusd,prev_close,10,0.1000,ny1655,25,6147,0.3839,-0.5337,-46.6288,0.2102,-0.2011,1.0000,-0.0455,0.2018,19.8999,3.2333,22.3667,10.6810,-0.2089,1.0000
eurusd+audusd+nzdusd,prev_close,10,0.1000,ny1655,30,6147,0.4155,-0.5610,-46.6388,0.2102,-0.1682,1.0000,-0.0439,0.2016,19.8999,5.2167,22.6000,12.0815,-0.1951,1.0000
eurusd+audusd+nzdusd,prev_close,10,0.1000,ny1655,40,6147,0.4557,-0.4709,-46.6199,0.2102,-0.1452,1.0000,-0.0385,0.2022,19.8999,8.4000,22.8333,13.7588,-0.1570,1.0000
eurusd+audusd+nzdusd,prev_close,10,0.1500,lon17,0,5343,0.4870,-0.5958,-46.5104,0.1894,-0.3023,1.0000,-0.0658,0.2056,17.2971,10.9500,17.9667,14.6936,-0.3592,1.1408
eurusd+audusd+nzdusd,prev_close,10,0.1500,lon17,25,5343,0.3996,-0.6374,-46.5731,0.1894,-0.1907,1.0000,-0.0641,0.2041,17.2971,2.8833,17.0500,10.7387,-0.3084,1.1408
eurusd+audusd+nzdusd,prev_close,10,0.1500,lon17,30,5343,0.4301,-0.6697,-46.5680,0.1894,-0.1726,1.0000,-0.0617,0.2042,17.2971,4.7200,17.3100,12.3867,-0.3699,1.1408
eurusd+audusd+nzdusd,prev_close,10,0.1500,lon17,40,5343,0.4640,-0.5072,-46.5701,0.1894,-0.1525,1.0000,-0.0562,0.2042,17.2971,7.7000,17.7333,13.5070,-0.2514,1.1408
eurusd+audusd+nzdusd,prev_close,10,0.1500,ny11,0,5343,0.4947,-0.1839,-46.5201,0.1894,-0.3197,1.0000,-0.0249,0.2053,17.2971,9.8667,16.9333,14.5124,-0.0514,1.1408
eurusd+audusd+nzdusd,prev_close,10,0.1500,ny11,25,5343,0.4127,-0.4031,-46.5732,0.1894,-0.1625,1.0000,-0.0532,0.2041,17.2971,2.8833,15.9833,10.5992,-0.1258,1.1408
eurusd+audusd+nzdusd,prev_close,10,0.1500,ny11,30,5343,0.4410,-0.3597,-46.5681,0.1894,-0.1406,1.0000,-0.0461,0.2042,17.2971,4.7200,16.1967,11.9001,-0.1087,1.1408
eurusd+audusd+nzdusd,prev_close,10,0.1500,ny11,40,5343,0.4728,-0.1571,-46.5701,0.1894,-0.1237,1.0000,-0.0221,0.2042,17.2971,7.7000,16.7000,13.2266,0.0227,1.1408
eurusd+audusd+nzdusd,prev_close,10,0.1500,ny1655,0,5343,0.4874,-0.5757,-46.3953,0.1894,-0.2786,1.0000,-0.0509,0.2090,17.2971,15.7833,22.8667,15.6516,-0.3344,1.1408
eurusd+audusd+nzdusd,prev_close,10,0.1500,ny1655,25,5343,0.3835,-0.5718,-46.4917,0.1894,-0.1871,1.0000,-0.0518,0.2062,17.2971,2.8667,21.7133,10.5553,-0.2048,1.1408
eurusd+audusd+nzdusd,prev_close,10,0.1500,ny1655,30,5343,0.4144,-0.5942,-46.4828,0.1894,-0.1627,1.0000,-0.0510,0.2064,17.2971,4.7000,21.9833,12.2647,-0.2624,1.1408
eurusd+audusd+nzdusd,prev_close,10,0.1500,ny1655,40,5343,0.4554,-0.5346,-46.4800,0.1894,-0.2006,1.0000,-0.0497,0.2068,17.2971,7.6333,22.4800,13.6456,-0.2124,1.1408
eurusd+audusd+nzdusd,prev_close,10,0.2000,lon17,0,4281,0.4887,-0.2787,-46.3609,0.2319,-0.0535,1.0000,-0.0295,0.2110,13.8591,10.1667,17.9333,14.6787,-0.1602,1.3462
eurusd+audusd+nzdusd,prev_close,10,0.2000,lon17,25,4281,0.4006,-0.2515,-46.4368,0.2319,0.0278,1.0000,-0.0253,0.2090,13.8591,2.7333,16.7333,11.0851,-0.0723,1.3462
eurusd+audusd+nzdusd,prev_close,10,0.2000,lon17,30,4281,0.4310,-0.1987,-46.4272,0.2319,0.0301,1.0000,-0.0188,0.2093,13.8591,4.3667,17.0667,12.5429,-0.0345,1.3462
eurusd+audusd+nzdusd,prev_close,10,0.2000,lon17,40,4281,0.4641,-0.1373,-46.4267,0.2319,0.0156,1.0000,-0.0146,0.2094,13.8591,7.2833,17.7000,13.4656,-0.0297,1.3462
eurusd+audusd+nzdusd,prev_close,10,0.2000,ny11,0,4281,0.4896,-0.3095,-46.3737,0.2319,-0.0587,1.0000,-0.0362,0.2107,13.8591,9.0500,16.9167,14.5246,-0.2130,1.3462
eurusd+audusd+nzdusd,prev_close,10,0.2000,ny11,25,4281,0.4097,-0.2417,-46.4382,0.2319,0.0775,1.0000,-0.0288,0.2090,13.8591,2.7333,15.6667,10.5078,-0.0686,1.3462
eurusd+audusd+nzdusd,prev_close,10,0.2000,ny11,30,4281,0.4380,-0.1315,-46.4286,0.2319,0.0846,1.0000,-0.0153,0.2093,13.8591,4.3667,16.0000,11.7779,0.0018,1.3462
eurusd+audusd+nzdusd,prev_close,10,0.2000,ny11,40,4281,0.4681,-0.0618,-46.4278,0.2319,0.0431,1.0000,-0.0080,0.2094,13.8591,7.2833,16.6667,13.1306,-0.0013,1.3462
eurusd+audusd+nzdusd,prev_close,10,0.2000,ny1655,0,4281,0.4821,-0.8824,-46.2939,0.2319,-0.1328,1.0000,-0.0656,0.2139,13.8591,14.9833,22.8500,15.8658,-0.6146,1.3462
eurusd+audusd+nzdusd,prev_close,10,0.2000,ny1655,25,4281,0.3772,-0.7816,-46.3914,0.2319,-0.0367,1.0000,-0.0615,0.2108,13.8591,2.7167,21.3500,10.3923,-0.4284,1.3462
eurusd+audusd+nzdusd,prev_close,10,0.2000,ny1655,30,4281,0.4076,-0.8130,-46.3659,0.2319,-0.0237,1.0000,-0.0652,0.2115,13.8591,4.3167,21.6667,12.1503,-0.4564,1.3462
eurusd+audusd+nzdusd,prev_close,10,0.2000,ny1655,40,4281,0.4497,-0.6390,-46.3672,0.2319,-0.1086,1.0000,-0.0569,0.2116,13.8591,7.2167,22.3167,13.6832,-0.3547,1.3462
eurusd+audusd+nzdusd,prev_close,10,0.3000,lon17,0,2475,0.5034,2.2736,-46.4650,0.2103,-0.0219,1.0000,0.2257,0.2127,8.0124,9.7333,18.0000,15.4182,1.9992,2.1884
eurusd+audusd+nzdusd,prev_close,10,0.3000,lon17,25,2475,0.4190,2.6415,-46.5136,0.2103,0.0708,1.0000,0.3135,0.2113,8.0124,2.2400,17.1933,10.5945,2.1764,2.1884
eurusd+audusd+nzdusd,prev_close,10,0.3000,lon17,30,2475,0.4408,1.9799,-46.5183,0.2103,0.0045,1.0000,0.1829,0.2111,8.0124,3.5500,17.5000,11.9887,1.7074,2.1884
eurusd+audusd+nzdusd,prev_close,10,0.3000,lon17,40,2475,0.4731,1.7225,-46.5222,0.2103,-0.0464,1.0000,0.1659,0.2109,8.0124,6.2033,17.8533,13.8524,1.5691,2.1884
eurusd+audusd+nzdusd,prev_close,10,0.3000,ny11,0,2475,0.5030,2.2469,-46.4684,0.2103,-0.0710,1.0000,0.2185,0.2127,8.0124,8.7167,16.9833,15.3158,1.9610,2.1884
eurusd+audusd+nzdusd,prev_close,10,0.3000,ny11,25,2475,0.4222,2.7425,-46.5164,0.2103,0.0506,1.0000,0.3712,0.2113,8.0124,2.2400,16.1833,11.1024,2.2450,2.1884
eurusd+audusd+nzdusd,prev_close,10,0.3000,ny11,30,2475,0.4457,2.1392,-46.5211,0.2103,-0.0028,1.0000,0.2369,0.2111,8.0124,3.5500,16.4867,12.3622,1.8153,2.1884
eurusd+audusd+nzdusd,prev_close,10,0.3000,ny11,40,2475,0.4764,1.9655,-46.5252,0.2103,-0.0597,1.0000,0.2148,0.2109,8.0124,6.2033,16.7500,14.1811,1.7179,2.1884
eurusd+audusd+nzdusd,prev_close,10,0.3000,ny1655,0,2475,0.4994,1.7869,-46.4478,0.2103,-0.1114,1.0000,0.1452,0.2140,8.0124,14.6333,22.8333,16.3234,1.6465,2.1884
eurusd+audusd+nzdusd,prev_close,10,0.3000,ny1655,25,2475,0.3935,2.0504,-46.5221,0.2103,0.0366,1.0000,0.1918,0.2114,8.0124,2.2400,21.3000,11.1297,1.7795,2.1884
eurusd+audusd+nzdusd,prev_close,10,0.3000,ny1655,30,2475,0.4198,1.3567,-46.5138,0.2103,-0.0976,1.0000,0.1116,0.2114,8.0124,3.5500,21.7667,12.7555,1.3131,2.1884
eurusd+audusd+nzdusd,prev_close,10,0.3000,ny1655,40,2475,0.4594,1.1196,-46.5069,0.2103,-0.1808,1.0000,0.0940,0.2114,8.0124,6.2033,22.3700,14.0076,1.1946,2.1884
eurusd+audusd+nzdusd,prev_close,10,0.4000,lon17,0,1377,0.5040,4.3018,-46.4728,0.2324,0.1120,1.0000,0.4712,0.2233,4.4578,9.6367,19.3933,16.2862,3.0795,3.4815
eurusd+audusd+nzdusd,prev_close,10,0.4000,lon17,25,1377,0.4125,4.7029,-46.5375,0.2324,0.1225,1.0000,0.7577,0.2211,4.4578,1.7500,17.8800,10.8260,3.4914,3.4815
eurusd+audusd+nzdusd,prev_close,10,0.4000,lon17,30,1377,0.4372,4.4210,-46.5492,0.2324,0.1222,1.0000,0.6593,0.2204,4.4578,2.6667,17.9500,12.6440,3.2606,3.4815
eurusd+audusd+nzdusd,prev_close,10,0.4000,lon17,40,1377,0.4720,3.9013,-46.5499,0.2324,0.0928,1.0000,0.4625,0.2204,4.4578,4.8433,18.0167,14.2158,2.8918,3.4815
eurusd+audusd+nzdusd,prev_close,10,0.4000,ny11,0,1377,0.5025,4.6430,-46.4758,0.2324,0.0234,1.0000,0.4082,0.2233,4.4578,8.5667,18.7000,16.8619,3.2133,3.4815
eurusd+audusd+nzdusd,prev_close,10,0.4000,ny11,25,1377,0.4183,5.1348,-46.5387,0.2324,0.0767,1.0000,0.9044,0.2211,4.4578,1.7500,16.8467,10.8191,3.8270,3.4815
eurusd+audusd+nzdusd,prev_close,10,0.4000,ny11,30,1377,0.4415,4.7919,-46.5506,0.2324,0.0784,1.0000,0.7432,0.2204,4.4578,2.6667,16.9500,12.5285,3.5060,3.4815
eurusd+audusd+nzdusd,prev_close,10,0.4000,ny11,40,1377,0.4735,4.2226,-46.5513,0.2324,0.0389,1.0000,0.5138,0.2204,4.4578,4.8433,17.0067,14.7815,3.0737,3.4815
eurusd+audusd+nzdusd,prev_close,10,0.4000,ny1655,0,1377,0.5171,4.2187,-46.4488,0.2324,0.0107,1.0000,0.4338,0.2251,4.4578,14.4833,22.9067,17.8029,3.1560,3.4815
eurusd+audusd+nzdusd,prev_close,10,0.4000,ny1655,25,1377,0.4074,4.6618,-46.5667,0.2324,0.0489,1.0000,0.8081,0.2207,4.4578,1.7500,22.1167,10.4500,3.5720,3.4815
eurusd+audusd+nzdusd,prev_close,10,0.4000,ny1655,30,1377,0.4372,4.3376,-46.5748,0.2324,0.0405,1.0000,0.6424,0.2201,4.4578,2.6667,22.4167,12.2769,3.3495,3.4815
eurusd+audusd+nzdusd,prev_close,10,0.4000,ny1655,40,1377,0.4779,4.1249,-46.5895,0.2324,-0.0264,1.0000,0.5148,0.2198,4.4578,4.8433,22.4667,14.8062,3.1679,3.4815
eurusd+audusd+usdjpy,day_open,6,0.1000,lon17,0,4449,0.5035,0.5204,-46.1100,0.2155,-0.3296,1.0000,0.0892,0.2104,14.4029,14.1000,17.8667,26.8002,0.5271,1.4333
eurusd+audusd+usdjpy,day_open,6,0.1000,lon17,25,4449,0.3776,0.5673,-46.1544,0.2155,-0.2661,1.0000,0.1222,0.2090,14.4029,1.7133,17.2000,18.4348,0.6970,1.4333
eurusd+audusd+usdjpy,day_open,6,0.1000,lon17,30,4449,0.4118,0.6868,-46.1507,0.2155,-0.2049,1.0000,0.1267,0.2091,14.4029,2.7000,17.3500,20.7791,0.7528,1.4333
eurusd+audusd+usdjpy,day_open,6,0.1000,lon17,40,4449,0.4552,0.6116,-46.1407,0.2155,-0.2271,1.0000,0.1300,0.2094,14.4029,5.4833,17.6200,23.9056,0.7907,1.4333
eurusd+audusd+usdjpy,day_open,6,0.1000,ny11,0,4449,0.5010,0.2360,-46.1211,0.2155,-0.4002,1.0000,0.0328,0.2100,14.4029,13.0667,16.8333,26.0133,0.2246,1.4333
eurusd+audusd+usdjpy,day_open,6,0.1000,ny11,25,4449,0.3823,0.5706,-46.1658,0.2155,-0.2658,1.0000,0.1078,0.2087,14.4029,1.7133,16.0033,18.1497,0.7082,1.4333
eurusd+audusd+usdjpy,day_open,6,0.1000,ny11,30,4449,0.4151,0.6469,-46.1621,0.2155,-0.2185,1.0000,0.1072,0.2088,14.4029,2.7000,16.2367,20.4852,0.7562,1.4333
eurusd+audusd+usdjpy,day_open,6,0.1000,ny11,40,4449,0.4538,0.5556,-46.1521,0.2155,-0.2564,1.0000,0.1057,0.2090,14.4029,5.4833,16.5000,22.9791,0.7873,1.4333
eurusd+audusd+usdjpy,day_open,6,0.1000,ny1655,0,4449,0.4965,0.2466,-46.0353,0.2155,-0.3567,1.0000,0.0273,0.2132,14.4029,18.9833,22.7167,27.8446,0.3449,1.4333
eurusd+audusd+usdjpy,day_open,6,0.1000,ny1655,25,4449,0.3610,0.5064,-46.1051,0.2155,-0.3070,1.0000,0.0874,0.2106,14.4029,1.7133,21.8333,18.8794,0.6613,1.4333
eurusd+audusd+usdjpy,day_open,6,0.1000,ny1655,30,4449,0.3951,0.5660,-46.0880,0.2155,-0.2634,1.0000,0.0916,0.2111,14.4029,2.7000,22.0500,21.2684,0.6946,1.4333
eurusd+audusd+usdjpy,day_open,6,0.1000,ny1655,40,4449,0.4401,0.4079,-46.0726,0.2155,-0.2957,1.0000,0.0692,0.2115,14.4029,5.4833,22.3533,24.3001,0.6640,1.4333
eurusd+audusd+usdjpy,day_open,6,0.1500,lon17,0,2850,0.5060,-0.2866,-45.6544,0.3151,-0.2985,1.0000,-0.0224,0.2200,9.2264,13.7667,17.7533,28.0218,-0.2499,2.7213
eurusd+audusd+usdjpy,day_open,6,0.1500,lon17,25,2850,0.3730,0.2233,-45.6717,0.3151,-0.1519,1.0000,0.0383,0.2193,9.2264,1.3983,16.6000,17.9737,0.2173,2.7213
eurusd+audusd+usdjpy,day_open,6,0.1500,lon17,30,2850,0.4063,-0.0106,-45.6744,0.3151,-0.1137,1.0000,-0.0015,0.2191,9.2264,2.2317,16.7500,20.9759,-0.0496,2.7213
eurusd+audusd+usdjpy,day_open,6,0.1500,lon17,40,2850,0.4498,-0.2780,-45.6706,0.3151,-0.1299,1.0000,-0.0305,0.2193,9.2264,4.5667,17.2500,23.7973,-0.1411,2.7213
eurusd+audusd+usdjpy,day_open,6,0.1500,ny11,0,2850,0.5070,-0.6083,-45.6548,0.3151,-0.3375,1.0000,-0.0443,0.2200,9.2264,12.7317,16.7167,26.8302,-0.6034,2.7213
eurusd+audusd+usdjpy,day_open,6,0.1500,ny11,25,2850,0.3765,0.2629,-45.6719,0.3151,-0.1216,1.0000,0.0539,0.2193,9.2264,1.3983,15.4683,17.9931,0.2860,2.7213
eurusd+audusd+usdjpy,day_open,6,0.1500,ny11,30,2850,0.4070,-0.0275,-45.6746,0.3151,-0.1263,1.0000,-0.0047,0.2191,9.2264,2.2317,15.6500,20.3194,-0.0188,2.7213
eurusd+audusd+usdjpy,day_open,6,0.1500,ny11,40,2850,0.4474,-0.2905,-45.6708,0.3151,-0.1440,1.0000,-0.0334,0.2193,9.2264,4.5667,16.0667,22.8064,-0.1200,2.7213
eurusd+audusd+usdjpy,day_open,6,0.1500,ny1655,0,2850,0.5007,-0.5534,-45.6298,0.3151,-0.3623,1.0000,-0.0408,0.2218,9.2264,18.6500,22.6017,27.9223,-0.4310,2.7213
eurusd+audusd+usdjpy,day_open,6,0.1500,ny1655,25,2850,0.3540,0.1107,-45.6655,0.3151,-0.2854,1.0000,0.0177,0.2203,9.2264,1.3983,21.3333,16.6688,0.1313,2.7213
eurusd+audusd+usdjpy,day_open,6,0.1500,ny1655,30,2850,0.3870,-0.0866,-45.6618,0.3151,-0.2687,1.0000,-0.0120,0.2202,9.2264,2.2317,21.4667,20.7771,-0.0563,2.7213
eurusd+audusd+usdjpy,day_open,6,0.1500,ny1655,40,2850,0.4330,-0.4829,-45.6509,0.3151,-0.2920,1.0000,-0.0444,0.2204,9.2264,4.5667,21.7500,23.9306,-0.2895,2.7213
eurusd+audusd+usdjpy,day_open,6,0.2000,lon17,0,1761,0.5150,1.7047,-45.0972,0.3479,-0.1865,1.0000,0.1307,0.2351,5.7010,13.5833,17.6500,29.4164,1.6873,4.1333
eurusd+audusd+usdjpy,day_open,6,0.2000,lon17,25,1761,0.3776,1.4322,-45.1184,0.3479,-0.0875,1.0000,0.1972,0.2339,5.7010,1.1833,16.4333,19.6299,1.2497,4.1333
eurusd+audusd+usdjpy,day_open,6,0.2000,lon17,30,1761,0.4145,1.2930,-45.1373,0.3479,-0.0874,1.0000,0.1670,0.2334,5.7010,2.0667,16.5833,21.4078,1.1636,4.1333
eurusd+audusd+usdjpy,day_open,6,0.2000,lon17,40,1761,0.4509,0.7924,-45.1349,0.3479,-0.0729,1.0000,0.0757,0.2337,5.7010,3.8333,16.9500,25.1409,0.7759,4.1333
eurusd+audusd+usdjpy,day_open,6,0.2000,ny11,0,1761,0.5116,1.6917,-45.1004,0.3479,-0.2252,1.0000,0.1125,0.2351,5.7010,12.5667,16.5500,27.9748,1.6788,4.1333
eurusd+audusd+usdjpy,day_open,6,0.2000,ny11,25,1761,0.3782,1.4938,-45.1184,0.3479,-0.1084,1.0000,0.1948,0.2339,5.7010,1.1833,15.2167,18.6484,1.3093,4.1333
eurusd+audusd+usdjpy,day_open,6,0.2000,ny11,30,1761,0.4094,1.3035,-45.1373,0.3479,-0.1048,1.0000,0.1581,0.2334,5.7010,2.0667,15.4667,20.6429,1.1844,4.1333
eurusd+audusd+usdjpy,day_open,6,0.2000,ny11,40,1761,0.4441,0.7296,-45.1349,0.3479,-0.1109,1.0000,0.0650,0.2337,5.7010,3.8333,15.9000,23.9842,0.7344,4.1333
eurusd+audusd+usdjpy,day_open,6,0.2000,ny1655,0,1761,0.5031,1.4863,-45.0893,0.3479,-0.1633,1.0000,0.1057,0.2371,5.7010,18.4833,22.4000,29.6466,1.7355,4.1333
eurusd+audusd+usdjpy,day_open,6,0.2000,ny1655,25,1761,0.3526,1.2094,-45.1123,0.3479,-0.1262,1.0000,0.1509,0.2347,5.7010,1.1833,21.0167,17.9489,1.1645,4.1333
eurusd+audusd+usdjpy,day_open,6,0.2000,ny1655,30,1761,0.3896,1.2031,-45.1197,0.3479,-0.1312,1.0000,0.1466,0.2345,5.7010,2.0667,21.2333,20.6114,1.1935,4.1333
eurusd+audusd+usdjpy,day_open,6,0.2000,ny1655,40,1761,0.4293,0.5477,-45.1425,0.3479,-0.1063,1.0000,0.0518,0.2343,5.7010,3.8333,21.6667,24.6792,0.6148,4.1333
eurusd+audusd+usdjpy,day_open,6,0.3000,lon17,0,675,0.5022,0.8204,-44.1214,0.2684,-0.2678,1.0000,0.0298,0.2621,2.1852,13.7000,17.4500,31.4001,1.0567,11.8000
eurusd+audusd+usdjpy,day_open,6,0.3000,lon17,25,675,0.3437,0.6456,-44.1669,0.2684,-0.2337,1.0000,0.0383,0.2614,2.1852,0.7067,15.9167,16.1929,0.7864,11.8000
eurusd+audusd+usdjpy,day_open,6,0.3000,lon17,30,675,0.3867,0.6030,-44.1913,0.2684,-0.1925,1.0000,0.0349,0.2606,2.1852,1.2667,16.0167,19.8063,0.9637,11.8000
eurusd+audusd+usdjpy,day_open,6,0.3000,lon17,40,675,0.4281,0.9204,-44.1587,0.2684,-0.2976,1.0000,0.0483,0.2614,2.1852,2.9133,16.3433,23.3082,1.2129,11.8000
eurusd+audusd+usdjpy,day_open,6,0.3000,ny11,0,675,0.4919,0.1499,-44.1469,0.2684,-0.3056,1.0000,0.0050,0.2621,2.1852,12.6000,16.0500,29.9316,0.5609,11.8000
eurusd+audusd+usdjpy,day_open,6,0.3000,ny11,25,675,0.3348,0.5916,-44.1669,0.2684,-0.2279,1.0000,0.0325,0.2614,2.1852,0.7067,14.9167,15.3409,0.6982,11.8000
eurusd+audusd+usdjpy,day_open,6,0.3000,ny11,30,675,0.3822,0.7221,-44.1913,0.2684,-0.1686,1.0000,0.0393,0.2606,2.1852,1.2667,15.0167,18.5987,0.9969,11.8000
eurusd+audusd+usdjpy,day_open,6,0.3000,ny11,40,675,0.4267,0.9915,-44.1753,0.2684,-0.2872,1.0000,0.0477,0.2614,2.1852,2.9133,15.3333,22.4012,1.3564,11.8000
eurusd+audusd+usdjpy,day_open,6,0.3000,ny1655,0,675,0.5111,1.7222,-43.9706,0.2684,-0.1281,1.0000,0.0468,0.2700,2.1852,18.5167,22.2000,31.5549,2.0861,11.8000
eurusd+audusd+usdjpy,day_open,6,0.3000,ny1655,25,675,0.3230,1.6317,-44.1373,0.2684,-0.1256,1.0000,0.1033,0.2632,2.1852,0.7067,20.6167,14.3183,1.6782,11.8000
eurusd+audusd+usdjpy,day_open,6,0.3000,ny1655,30,675,0.3719,1.8464,-44.1530,0.2684,-0.0923,1.0000,0.1188,0.2625,2.1852,1.2667,20.9133,19.3990,2.2170,11.8000
eurusd+audusd+usdjpy,day_open,6,0.3000,ny1655,40,675,0.4178,2.1599,-44.1049,0.2684,-0.1910,1.0000,0.1185,0.2632,2.1852,2.9133,21.2167,21.9153,2.4335,11.8000
eurusd+audusd+usdjpy,day_open,6,0.4000,lon17,0,264,0.5189,4.9738,-43.6522,0.4098,-0.0565,1.0000,0.1573,0.3007,0.8547,13.8200,17.3333,37.0883,5.1098,23.0000
eurusd+audusd+usdjpy,day_open,6,0.4000,lon17,25,264,0.3333,2.4884,-43.6760,0.4098,0.0959,1.0000,0.1054,0.3025,0.8547,0.2883,16.0833,21.3172,2.6322,23.0000
eurusd+audusd+usdjpy,day_open,6,0.4000,lon17,30,264,0.3598,1.3397,-43.6924,0.4098,0.0352,1.0000,0.0399,0.3007,0.8547,0.4050,16.2167,24.1921,1.4163,23.0000
eurusd+audusd+usdjpy,day_open,6,0.4000,lon17,40,264,0.3864,-0.4401,-43.6924,0.4098,-0.1599,1.0000,-0.0098,0.3007,0.8547,0.7100,16.3167,25.5114,-0.6170,23.0000
eurusd+audusd+usdjpy,day_open,6,0.4000,ny11,0,264,0.5114,4.4415,-43.7780,0.4098,-0.1417,1.0000,0.0944,0.3007,0.8547,12.5533,16.0350,34.8511,5.0598,23.0000
eurusd+audusd+usdjpy,day_open,6,0.4000,ny11,25,264,0.3333,2.7858,-43.7197,0.4098,0.0485,1.0000,0.0990,0.3025,0.8547,0.2883,14.9417,21.0977,2.7504,23.0000
eurusd+audusd+usdjpy,day_open,6,0.4000,ny11,30,264,0.3636,2.1697,-43.7780,0.4098,-0.0429,1.0000,0.0564,0.3007,0.8547,0.4050,14.9667,23.1974,2.2769,23.0000
eurusd+audusd+usdjpy,day_open,6,0.4000,ny11,40,264,0.3977,0.3823,-43.7780,0.4098,-0.2242,1.0000,0.0076,0.3007,0.8547,0.7100,15.1333,26.6447,0.1633,23.0000
eurusd+audusd+usdjpy,day_open,6,0.4000,ny1655,0,264,0.4924,3.2290,-43.4764,0.4098,-0.0217,1.0000,0.0623,0.3081,0.8547,18.5217,22.2000,39.4514,3.6917,23.0000
eurusd+audusd+usdjpy,day_open,6,0.4000,ny1655,25,264,0.2879,2.2925,-43.5186,0.4098,0.0618,1.0000,0.0876,0.3025,0.8547,0.2883,20.8583,15.1850,2.3674,23.0000
eurusd+audusd+usdjpy,day_open,6,0.4000,ny1655,30,264,0.3182,1.1243,-43.5416,0.4098,-0.0122,1.0000,0.0296,0.3007,0.8547,0.4050,21.1083,21.7589,1.0799,23.0000
eurusd+audusd+usdjpy,day_open,6,0.4000,ny1655,40,264,0.3523,-0.4986,-43.5080,0.4098,-0.2274,1.0000,-0.0099,0.3007,0.8547,0.7100,21.1333,22.7721,-0.9038,23.0000
eurusd+audusd+usdjpy,day_open,8,0.1000,lon17,0,4995,0.4993,0.1025,-46.5054,0.2004,-0.3255,1.0000,0.0151,0.2048,16.1705,13.0667,17.8500,26.3728,0.1150,1.2898
eurusd+audusd+usdjpy,day_open,8,0.1000,lon17,25,4995,0.3772,0.2396,-46.5507,0.2004,-0.2117,1.0000,0.0521,0.2036,16.1705,1.8233,17.0667,18.3229,0.3998,1.2898
eurusd+audusd+usdjpy,day_open,8,0.1000,lon17,30,4995,0.4118,0.4036,-46.5459,0.2004,-0.1402,1.0000,0.0771,0.2037,16.1705,2.9500,17.2833,20.5235,0.5008,1.2898
eurusd+audusd+usdjpy,day_open,8,0.1000,lon17,40,4995,0.4531,0.2616,-46.5358,0.2004,-0.1718,1.0000,0.0555,0.2039,16.1705,5.4900,17.5333,23.5239,0.4394,1.2898
eurusd+audusd+usdjpy,day_open,8,0.1000,ny11,0,4995,0.4965,-0.1122,-46.5158,0.2004,-0.3950,1.0000,-0.0140,0.2045,16.1705,11.9833,16.8000,25.5719,-0.1315,1.2898
eurusd+audusd+usdjpy,day_open,8,0.1000,ny11,25,4995,0.3816,0.2560,-46.5617,0.2004,-0.2242,1.0000,0.0475,0.2033,16.1705,1.8233,15.9167,18.0777,0.4117,1.2898
eurusd+audusd+usdjpy,day_open,8,0.1000,ny11,30,4995,0.4148,0.3817,-46.5568,0.2004,-0.1645,1.0000,0.0640,0.2034,16.1705,2.9500,16.1167,20.2446,0.5056,1.2898
eurusd+audusd+usdjpy,day_open,8,0.1000,ny11,40,4995,0.4519,0.2122,-46.5472,0.2004,-0.2010,1.0000,0.0395,0.2036,16.1705,5.4900,16.4167,22.8053,0.4196,1.2898
eurusd+audusd+usdjpy,day_open,8,0.1000,ny1655,0,4995,0.4919,-0.2765,-46.3964,0.2004,-0.3437,1.0000,-0.0264,0.2082,16.1705,17.9167,22.6667,27.6540,-0.1843,1.2898
eurusd+audusd+usdjpy,day_open,8,0.1000,ny1655,25,4995,0.3610,0.1813,-46.4684,0.2004,-0.2516,1.0000,0.0332,0.2059,16.1705,1.8233,21.7500,18.7889,0.3736,1.2898
eurusd+audusd+usdjpy,day_open,8,0.1000,ny1655,30,4995,0.3956,0.2313,-46.4500,0.2004,-0.1985,1.0000,0.0385,0.2064,16.1705,2.9500,21.8500,20.9600,0.4075,1.2898
eurusd+audusd+usdjpy,day_open,8,0.1000,ny1655,40,4995,0.4386,0.0029,-46.4346,0.2004,-0.2431,1.0000,0.0005,0.2067,16.1705,5.4900,22.2500,23.8137,0.2795,1.2898
eurusd+audusd+usdjpy,day_open,8,0.1500,lon17,0,3405,0.5022,-0.4722,-46.2247,0.2205,-0.3374,1.0000,-0.0447,0.2079,11.0232,12.5333,17.7500,27.7265,-0.5504,2.2262
eurusd+audusd+usdjpy,day_open,8,0.1500,lon17,25,3405,0.3733,-0.0350,-46.2845,0.2205,-0.2005,1.0000,-0.0049,0.2063,11.0232,1.5500,16.4667,17.6298,-0.1331,2.2262
eurusd+audusd+usdjpy,day_open,8,0.1500,lon17,30,3405,0.4076,-0.2355,-46.2746,0.2205,-0.1535,1.0000,-0.0283,0.2065,11.0232,2.4000,16.6333,20.2243,-0.3662,2.2262
eurusd+audusd+usdjpy,day_open,8,0.1500,lon17,40,3405,0.4499,-0.4822,-46.2644,0.2205,-0.1810,1.0000,-0.0453,0.2068,11.0232,4.6000,17.1267,23.2672,-0.5009,2.2262
eurusd+audusd+usdjpy,day_open,8,0.1500,ny11,0,3405,0.5013,-0.7431,-46.2245,0.2205,-0.3550,1.0000,-0.0651,0.2079,11.0232,11.4667,16.7000,26.4394,-0.8236,2.2262
eurusd+audusd+usdjpy,day_open,8,0.1500,ny11,25,3405,0.3765,-0.0137,-46.2844,0.2205,-0.1552,1.0000,-0.0022,0.2063,11.0232,1.5500,15.3933,17.6092,-0.0711,2.2262
eurusd+audusd+usdjpy,day_open,8,0.1500,ny11,30,3405,0.4076,-0.2672,-46.2744,0.2205,-0.1490,1.0000,-0.0338,0.2065,11.0232,2.4000,15.5667,20.1756,-0.3395,2.2262
eurusd+audusd+usdjpy,day_open,8,0.1500,ny11,40,3405,0.4458,-0.5382,-46.2642,0.2205,-0.1853,1.0000,-0.0536,0.2068,11.0232,4.6000,15.9433,22.5415,-0.5175,2.2262
eurusd+audusd+usdjpy,day_open,8,0.1500,ny1655,0,3405,0.4969,-0.6305,-46.1620,0.2205,-0.3723,1.0000,-0.0516,0.2103,11.0232,17.4000,22.5333,27.8539,-0.6106,2.2262
eurusd+audusd+usdjpy,day_open,8,0.1500,ny1655,25,3405,0.3542,-0.0986,-46.2647,0.2205,-0.3017,1.0000,-0.0138,0.2074,11.0232,1.5500,21.1667,16.2813,-0.1527,2.2262
eurusd+audusd+usdjpy,day_open,8,0.1500,ny1655,30,3405,0.3877,-0.2783,-46.2390,0.2205,-0.2677,1.0000,-0.0328,0.2079,11.0232,2.4000,21.3167,19.9656,-0.3400,2.2262
eurusd+audusd+usdjpy,day_open,8,0.1500,ny1655,40,3405,0.4335,-0.5729,-46.2227,0.2205,-0.3144,1.0000,-0.0485,0.2082,11.0232,4.6000,21.5433,23.2095,-0.5189,2.2262
eurusd+audusd+usdjpy,day_open,8,0.2000,lon17,0,2238,0.5134,2.2315,-45.9861,0.3065,-0.1197,1.0000,0.1855,0.2125,7.2452,12.1667,17.6833,28.6189,2.4354,3.2391
eurusd+audusd+usdjpy,day_open,8,0.2000,lon17,25,2238,0.3785,1.3095,-46.0614,0.3065,-0.0334,1.0000,0.1984,0.2104,7.2452,1.4950,16.2933,19.3124,1.3922,3.2391
eurusd+audusd+usdjpy,day_open,8,0.2000,lon17,30,2238,0.4155,1.2300,-46.0675,0.3065,-0.0478,1.0000,0.1787,0.2102,7.2452,2.4950,16.4833,21.3830,1.3545,3.2391
eurusd+audusd+usdjpy,day_open,8,0.2000,lon17,40,2238,0.4535,1.0899,-46.0484,0.3065,-0.0829,1.0000,0.1108,0.2107,7.2452,4.1667,16.9550,24.7748,1.3345,3.2391
eurusd+audusd+usdjpy,day_open,8,0.2000,ny11,0,2238,0.5130,1.8853,-45.9864,0.3065,-0.2028,1.0000,0.1461,0.2125,7.2452,11.0333,16.6167,27.4679,2.0389,3.2391
eurusd+audusd+usdjpy,day_open,8,0.2000,ny11,25,2238,0.3820,1.3060,-46.0614,0.3065,-0.0701,1.0000,0.1991,0.2104,7.2452,1.4950,15.0833,18.6525,1.3784,3.2391
eurusd+audusd+usdjpy,day_open,8,0.2000,ny11,30,2238,0.4147,1.1428,-46.0675,0.3065,-0.0771,1.0000,0.1676,0.2102,7.2452,2.4950,15.4100,20.6909,1.2702,3.2391
eurusd+audusd+usdjpy,day_open,8,0.2000,ny11,40,2238,0.4513,0.9380,-46.0484,0.3065,-0.1291,1.0000,0.0947,0.2107,7.2452,4.1667,15.9050,23.9251,1.1867,3.2391
eurusd+audusd+usdjpy,day_open,8,0.2000,ny1655,0,2238,0.5049,1.6690,-45.9145,0.3065,-0.1401,1.0000,0.1268,0.2155,7.2452,17.0333,22.3333,29.0928,2.1079,3.2391
eurusd+audusd+usdjpy,day_open,8,0.2000,ny1655,25,2238,0.3592,1.0772,-46.0185,0.3065,-0.0891,1.0000,0.1651,0.2119,7.2452,1.4950,20.8500,18.3467,1.2523,3.2391
eurusd+audusd+usdjpy,day_open,8,0.2000,ny1655,30,2238,0.3963,1.0643,-46.0128,0.3065,-0.0945,1.0000,0.1541,0.2119,7.2452,2.4950,21.0367,20.9185,1.2914,3.2391
eurusd+audusd+usdjpy,day_open,8,0.2000,ny1655,40,2238,0.4374,0.7055,-46.0143,0.3065,-0.1335,1.0000,0.0698,0.2122,7.2452,4.1667,21.3717,24.8067,1.0208,3.2391
eurusd+audusd+usdjpy,day_open,8,0.3000,lon17,0,969,0.4912,0.6207,-45.3334,0.2311,-0.1857,1.0000,0.0357,0.2275,3.1370,12.1000,17.1500,30.3531,0.7107,10.1250
eurusd+audusd+usdjpy,day_open,8,0.3000,lon17,25,969,0.3426,0.7998,-45.4863,0.2311,0.0118,1.0000,0.0565,0.2229,3.1370,1.0367,15.4867,17.4138,0.8638,10.1250
eurusd+audusd+usdjpy,day_open,8,0.3000,lon17,30,969,0.3818,0.6296,-45.4864,0.2311,0.0375,1.0000,0.0501,0.2229,3.1370,1.7133,15.7133,20.5537,0.8272,10.1250
eurusd+audusd+usdjpy,day_open,8,0.3000,lon17,40,969,0.4241,0.7037,-45.4247,0.2311,-0.1121,1.0000,0.0464,0.2249,3.1370,3.4967,16.1833,24.0643,0.8621,10.1250
eurusd+audusd+usdjpy,day_open,8,0.3000,ny11,0,969,0.4850,0.1019,-45.3398,0.2311,-0.2248,1.0000,0.0048,0.2275,3.1370,11.0500,15.7500,29.8290,0.3111,10.1250
eurusd+audusd+usdjpy,day_open,8,0.3000,ny11,25,969,0.3395,0.7821,-45.4863,0.2311,-0.0279,1.0000,0.0506,0.2229,3.1370,1.0367,14.5000,16.4545,0.8503,10.1250
eurusd+audusd+usdjpy,day_open,8,0.3000,ny11,30,969,0.3829,0.7511,-45.4864,0.2311,0.0182,1.0000,0.0529,0.2229,3.1370,1.7133,14.7667,19.7069,0.9304,10.1250
eurusd+audusd+usdjpy,day_open,8,0.3000,ny11,40,969,0.4262,0.8664,-45.4284,0.2311,-0.1283,1.0000,0.0535,0.2249,3.1370,3.4967,15.1500,22.7036,1.1107,10.1250
eurusd+audusd+usdjpy,day_open,8,0.3000,ny1655,0,969,0.4892,0.5001,-45.3305,0.2311,-0.1012,1.0000,0.0181,0.2305,3.1370,16.9667,21.9667,30.9552,0.8987,10.1250
eurusd+audusd+usdjpy,day_open,8,0.3000,ny1655,25,969,0.3220,1.1096,-45.5524,0.2311,0.0728,1.0000,0.0817,0.2224,3.1370,1.0367,20.3500,15.5885,1.2329,10.1250
eurusd+audusd+usdjpy,day_open,8,0.3000,ny1655,30,969,0.3633,0.9355,-45.5508,0.2311,0.0841,1.0000,0.0765,0.2225,3.1370,1.7133,20.5167,20.6984,1.2969,10.1250
eurusd+audusd+usdjpy,day_open,8,0.3000,ny1655,40,969,0.4066,0.8185,-45.4859,0.2311,-0.0621,1.0000,0.0521,0.2248,3.1370,3.4967,21.0200,22.6321,1.1174,10.1250
eurusd+audusd+usdjpy,day_open,8,0.4000,lon17,0,420,0.5024,3.2928,-44.2770,0.3269,-0.2408,1.0000,0.1701,0.2677,1.3597,11.4500,17.0200,32.8706,2.5388,19.5000
eurusd+audusd+usdjpy,day_open,8,0.4000,lon17,25,420,0.3381,2.9801,-44.3212,0.3269,0.0386,1.0000,0.2431,0.2641,1.3597,0.4167,14.9700,19.7554,2.4952,19.5000
eurusd+audusd+usdjpy,day_open,8,0.4000,lon17,30,420,0.3619,1.9305,-44.3566,0.3269,0.0192,1.0000,0.1346,0.2629,1.3597,0.6133,15.1833,22.4004,1.3217,19.5000
eurusd+audusd+usdjpy,day_open,8,0.4000,lon17,40,420,0.4048,1.2277,-44.3213,0.3269,-0.2176,1.0000,0.0691,0.2653,1.3597,1.6083,15.8833,25.0495,0.4724,19.5000
eurusd+audusd+usdjpy,day_open,8,0.4000,ny11,0,420,0.5024,1.9600,-44.3130,0.3269,-0.2970,1.0000,0.0698,0.2677,1.3597,10.4500,15.3333,32.4061,1.4788,19.5000
eurusd+audusd+usdjpy,day_open,8,0.4000,ny11,25,420,0.3476,3.0453,-44.3324,0.3269,0.0188,1.0000,0.2413,0.2641,1.3597,0.4167,13.8917,19.7640,2.3681,19.5000
eurusd+audusd+usdjpy,day_open,8,0.4000,ny11,30,420,0.3690,2.1145,-44.3783,0.3269,-0.0420,1.0000,0.1326,0.2629,1.3597,0.6133,14.1833,21.6721,1.4848,19.5000
eurusd+audusd+usdjpy,day_open,8,0.4000,ny11,40,420,0.4167,1.2242,-44.3445,0.3269,-0.2772,1.0000,0.0524,0.2653,1.3597,1.6083,14.8667,24.2119,0.4129,19.5000
eurusd+audusd+usdjpy,day_open,8,0.4000,ny1655,0,420,0.4929,3.0491,-44.1723,0.3269,-0.1675,1.0000,0.1100,0.2758,1.3597,16.3667,21.9667,32.9697,2.6652,19.5000
eurusd+audusd+usdjpy,day_open,8,0.4000,ny1655,25,420,0.3071,2.9913,-44.2726,0.3269,-0.0219,1.0000,0.2248,0.2665,1.3597,0.4167,19.9300,16.6976,2.5357,19.5000
eurusd+audusd+usdjpy,day_open,8,0.4000,ny1655,30,420,0.3381,2.0569,-44.3084,0.3269,-0.0355,1.0000,0.1433,0.2653,1.3597,0.6133,20.5333,20.8056,1.3988,19.5000
eurusd+audusd+usdjpy,day_open,8,0.4000,ny1655,40,420,0.3833,1.3420,-44.2637,0.3269,-0.2829,1.0000,0.0713,0.2677,1.3597,1.6083,20.8833,23.7291,0.5317,19.5000
eurusd+audusd+usdjpy,day_open,10,0.1000,lon17,0,5466,0.4996,0.2132,-46.7914,0.1516,-0.2823,1.0000,0.0391,0.1987,17.6953,11.4833,17.8167,25.6869,0.1788,1.1408
eurusd+audusd+usdjpy,day_open,10,0.1000,lon17,25,5466,0.3813,0.2455,-46.8422,0.1516,-0.1250,1.0000,0.0547,0.1974,17.6953,1.8833,16.9167,18.0422,0.3956,1.1408
eurusd+audusd+usdjpy,day_open,10,0.1000,lon17,30,5466,0.4144,0.3645,-46.8345,0.1516,-0.0637,1.0000,0.0700,0.1976,17.6953,2.9500,17.1667,20.1962,0.4402,1.1408
eurusd+audusd+usdjpy,day_open,10,0.1000,lon17,40,5466,0.4554,0.2829,-46.8250,0.1516,-0.1058,1.0000,0.0632,0.1978,17.6953,5.5500,17.4833,22.8685,0.4131,1.1408
eurusd+audusd+usdjpy,day_open,10,0.1000,ny11,0,5466,0.4976,-0.0407,-46.8003,0.1516,-0.3118,1.0000,-0.0066,0.1984,17.6953,10.4667,16.7500,24.7244,-0.0896,1.1408
eurusd+audusd+usdjpy,day_open,10,0.1000,ny11,25,5466,0.3873,0.2702,-46.8523,0.1516,-0.1146,1.0000,0.0550,0.1971,17.6953,1.8833,15.8500,17.3782,0.4239,1.1408
eurusd+audusd+usdjpy,day_open,10,0.1000,ny11,30,5466,0.4188,0.3455,-46.8447,0.1516,-0.0550,1.0000,0.0618,0.1973,17.6953,2.9500,15.9833,19.6657,0.4529,1.1408
eurusd+audusd+usdjpy,day_open,10,0.1000,ny11,40,5466,0.4555,0.2083,-46.8355,0.1516,-0.0961,1.0000,0.0440,0.1975,17.6953,5.5500,16.3500,21.7313,0.3752,1.1408
eurusd+audusd+usdjpy,day_open,10,0.1000,ny1655,0,5466,0.4899,-0.3213,-46.6537,0.1516,-0.2670,1.0000,-0.0331,0.2023,17.6953,16.3833,22.6500,27.0911,-0.2707,1.1408
eurusd+audusd+usdjpy,day_open,10,0.1000,ny1655,25,5466,0.3628,0.1016,-46.7468,0.1516,-0.1457,1.0000,0.0175,0.1998,17.6953,1.8833,21.6333,17.7111,0.2915,1.1408
eurusd+audusd+usdjpy,day_open,10,0.1000,ny1655,30,5466,0.3957,0.0981,-46.7252,0.1516,-0.0986,1.0000,0.0151,0.2003,17.6953,2.9500,21.7833,20.3227,0.2595,1.1408
eurusd+audusd+usdjpy,day_open,10,0.1000,ny1655,40,5466,0.4387,-0.0805,-46.7102,0.1516,-0.1397,1.0000,-0.0141,0.2006,17.6953,5.5500,22.1167,23.1334,0.1545,1.1408
eurusd+audusd+usdjpy,day_open,10,0.1500,lon17,0,4149,0.5001,-0.6569,-46.9768,0.2025,-0.2566,1.0000,-0.0623,0.1923,13.4317,10.1833,17.7000,26.7681,-0.7040,1.7073
eurusd+audusd+usdjpy,day_open,10,0.1500,lon17,25,4149,0.3760,-0.4258,-47.0328,0.2025,-0.0122,1.0000,-0.0458,0.1909,13.4317,1.5167,16.3233,17.7258,-0.4432,1.7073
eurusd+audusd+usdjpy,day_open,10,0.1500,lon17,30,4149,0.4097,-0.6365,-47.0214,0.2025,0.0023,1.0000,-0.0551,0.1911,13.4317,2.4133,16.4667,19.8608,-0.6816,1.7073
eurusd+audusd+usdjpy,day_open,10,0.1500,lon17,40,4149,0.4522,-0.6919,-47.0192,0.2025,-0.0372,1.0000,-0.0559,0.1913,13.4317,4.6800,16.8167,22.4502,-0.6561,1.7073
eurusd+audusd+usdjpy,day_open,10,0.1500,ny11,0,4149,0.4989,-0.8690,-46.9774,0.2025,-0.2620,1.0000,-0.0702,0.1923,13.4317,9.1000,16.6167,25.6110,-0.9373,1.7073
eurusd+audusd+usdjpy,day_open,10,0.1500,ny11,25,4149,0.3803,-0.3407,-47.0341,0.2025,0.0199,1.0000,-0.0441,0.1909,13.4317,1.5167,15.2167,17.4935,-0.3251,1.7073
eurusd+audusd+usdjpy,day_open,10,0.1500,ny11,30,4149,0.4109,-0.6026,-47.0225,0.2025,0.0102,1.0000,-0.0606,0.1911,13.4317,2.4133,15.4167,19.5123,-0.6102,1.7073
eurusd+audusd+usdjpy,day_open,10,0.1500,ny11,40,4149,0.4493,-0.7212,-47.0203,0.2025,-0.0362,1.0000,-0.0600,0.1913,13.4317,4.6800,15.7333,22.0421,-0.6687,1.7073
eurusd+audusd+usdjpy,day_open,10,0.1500,ny1655,0,4149,0.4888,-0.8973,-46.8922,0.2025,-0.2844,1.0000,-0.0741,0.1946,13.4317,15.0167,22.2833,26.7612,-0.8705,1.7073
eurusd+audusd+usdjpy,day_open,10,0.1500,ny1655,25,4149,0.3538,-0.4763,-46.9983,0.2025,-0.0903,1.0000,-0.0498,0.1920,13.4317,1.5167,20.8667,16.8146,-0.4275,1.7073
eurusd+audusd+usdjpy,day_open,10,0.1500,ny1655,30,4149,0.3856,-0.6998,-46.9724,0.2025,-0.0884,1.0000,-0.0600,0.1925,13.4317,2.4133,21.0667,19.7099,-0.6638,1.7073
eurusd+audusd+usdjpy,day_open,10,0.1500,ny1655,40,4149,0.4312,-0.7948,-46.9597,0.2025,-0.1504,1.0000,-0.0584,0.1928,13.4317,4.6800,21.3500,22.9210,-0.6665,1.7073
eurusd+audusd+usdjpy,day_open,10,0.2000,lon17,0,3000,0.5073,1.7739,-46.7385,0.2410,-0.0556,1.0000,0.2452,0.1985,9.7120,9.8333,17.4733,27.4867,1.9900,2.4324
eurusd+audusd+usdjpy,day_open,10,0.2000,lon17,25,3000,0.3823,0.9216,-46.8251,0.2410,0.0753,1.0000,0.1513,0.1965,9.7120,1.5000,15.9500,18.5469,1.0683,2.4324
eurusd+audusd+usdjpy,day_open,10,0.2000,lon17,30,3000,0.4167,0.8555,-46.8279,0.2410,0.0706,1.0000,0.1233,0.1963,9.7120,2.1983,16.3167,20.6757,1.0183,2.4324
eurusd+audusd+usdjpy,day_open,10,0.2000,lon17,40,3000,0.4547,0.7238,-46.8062,0.2410,0.0037,1.0000,0.1003,0.1968,9.7120,4.0333,16.7533,23.8949,0.9948,2.4324
eurusd+audusd+usdjpy,day_open,10,0.2000,ny11,0,3000,0.5077,1.4317,-46.7396,0.2410,-0.0837,1.0000,0.1558,0.1985,9.7120,8.7667,16.4517,26.5151,1.5729,2.4324
eurusd+audusd+usdjpy,day_open,10,0.2000,ny11,25,3000,0.3873,0.9772,-46.8275,0.2410,0.0832,1.0000,0.1536,0.1965,9.7120,1.5000,14.8667,18.4241,1.1085,2.4324
eurusd+audusd+usdjpy,day_open,10,0.2000,ny11,30,3000,0.4180,0.7967,-46.8302,0.2410,0.0941,1.0000,0.1220,0.1963,9.7120,2.1983,15.0500,20.2650,0.9422,2.4324
eurusd+audusd+usdjpy,day_open,10,0.2000,ny11,40,3000,0.4543,0.6060,-46.8084,0.2410,0.0124,1.0000,0.0853,0.1968,9.7120,4.0333,15.5333,23.0905,0.8465,2.4324
eurusd+audusd+usdjpy,day_open,10,0.2000,ny1655,0,3000,0.5030,1.6561,-46.6471,0.2410,-0.0715,1.0000,0.2047,0.2009,9.7120,14.6833,21.9683,27.8889,2.0060,2.4324
eurusd+audusd+usdjpy,day_open,10,0.2000,ny1655,25,3000,0.3647,0.8637,-46.7796,0.2410,0.0337,1.0000,0.1284,0.1977,9.7120,1.5000,20.5333,17.7232,1.0837,2.4324
eurusd+audusd+usdjpy,day_open,10,0.2000,ny1655,30,3000,0.4000,0.8333,-46.7723,0.2410,0.0323,1.0000,0.1156,0.1977,9.7120,2.1983,20.6667,20.3659,1.0554,2.4324
eurusd+audusd+usdjpy,day_open,10,0.2000,ny1655,40,3000,0.4417,0.6023,-46.7599,0.2410,-0.0592,1.0000,0.0774,0.1981,9.7120,4.0333,20.9683,23.6359,0.9336,2.4324
eurusd+audusd+usdjpy,day_open,10,0.3000,lon17,0,1389,0.4932,0.5332,-46.2504,0.1894,-0.2658,1.0000,0.0403,0.2073,4.4967,9.6667,17.0500,28.1839,0.7351,5.7222
eurusd+audusd+usdjpy,day_open,10,0.3000,lon17,25,1389,0.3614,0.7724,-46.3866,0.1894,-0.0510,1.0000,0.0903,0.2041,4.4967,1.0367,15.4000,17.5514,0.9654,5.7222
eurusd+audusd+usdjpy,day_open,10,0.3000,lon17,30,1389,0.3974,0.5176,-46.3869,0.1894,-0.0770,1.0000,0.0503,0.2041,4.4967,1.6167,15.4867,20.2873,0.8234,5.7222
eurusd+audusd+usdjpy,day_open,10,0.3000,lon17,40,1389,0.4356,0.6079,-46.3332,0.1894,-0.2041,1.0000,0.0533,0.2055,4.4967,3.4000,15.9667,23.3082,0.9310,5.7222
eurusd+audusd+usdjpy,day_open,10,0.3000,ny11,0,1389,0.4852,-0.0477,-46.2547,0.1894,-0.2973,1.0000,-0.0029,0.2073,4.4967,8.5167,15.6000,28.0091,0.1533,5.7222
eurusd+audusd+usdjpy,day_open,10,0.3000,ny11,25,1389,0.3578,0.6148,-46.3866,0.1894,-0.1209,1.0000,0.0702,0.2041,4.4967,1.0367,14.4000,16.6854,0.7775,5.7222
eurusd+audusd+usdjpy,day_open,10,0.3000,ny11,30,1389,0.3967,0.5011,-46.3869,0.1894,-0.1172,1.0000,0.0498,0.2041,4.4967,1.6167,14.4867,19.3412,0.7413,5.7222
eurusd+audusd+usdjpy,day_open,10,0.3000,ny11,40,1389,0.4356,0.6097,-46.3357,0.1894,-0.2520,1.0000,0.0547,0.2055,4.4967,3.4000,14.9667,22.4012,0.9195,5.7222
eurusd+audusd+usdjpy,day_open,10,0.3000,ny1655,0,1389,0.4910,0.9556,-46.2498,0.1894,-0.1837,1.0000,0.0653,0.2085,4.4967,14.4333,21.3667,28.9791,1.4174,5.7222
eurusd+audusd+usdjpy,day_open,10,0.3000,ny1655,25,1389,0.3405,1.0356,-46.4162,0.1894,-0.0395,1.0000,0.1229,0.2037,4.4967,1.0367,19.6833,16.3004,1.3357,5.7222
eurusd+audusd+usdjpy,day_open,10,0.3000,ny1655,30,1389,0.3765,0.7717,-46.4058,0.1894,-0.0786,1.0000,0.0780,0.2038,4.4967,1.6167,20.1000,19.7069,1.2395,5.7222
eurusd+audusd+usdjpy,day_open,10,0.3000,ny1655,40,1389,0.4197,0.8015,-46.3630,0.1894,-0.1893,1.0000,0.0710,0.2051,4.4967,3.4000,20.4167,22.5247,1.2459,5.7222
eurusd+audusd+usdjpy,day_open,10,0.4000,lon17,0,663,0.4827,1.0793,-45.1294,0.2699,-0.3112,1.0000,0.0588,0.2330,2.1464,9.5167,16.6167,31.7898,0.7424,8.2857
eurusd+audusd+usdjpy,day_open,10,0.4000,lon17,25,663,0.3363,1.2512,-45.2822,0.2699,0.0084,1.0000,0.0770,0.2269,2.1464,0.6400,14.5333,19.1103,0.9605,8.2857
eurusd+audusd+usdjpy,day_open,10,0.4000,lon17,30,663,0.3620,0.9051,-45.2921,0.2699,-0.0251,1.0000,0.0587,0.2269,2.1464,1.0167,14.8167,21.9970,0.6183,8.2857
eurusd+audusd+usdjpy,day_open,10,0.4000,lon17,40,663,0.4042,0.1585,-45.2149,0.2699,-0.2783,1.0000,0.0093,0.2300,2.1464,1.6300,15.1067,23.7011,-0.1713,8.2857
eurusd+audusd+usdjpy,day_open,10,0.4000,ny11,0,663,0.4842,-0.0613,-45.1470,0.2699,-0.3295,1.0000,-0.0026,0.2330,2.1464,8.5000,15.1333,32.1007,-0.2926,8.2857
eurusd+audusd+usdjpy,day_open,10,0.4000,ny11,25,663,0.3454,1.2990,-45.2871,0.2699,0.0119,1.0000,0.0854,0.2269,2.1464,0.6400,13.4667,19.0917,0.8811,8.2857
eurusd+audusd+usdjpy,day_open,10,0.4000,ny11,30,663,0.3710,0.9279,-45.3021,0.2699,-0.0521,1.0000,0.0684,0.2269,2.1464,1.0167,13.7967,21.1888,0.6057,8.2857
eurusd+audusd+usdjpy,day_open,10,0.4000,ny11,40,663,0.4133,0.0947,-45.2257,0.2699,-0.3146,1.0000,0.0059,0.2300,2.1464,1.6300,13.9667,23.7228,-0.3187,8.2857
eurusd+audusd+usdjpy,day_open,10,0.4000,ny1655,0,663,0.4887,1.1127,-45.0072,0.2699,-0.1944,1.0000,0.0471,0.2386,2.1464,14.4333,21.2333,32.6735,0.8694,8.2857
eurusd+audusd+usdjpy,day_open,10,0.4000,ny1655,25,663,0.3198,1.6665,-45.2252,0.2699,0.0240,1.0000,0.1015,0.2285,2.1464,0.6400,19.3000,17.0165,1.3395,8.2857
eurusd+audusd+usdjpy,day_open,10,0.4000,ny1655,30,663,0.3514,1.4302,-45.2352,0.2699,-0.0074,1.0000,0.0993,0.2285,2.1464,1.0167,19.4967,20.9421,0.9813,8.2857
eurusd+audusd+usdjpy,day_open,10,0.4000,ny1655,40,663,0.4012,0.7074,-45.1555,0.2699,-0.2630,1.0000,0.0375,0.2316,2.1464,1.6300,19.8000,23.2466,0.2667,8.2857
eurusd+audusd+usdjpy,prev_close,6,0.1000,lon17,0,4572,0.4972,-0.2409,-45.9102,0.1661,-0.3480,1.0000,-0.0371,0.2165,14.8011,14.0667,18.0000,26.8826,-0.3614,1.4276
eurusd+audusd+usdjpy,prev_close,6,0.1000,lon17,25,4572,0.3714,-0.3294,-45.9406,0.1661,-0.2582,1.0000,-0.0559,0.2159,14.8011,1.7017,17.5000,18.3024,-0.2480,1.4276
eurusd+audusd+usdjpy,prev_close,6,0.1000,lon17,30,4572,0.4075,-0.1341,-45.9267,0.1661,-0.2075,1.0000,-0.0268,0.2162,14.8011,2.7033,17.6983,20.5383,-0.0879,1.4276
eurusd+audusd+usdjpy,prev_close,6,0.1000,lon17,40,4572,0.4488,-0.0980,-45.9233,0.1661,-0.1529,1.0000,-0.0176,0.2162,14.8011,5.6500,17.8333,23.3538,-0.0526,1.4276
eurusd+audusd+usdjpy,prev_close,6,0.1000,ny11,0,4572,0.4954,-0.4853,-45.9200,0.1661,-0.4361,1.0000,-0.0669,0.2162,14.8011,13.0167,16.9667,26.1575,-0.6125,1.4276
eurusd+audusd+usdjpy,prev_close,6,0.1000,ny11,25,4572,0.3751,-0.2886,-45.9509,0.1661,-0.2874,1.0000,-0.0488,0.2155,14.8011,1.7017,16.3667,18.1138,-0.1877,1.4276
eurusd+audusd+usdjpy,prev_close,6,0.1000,ny11,30,4572,0.4086,-0.1470,-45.9369,0.1661,-0.2554,1.0000,-0.0288,0.2159,14.8011,2.7033,16.5833,20.1941,-0.0555,1.4276
eurusd+audusd+usdjpy,prev_close,6,0.1000,ny11,40,4572,0.4466,-0.1188,-45.9335,0.1661,-0.2192,1.0000,-0.0214,0.2159,14.8011,5.6183,16.7667,22.5979,-0.0131,1.4276
eurusd+audusd+usdjpy,prev_close,6,0.1000,ny1655,0,4572,0.4915,-0.4974,-45.8262,0.1661,-0.3356,1.0000,-0.0611,0.2196,14.8011,18.9500,22.9000,27.9750,-0.5270,1.4276
eurusd+audusd+usdjpy,prev_close,6,0.1000,ny1655,25,4572,0.3519,-0.4212,-45.8756,0.1661,-0.2902,1.0000,-0.0662,0.2180,14.8011,1.7017,22.1167,18.3454,-0.2900,1.4276
eurusd+audusd+usdjpy,prev_close,6,0.1000,ny1655,30,4572,0.3880,-0.2772,-45.8464,0.1661,-0.2586,1.0000,-0.0550,0.2188,14.8011,2.7033,22.4817,20.7686,-0.1504,1.4276
eurusd+audusd+usdjpy,prev_close,6,0.1000,ny1655,40,4572,0.4350,-0.2156,-45.8428,0.1661,-0.2183,1.0000,-0.0358,0.2188,14.8011,5.6500,22.6667,24.0070,-0.1005,1.4276
eurusd+audusd+usdjpy,prev_close,6,0.1500,lon17,0,3015,0.5051,1.1287,-45.2767,0.2708,-0.1268,1.0000,0.1479,0.2338,9.7606,13.7667,18.5833,28.0644,0.9056,2.5385
eurusd+audusd+usdjpy,prev_close,6,0.1500,lon17,25,3015,0.3705,0.9082,-45.3286,0.2708,-0.0333,1.0000,0.1826,0.2322,9.7606,1.3833,17.5200,19.0526,0.6073,2.5385
eurusd+audusd+usdjpy,prev_close,6,0.1500,lon17,30,3015,0.4036,0.6979,-45.3041,0.2708,0.0260,1.0000,0.1251,0.2327,9.7606,2.2333,17.7333,21.7626,0.3669,2.5385
eurusd+audusd+usdjpy,prev_close,6,0.1500,lon17,40,3015,0.4471,0.6404,-45.3048,0.2708,-0.0303,1.0000,0.0911,0.2328,9.7606,4.5567,17.8833,24.4906,0.4520,2.5385
eurusd+audusd+usdjpy,prev_close,6,0.1500,ny11,0,3015,0.5051,0.9865,-45.2765,0.2708,-0.2115,1.0000,0.1121,0.2338,9.7606,12.7000,17.0000,27.1531,0.6950,2.5385
eurusd+audusd+usdjpy,prev_close,6,0.1500,ny11,25,3015,0.3721,0.8961,-45.3285,0.2708,-0.1051,1.0000,0.1789,0.2322,9.7606,1.3833,16.3433,18.4001,0.6046,2.5385
eurusd+audusd+usdjpy,prev_close,6,0.1500,ny11,30,3015,0.4020,0.6636,-45.3040,0.2708,-0.0384,1.0000,0.1244,0.2327,9.7606,2.2333,16.7000,20.9975,0.3635,2.5385
eurusd+audusd+usdjpy,prev_close,6,0.1500,ny11,40,3015,0.4444,0.6223,-45.3047,0.2708,-0.0890,1.0000,0.0922,0.2328,9.7606,4.5567,16.8833,23.0185,0.4442,2.5385
eurusd+audusd+usdjpy,prev_close,6,0.1500,ny1655,0,3015,0.5055,1.0855,-45.2599,0.2708,-0.1807,1.0000,0.1271,0.2356,9.7606,18.6333,23.0833,28.8316,0.9188,2.5385
eurusd+audusd+usdjpy,prev_close,6,0.1500,ny1655,25,3015,0.3536,0.7530,-45.3061,0.2708,-0.1531,1.0000,0.1184,0.2335,9.7606,1.4167,22.2667,18.3020,0.5170,2.5385
eurusd+audusd+usdjpy,prev_close,6,0.1500,ny1655,30,3015,0.3884,0.6335,-45.2796,0.2708,-0.0864,1.0000,0.0927,0.2340,9.7606,2.2500,22.5767,21.5078,0.3551,2.5385
eurusd+audusd+usdjpy,prev_close,6,0.1500,ny1655,40,3015,0.4365,0.4874,-45.2806,0.2708,-0.1251,1.0000,0.0574,0.2343,9.7606,4.6833,22.7500,24.4219,0.3181,2.5385
eurusd+audusd+usdjpy,prev_close,6,0.2000,lon17,0,1974,0.5091,1.7848,-44.7471,0.3169,-0.2156,1.0000,0.1762,0.2484,6.3905,13.6550,19.7917,30.1248,1.6036,4.2759
eurusd+audusd+usdjpy,prev_close,6,0.2000,lon17,25,1974,0.3754,2.2284,-44.7816,0.3169,-0.0364,1.0000,0.3014,0.2469,6.3905,1.2167,17.7167,20.7313,1.8578,4.2759
eurusd+audusd+usdjpy,prev_close,6,0.2000,lon17,30,1974,0.4068,1.7980,-44.7710,0.3169,-0.0414,1.0000,0.2005,0.2472,6.3905,1.8433,17.8000,22.9075,1.4602,4.2759
eurusd+audusd+usdjpy,prev_close,6,0.2000,lon17,40,1974,0.4473,1.4066,-44.7481,0.3169,-0.0679,1.0000,0.1322,0.2479,6.3905,3.4867,17.9833,25.8879,1.1248,4.2759
eurusd+audusd+usdjpy,prev_close,6,0.2000,ny11,0,1974,0.5091,1.7211,-44.7509,0.3169,-0.2509,1.0000,0.1362,0.2484,6.3905,12.6050,17.9033,29.8394,1.5332,4.2759
eurusd+audusd+usdjpy,prev_close,6,0.2000,ny11,25,1974,0.3774,2.3160,-44.7834,0.3169,-0.0729,1.0000,0.3347,0.2469,6.3905,1.2167,16.6833,19.8083,1.9390,4.2759
eurusd+audusd+usdjpy,prev_close,6,0.2000,ny11,30,1974,0.4058,1.8640,-44.7727,0.3169,-0.0729,1.0000,0.2141,0.2472,6.3905,1.8433,16.7833,21.3203,1.5082,4.2759
eurusd+audusd+usdjpy,prev_close,6,0.2000,ny11,40,1974,0.4443,1.4083,-44.7500,0.3169,-0.1024,1.0000,0.1433,0.2479,6.3905,3.4867,16.9667,24.0736,1.1015,4.2759
eurusd+audusd+usdjpy,prev_close,6,0.2000,ny1655,0,1974,0.5030,1.4729,-44.7050,0.3169,-0.1631,1.0000,0.1037,0.2511,6.3905,18.5333,23.4350,31.2708,1.4238,4.2759
eurusd+audusd+usdjpy,prev_close,6,0.2000,ny1655,25,1974,0.3546,1.8906,-44.7424,0.3169,-0.0438,1.0000,0.2029,0.2484,6.3905,1.2167,22.4117,20.2361,1.6040,4.2759
eurusd+audusd+usdjpy,prev_close,6,0.2000,ny1655,30,1974,0.3875,1.5685,-44.7254,0.3169,-0.0493,1.0000,0.1313,0.2490,6.3905,1.8433,22.6000,21.7084,1.3057,4.2759
eurusd+audusd+usdjpy,prev_close,6,0.2000,ny1655,40,1974,0.4276,0.9660,-44.7077,0.3169,-0.0759,1.0000,0.0660,0.2498,6.3905,3.4867,22.7450,25.8876,0.7080,4.2759
eurusd+audusd+usdjpy,prev_close,6,0.3000,lon17,0,858,0.4953,1.0910,-43.4027,0.2600,-0.1315,1.0000,0.0598,0.2936,2.7776,13.8333,23.8833,32.7858,0.6675,15.2500
eurusd+audusd+usdjpy,prev_close,6,0.3000,lon17,25,858,0.3380,0.1831,-43.4548,0.2600,-0.2140,1.0000,0.0162,0.2912,2.7776,0.9333,20.8667,19.5316,-0.1206,15.2500
eurusd+audusd+usdjpy,prev_close,6,0.3000,lon17,30,858,0.3776,0.2648,-43.4564,0.2600,-0.0905,1.0000,0.0178,0.2912,2.7776,1.4833,21.9483,22.5744,0.1284,15.2500
eurusd+audusd+usdjpy,prev_close,6,0.3000,lon17,40,858,0.4242,0.7933,-43.3699,0.2600,-0.1464,1.0000,0.0588,0.2936,2.7776,3.2367,23.1333,26.6608,0.6685,15.2500
eurusd+audusd+usdjpy,prev_close,6,0.3000,ny11,0,858,0.4918,0.4952,-43.4162,0.2600,-0.2209,1.0000,0.0244,0.2936,2.7776,12.7667,23.8833,31.3819,0.1718,15.2500
eurusd+audusd+usdjpy,prev_close,6,0.3000,ny11,25,858,0.3368,0.1239,-43.4548,0.2600,-0.2509,1.0000,0.0109,0.2912,2.7776,0.9333,20.8667,17.6640,-0.2305,15.2500
eurusd+audusd+usdjpy,prev_close,6,0.3000,ny11,30,858,0.3788,0.1982,-43.4564,0.2600,-0.1139,1.0000,0.0131,0.2912,2.7776,1.4833,21.9483,21.2754,-0.0139,15.2500
eurusd+audusd+usdjpy,prev_close,6,0.3000,ny11,40,858,0.4266,0.7564,-43.3782,0.2600,-0.1757,1.0000,0.0513,0.2936,2.7776,3.2367,23.1333,26.5544,0.6537,15.2500
eurusd+audusd+usdjpy,prev_close,6,0.3000,ny1655,0,858,0.5152,2.4117,-43.4467,0.2600,-0.0352,1.0000,0.1031,0.2964,2.7776,18.7000,23.9833,33.5934,2.1328,15.2500
eurusd+audusd+usdjpy,prev_close,6,0.3000,ny1655,25,858,0.3298,1.3623,-43.4587,0.2600,-0.1091,1.0000,0.0909,0.2933,2.7776,0.9333,22.8417,16.8463,0.9551,15.2500
eurusd+audusd+usdjpy,prev_close,6,0.3000,ny1655,30,858,0.3753,1.8401,-43.4786,0.2600,-0.0238,1.0000,0.1050,0.2927,2.7776,1.4833,23.2333,20.8231,1.7530,15.2500
eurusd+audusd+usdjpy,prev_close,6,0.3000,ny1655,40,858,0.4277,2.3535,-43.3856,0.2600,-0.0797,1.0000,0.1491,0.2951,2.7776,3.2367,23.4717,25.9115,2.1939,15.2500
eurusd+audusd+usdjpy,prev_close,6,0.4000,lon17,0,384,0.5078,2.5548,-42.9277,0.2262,0.0623,1.0000,0.0984,0.3394,1.2431,13.9417,23.9617,37.9049,1.0724,25.0000
eurusd+audusd+usdjpy,prev_close,6,0.4000,lon17,25,384,0.3620,3.4080,-42.9356,0.2262,0.0862,1.0000,0.1912,0.3368,1.2431,0.4833,23.2567,21.3172,2.5065,25.0000
eurusd+audusd+usdjpy,prev_close,6,0.4000,lon17,30,384,0.3932,3.0114,-42.8718,0.2262,0.1357,1.0000,0.2024,0.3381,1.2431,0.7050,23.5983,24.5863,1.5807,25.0000
eurusd+audusd+usdjpy,prev_close,6,0.4000,lon17,40,384,0.4141,0.6000,-42.8282,0.2262,0.0366,1.0000,0.0268,0.3381,1.2431,1.5583,23.6333,28.7130,-0.7992,25.0000
eurusd+audusd+usdjpy,prev_close,6,0.4000,ny11,0,384,0.4870,2.4229,-42.9829,0.2262,-0.0171,1.0000,0.0952,0.3394,1.2431,12.7883,23.9617,36.9512,1.3188,25.0000
eurusd+audusd+usdjpy,prev_close,6,0.4000,ny11,25,384,0.3464,3.6715,-42.9538,0.2262,0.0658,1.0000,0.2043,0.3368,1.2431,0.4833,23.2567,21.1655,2.7508,25.0000
eurusd+audusd+usdjpy,prev_close,6,0.4000,ny11,30,384,0.3776,3.5640,-42.9040,0.2262,0.0922,1.0000,0.2332,0.3381,1.2431,0.7050,23.5983,24.1638,2.3016,25.0000
eurusd+audusd+usdjpy,prev_close,6,0.4000,ny11,40,384,0.4010,0.9741,-42.8593,0.2262,0.0029,1.0000,0.0444,0.3381,1.2431,1.5583,23.6333,27.6136,-0.2260,25.0000
eurusd+audusd+usdjpy,prev_close,6,0.4000,ny1655,0,384,0.4974,1.8716,-42.9436,0.2262,0.0944,1.0000,0.0723,0.3407,1.2431,18.7367,23.9783,39.4514,0.7393,25.0000
eurusd+audusd+usdjpy,prev_close,6,0.4000,ny1655,25,384,0.3281,3.5186,-43.0261,0.2262,0.0886,1.0000,0.2236,0.3351,1.2431,0.4833,23.3000,19.4553,2.7279,25.0000
eurusd+audusd+usdjpy,prev_close,6,0.4000,ny1655,30,384,0.3672,3.2115,-42.9462,0.2262,0.1285,1.0000,0.2155,0.3364,1.2431,0.7050,23.6333,23.9126,1.7849,25.0000
eurusd+audusd+usdjpy,prev_close,6,0.4000,ny1655,40,384,0.3958,0.6130,-42.8783,0.2262,0.0279,1.0000,0.0264,0.3364,1.2431,1.5583,23.8167,26.9836,-0.7102,25.0000
eurusd+audusd+usdjpy,prev_close,8,0.1000,lon17,0,5040,0.4944,-0.5238,-46.2332,0.1631,-0.4093,1.0000,-0.0847,0.2107,16.3162,13.2333,17.9833,26.3437,-0.6177,1.3179
eurusd+audusd+usdjpy,prev_close,8,0.1000,lon17,25,5040,0.3724,-0.4278,-46.2744,0.1631,-0.2655,1.0000,-0.0733,0.2097,16.3162,1.7833,17.3017,18.1172,-0.3004,1.3179
eurusd+audusd+usdjpy,prev_close,8,0.1000,lon17,30,5040,0.4077,-0.2604,-46.2585,0.1631,-0.2049,1.0000,-0.0572,0.2101,16.3162,2.8483,17.5683,20.1843,-0.1654,1.3179
eurusd+audusd+usdjpy,prev_close,8,0.1000,lon17,40,5040,0.4476,-0.2795,-46.2523,0.1631,-0.1397,1.0000,-0.0520,0.2102,16.3162,5.6667,17.7517,22.5545,-0.1922,1.3179
eurusd+audusd+usdjpy,prev_close,8,0.1000,ny11,0,5040,0.4931,-0.6753,-46.2428,0.1631,-0.4628,1.0000,-0.0931,0.2104,16.3162,12.1833,16.9500,25.6196,-0.7907,1.3179
eurusd+audusd+usdjpy,prev_close,8,0.1000,ny11,25,5040,0.3776,-0.3405,-46.2848,0.1631,-0.2972,1.0000,-0.0554,0.2094,16.3162,1.7833,16.0833,17.8934,-0.2036,1.3179
eurusd+audusd+usdjpy,prev_close,8,0.1000,ny11,30,5040,0.4103,-0.2169,-46.2688,0.1631,-0.2495,1.0000,-0.0444,0.2098,16.3162,2.8483,16.4350,19.7110,-0.0909,1.3179
eurusd+audusd+usdjpy,prev_close,8,0.1000,ny11,40,5040,0.4474,-0.2450,-46.2630,0.1631,-0.1914,1.0000,-0.0471,0.2099,16.3162,5.6500,16.7167,21.8999,-0.1198,1.3179
eurusd+audusd+usdjpy,prev_close,8,0.1000,ny1655,0,5040,0.4897,-0.7527,-46.1386,0.1631,-0.3771,1.0000,-0.0878,0.2138,16.3162,18.1317,22.8833,27.6750,-0.7808,1.3179
eurusd+audusd+usdjpy,prev_close,8,0.1000,ny1655,25,5040,0.3546,-0.4505,-46.1992,0.1631,-0.2877,1.0000,-0.0673,0.2119,16.3162,1.7833,21.9683,17.9822,-0.2849,1.3179
eurusd+audusd+usdjpy,prev_close,8,0.1000,ny1655,30,5040,0.3901,-0.3606,-46.1684,0.1631,-0.2527,1.0000,-0.0683,0.2128,16.3162,2.8483,22.3333,20.4918,-0.1921,1.3179
eurusd+audusd+usdjpy,prev_close,8,0.1000,ny1655,40,5040,0.4357,-0.3389,-46.1619,0.1631,-0.2005,1.0000,-0.0578,0.2129,16.3162,5.6667,22.6167,23.5382,-0.1815,1.3179
eurusd+audusd+usdjpy,prev_close,8,0.1500,lon17,0,3516,0.5017,0.6909,-45.8720,0.1891,-0.1470,1.0000,0.0943,0.2197,11.3825,12.6167,18.3000,27.8394,0.4636,2.1264
eurusd+audusd+usdjpy,prev_close,8,0.1500,lon17,25,3516,0.3723,0.5517,-45.9387,0.1891,-0.0654,1.0000,0.0954,0.2177,11.3825,1.5167,17.1750,18.1797,0.2737,2.1264
eurusd+audusd+usdjpy,prev_close,8,0.1500,lon17,30,3516,0.4050,0.3304,-45.9170,0.1891,-0.0215,1.0000,0.0496,0.2181,11.3825,2.3833,17.6500,20.6838,0.0305,2.1264
eurusd+audusd+usdjpy,prev_close,8,0.1500,lon17,40,3516,0.4477,0.3347,-45.9129,0.1891,-0.0564,1.0000,0.0460,0.2184,11.3825,4.6167,17.8250,23.9193,0.1243,2.1264
eurusd+audusd+usdjpy,prev_close,8,0.1500,ny11,0,3516,0.5003,0.4876,-45.8697,0.1891,-0.2081,1.0000,0.0602,0.2197,11.3825,11.5833,16.9833,27.0506,0.2311,2.1264
eurusd+audusd+usdjpy,prev_close,8,0.1500,ny11,25,3516,0.3740,0.5015,-45.9375,0.1891,-0.1158,1.0000,0.0812,0.2177,11.3825,1.5167,15.8917,18.0864,0.2553,2.1264
eurusd+audusd+usdjpy,prev_close,8,0.1500,ny11,30,3516,0.4036,0.2561,-45.9157,0.1891,-0.0649,1.0000,0.0394,0.2181,11.3825,2.3833,16.4667,20.5996,0.0042,2.1264
eurusd+audusd+usdjpy,prev_close,8,0.1500,ny11,40,3516,0.4440,0.2306,-45.9115,0.1891,-0.0936,1.0000,0.0295,0.2184,11.3825,4.6167,16.7917,22.6333,0.0445,2.1264
eurusd+audusd+usdjpy,prev_close,8,0.1500,ny1655,0,3516,0.5017,0.5751,-45.8308,0.1891,-0.1965,1.0000,0.0695,0.2216,11.3825,17.5167,22.9000,28.5832,0.4302,2.1264
eurusd+audusd+usdjpy,prev_close,8,0.1500,ny1655,25,3516,0.3564,0.4348,-45.9093,0.1891,-0.1713,1.0000,0.0669,0.2190,11.3825,1.5167,21.7333,17.8448,0.2371,2.1264
eurusd+audusd+usdjpy,prev_close,8,0.1500,ny1655,30,3516,0.3905,0.2880,-45.8767,0.1891,-0.1192,1.0000,0.0386,0.2197,11.3825,2.4083,22.2167,20.7791,0.0580,2.1264
eurusd+audusd+usdjpy,prev_close,8,0.1500,ny1655,40,3516,0.4383,0.2218,-45.8727,0.1891,-0.1534,1.0000,0.0259,0.2200,11.3825,4.6833,22.6500,23.7638,0.0714,2.1264
eurusd+audusd+usdjpy,prev_close,8,0.2000,lon17,0,2403,0.5135,2.5586,-45.4812,0.3045,-0.1311,1.0000,0.3161,0.2260,7.7793,12.1333,18.4000,29.7261,2.6082,3.6829
eurusd+audusd+usdjpy,prev_close,8,0.2000,lon17,25,2403,0.3770,1.9626,-45.5619,0.3045,0.0033,1.0000,0.3332,0.2235,7.7793,1.4167,17.2167,20.6114,1.8099,3.6829
eurusd+audusd+usdjpy,prev_close,8,0.2000,lon17,30,2403,0.4112,1.6690,-45.5324,0.3045,-0.0161,1.0000,0.2028,0.2243,7.7793,2.1000,17.6767,22.9269,1.5226,3.6829
eurusd+audusd+usdjpy,prev_close,8,0.2000,lon17,40,2403,0.4532,1.6687,-45.4989,0.3045,-0.0708,1.0000,0.2044,0.2251,7.7793,3.8700,17.8333,25.8210,1.6126,3.6829
eurusd+audusd+usdjpy,prev_close,8,0.2000,ny11,0,2403,0.5148,2.2072,-45.4813,0.3045,-0.2197,1.0000,0.2214,0.2260,7.7793,11.0500,17.0000,28.4658,2.1988,3.6829
eurusd+audusd+usdjpy,prev_close,8,0.2000,ny11,25,2403,0.3816,1.9203,-45.5617,0.3045,-0.0577,1.0000,0.3411,0.2235,7.7793,1.4167,16.0667,19.6959,1.7626,3.6829
eurusd+audusd+usdjpy,prev_close,8,0.2000,ny11,30,2403,0.4124,1.6019,-45.5323,0.3045,-0.0681,1.0000,0.2199,0.2243,7.7793,2.1000,16.5967,21.5639,1.4379,3.6829
eurusd+audusd+usdjpy,prev_close,8,0.2000,ny11,40,2403,0.4524,1.5239,-45.4989,0.3045,-0.1217,1.0000,0.2083,0.2251,7.7793,3.8700,16.8000,24.1479,1.4490,3.6829
eurusd+audusd+usdjpy,prev_close,8,0.2000,ny1655,0,2403,0.5077,1.9449,-45.4089,0.3045,-0.1383,1.0000,0.1739,0.2288,7.7793,17.0000,22.9500,30.6054,2.1224,3.6829
eurusd+audusd+usdjpy,prev_close,8,0.2000,ny1655,25,2403,0.3587,1.5853,-45.5000,0.3045,-0.0398,1.0000,0.2062,0.2252,7.7793,1.4167,21.8000,20.0341,1.5158,3.6829
eurusd+audusd+usdjpy,prev_close,8,0.2000,ny1655,30,2403,0.3941,1.3878,-45.4636,0.3045,-0.0531,1.0000,0.1308,0.2263,7.7793,2.1000,22.2167,21.9561,1.3260,3.6829
eurusd+audusd+usdjpy,prev_close,8,0.2000,ny1655,40,2403,0.4370,1.1638,-45.4327,0.3045,-0.1094,1.0000,0.1022,0.2274,7.7793,3.8700,22.6333,25.8285,1.1497,3.6829
eurusd+audusd+usdjpy,prev_close,8,0.3000,lon17,0,1149,0.4996,1.5275,-44.3909,0.2378,-0.0979,1.0000,0.1335,0.2597,3.7197,12.1167,22.2833,31.3146,1.0617,9.3333
eurusd+audusd+usdjpy,prev_close,8,0.3000,lon17,25,1149,0.3499,0.8935,-44.4408,0.2378,0.0163,1.0000,0.0864,0.2580,3.7197,1.2100,17.8667,19.9001,0.4735,9.3333
eurusd+audusd+usdjpy,prev_close,8,0.3000,lon17,30,1149,0.3899,1.0652,-44.4423,0.2378,0.1058,1.0000,0.0830,0.2580,3.7197,1.8200,17.9833,22.9029,0.7767,9.3333
eurusd+audusd+usdjpy,prev_close,8,0.3000,lon17,40,1149,0.4369,1.5974,-44.3669,0.2378,-0.0041,1.0000,0.1219,0.2597,3.7197,3.6133,20.8667,25.3821,1.3780,9.3333
eurusd+audusd+usdjpy,prev_close,8,0.3000,ny11,0,1149,0.5004,1.0507,-44.3987,0.2378,-0.1845,1.0000,0.0671,0.2597,3.7197,11.1000,22.2833,30.4635,0.7353,9.3333
eurusd+audusd+usdjpy,prev_close,8,0.3000,ny11,25,1149,0.3525,0.7631,-44.4408,0.2378,-0.0583,1.0000,0.0682,0.2580,3.7197,1.2100,16.8700,17.7265,0.3498,9.3333
eurusd+audusd+usdjpy,prev_close,8,0.3000,ny11,30,1149,0.3951,0.9742,-44.4423,0.2378,0.0458,1.0000,0.0759,0.2580,3.7197,1.8200,17.3833,21.0155,0.6852,9.3333
eurusd+audusd+usdjpy,prev_close,8,0.3000,ny11,40,1149,0.4413,1.4549,-44.3717,0.2378,-0.0622,1.0000,0.1039,0.2597,3.7197,3.6133,20.5167,24.4797,1.3126,9.3333
eurusd+audusd+usdjpy,prev_close,8,0.3000,ny1655,0,1149,0.5048,1.8371,-44.4092,0.2378,-0.0231,1.0000,0.1079,0.2624,3.7197,17.0167,23.8833,31.6870,1.5891,9.3333
eurusd+audusd+usdjpy,prev_close,8,0.3000,ny1655,25,1149,0.3351,1.3281,-44.4263,0.2378,0.0722,1.0000,0.0899,0.2599,3.7197,1.2100,22.2667,17.2218,0.8438,9.3333
eurusd+audusd+usdjpy,prev_close,8,0.3000,ny1655,30,1149,0.3786,1.6625,-44.4450,0.2378,0.1287,1.0000,0.0943,0.2594,3.7197,1.8200,22.5533,20.9886,1.4609,9.3333
eurusd+audusd+usdjpy,prev_close,8,0.3000,ny1655,40,1149,0.4282,1.9979,-44.3699,0.2378,0.0356,1.0000,0.1145,0.2615,3.7197,3.6133,22.9000,25.1152,1.8100,9.3333
eurusd+audusd+usdjpy,prev_close,8,0.4000,lon17,0,540,0.5056,2.6746,-43.7952,0.2660,-0.1616,1.0000,0.0924,0.2915,1.7482,12.0967,23.6517,35.3811,1.2033,20.0000
eurusd+audusd+usdjpy,prev_close,8,0.4000,lon17,25,540,0.3630,3.9655,-43.8070,0.2660,-0.0373,1.0000,0.2562,0.2905,1.7482,0.7133,20.9267,21.4654,2.9300,20.0000
eurusd+audusd+usdjpy,prev_close,8,0.4000,lon17,30,540,0.3907,3.2803,-43.7628,0.2660,-0.0139,1.0000,0.2059,0.2915,1.7482,1.0483,21.9250,24.5863,1.8548,20.0000
eurusd+audusd+usdjpy,prev_close,8,0.4000,lon17,40,540,0.4278,2.2480,-43.7485,0.2660,-0.1375,1.0000,0.1077,0.2905,1.7482,1.9433,22.4000,28.1375,0.9131,20.0000
eurusd+audusd+usdjpy,prev_close,8,0.4000,ny11,0,540,0.4926,1.7708,-43.8156,0.2660,-0.2212,1.0000,0.0557,0.2915,1.7482,11.0600,23.6517,33.2008,0.5185,20.0000
eurusd+audusd+usdjpy,prev_close,8,0.4000,ny11,25,540,0.3574,3.9695,-43.8140,0.2660,-0.0519,1.0000,0.2603,0.2905,1.7482,0.7133,20.8333,21.1022,2.8722,20.0000
eurusd+audusd+usdjpy,prev_close,8,0.4000,ny11,30,540,0.3815,3.3673,-43.7752,0.2660,-0.0518,1.0000,0.2196,0.2915,1.7482,1.0483,21.8200,23.9328,2.0141,20.0000
eurusd+audusd+usdjpy,prev_close,8,0.4000,ny11,40,540,0.4204,2.0926,-43.7599,0.2660,-0.1743,1.0000,0.1105,0.2905,1.7482,1.9433,22.4000,26.8996,0.8515,20.0000
eurusd+audusd+usdjpy,prev_close,8,0.4000,ny1655,0,540,0.4963,2.9538,-43.8097,0.2660,-0.1171,1.0000,0.1076,0.2950,1.7482,16.9767,23.9517,35.6194,1.8378,20.0000
eurusd+audusd+usdjpy,prev_close,8,0.4000,ny1655,25,540,0.3352,4.1114,-43.8804,0.2660,-0.0619,1.0000,0.2418,0.2911,1.7482,0.7133,22.8017,19.4553,3.2024,20.0000
eurusd+audusd+usdjpy,prev_close,8,0.4000,ny1655,30,540,0.3685,3.5282,-43.8230,0.2660,-0.0420,1.0000,0.2129,0.2920,1.7482,1.0483,23.2367,23.7002,2.1415,20.0000
eurusd+audusd+usdjpy,prev_close,8,0.4000,ny1655,40,540,0.4093,2.4139,-43.7859,0.2660,-0.1601,1.0000,0.1150,0.2911,1.7482,1.9433,23.2850,26.3699,1.1807,20.0000
eurusd+audusd+usdjpy,prev_close,10,0.1000,lon17,0,5505,0.4972,-0.2532,-46.6115,0.1216,-0.4001,1.0000,-0.0475,0.2022,17.8216,11.4667,17.9500,25.6516,-0.3490,1.1463
eurusd+audusd+usdjpy,prev_close,10,0.1000,lon17,25,5505,0.3782,-0.2682,-46.6522,0.1216,-0.2250,1.0000,-0.0456,0.2013,17.8216,1.8333,17.0833,18.0711,-0.1359,1.1463
eurusd+audusd+usdjpy,prev_close,10,0.1000,lon17,30,5505,0.4134,-0.0833,-46.6356,0.1216,-0.1725,1.0000,-0.0169,0.2016,17.8216,2.8733,17.4500,20.0341,0.0084,1.1463
eurusd+audusd+usdjpy,prev_close,10,0.1000,lon17,40,5505,0.4527,-0.0479,-46.6302,0.1216,-0.1201,1.0000,-0.0117,0.2017,17.8216,5.6833,17.7167,22.2280,0.0178,1.1463
eurusd+audusd+usdjpy,prev_close,10,0.1000,ny11,0,5505,0.4955,-0.4272,-46.6202,0.1216,-0.4263,1.0000,-0.0707,0.2019,17.8216,10.4333,16.9000,25.0851,-0.5286,1.1463
eurusd+audusd+usdjpy,prev_close,10,0.1000,ny11,25,5505,0.3833,-0.2065,-46.6621,0.1216,-0.2414,1.0000,-0.0328,0.2010,17.8216,1.8333,15.9767,17.4360,-0.0550,1.1463
eurusd+audusd+usdjpy,prev_close,10,0.1000,ny11,30,5505,0.4156,-0.0771,-46.6454,0.1216,-0.1921,1.0000,-0.0150,0.2014,17.8216,2.8733,16.2000,19.4567,0.0546,1.1463
eurusd+audusd+usdjpy,prev_close,10,0.1000,ny11,40,5505,0.4523,-0.0709,-46.6404,0.1216,-0.1410,1.0000,-0.0167,0.2015,17.8216,5.6667,16.6667,21.4048,0.0426,1.1463
eurusd+audusd+usdjpy,prev_close,10,0.1000,ny1655,0,5505,0.4899,-0.6028,-46.4991,0.1216,-0.3350,1.0000,-0.0672,0.2052,17.8216,16.3500,22.8500,26.9022,-0.6293,1.1463
eurusd+audusd+usdjpy,prev_close,10,0.1000,ny1655,25,5505,0.3586,-0.3594,-46.5738,0.1216,-0.2266,1.0000,-0.0501,0.2033,17.8216,1.8333,21.7833,17.6669,-0.1916,1.1463
eurusd+audusd+usdjpy,prev_close,10,0.1000,ny1655,30,5505,0.3933,-0.2734,-46.5421,0.1216,-0.1955,1.0000,-0.0473,0.2041,17.8216,2.8733,22.0433,20.0465,-0.1118,1.1463
eurusd+audusd+usdjpy,prev_close,10,0.1000,ny1655,40,5505,0.4383,-0.2182,-46.5362,0.1216,-0.1439,1.0000,-0.0440,0.2042,17.8216,5.6833,22.5167,23.0307,-0.0858,1.1463
eurusd+audusd+usdjpy,prev_close,10,0.1500,lon17,0,4218,0.5038,0.6948,-46.6098,0.1857,-0.1497,1.0000,0.1017,0.2013,13.6551,10.3000,17.9667,26.7249,0.5177,1.6992
eurusd+audusd+usdjpy,prev_close,10,0.1500,lon17,25,4218,0.3784,0.3957,-46.6905,0.1857,0.0035,1.0000,0.0626,0.1993,13.6551,1.5500,16.7000,17.9402,0.1668,1.6992
eurusd+audusd+usdjpy,prev_close,10,0.1500,lon17,30,4218,0.4111,0.2810,-46.6701,0.1857,0.0644,1.0000,0.0371,0.1996,13.6551,2.4617,17.0650,20.3383,0.0661,1.6992
eurusd+audusd+usdjpy,prev_close,10,0.1500,lon17,40,4218,0.4528,0.3286,-46.6650,0.1857,0.0063,1.0000,0.0409,0.1999,13.6551,4.7283,17.6667,22.6402,0.1823,1.6992
eurusd+audusd+usdjpy,prev_close,10,0.1500,ny11,0,4218,0.5033,0.5009,-46.6229,0.1857,-0.1892,1.0000,0.0665,0.2009,13.6551,9.1500,16.8833,25.6577,0.2704,1.6992
eurusd+audusd+usdjpy,prev_close,10,0.1500,ny11,25,4218,0.3829,0.3739,-46.6912,0.1857,-0.0531,1.0000,0.0684,0.1993,13.6551,1.5500,15.5500,17.8514,0.1783,1.6992
eurusd+audusd+usdjpy,prev_close,10,0.1500,ny11,30,4218,0.4130,0.2397,-46.6706,0.1857,0.0271,1.0000,0.0374,0.1996,13.6551,2.4617,15.8717,20.0273,0.0645,1.6992
eurusd+audusd+usdjpy,prev_close,10,0.1500,ny11,40,4218,0.4516,0.2444,-46.6655,0.1857,-0.0211,1.0000,0.0335,0.1999,13.6551,4.7283,16.5333,21.9378,0.1038,1.6992
eurusd+audusd+usdjpy,prev_close,10,0.1500,ny1655,0,4218,0.4988,0.5933,-46.5354,0.1857,-0.1778,1.0000,0.0759,0.2035,13.6551,15.0833,22.8000,27.3887,0.4827,1.6992
eurusd+audusd+usdjpy,prev_close,10,0.1500,ny1655,25,4218,0.3594,0.2880,-46.6357,0.1857,-0.0860,1.0000,0.0409,0.2009,13.6551,1.5500,21.2833,17.7165,0.1391,1.6992
eurusd+audusd+usdjpy,prev_close,10,0.1500,ny1655,30,4218,0.3928,0.2363,-46.6046,0.1857,-0.0092,1.0000,0.0290,0.2015,13.6551,2.5000,21.5383,20.1255,0.0858,1.6992
eurusd+audusd+usdjpy,prev_close,10,0.1500,ny1655,40,4218,0.4398,0.2574,-46.5948,0.1857,-0.0681,1.0000,0.0294,0.2019,13.6551,4.7333,22.3167,23.0185,0.1699,1.6992
eurusd+audusd+usdjpy,prev_close,10,0.2000,lon17,0,3117,0.5063,2.1194,-46.3698,0.2400,-0.0792,1.0000,0.2646,0.2084,10.0908,9.7667,17.8833,27.9990,2.2020,2.6618
eurusd+audusd+usdjpy,prev_close,10,0.2000,lon17,25,3117,0.3808,1.5801,-46.4421,0.2400,0.1270,1.0000,0.3154,0.2064,10.0908,1.4833,16.4733,19.8063,1.5676,2.6618
eurusd+audusd+usdjpy,prev_close,10,0.2000,lon17,30,3117,0.4116,1.2673,-46.4157,0.2400,0.1161,1.0000,0.1771,0.2071,10.0908,2.1000,16.8567,21.7259,1.2047,2.6618
eurusd+audusd+usdjpy,prev_close,10,0.2000,lon17,40,3117,0.4524,1.2267,-46.3851,0.2400,0.0169,1.0000,0.1699,0.2077,10.0908,3.8500,17.5000,24.3097,1.2188,2.6618
eurusd+audusd+usdjpy,prev_close,10,0.2000,ny11,0,3117,0.5101,1.7942,-46.3693,0.2400,-0.1157,1.0000,0.1964,0.2084,10.0908,8.7167,16.8233,27.0452,1.8042,2.6618
eurusd+audusd+usdjpy,prev_close,10,0.2000,ny11,25,3117,0.3879,1.5738,-46.4429,0.2400,0.1053,1.0000,0.3216,0.2064,10.0908,1.4833,15.2667,18.9801,1.5499,2.6618
eurusd+audusd+usdjpy,prev_close,10,0.2000,ny11,30,3117,0.4161,1.2251,-46.4165,0.2400,0.1085,1.0000,0.1857,0.2071,10.0908,2.1000,15.7167,20.6029,1.1449,2.6618
eurusd+audusd+usdjpy,prev_close,10,0.2000,ny11,40,3117,0.4549,1.1067,-46.3860,0.2400,0.0077,1.0000,0.1616,0.2077,10.0908,3.8500,16.4900,22.9666,1.0697,2.6618
eurusd+audusd+usdjpy,prev_close,10,0.2000,ny1655,0,3117,0.5040,2.0129,-46.3053,0.2400,-0.0730,1.0000,0.2105,0.2102,10.0908,14.6433,22.7233,28.7533,2.2167,2.6618
eurusd+audusd+usdjpy,prev_close,10,0.2000,ny1655,25,3117,0.3638,1.4714,-46.4087,0.2400,0.0947,1.0000,0.2197,0.2074,10.0908,1.4833,20.9333,18.8794,1.5754,2.6618
eurusd+audusd+usdjpy,prev_close,10,0.2000,ny1655,30,3117,0.3965,1.2177,-46.3757,0.2400,0.0889,1.0000,0.1489,0.2082,10.0908,2.1000,21.2333,20.9154,1.2626,2.6618
eurusd+audusd+usdjpy,prev_close,10,0.2000,ny1655,40,3117,0.4392,1.1033,-46.3391,0.2400,-0.0217,1.0000,0.1422,0.2091,10.0908,3.8500,22.0667,24.4219,1.1888,2.6618
eurusd+audusd+usdjpy,prev_close,10,0.3000,lon17,0,1551,0.4945,0.3895,-44.8954,0.1926,-0.1929,1.0000,0.0271,0.2437,5.0211,9.7833,19.6500,28.4657,0.2471,5.3500
eurusd+audusd+usdjpy,prev_close,10,0.3000,lon17,25,1551,0.3553,0.1557,-44.9567,0.1926,-0.0487,1.0000,0.0127,0.2414,5.0211,1.1833,16.8833,18.8500,-0.0552,5.3500
eurusd+audusd+usdjpy,prev_close,10,0.3000,lon17,30,1551,0.3939,0.3210,-44.9614,0.1926,0.0209,1.0000,0.0224,0.2414,5.0211,1.7000,17.3500,21.4295,0.2734,5.3500
eurusd+audusd+usdjpy,prev_close,10,0.3000,lon17,40,1551,0.4365,0.7294,-44.8907,0.1926,-0.0720,1.0000,0.0505,0.2434,5.0211,3.3833,17.8833,24.0643,0.7364,5.3500
eurusd+audusd+usdjpy,prev_close,10,0.3000,ny11,0,1551,0.4926,-0.0602,-44.8975,0.1926,-0.2525,1.0000,-0.0037,0.2437,5.0211,8.7000,18.6333,29.1484,-0.1803,5.3500
eurusd+audusd+usdjpy,prev_close,10,0.3000,ny11,25,1551,0.3578,0.0996,-44.9567,0.1926,-0.1359,1.0000,0.0087,0.2414,5.0211,1.1833,15.7500,17.6015,-0.1210,5.3500
eurusd+audusd+usdjpy,prev_close,10,0.3000,ny11,30,1551,0.3991,0.2897,-44.9614,0.1926,-0.0485,1.0000,0.0224,0.2414,5.0211,1.7000,16.3500,20.5383,0.1907,5.3500
eurusd+audusd+usdjpy,prev_close,10,0.3000,ny11,40,1551,0.4404,0.5967,-44.8920,0.1926,-0.1425,1.0000,0.0439,0.2434,5.0211,3.3833,16.8833,23.4159,0.5990,5.3500
eurusd+audusd+usdjpy,prev_close,10,0.3000,ny1655,0,1551,0.5003,1.0416,-44.8686,0.1926,-0.1024,1.0000,0.0666,0.2458,5.0211,14.6500,23.1333,30.6990,1.0740,5.3500
eurusd+audusd+usdjpy,prev_close,10,0.3000,ny1655,25,1551,0.3411,0.5829,-44.9331,0.1926,-0.0056,1.0000,0.0419,0.2429,5.0211,1.1833,21.0000,17.4360,0.3855,5.3500
eurusd+audusd+usdjpy,prev_close,10,0.3000,ny1655,30,1551,0.3817,0.8101,-44.9425,0.1926,0.0390,1.0000,0.0503,0.2425,5.0211,1.7000,21.6167,20.8007,0.8720,5.3500
eurusd+audusd+usdjpy,prev_close,10,0.3000,ny1655,40,1551,0.4300,1.1557,-44.8638,0.1926,-0.0331,1.0000,0.0718,0.2447,5.0211,3.3833,22.2833,23.6085,1.2113,5.3500
eurusd+audusd+usdjpy,prev_close,10,0.4000,lon17,0,780,0.4885,1.2151,-44.0842,0.2532,-0.2068,1.0000,0.0487,0.2710,2.5251,9.6300,22.3100,33.5244,0.3653,8.0000
eurusd+audusd+usdjpy,prev_close,10,0.4000,lon17,25,780,0.3564,2.3555,-44.1236,0.2532,0.0026,1.0000,0.1488,0.2685,2.5251,0.8333,17.8833,20.7307,1.6994,8.0000
eurusd+audusd+usdjpy,prev_close,10,0.4000,lon17,30,780,0.3846,2.2540,-44.0920,0.2532,0.0055,1.0000,0.1587,0.2691,2.5251,1.1483,18.6833,24.1921,1.3791,8.0000
eurusd+audusd+usdjpy,prev_close,10,0.4000,lon17,40,780,0.4205,1.3266,-44.0695,0.2532,-0.1621,1.0000,0.0774,0.2698,2.5251,2.0400,19.9833,25.9692,0.6122,8.0000
eurusd+audusd+usdjpy,prev_close,10,0.4000,ny11,0,780,0.4821,0.5424,-44.0967,0.2532,-0.2299,1.0000,0.0216,0.2710,2.5251,8.5967,22.3100,32.7213,-0.1946,8.0000
eurusd+audusd+usdjpy,prev_close,10,0.4000,ny11,25,780,0.3603,2.5206,-44.1276,0.2532,0.0093,1.0000,0.1744,0.2685,2.5251,0.8333,16.8833,20.6253,1.8108,8.0000
eurusd+audusd+usdjpy,prev_close,10,0.4000,ny11,30,780,0.3846,2.3790,-44.0993,0.2532,-0.0031,1.0000,0.1764,0.2691,2.5251,1.1483,17.3833,23.6589,1.5287,8.0000
eurusd+audusd+usdjpy,prev_close,10,0.4000,ny11,40,780,0.4192,1.3096,-44.0767,0.2532,-0.1777,1.0000,0.0867,0.2698,2.5251,2.0400,19.3533,26.2298,0.6085,8.0000
eurusd+audusd+usdjpy,prev_close,10,0.4000,ny1655,0,780,0.4833,1.3083,-44.1558,0.2532,-0.1438,1.0000,0.0505,0.2721,2.5251,14.5467,23.6417,32.7083,0.5608,8.0000
eurusd+audusd+usdjpy,prev_close,10,0.4000,ny1655,25,780,0.3333,2.7771,-44.1645,0.2532,-0.0066,1.0000,0.1560,0.2688,2.5251,0.8333,22.3000,18.0133,2.1321,8.0000
eurusd+audusd+usdjpy,prev_close,10,0.4000,ny1655,30,780,0.3667,2.7165,-44.1246,0.2532,0.0002,1.0000,0.1825,0.2695,2.5251,1.1483,22.3550,21.7252,1.7690,8.0000
eurusd+audusd+usdjpy,prev_close,10,0.4000,ny1655,40,780,0.4090,1.6817,-44.1143,0.2532,-0.1534,1.0000,0.0920,0.2696,2.5251,2.0400,22.6567,24.7907,0.9506,8.0000
eurusd+gbpusd+audusd,day_open,6,0.1000,lon17,0,4602,0.4963,-0.3939,-46.3426,0.2163,-0.4396,1.0000,-0.0524,0.2102,14.8983,14.0167,17.9333,22.8583,-0.2615,1.3473
eurusd+gbpusd+audusd,day_open,6,0.1000,lon17,25,4602,0.3642,-0.0857,-46.3870,0.2163,-0.2529,1.0000,-0.0131,0.2090,14.8983,2.7667,17.1667,13.7828,0.0285,1.3473
eurusd+gbpusd+audusd,day_open,6,0.1000,lon17,30,4602,0.3992,-0.1932,-46.3938,0.2163,-0.2970,1.0000,-0.0275,0.2089,14.8983,4.4000,17.4333,17.0626,-0.0933,1.3473
eurusd+gbpusd+audusd,day_open,6,0.1000,lon17,40,4602,0.4444,-0.3808,-46.3835,0.2163,-0.2838,1.0000,-0.0562,0.2091,14.8983,6.6500,17.6833,19.7033,-0.3115,1.3473
eurusd+gbpusd+audusd,day_open,6,0.1000,ny11,0,4602,0.4904,-0.0854,-46.3530,0.2163,-0.4338,1.0000,-0.0106,0.2099,14.8983,12.9833,16.8833,21.8129,0.0618,1.3473
eurusd+gbpusd+audusd,day_open,6,0.1000,ny11,25,4602,0.3679,0.1555,-46.3979,0.2163,-0.2103,1.0000,0.0223,0.2087,14.8983,2.7667,15.9983,13.6832,0.2556,1.3473
eurusd+gbpusd+audusd,day_open,6,0.1000,ny11,30,4602,0.4007,0.0912,-46.4047,0.2163,-0.2532,1.0000,0.0124,0.2086,14.8983,4.4000,16.2483,16.1658,0.2143,1.3473
eurusd+gbpusd+audusd,day_open,6,0.1000,ny11,40,4602,0.4413,-0.0798,-46.3944,0.2163,-0.2372,1.0000,-0.0113,0.2088,14.8983,6.6500,16.5500,18.7068,0.0266,1.3473
eurusd+gbpusd+audusd,day_open,6,0.1000,ny1655,0,4602,0.4963,-0.3812,-46.2649,0.2163,-0.4101,1.0000,-0.0449,0.2132,14.8983,18.9000,22.7667,23.3484,-0.2858,1.3473
eurusd+gbpusd+audusd,day_open,6,0.1000,ny1655,25,4602,0.3442,-0.0138,-46.3666,0.2163,-0.2623,1.0000,-0.0019,0.2099,14.8983,2.7667,21.7833,12.7272,0.1036,1.3473
eurusd+gbpusd+audusd,day_open,6,0.1000,ny1655,30,4602,0.3792,-0.1407,-46.3521,0.2163,-0.3107,1.0000,-0.0184,0.2104,14.8983,4.4000,22.0333,15.6520,-0.0283,1.3473
eurusd+gbpusd+audusd,day_open,6,0.1000,ny1655,40,4602,0.4320,-0.1929,-46.3381,0.2163,-0.2971,1.0000,-0.0247,0.2107,14.8983,6.6500,22.3833,19.2593,-0.0787,1.3473
eurusd+gbpusd+audusd,day_open,6,0.1500,lon17,0,2949,0.4808,-1.4370,-44.9735,0.2410,-0.5229,1.0000,-0.0935,0.2426,9.5469,13.6833,17.8333,23.6835,-1.4082,1.7778
eurusd+gbpusd+audusd,day_open,6,0.1500,lon17,25,2949,0.3445,-0.7264,-45.0319,0.2410,-0.4691,1.0000,-0.0648,0.2407,9.5469,2.3667,16.5167,13.0457,-0.6950,1.7778
eurusd+gbpusd+audusd,day_open,6,0.1500,lon17,30,2949,0.3795,-0.9395,-45.0499,0.2410,-0.4674,1.0000,-0.0909,0.2402,9.5469,3.6833,16.8067,16.5700,-0.8875,1.7778
eurusd+gbpusd+audusd,day_open,6,0.1500,lon17,40,2949,0.4242,-1.2189,-45.0302,0.2410,-0.4308,1.0000,-0.0880,0.2407,9.5469,5.8133,17.2367,19.9186,-1.2043,1.7778
eurusd+gbpusd+audusd,day_open,6,0.1500,ny11,0,2949,0.4808,-1.4859,-44.9746,0.2410,-0.5469,1.0000,-0.0781,0.2426,9.5469,12.6167,16.7333,22.4184,-1.4522,1.7778
eurusd+gbpusd+audusd,day_open,6,0.1500,ny11,25,2949,0.3557,-0.5795,-45.0324,0.2410,-0.4166,1.0000,-0.0480,0.2407,9.5469,2.3667,15.4500,13.8045,-0.5470,1.7778
eurusd+gbpusd+audusd,day_open,6,0.1500,ny11,30,2949,0.3886,-0.6925,-45.0504,0.2410,-0.4304,1.0000,-0.0602,0.2402,9.5469,3.6833,15.7367,16.2083,-0.6126,1.7778
eurusd+gbpusd+audusd,day_open,6,0.1500,ny11,40,2949,0.4290,-0.9531,-45.0307,0.2410,-0.4086,1.0000,-0.0730,0.2407,9.5469,5.8133,16.0500,18.6065,-0.8948,1.7778
eurusd+gbpusd+audusd,day_open,6,0.1500,ny1655,0,2949,0.4734,-1.7668,-44.9728,0.2410,-0.5640,1.0000,-0.1051,0.2447,9.5469,18.5333,22.6000,23.8316,-1.7906,1.7778
eurusd+gbpusd+audusd,day_open,6,0.1500,ny1655,25,2949,0.3188,-1.1367,-45.0368,0.2410,-0.4885,1.0000,-0.0890,0.2416,9.5469,2.3667,21.2500,10.9697,-1.0601,1.7778
eurusd+gbpusd+audusd,day_open,6,0.1500,ny1655,30,2949,0.3550,-1.3468,-45.0505,0.2410,-0.4824,1.0000,-0.1015,0.2412,9.5469,3.6833,21.4333,15.0288,-1.2464,1.7778
eurusd+gbpusd+audusd,day_open,6,0.1500,ny1655,40,2949,0.4062,-1.5492,-45.0430,0.2410,-0.4920,1.0000,-0.0987,0.2414,9.5469,5.8133,21.8167,19.0406,-1.5456,1.7778
eurusd+gbpusd+audusd,day_open,6,0.2000,lon17,0,1926,0.4917,0.2132,-44.6047,0.2932,-0.3653,1.0000,0.0129,0.2515,6.2351,13.5000,17.6833,25.2077,0.0688,2.4444
eurusd+gbpusd+audusd,day_open,6,0.2000,lon17,25,1926,0.3411,0.2118,-44.6675,0.2932,-0.1250,1.0000,0.0218,0.2494,6.2351,1.9417,16.2167,14.6744,0.2139,2.4444
eurusd+gbpusd+audusd,day_open,6,0.2000,lon17,30,1926,0.3837,0.5717,-44.6681,0.2932,-0.1378,1.0000,0.0574,0.2494,6.2351,3.5417,16.5083,16.9071,0.5585,2.4444
eurusd+gbpusd+audusd,day_open,6,0.2000,lon17,40,1926,0.4273,0.3351,-44.6519,0.2932,-0.2007,1.0000,0.0280,0.2500,6.2351,5.5833,16.9917,20.2694,0.1177,2.4444
eurusd+gbpusd+audusd,day_open,6,0.2000,ny11,0,1926,0.4943,-0.2196,-44.6066,0.2932,-0.4423,1.0000,-0.0129,0.2515,6.2351,12.4667,16.5000,23.7685,-0.3050,2.4444
eurusd+gbpusd+audusd,day_open,6,0.2000,ny11,25,1926,0.3499,0.1882,-44.6675,0.2932,-0.1410,1.0000,0.0193,0.2494,6.2351,1.9417,15.2167,14.5158,0.2489,2.4444
eurusd+gbpusd+audusd,day_open,6,0.2000,ny11,30,1926,0.3915,0.6643,-44.6681,0.2932,-0.1377,1.0000,0.0653,0.2494,6.2351,3.5417,15.4583,16.3884,0.7326,2.4444
eurusd+gbpusd+audusd,day_open,6,0.2000,ny11,40,1926,0.4356,0.4975,-44.6519,0.2932,-0.2427,1.0000,0.0459,0.2500,6.2351,5.5833,15.7750,19.0237,0.3499,2.4444
eurusd+gbpusd+audusd,day_open,6,0.2000,ny1655,0,1926,0.4823,-0.7312,-44.5330,0.2932,-0.3809,1.0000,-0.0332,0.2558,6.2351,18.4000,22.4333,25.1747,-0.8604,2.4444
eurusd+gbpusd+audusd,day_open,6,0.2000,ny1655,25,1926,0.3146,-0.5911,-44.6310,0.2932,-0.1269,1.0000,-0.0442,0.2514,6.2351,1.9417,20.9500,11.6750,-0.5563,2.4444
eurusd+gbpusd+audusd,day_open,6,0.2000,ny1655,30,1926,0.3609,-0.1674,-44.6277,0.2932,-0.1666,1.0000,-0.0130,0.2515,6.2351,3.5417,21.2500,15.2873,-0.1597,2.4444
eurusd+gbpusd+audusd,day_open,6,0.2000,ny1655,40,1926,0.4102,-0.3739,-44.6062,0.2932,-0.2530,1.0000,-0.0233,0.2524,6.2351,5.5833,21.5500,19.6241,-0.6444,2.4444
eurusd+gbpusd+audusd,day_open,6,0.3000,lon17,0,699,0.4936,0.4232,-44.1000,0.3777,-0.2208,1.0000,0.0126,0.2553,2.2629,13.4667,17.4667,26.4078,0.1195,7.4444
eurusd+gbpusd+audusd,day_open,6,0.3000,lon17,25,699,0.3276,0.6774,-44.2163,0.3777,0.1710,1.0000,0.0374,0.2510,2.2629,1.2967,15.9833,12.6777,0.2813,7.4444
eurusd+gbpusd+audusd,day_open,6,0.3000,lon17,30,699,0.3619,0.5820,-44.1989,0.3777,0.0717,1.0000,0.0305,0.2517,2.2629,2.4967,16.1100,16.1964,0.1993,7.4444
eurusd+gbpusd+audusd,day_open,6,0.3000,lon17,40,699,0.4077,0.5438,-44.1238,0.3777,-0.0524,1.0000,0.0207,0.2546,2.2629,4.3900,16.4033,18.6538,0.0767,7.4444
eurusd+gbpusd+audusd,day_open,6,0.3000,ny11,0,699,0.4907,-1.2848,-44.1035,0.3777,-0.3328,1.0000,-0.0325,0.2553,2.2629,12.4500,16.3167,25.0432,-1.5259,7.4444
eurusd+gbpusd+audusd,day_open,6,0.3000,ny11,25,699,0.3348,0.7657,-44.2170,0.3777,0.1119,1.0000,0.0472,0.2510,2.2629,1.2967,14.8633,12.4388,0.3916,7.4444
eurusd+gbpusd+audusd,day_open,6,0.3000,ny11,30,699,0.3691,0.6479,-44.1997,0.3777,0.0155,1.0000,0.0339,0.2517,2.2629,2.4967,15.0333,16.0450,0.3133,7.4444
eurusd+gbpusd+audusd,day_open,6,0.3000,ny11,40,699,0.4206,0.4723,-44.1260,0.3777,-0.1558,1.0000,0.0192,0.2546,2.2629,4.3900,15.3167,18.3355,0.0441,7.4444
eurusd+gbpusd+audusd,day_open,6,0.3000,ny1655,0,699,0.4979,1.1231,-43.9803,0.3777,-0.1476,1.0000,0.0256,0.2612,2.2629,18.3667,22.3167,27.4350,0.7574,7.4444
eurusd+gbpusd+audusd,day_open,6,0.3000,ny1655,25,699,0.3090,0.4608,-44.2151,0.3777,0.1949,1.0000,0.0207,0.2512,2.2629,1.2967,20.6200,10.4843,0.0602,7.4444
eurusd+gbpusd+audusd,day_open,6,0.3000,ny1655,30,699,0.3519,0.9896,-44.1970,0.3777,0.0715,1.0000,0.0481,0.2519,2.2629,2.4967,20.9167,15.3350,0.5303,7.4444
eurusd+gbpusd+audusd,day_open,6,0.3000,ny1655,40,699,0.4020,0.7791,-44.1194,0.3777,-0.1120,1.0000,0.0274,0.2549,2.2629,4.3900,21.2400,18.4464,0.2409,7.4444
eurusd+gbpusd+audusd,day_open,6,0.4000,lon17,0,306,0.5458,11.9919,-43.1755,0.1799,-0.0397,1.0000,0.3375,0.3035,0.9906,13.4167,17.6500,28.2451,10.9010,10.0000
eurusd+gbpusd+audusd,day_open,6,0.4000,lon17,25,306,0.3627,8.5685,-43.2169,0.1799,0.0398,1.0000,0.4876,0.3002,0.9906,0.6833,15.5583,12.7932,7.2291,10.0000
eurusd+gbpusd+audusd,day_open,6,0.4000,lon17,30,306,0.4085,10.3536,-43.1958,0.1799,-0.0350,1.0000,0.4710,0.3019,0.9906,1.2250,16.4000,17.7848,9.3399,10.0000
eurusd+gbpusd+audusd,day_open,6,0.4000,lon17,40,306,0.4412,8.7459,-43.1755,0.1799,-0.0384,1.0000,0.3000,0.3035,0.9906,3.4500,17.3667,20.6638,7.7824,10.0000
eurusd+gbpusd+audusd,day_open,6,0.4000,ny11,0,306,0.5294,10.1113,-43.1644,0.1799,-0.1138,1.0000,0.2202,0.3035,0.9906,12.4167,16.4000,25.7599,8.9644,10.0000
eurusd+gbpusd+audusd,day_open,6,0.4000,ny11,25,306,0.3660,8.7766,-43.2132,0.1799,-0.0614,1.0000,0.4632,0.3002,0.9906,0.6833,14.4833,13.4171,7.3464,10.0000
eurusd+gbpusd+audusd,day_open,6,0.4000,ny11,30,306,0.4183,10.5550,-43.1884,0.1799,-0.1066,1.0000,0.4476,0.3019,0.9906,1.2250,14.8500,16.4340,9.5229,10.0000
eurusd+gbpusd+audusd,day_open,6,0.4000,ny11,40,306,0.4641,9.2720,-43.1644,0.1799,-0.1070,1.0000,0.3043,0.3035,0.9906,3.4500,16.1167,21.2729,8.2356,10.0000
eurusd+gbpusd+audusd,day_open,6,0.4000,ny1655,0,306,0.5261,11.8621,-42.9927,0.1799,-0.1220,1.0000,0.2435,0.3148,0.9906,18.3333,22.5667,28.1740,11.0386,10.0000
eurusd+gbpusd+audusd,day_open,6,0.4000,ny1655,25,306,0.3399,8.2506,-43.2169,0.1799,-0.0910,1.0000,0.4526,0.3002,0.9906,0.6833,20.4333,13.6832,6.9007,10.0000
eurusd+gbpusd+audusd,day_open,6,0.4000,ny1655,30,306,0.3954,10.9814,-43.1958,0.1799,-0.1486,1.0000,0.4803,0.3019,0.9906,1.2250,20.9333,17.3355,9.9510,10.0000
eurusd+gbpusd+audusd,day_open,6,0.4000,ny1655,40,306,0.4248,8.9143,-43.1755,0.1799,-0.1764,1.0000,0.2909,0.3035,0.9906,3.4500,21.8250,21.1180,7.9010,10.0000
eurusd+gbpusd+audusd,day_open,8,0.1000,lon17,0,5163,0.4970,-0.1392,-46.5267,0.1797,-0.3811,1.0000,-0.0199,0.2051,16.7144,13.1000,17.9333,22.4706,-0.0315,1.2205
eurusd+gbpusd+audusd,day_open,8,0.1000,lon17,25,5163,0.3682,0.0090,-46.5840,0.1797,-0.1532,1.0000,0.0019,0.2037,16.7144,2.8533,17.0500,14.1859,0.1355,1.2205
eurusd+gbpusd+audusd,day_open,8,0.1000,lon17,30,5163,0.4029,-0.1053,-46.5873,0.1797,-0.1977,1.0000,-0.0190,0.2037,16.7144,4.2667,17.3167,17.0896,0.0143,1.2205
eurusd+gbpusd+audusd,day_open,8,0.1000,lon17,40,5163,0.4472,-0.2083,-46.5733,0.1797,-0.1911,1.0000,-0.0366,0.2040,16.7144,6.5667,17.6333,19.7447,-0.1430,1.2205
eurusd+gbpusd+audusd,day_open,8,0.1000,ny11,0,5163,0.4925,0.2294,-46.5369,0.1797,-0.3649,1.0000,0.0310,0.2048,16.7144,12.0333,16.8500,21.5458,0.3413,1.2205
eurusd+gbpusd+audusd,day_open,8,0.1000,ny11,25,5163,0.3717,0.2459,-46.5953,0.1797,-0.1032,1.0000,0.0478,0.2034,16.7144,2.8533,15.8833,14.0486,0.3368,1.2205
eurusd+gbpusd+audusd,day_open,8,0.1000,ny11,30,5163,0.4048,0.2005,-46.5986,0.1797,-0.1428,1.0000,0.0367,0.2034,16.7144,4.2667,16.1333,16.4685,0.3172,1.2205
eurusd+gbpusd+audusd,day_open,8,0.1000,ny11,40,5163,0.4461,0.1380,-46.5846,0.1797,-0.1366,1.0000,0.0255,0.2037,16.7144,6.5667,16.5000,18.8794,0.2168,1.2205
eurusd+gbpusd+audusd,day_open,8,0.1000,ny1655,0,5163,0.4958,-0.0891,-46.4225,0.1797,-0.3512,1.0000,-0.0120,0.2083,16.7144,17.9833,22.7333,23.1355,-0.0144,1.2205
eurusd+gbpusd+audusd,day_open,8,0.1000,ny1655,25,5163,0.3490,0.2105,-46.5414,0.1797,-0.1548,1.0000,0.0418,0.2049,16.7144,2.8533,21.6833,12.8765,0.3447,1.2205
eurusd+gbpusd+audusd,day_open,8,0.1000,ny1655,30,5163,0.3835,0.0369,-46.5244,0.1797,-0.2003,1.0000,0.0066,0.2054,16.7144,4.2667,21.8833,15.9349,0.1778,1.2205
eurusd+gbpusd+audusd,day_open,8,0.1000,ny1655,40,5163,0.4350,0.0865,-46.5029,0.1797,-0.2069,1.0000,0.0154,0.2059,16.7144,6.5667,22.2667,19.2835,0.2045,1.2205
eurusd+gbpusd+audusd,day_open,8,0.1500,lon17,0,3516,0.4844,-1.0532,-45.7744,0.2251,-0.5125,1.0000,-0.0691,0.2265,11.3825,12.6500,17.8333,23.2139,-0.9883,1.6116
eurusd+gbpusd+audusd,day_open,8,0.1500,lon17,25,3516,0.3504,-0.7593,-45.8650,0.2251,-0.4015,1.0000,-0.0755,0.2238,11.3825,2.4917,16.4333,13.4991,-0.7123,1.6116
eurusd+gbpusd+audusd,day_open,8,0.1500,lon17,30,3516,0.3851,-0.9329,-45.8728,0.2251,-0.4046,1.0000,-0.0782,0.2237,11.3825,3.6417,16.6917,17.1808,-0.8708,1.6116
eurusd+gbpusd+audusd,day_open,8,0.1500,lon17,40,3516,0.4300,-0.9885,-45.8420,0.2251,-0.3930,1.0000,-0.0676,0.2245,11.3825,5.7250,17.1000,19.8709,-0.9577,1.6116
eurusd+gbpusd+audusd,day_open,8,0.1500,ny11,0,3516,0.4852,-1.1914,-45.7777,0.2251,-0.5223,1.0000,-0.0687,0.2265,11.3825,11.6333,16.7333,21.9188,-1.1141,1.6116
eurusd+gbpusd+audusd,day_open,8,0.1500,ny11,25,3516,0.3618,-0.6580,-45.8680,0.2251,-0.3495,1.0000,-0.0642,0.2238,11.3825,2.4917,15.3500,14.1742,-0.6127,1.6116
eurusd+gbpusd+audusd,day_open,8,0.1500,ny11,30,3516,0.3942,-0.7774,-45.8758,0.2251,-0.3613,1.0000,-0.0738,0.2237,11.3825,3.6417,15.5833,16.3819,-0.6923,1.6116
eurusd+gbpusd+audusd,day_open,8,0.1500,ny11,40,3516,0.4360,-0.8387,-45.8450,0.2251,-0.3724,1.0000,-0.0652,0.2245,11.3825,5.7250,15.9833,18.6132,-0.7649,1.6116
eurusd+gbpusd+audusd,day_open,8,0.1500,ny1655,0,3516,0.4790,-1.4062,-45.7355,0.2251,-0.5480,1.0000,-0.0853,0.2295,11.3825,17.5500,22.4500,23.4638,-1.3803,1.6116
eurusd+gbpusd+audusd,day_open,8,0.1500,ny1655,25,3516,0.3265,-1.1295,-45.8346,0.2251,-0.4451,1.0000,-0.0949,0.2257,11.3825,2.4917,20.9750,11.7779,-1.0311,1.6116
eurusd+gbpusd+audusd,day_open,8,0.1500,ny1655,30,3516,0.3626,-1.3243,-45.8378,0.2251,-0.4364,1.0000,-0.0972,0.2256,11.3825,3.6417,21.2500,15.1893,-1.2054,1.6116
eurusd+gbpusd+audusd,day_open,8,0.1500,ny1655,40,3516,0.4141,-1.2732,-45.8191,0.2251,-0.4612,1.0000,-0.0770,0.2262,11.3825,5.7250,21.6667,19.0500,-1.2289,1.6116
eurusd+gbpusd+audusd,day_open,8,0.2000,lon17,0,2388,0.4904,-0.0084,-45.6789,0.2784,-0.3675,1.0000,-0.0005,0.2293,7.7308,12.2333,17.6500,23.8829,-0.1001,2.1667
eurusd+gbpusd+audusd,day_open,8,0.2000,lon17,25,2388,0.3400,-0.3577,-45.7614,0.2784,-0.1805,1.0000,-0.0347,0.2267,7.7308,2.2833,16.0167,14.6744,-0.3039,2.1667
eurusd+gbpusd+audusd,day_open,8,0.2000,lon17,30,2388,0.3807,-0.1615,-45.7491,0.2784,-0.1940,1.0000,-0.0161,0.2272,7.7308,3.4783,16.3833,17.1608,-0.1391,2.1667
eurusd+gbpusd+audusd,day_open,8,0.2000,lon17,40,2388,0.4280,-0.0303,-45.7315,0.2784,-0.2248,1.0000,-0.0024,0.2278,7.7308,5.4450,16.7333,20.0522,-0.2080,2.1667
eurusd+gbpusd+audusd,day_open,8,0.2000,ny11,0,2388,0.4933,-0.4638,-45.6799,0.2784,-0.4574,1.0000,-0.0296,0.2293,7.7308,11.1500,16.4333,22.8757,-0.5029,2.1667
eurusd+gbpusd+audusd,day_open,8,0.2000,ny11,25,2388,0.3501,-0.3659,-45.7614,0.2784,-0.1955,1.0000,-0.0360,0.2267,7.7308,2.2833,15.0383,14.3926,-0.2649,2.1667
eurusd+gbpusd+audusd,day_open,8,0.2000,ny11,30,2388,0.3890,-0.1283,-45.7491,0.2784,-0.2009,1.0000,-0.0125,0.2272,7.7308,3.4783,15.3883,16.8135,-0.0406,2.1667
eurusd+gbpusd+audusd,day_open,8,0.2000,ny11,40,2388,0.4376,0.0117,-45.7315,0.2784,-0.2811,1.0000,0.0010,0.2278,7.7308,5.4450,15.6833,19.6513,-0.1059,2.1667
eurusd+gbpusd+audusd,day_open,8,0.2000,ny1655,0,2388,0.4807,-0.8497,-45.6330,0.2784,-0.4087,1.0000,-0.0397,0.2322,7.7308,17.0833,22.3000,24.6219,-0.9317,2.1667
eurusd+gbpusd+audusd,day_open,8,0.2000,ny1655,25,2388,0.3178,-0.9850,-45.7398,0.2784,-0.2253,1.0000,-0.0700,0.2279,7.7308,2.2833,20.6167,12.3471,-0.9239,2.1667
eurusd+gbpusd+audusd,day_open,8,0.2000,ny1655,30,2388,0.3606,-0.7519,-45.7340,0.2784,-0.2586,1.0000,-0.0549,0.2281,7.7308,3.4783,20.9500,15.7784,-0.7233,2.1667
eurusd+gbpusd+audusd,day_open,8,0.2000,ny1655,40,2388,0.4129,-0.5678,-45.7120,0.2784,-0.3165,1.0000,-0.0347,0.2292,7.7308,5.4450,21.3217,19.7601,-0.7941,2.1667
eurusd+gbpusd+audusd,day_open,8,0.3000,lon17,0,987,0.4863,1.1264,-45.1550,0.3475,-0.0165,1.0000,0.0476,0.2340,3.1953,11.7767,17.4667,24.9392,0.8220,5.6875
eurusd+gbpusd+audusd,day_open,8,0.3000,lon17,25,987,0.3425,2.1046,-45.3489,0.3475,0.2950,1.0000,0.2471,0.2279,3.1953,1.9500,15.6600,14.1237,1.6072,5.6875
eurusd+gbpusd+audusd,day_open,8,0.3000,lon17,30,987,0.3779,2.3524,-45.3030,0.3475,0.2165,1.0000,0.2536,0.2294,3.1953,2.9300,16.0167,16.8586,1.9365,5.6875
eurusd+gbpusd+audusd,day_open,8,0.3000,lon17,40,987,0.4174,2.0857,-45.2008,0.3475,0.1099,1.0000,0.1478,0.2325,3.1953,4.4467,16.3500,19.1084,1.7056,5.6875
eurusd+gbpusd+audusd,day_open,8,0.3000,ny11,0,987,0.4853,-0.1748,-45.1606,0.3475,-0.1549,1.0000,-0.0071,0.2340,3.1953,10.7400,16.2667,24.0469,-0.4528,5.6875
eurusd+gbpusd+audusd,day_open,8,0.3000,ny11,25,987,0.3516,2.1071,-45.3503,0.3475,0.2824,1.0000,0.2895,0.2279,3.1953,1.9500,14.6533,13.5823,1.6427,5.6875
eurusd+gbpusd+audusd,day_open,8,0.3000,ny11,30,987,0.3850,2.1923,-45.3045,0.3475,0.1971,1.0000,0.2282,0.2294,3.1953,2.9300,14.9167,16.6009,1.8021,5.6875
eurusd+gbpusd+audusd,day_open,8,0.3000,ny11,40,987,0.4286,1.8518,-45.2043,0.3475,0.0471,1.0000,0.1454,0.2325,3.1953,4.4467,15.3167,18.3355,1.4624,5.6875
eurusd+gbpusd+audusd,day_open,8,0.3000,ny1655,0,987,0.4873,0.4488,-45.0609,0.3475,-0.0684,1.0000,0.0147,0.2381,3.1953,16.6567,21.9700,25.3963,0.1532,5.6875
eurusd+gbpusd+audusd,day_open,8,0.3000,ny1655,25,987,0.3202,1.3755,-45.3488,0.3475,0.2916,1.0000,0.1423,0.2280,3.1953,1.9500,20.3667,12.0089,0.9590,5.6875
eurusd+gbpusd+audusd,day_open,8,0.3000,ny1655,30,987,0.3617,1.9783,-45.3016,0.3475,0.1773,1.0000,0.1793,0.2296,3.1953,2.9300,20.5500,16.3777,1.6003,5.6875
eurusd+gbpusd+audusd,day_open,8,0.3000,ny1655,40,987,0.4093,1.6822,-45.1964,0.3475,-0.0076,1.0000,0.1073,0.2327,3.1953,4.4467,20.9833,18.6484,1.3372,5.6875
eurusd+gbpusd+audusd,day_open,8,0.4000,lon17,0,456,0.5285,6.0670,-43.6810,0.1346,-0.0504,1.0000,0.1648,0.2827,1.4762,11.6167,17.4667,26.0355,5.2243,11.7500
eurusd+gbpusd+audusd,day_open,8,0.4000,lon17,25,456,0.3465,4.7940,-43.7831,0.1346,0.1318,1.0000,0.2172,0.2772,1.4762,1.0667,15.3667,13.1952,3.6261,11.7500
eurusd+gbpusd+audusd,day_open,8,0.4000,lon17,30,456,0.4035,6.7165,-43.7207,0.1346,0.0698,1.0000,0.3494,0.2805,1.4762,1.7917,15.5583,16.3226,5.8020,11.7500
eurusd+gbpusd+audusd,day_open,8,0.4000,lon17,40,456,0.4364,5.3974,-43.7012,0.1346,0.0597,1.0000,0.1878,0.2816,1.4762,3.4750,16.1167,19.3390,4.5772,11.7500
eurusd+gbpusd+audusd,day_open,8,0.4000,ny11,0,456,0.5197,5.2063,-43.6797,0.1346,-0.1680,1.0000,0.1373,0.2827,1.4762,10.6167,16.1667,25.7599,4.3985,11.7500
eurusd+gbpusd+audusd,day_open,8,0.4000,ny11,25,456,0.3487,5.0293,-43.7820,0.1346,0.0320,1.0000,0.2402,0.2772,1.4762,1.0667,14.2833,12.9418,3.8520,11.7500
eurusd+gbpusd+audusd,day_open,8,0.4000,ny11,30,456,0.4057,6.9779,-43.7195,0.1346,-0.0105,1.0000,0.4134,0.2805,1.4762,1.7917,14.4500,15.5885,6.1230,11.7500
eurusd+gbpusd+audusd,day_open,8,0.4000,ny11,40,456,0.4496,5.7477,-43.6994,0.1346,-0.0322,1.0000,0.2341,0.2816,1.4762,3.4750,14.6833,19.1408,4.9349,11.7500
eurusd+gbpusd+audusd,day_open,8,0.4000,ny1655,0,456,0.5132,5.1996,-43.5292,0.1346,-0.1809,1.0000,0.1222,0.2902,1.4762,16.5333,22.3167,27.4356,4.3798,11.7500
eurusd+gbpusd+audusd,day_open,8,0.4000,ny1655,25,456,0.3246,3.8419,-43.7861,0.1346,-0.0505,1.0000,0.1506,0.2772,1.4762,1.0667,20.1500,13.4910,2.7432,11.7500
eurusd+gbpusd+audusd,day_open,8,0.4000,ny1655,30,456,0.3925,6.8429,-43.7252,0.1346,-0.0877,1.0000,0.3347,0.2805,1.4762,1.7917,20.4000,17.2493,5.9511,11.7500
eurusd+gbpusd+audusd,day_open,8,0.4000,ny1655,40,456,0.4232,4.8649,-43.7062,0.1346,-0.1371,1.0000,0.1586,0.2816,1.4762,3.4750,20.6750,19.1647,3.9842,11.7500
eurusd+gbpusd+audusd,day_open,10,0.1000,lon17,0,5751,0.4975,-0.0700,-46.6914,0.1193,-0.4100,1.0000,-0.0109,0.2008,18.6180,11.1333,17.8833,21.6602,0.0255,1.0807
eurusd+gbpusd+audusd,day_open,10,0.1000,lon17,25,5751,0.3733,0.0715,-46.7401,0.1193,-0.1926,1.0000,0.0153,0.1996,18.6180,2.7000,16.8833,13.9120,0.2024,1.0807
eurusd+gbpusd+audusd,day_open,10,0.1000,lon17,30,5751,0.4072,-0.0132,-46.7436,0.1193,-0.2325,1.0000,-0.0026,0.1996,18.6180,4.0500,17.1667,16.5122,0.1165,1.0807
eurusd+gbpusd+audusd,day_open,10,0.1000,lon17,40,5751,0.4504,-0.1116,-46.7357,0.1193,-0.2138,1.0000,-0.0213,0.1998,18.6180,6.4667,17.5333,19.1103,-0.0300,1.0807
eurusd+gbpusd+audusd,day_open,10,0.1000,ny11,0,5751,0.4945,0.2643,-46.6999,0.1193,-0.3790,1.0000,0.0398,0.2006,18.6180,10.1333,16.8333,20.8654,0.3706,1.0807
eurusd+gbpusd+audusd,day_open,10,0.1000,ny11,25,5751,0.3773,0.3201,-46.7501,0.1193,-0.1450,1.0000,0.0633,0.1994,18.6180,2.7000,15.8167,13.9141,0.4229,1.0807
eurusd+gbpusd+audusd,day_open,10,0.1000,ny11,30,5751,0.4105,0.3052,-46.7536,0.1193,-0.1753,1.0000,0.0581,0.1994,18.6180,4.0500,15.9833,16.1658,0.4346,1.0807
eurusd+gbpusd+audusd,day_open,10,0.1000,ny11,40,5751,0.4507,0.2671,-46.7456,0.1193,-0.1536,1.0000,0.0538,0.1995,18.6180,6.4667,16.4167,18.4925,0.3644,1.0807
eurusd+gbpusd+audusd,day_open,10,0.1000,ny1655,0,5751,0.4940,-0.2715,-46.5783,0.1193,-0.3742,1.0000,-0.0338,0.2040,18.6180,16.0667,22.6500,22.5190,-0.2133,1.0807
eurusd+gbpusd+audusd,day_open,10,0.1000,ny1655,25,5751,0.3539,0.1455,-46.6942,0.1193,-0.1866,1.0000,0.0304,0.2009,18.6180,2.7000,21.4333,13.0201,0.2939,1.0807
eurusd+gbpusd+audusd,day_open,10,0.1000,ny1655,30,5751,0.3874,-0.0333,-46.6799,0.1193,-0.2283,1.0000,-0.0062,0.2013,18.6180,4.0500,21.7500,15.6462,0.1285,1.0807
eurusd+gbpusd+audusd,day_open,10,0.1000,ny1655,40,5751,0.4364,-0.0178,-46.6632,0.1193,-0.2213,1.0000,-0.0033,0.2016,18.6180,6.4667,22.1167,18.6605,0.1186,1.0807
eurusd+gbpusd+audusd,day_open,10,0.1500,lon17,0,4548,0.4837,-0.9535,-46.4706,0.2303,-0.4520,1.0000,-0.0714,0.2078,14.7234,9.9000,17.7167,22.1191,-0.8442,1.3373
eurusd+gbpusd+audusd,day_open,10,0.1500,lon17,25,4548,0.3542,-1.0046,-46.5540,0.2303,-0.2443,1.0000,-0.0893,0.2057,14.7234,2.1500,16.1500,14.3315,-0.8865,1.3373
eurusd+gbpusd+audusd,day_open,10,0.1500,lon17,30,4548,0.3901,-1.0325,-46.5612,0.2303,-0.2638,1.0000,-0.0841,0.2056,14.7234,3.2117,16.4000,17.2499,-0.8958,1.3373
eurusd+gbpusd+audusd,day_open,10,0.1500,lon17,40,4548,0.4323,-1.1066,-46.5373,0.2303,-0.2868,1.0000,-0.0747,0.2061,14.7234,5.5500,16.8000,19.6876,-1.0239,1.3373
eurusd+gbpusd+audusd,day_open,10,0.1500,ny11,0,4548,0.4855,-1.1607,-46.4716,0.2303,-0.4475,1.0000,-0.0801,0.2078,14.7234,8.8833,16.5833,21.3592,-1.0501,1.3373
eurusd+gbpusd+audusd,day_open,10,0.1500,ny11,25,4548,0.3674,-0.8058,-46.5556,0.2303,-0.1933,1.0000,-0.0842,0.2057,14.7234,2.1500,15.0333,14.6128,-0.7032,1.3373
eurusd+gbpusd+audusd,day_open,10,0.1500,ny11,30,4548,0.4002,-0.7883,-46.5627,0.2303,-0.2127,1.0000,-0.0798,0.2056,14.7234,3.2117,15.3333,16.4628,-0.6526,1.3373
eurusd+gbpusd+audusd,day_open,10,0.1500,ny11,40,4548,0.4402,-0.8628,-46.5388,0.2303,-0.2600,1.0000,-0.0682,0.2061,14.7234,5.5500,15.7550,18.4941,-0.7595,1.3373
eurusd+gbpusd+audusd,day_open,10,0.1500,ny1655,0,4548,0.4782,-1.4057,-46.4008,0.2303,-0.4908,1.0000,-0.0908,0.2104,14.7234,14.8000,22.2833,22.6748,-1.3334,1.3373
eurusd+gbpusd+audusd,day_open,10,0.1500,ny1655,25,4548,0.3309,-1.4120,-46.5116,0.2303,-0.2553,1.0000,-0.1009,0.2072,14.7234,2.1500,20.6333,12.6667,-1.2314,1.3373
eurusd+gbpusd+audusd,day_open,10,0.1500,ny1655,30,4548,0.3676,-1.4914,-46.5136,0.2303,-0.2674,1.0000,-0.0988,0.2071,14.7234,3.2117,20.8167,15.6227,-1.2879,1.3373
eurusd+gbpusd+audusd,day_open,10,0.1500,ny1655,40,4548,0.4175,-1.4044,-46.4886,0.2303,-0.3457,1.0000,-0.0859,0.2077,14.7234,5.5500,21.3167,19.0440,-1.3105,1.3373
eurusd+gbpusd+audusd,day_open,10,0.2000,lon17,0,3309,0.4938,0.1318,-46.3806,0.2772,-0.3648,1.0000,0.0116,0.2112,10.7124,9.7167,17.4667,22.7355,0.1890,1.6396
eurusd+gbpusd+audusd,day_open,10,0.2000,lon17,25,3309,0.3578,-0.1740,-46.4786,0.2772,-0.1003,1.0000,-0.0195,0.2088,10.7124,1.8433,15.7033,14.9790,-0.0603,1.6396
eurusd+gbpusd+audusd,day_open,10,0.2000,lon17,30,3309,0.3953,-0.1630,-46.4627,0.2772,-0.1326,1.0000,-0.0186,0.2091,10.7124,2.8333,16.0333,17.2948,-0.0860,1.6396
eurusd+gbpusd+audusd,day_open,10,0.2000,lon17,40,3309,0.4409,0.0521,-46.4342,0.2772,-0.1682,1.0000,0.0050,0.2100,10.7124,5.1667,16.5333,19.7477,0.0157,1.6396
eurusd+gbpusd+audusd,day_open,10,0.2000,ny11,0,3309,0.4962,-0.1906,-46.3844,0.2772,-0.4226,1.0000,-0.0154,0.2112,10.7124,8.6667,16.2667,22.1035,-0.1186,1.6396
eurusd+gbpusd+audusd,day_open,10,0.2000,ny11,25,3309,0.3669,-0.1269,-46.4817,0.2772,-0.1014,1.0000,-0.0184,0.2088,10.7124,1.8433,14.7000,14.6427,0.0153,1.6396
eurusd+gbpusd+audusd,day_open,10,0.2000,ny11,30,3309,0.4025,-0.1018,-46.4658,0.2772,-0.1275,1.0000,-0.0151,0.2091,10.7124,2.8333,15.0733,16.8838,0.0251,1.6396
eurusd+gbpusd+audusd,day_open,10,0.2000,ny11,40,3309,0.4494,0.1705,-46.4373,0.2772,-0.2122,1.0000,0.0216,0.2100,10.7124,5.1667,15.4667,19.0526,0.1776,1.6396
eurusd+gbpusd+audusd,day_open,10,0.2000,ny1655,0,3309,0.4814,-0.7491,-46.3342,0.2772,-0.4078,1.0000,-0.0508,0.2135,10.7124,14.5833,21.7667,23.4108,-0.7364,1.6396
eurusd+gbpusd+audusd,day_open,10,0.2000,ny1655,25,3309,0.3330,-0.7092,-46.4540,0.2772,-0.1434,1.0000,-0.0708,0.2096,10.7124,1.8433,20.1667,12.9067,-0.5807,1.6396
eurusd+gbpusd+audusd,day_open,10,0.2000,ny1655,30,3309,0.3729,-0.6697,-46.4357,0.2772,-0.2259,1.0000,-0.0705,0.2099,10.7124,2.8333,20.4833,15.9031,-0.5934,1.6396
eurusd+gbpusd+audusd,day_open,10,0.2000,ny1655,40,3309,0.4243,-0.3672,-46.4020,0.2772,-0.2760,1.0000,-0.0354,0.2112,10.7124,5.1667,20.9167,19.6207,-0.4067,1.6396
eurusd+gbpusd+audusd,day_open,10,0.3000,lon17,0,1548,0.4929,1.3386,-46.6055,0.3334,-0.4132,1.0000,0.1283,0.2074,5.0114,9.4833,16.8667,23.2331,1.3914,3.1053
eurusd+gbpusd+audusd,day_open,10,0.3000,lon17,25,1548,0.3534,1.2539,-46.7834,0.3334,0.0384,1.0000,0.1762,0.2032,5.0114,1.2833,15.2833,14.4715,1.1792,3.1053
eurusd+gbpusd+audusd,day_open,10,0.3000,lon17,30,1548,0.3882,1.4952,-46.7466,0.3334,-0.0765,1.0000,0.2074,0.2041,5.0114,2.0500,15.5383,16.7697,1.4275,3.1053
eurusd+gbpusd+audusd,day_open,10,0.3000,lon17,40,1548,0.4341,1.5279,-46.6456,0.3334,-0.2546,1.0000,0.1881,0.2064,5.0114,3.7950,16.0833,18.6351,1.5722,3.1053
eurusd+gbpusd+audusd,day_open,10,0.3000,ny11,0,1548,0.4903,0.1692,-46.6068,0.3334,-0.5910,1.0000,0.0131,0.2074,5.0114,8.4167,15.6500,22.7969,0.2299,3.1053
eurusd+gbpusd+audusd,day_open,10,0.3000,ny11,25,1548,0.3624,1.4337,-46.7837,0.3334,-0.0226,1.0000,0.2949,0.2032,5.0114,1.2833,14.3000,14.2472,1.3882,3.1053
eurusd+gbpusd+audusd,day_open,10,0.3000,ny11,30,1548,0.3966,1.5710,-46.7469,0.3334,-0.1401,1.0000,0.2844,0.2041,5.0114,2.0500,14.5333,16.8016,1.5403,3.1053
eurusd+gbpusd+audusd,day_open,10,0.3000,ny11,40,1548,0.4412,1.4452,-46.6464,0.3334,-0.3833,1.0000,0.1924,0.2064,5.0114,3.7950,15.0000,18.3330,1.4751,3.1053
eurusd+gbpusd+audusd,day_open,10,0.3000,ny1655,0,1548,0.4948,1.2311,-46.5694,0.3334,-0.3766,1.0000,0.0953,0.2091,5.0114,14.3333,21.3167,23.8732,1.2798,3.1053
eurusd+gbpusd+audusd,day_open,10,0.3000,ny1655,25,1548,0.3359,0.9755,-46.8448,0.3334,-0.0199,1.0000,0.1310,0.2019,5.0114,1.2833,19.4267,13.1719,1.0641,3.1053
eurusd+gbpusd+audusd,day_open,10,0.3000,ny1655,30,1548,0.3760,1.4438,-46.8074,0.3334,-0.1666,1.0000,0.2189,0.2029,5.0114,2.0500,19.9550,16.5435,1.4482,3.1053
eurusd+gbpusd+audusd,day_open,10,0.3000,ny1655,40,1548,0.4270,1.5535,-46.7022,0.3334,-0.4403,1.0000,0.1894,0.2052,5.0114,3.7950,20.4667,18.8033,1.6359,3.1053
eurusd+gbpusd+audusd,day_open,10,0.4000,lon17,0,780,0.4923,1.0452,-45.7504,0.2529,-0.3127,1.0000,0.0286,0.2173,2.5251,9.4983,16.7717,25.9396,0.6349,5.6667
eurusd+gbpusd+audusd,day_open,10,0.4000,lon17,25,780,0.3462,2.3700,-45.8825,0.2529,-0.0890,1.0000,0.2330,0.2134,2.5251,0.9150,14.7567,14.2663,1.9136,5.6667
eurusd+gbpusd+audusd,day_open,10,0.4000,lon17,30,780,0.3949,3.5044,-45.8181,0.2529,-0.2026,1.0000,0.3728,0.2154,2.5251,1.2833,15.1833,18.1511,3.1300,5.6667
eurusd+gbpusd+audusd,day_open,10,0.4000,lon17,40,780,0.4256,2.3225,-45.7707,0.2529,-0.2248,1.0000,0.1627,0.2166,2.5251,2.5433,15.4200,19.5260,2.0923,5.6667
eurusd+gbpusd+audusd,day_open,10,0.4000,ny11,0,780,0.4923,0.6448,-45.7565,0.2529,-0.4043,1.0000,0.0194,0.2173,2.5251,8.4650,15.4667,25.1942,0.1990,5.6667
eurusd+gbpusd+audusd,day_open,10,0.4000,ny11,25,780,0.3526,2.5947,-45.8842,0.2529,-0.2168,1.0000,0.2575,0.2134,2.5251,0.9150,13.8167,13.8152,2.1141,5.6667
eurusd+gbpusd+audusd,day_open,10,0.4000,ny11,30,780,0.4013,3.8213,-45.8217,0.2529,-0.3160,1.0000,0.4265,0.2154,2.5251,1.2833,14.0567,16.7791,3.4486,5.6667
eurusd+gbpusd+audusd,day_open,10,0.4000,ny11,40,780,0.4385,2.7206,-45.7766,0.2529,-0.3515,1.0000,0.2129,0.2166,2.5251,2.5433,14.3000,19.1649,2.4428,5.6667
eurusd+gbpusd+audusd,day_open,10,0.4000,ny1655,0,780,0.4962,1.1661,-45.6667,0.2529,-0.3393,1.0000,0.0293,0.2205,2.5251,14.3817,21.6967,26.2895,0.7676,5.6667
eurusd+gbpusd+audusd,day_open,10,0.4000,ny1655,25,780,0.3359,2.4141,-45.9629,0.2529,-0.2117,1.0000,0.1967,0.2117,2.5251,0.9150,19.4267,13.4910,1.9082,5.6667
eurusd+gbpusd+audusd,day_open,10,0.4000,ny1655,30,780,0.3923,4.2661,-45.8895,0.2529,-0.2914,1.0000,0.4046,0.2137,2.5251,1.2833,19.8017,17.6594,3.7578,5.6667
eurusd+gbpusd+audusd,day_open,10,0.4000,ny1655,40,780,0.4282,2.5509,-45.8414,0.2529,-0.3715,1.0000,0.1656,0.2150,2.5251,2.5433,20.1000,19.8849,2.1851,5.6667
eurusd+gbpusd+audusd,prev_close,6,0.1000,lon17,0,4749,0.4969,-0.5250,-45.7803,0.2034,-0.4230,1.0000,-0.0555,0.2243,15.3741,14.0500,17.9833,22.5019,-0.5391,1.3099
eurusd+gbpusd+audusd,prev_close,6,0.1000,lon17,25,4749,0.3637,-0.3501,-45.8337,0.2034,-0.2067,1.0000,-0.0477,0.2228,15.3741,2.7300,17.5000,14.0870,-0.3223,1.3099
eurusd+gbpusd+audusd,prev_close,6,0.1000,lon17,30,4749,0.3997,-0.3939,-45.8544,0.2034,-0.2138,1.0000,-0.0512,0.2224,15.3741,4.4633,17.7333,16.6854,-0.4231,1.3099
eurusd+gbpusd+audusd,prev_close,6,0.1000,lon17,40,4749,0.4443,-0.5337,-45.8311,0.2034,-0.2106,1.0000,-0.0585,0.2230,15.3741,6.7167,17.9167,20.0918,-0.6492,1.3099
eurusd+gbpusd+audusd,prev_close,6,0.1000,ny11,0,4749,0.4936,-0.3054,-45.7891,0.2034,-0.4585,1.0000,-0.0374,0.2239,15.3741,13.0167,16.9833,21.7443,-0.3233,1.3099
eurusd+gbpusd+audusd,prev_close,6,0.1000,ny11,25,4749,0.3681,-0.2409,-45.8334,0.2034,-0.1798,1.0000,-0.0309,0.2228,15.3741,2.7300,16.3667,13.7721,-0.2216,1.3099
eurusd+gbpusd+audusd,prev_close,6,0.1000,ny11,30,4749,0.4020,-0.2575,-45.8541,0.2034,-0.1921,1.0000,-0.0332,0.2224,15.3741,4.4633,16.5833,16.1081,-0.2744,1.3099
eurusd+gbpusd+audusd,prev_close,6,0.1000,ny11,40,4749,0.4437,-0.3507,-45.8307,0.2034,-0.1862,1.0000,-0.0490,0.2230,15.3741,6.7167,16.8367,18.7561,-0.4242,1.3099
eurusd+gbpusd+audusd,prev_close,6,0.1000,ny1655,0,4749,0.4957,-0.5833,-45.7115,0.2034,-0.3789,1.0000,-0.0646,0.2273,15.3741,18.9333,22.9000,23.2095,-0.6666,1.3099
eurusd+gbpusd+audusd,prev_close,6,0.1000,ny1655,25,4749,0.3441,-0.3739,-45.8134,0.2034,-0.2202,1.0000,-0.0424,0.2236,15.3741,2.7300,22.1167,12.8172,-0.3257,1.3099
eurusd+gbpusd+audusd,prev_close,6,0.1000,ny1655,30,4749,0.3801,-0.3918,-45.8163,0.2034,-0.2480,1.0000,-0.0418,0.2239,15.3741,4.4633,22.4500,15.8538,-0.4062,1.3099
eurusd+gbpusd+audusd,prev_close,6,0.1000,ny1655,40,4749,0.4312,-0.3934,-45.7916,0.2034,-0.2279,1.0000,-0.0422,0.2246,15.3741,6.7333,22.7167,19.6358,-0.4932,1.3099
eurusd+gbpusd+audusd,prev_close,6,0.1500,lon17,0,3135,0.4836,-2.0703,-44.8035,0.1734,-0.4415,1.0000,-0.0916,0.2493,10.1491,13.7500,18.2667,23.8158,-2.0401,1.7400
eurusd+gbpusd+audusd,prev_close,6,0.1500,lon17,25,3135,0.3458,-1.1413,-44.8526,0.1734,-0.3518,1.0000,-0.0707,0.2473,10.1491,2.3000,17.5000,12.9201,-1.1272,1.7400
eurusd+gbpusd+audusd,prev_close,6,0.1500,lon17,30,3135,0.3802,-1.4547,-44.8778,0.1734,-0.3585,1.0000,-0.0792,0.2467,10.1491,3.5800,17.7833,16.6854,-1.4225,1.7400
eurusd+gbpusd+audusd,prev_close,6,0.1500,lon17,40,3135,0.4268,-1.7111,-44.8535,0.1734,-0.3108,1.0000,-0.0808,0.2475,10.1491,5.8167,17.9333,19.9222,-1.7826,1.7400
eurusd+gbpusd+audusd,prev_close,6,0.1500,ny11,0,3135,0.4813,-2.1014,-44.8149,0.1734,-0.4726,1.0000,-0.0903,0.2488,10.1491,12.6833,16.9833,22.6319,-2.0963,1.7400
eurusd+gbpusd+audusd,prev_close,6,0.1500,ny11,25,3135,0.3528,-1.1346,-44.8529,0.1734,-0.3155,1.0000,-0.0667,0.2473,10.1491,2.2833,16.4033,13.1474,-1.1339,1.7400
eurusd+gbpusd+audusd,prev_close,6,0.1500,ny11,30,3135,0.3847,-1.4126,-44.8781,0.1734,-0.3254,1.0000,-0.0808,0.2467,10.1491,3.5800,16.7000,16.1344,-1.3491,1.7400
eurusd+gbpusd+audusd,prev_close,6,0.1500,ny11,40,3135,0.4284,-1.5690,-44.8537,0.1734,-0.2938,1.0000,-0.0802,0.2475,10.1491,5.8167,16.9333,18.6229,-1.6035,1.7400
eurusd+gbpusd+audusd,prev_close,6,0.1500,ny1655,0,3135,0.4794,-2.2480,-44.7855,0.1734,-0.4428,1.0000,-0.0986,0.2513,10.1491,18.6000,22.9500,23.9500,-2.2470,1.7400
eurusd+gbpusd+audusd,prev_close,6,0.1500,ny1655,25,3135,0.3206,-1.5220,-44.8463,0.1734,-0.3659,1.0000,-0.0822,0.2483,10.1491,2.3000,22.2333,10.9715,-1.4311,1.7400
eurusd+gbpusd+audusd,prev_close,6,0.1500,ny1655,30,3135,0.3563,-1.7586,-44.8674,0.1734,-0.3559,1.0000,-0.0861,0.2477,10.1491,3.6167,22.4767,14.8028,-1.6630,1.7400
eurusd+gbpusd+audusd,prev_close,6,0.1500,ny1655,40,3135,0.4089,-1.9702,-44.8453,0.1734,-0.3464,1.0000,-0.0854,0.2485,10.1491,5.8400,22.7667,19.3436,-2.0399,1.7400
eurusd+gbpusd+audusd,prev_close,6,0.2000,lon17,0,2136,0.5019,1.3170,-44.2453,0.2719,-0.1181,1.0000,0.1249,0.2717,6.9150,13.5833,19.0667,24.9898,1.1802,2.5385
eurusd+gbpusd+audusd,prev_close,6,0.2000,lon17,25,2136,0.3549,1.0049,-44.2816,0.2719,0.0045,1.0000,0.1196,0.2699,6.9150,2.0667,17.8167,15.8429,0.9235,2.5385
eurusd+gbpusd+audusd,prev_close,6,0.2000,lon17,30,2136,0.3956,1.1875,-44.3026,0.2719,0.0164,1.0000,0.1479,0.2694,6.9150,3.4167,17.8500,17.7457,1.0970,2.5385
eurusd+gbpusd+audusd,prev_close,6,0.2000,lon17,40,2136,0.4415,1.1527,-44.2791,0.2719,0.0071,1.0000,0.1624,0.2701,6.9150,5.6583,17.9833,20.9963,0.9337,2.5385
eurusd+gbpusd+audusd,prev_close,6,0.2000,ny11,0,2136,0.5047,0.8648,-44.2442,0.2719,-0.2446,1.0000,0.0835,0.2717,6.9150,12.5667,17.7833,24.0388,0.7060,2.5385
eurusd+gbpusd+audusd,prev_close,6,0.2000,ny11,25,2136,0.3624,0.7987,-44.2809,0.2719,-0.0135,1.0000,0.0905,0.2699,6.9150,2.0667,16.8000,15.0406,0.7323,2.5385
eurusd+gbpusd+audusd,prev_close,6,0.2000,ny11,30,2136,0.4022,1.0766,-44.3019,0.2719,0.0075,1.0000,0.1411,0.2694,6.9150,3.4167,16.8333,16.8754,1.0280,2.5385
eurusd+gbpusd+audusd,prev_close,6,0.2000,ny11,40,2136,0.4462,1.0583,-44.2784,0.2719,-0.0329,1.0000,0.1531,0.2701,6.9150,5.6583,16.9667,20.3355,0.8372,2.5385
eurusd+gbpusd+audusd,prev_close,6,0.2000,ny1655,0,2136,0.4972,1.1765,-44.1963,0.2719,-0.1287,1.0000,0.0945,0.2750,6.9150,18.4833,23.1500,25.1454,1.0006,2.5385
eurusd+gbpusd+audusd,prev_close,6,0.2000,ny1655,25,2136,0.3287,0.6665,-44.2655,0.2719,-0.0120,1.0000,0.0621,0.2712,6.9150,2.0667,22.4500,13.5100,0.6378,2.5385
eurusd+gbpusd+audusd,prev_close,6,0.2000,ny1655,30,2136,0.3741,1.0450,-44.2821,0.2719,-0.0055,1.0000,0.1279,0.2708,6.9150,3.4167,22.7167,16.3403,0.9708,2.5385
eurusd+gbpusd+audusd,prev_close,6,0.2000,ny1655,40,2136,0.4256,1.0120,-44.2562,0.2719,-0.0306,1.0000,0.1202,0.2716,6.9150,5.6583,22.8167,21.0293,0.7414,2.5385
eurusd+gbpusd+audusd,prev_close,6,0.3000,lon17,0,888,0.5270,3.1300,-43.8718,0.4090,-0.0838,1.0000,0.2059,0.2719,2.8748,13.5333,23.6333,26.0734,2.8479,8.6250
eurusd+gbpusd+audusd,prev_close,6,0.3000,lon17,25,888,0.3716,3.9258,-43.9231,0.4090,0.1335,1.0000,0.3354,0.2690,2.8748,1.7783,21.6967,13.6578,3.6132,8.6250
eurusd+gbpusd+audusd,prev_close,6,0.3000,lon17,30,888,0.4054,3.9215,-43.9269,0.4090,0.1322,1.0000,0.2882,0.2690,2.8748,2.5000,21.7817,16.7340,3.5803,8.6250
eurusd+gbpusd+audusd,prev_close,6,0.3000,lon17,40,888,0.4505,3.6994,-43.9159,0.4090,0.0704,1.0000,0.2426,0.2696,2.8748,4.4933,22.4383,21.1388,3.3318,8.6250
eurusd+gbpusd+audusd,prev_close,6,0.3000,ny11,0,888,0.5248,2.2365,-43.8719,0.4090,-0.1801,1.0000,0.1047,0.2719,2.8748,12.5000,23.6333,25.0558,1.8699,8.6250
eurusd+gbpusd+audusd,prev_close,6,0.3000,ny11,25,888,0.3727,3.9900,-43.9231,0.4090,0.0776,1.0000,0.3117,0.2690,2.8748,1.7783,21.6967,12.6862,3.6155,8.6250
eurusd+gbpusd+audusd,prev_close,6,0.3000,ny11,30,888,0.4088,3.8406,-43.9269,0.4090,0.0775,1.0000,0.2521,0.2690,2.8748,2.5000,21.7817,16.4459,3.4785,8.6250
eurusd+gbpusd+audusd,prev_close,6,0.3000,ny11,40,888,0.4583,3.6110,-43.9157,0.4090,0.0091,1.0000,0.2093,0.2696,2.8748,4.4933,22.4383,20.5478,3.1908,8.6250
eurusd+gbpusd+audusd,prev_close,6,0.3000,ny1655,0,888,0.5394,4.7708,-43.7674,0.4090,-0.0138,1.0000,0.2172,0.2766,2.8748,18.4167,23.9833,26.4937,4.3214,8.6250
eurusd+gbpusd+audusd,prev_close,6,0.3000,ny1655,25,888,0.3649,4.1896,-43.9157,0.4090,0.1684,1.0000,0.3799,0.2692,2.8748,1.7783,22.8500,13.4910,3.7945,8.6250
eurusd+gbpusd+audusd,prev_close,6,0.3000,ny1655,30,888,0.4054,4.6890,-43.9131,0.4090,0.1593,1.0000,0.4102,0.2692,2.8748,2.5000,22.8833,17.9127,4.1980,8.6250
eurusd+gbpusd+audusd,prev_close,6,0.3000,ny1655,40,888,0.4527,4.3474,-43.9166,0.4090,0.0795,1.0000,0.2882,0.2693,2.8748,4.4933,23.4933,20.6112,3.8655,8.6250
eurusd+gbpusd+audusd,prev_close,6,0.4000,lon17,0,453,0.5342,5.9249,-42.5658,0.1735,0.0361,1.0000,0.3113,0.3572,1.4665,13.7000,23.9833,25.9925,4.7704,8.5000
eurusd+gbpusd+audusd,prev_close,6,0.4000,lon17,25,453,0.3709,5.7246,-42.5521,0.1735,0.1541,1.0000,0.6217,0.3495,1.4665,1.3233,23.1467,14.8028,4.6249,8.5000
eurusd+gbpusd+audusd,prev_close,6,0.4000,lon17,30,453,0.4084,6.2167,-42.5531,0.1735,0.1325,1.0000,0.5146,0.3506,1.4665,2.0667,23.3867,18.3989,5.0914,8.5000
eurusd+gbpusd+audusd,prev_close,6,0.4000,lon17,40,453,0.4437,4.8316,-42.5325,0.1735,0.1785,1.0000,0.3355,0.3550,1.4665,4.1433,23.9167,20.4382,3.8481,8.5000
eurusd+gbpusd+audusd,prev_close,6,0.4000,ny11,0,453,0.5166,4.3424,-42.5546,0.1735,-0.0537,1.0000,0.1802,0.3572,1.4665,12.7000,23.9833,25.5909,2.9989,8.5000
eurusd+gbpusd+audusd,prev_close,6,0.4000,ny11,25,453,0.3642,5.4196,-42.5482,0.1735,0.0735,1.0000,0.5429,0.3495,1.4665,1.3233,23.1467,13.6605,4.1801,8.5000
eurusd+gbpusd+audusd,prev_close,6,0.4000,ny11,30,453,0.4062,5.7147,-42.5485,0.1735,0.0702,1.0000,0.4442,0.3506,1.4665,2.0667,23.3867,16.3368,4.4971,8.5000
eurusd+gbpusd+audusd,prev_close,6,0.4000,ny11,40,453,0.4503,4.4917,-42.5237,0.1735,0.1327,1.0000,0.2930,0.3550,1.4665,4.1433,23.9167,20.1547,3.3430,8.5000
eurusd+gbpusd+audusd,prev_close,6,0.4000,ny1655,0,453,0.5408,8.1151,-42.3787,0.1735,0.0014,1.0000,0.3383,0.3662,1.4665,18.6167,24.0000,26.8501,6.9402,8.5000
eurusd+gbpusd+audusd,prev_close,6,0.4000,ny1655,25,453,0.3664,6.5740,-42.4683,0.1735,0.1466,1.0000,0.6712,0.3495,1.4665,1.3233,23.6333,15.0387,5.4662,8.5000
eurusd+gbpusd+audusd,prev_close,6,0.4000,ny1655,30,453,0.4128,7.9980,-42.4559,0.1735,0.1219,1.0000,0.7806,0.3506,1.4665,2.0667,23.9167,18.1288,6.6865,8.5000
eurusd+gbpusd+audusd,prev_close,6,0.4000,ny1655,40,453,0.4437,6.2182,-42.4215,0.1735,0.1404,1.0000,0.4601,0.3550,1.4665,4.1433,23.9500,20.5059,5.0592,8.5000
eurusd+gbpusd+audusd,prev_close,8,0.1000,lon17,0,5247,0.5005,-0.1367,-46.2408,0.1707,-0.3576,1.0000,-0.0157,0.2113,16.9863,13.2167,17.9833,22.1460,-0.1661,1.1859
eurusd+gbpusd+audusd,prev_close,8,0.1000,lon17,25,5247,0.3686,-0.1958,-46.2891,0.1707,-0.1023,1.0000,-0.0316,0.2100,16.9863,2.7333,17.3000,14.1397,-0.1665,1.1859
eurusd+gbpusd+audusd,prev_close,8,0.1000,lon17,30,5247,0.4050,-0.1834,-46.3144,0.1707,-0.1085,1.0000,-0.0289,0.2095,16.9863,4.2933,17.5833,16.6217,-0.2065,1.1859
eurusd+gbpusd+audusd,prev_close,8,0.1000,lon17,40,5247,0.4492,-0.2591,-46.2914,0.1707,-0.1021,1.0000,-0.0306,0.2101,16.9863,6.6500,17.8333,19.8879,-0.3623,1.1859
eurusd+gbpusd+audusd,prev_close,8,0.1000,ny11,0,5247,0.4963,0.0775,-46.2503,0.1707,-0.3810,1.0000,0.0107,0.2110,16.9863,12.1167,16.9667,21.2205,0.0374,1.1859
eurusd+gbpusd+audusd,prev_close,8,0.1000,ny11,25,5247,0.3713,-0.0941,-46.2892,0.1707,-0.0709,1.0000,-0.0152,0.2100,16.9863,2.7333,16.1233,13.9199,-0.0811,1.1859
eurusd+gbpusd+audusd,prev_close,8,0.1000,ny11,30,5247,0.4059,-0.0401,-46.3150,0.1707,-0.0767,1.0000,-0.0065,0.2095,16.9863,4.2933,16.4500,16.1658,-0.0630,1.1859
eurusd+gbpusd+audusd,prev_close,8,0.1000,ny11,40,5247,0.4481,-0.0438,-46.2919,0.1707,-0.0714,1.0000,-0.0066,0.2101,16.9863,6.6500,16.7500,18.7046,-0.1237,1.1859
eurusd+gbpusd+audusd,prev_close,8,0.1000,ny1655,0,5247,0.4974,-0.1731,-46.1533,0.1707,-0.2963,1.0000,-0.0202,0.2142,16.9863,18.0600,22.9000,23.0461,-0.2598,1.1859
eurusd+gbpusd+audusd,prev_close,8,0.1000,ny1655,25,5247,0.3488,-0.0998,-46.2557,0.1707,-0.1050,1.0000,-0.0153,0.2111,16.9863,2.7333,21.9000,12.9904,-0.0517,1.1859
eurusd+gbpusd+audusd,prev_close,8,0.1000,ny1655,30,5247,0.3852,-0.1089,-46.2613,0.1707,-0.1287,1.0000,-0.0152,0.2112,16.9863,4.2933,22.2833,15.8771,-0.1041,1.1859
eurusd+gbpusd+audusd,prev_close,8,0.1000,ny1655,40,5247,0.4353,-0.0581,-46.2367,0.1707,-0.1125,1.0000,-0.0082,0.2119,16.9863,6.6933,22.6067,19.5722,-0.1305,1.1859
eurusd+gbpusd+audusd,prev_close,8,0.1500,lon17,0,3672,0.4894,-1.3219,-45.4509,0.1632,-0.4458,1.0000,-0.0725,0.2349,11.8875,12.6000,17.9833,23.3083,-1.3010,1.4882
eurusd+gbpusd+audusd,prev_close,8,0.1500,lon17,25,3672,0.3543,-0.8259,-45.4941,0.1632,-0.2937,1.0000,-0.0627,0.2334,11.8875,2.5000,17.0000,13.6368,-0.8077,1.4882
eurusd+gbpusd+audusd,prev_close,8,0.1500,lon17,30,3672,0.3889,-1.0342,-45.5238,0.1632,-0.3063,1.0000,-0.0682,0.2327,11.8875,3.6683,17.4667,17.4163,-1.0151,1.4882
eurusd+gbpusd+audusd,prev_close,8,0.1500,lon17,40,3672,0.4355,-1.0849,-45.5007,0.1632,-0.2939,1.0000,-0.0647,0.2334,11.8875,5.8017,17.8333,20.0188,-1.1748,1.4882
eurusd+gbpusd+audusd,prev_close,8,0.1500,ny11,0,3672,0.4897,-1.4328,-45.4640,0.1632,-0.4722,1.0000,-0.0743,0.2345,11.8875,11.5500,16.9833,22.0259,-1.4200,1.4882
eurusd+gbpusd+audusd,prev_close,8,0.1500,ny11,25,3672,0.3625,-0.8220,-45.4967,0.1632,-0.2578,1.0000,-0.0636,0.2334,11.8875,2.5000,15.8817,13.7734,-0.8263,1.4882
eurusd+gbpusd+audusd,prev_close,8,0.1500,ny11,30,3672,0.3946,-1.0139,-45.5264,0.1632,-0.2744,1.0000,-0.0708,0.2327,11.8875,3.6683,16.2633,16.4783,-0.9791,1.4882
eurusd+gbpusd+audusd,prev_close,8,0.1500,ny11,40,3672,0.4395,-1.0113,-45.5032,0.1632,-0.2788,1.0000,-0.0634,0.2334,11.8875,5.8017,16.8167,18.6592,-1.0661,1.4882
eurusd+gbpusd+audusd,prev_close,8,0.1500,ny1655,0,3672,0.4864,-1.6072,-45.4110,0.1632,-0.4414,1.0000,-0.0857,0.2374,11.8875,17.4833,22.9000,23.4061,-1.6158,1.4882
eurusd+gbpusd+audusd,prev_close,8,0.1500,ny1655,25,3672,0.3303,-1.2260,-45.4693,0.1632,-0.3340,1.0000,-0.0811,0.2348,11.8875,2.5183,21.6483,11.9740,-1.1298,1.4882
eurusd+gbpusd+audusd,prev_close,8,0.1500,ny1655,30,3672,0.3666,-1.3571,-45.4951,0.1632,-0.3270,1.0000,-0.0807,0.2342,11.8875,3.6867,22.0333,15.3152,-1.2767,1.4882
eurusd+gbpusd+audusd,prev_close,8,0.1500,ny1655,40,3672,0.4191,-1.3534,-45.4742,0.1632,-0.3418,1.0000,-0.0738,0.2348,11.8875,5.8167,22.5833,19.5665,-1.4328,1.4882
eurusd+gbpusd+audusd,prev_close,8,0.2000,lon17,0,2541,0.4959,0.4290,-45.2068,0.2676,-0.1104,1.0000,0.0355,0.2444,8.2261,12.4000,18.3167,23.7748,0.2637,2.2029
eurusd+gbpusd+audusd,prev_close,8,0.2000,lon17,25,2541,0.3499,0.2487,-45.2534,0.2676,0.0179,1.0000,0.0252,0.2426,8.2261,2.2333,17.5000,15.4444,0.1925,2.2029
eurusd+gbpusd+audusd,prev_close,8,0.2000,lon17,30,2541,0.3908,0.3956,-45.2737,0.2676,0.0466,1.0000,0.0449,0.2422,8.2261,3.3667,17.7833,17.4093,0.3072,2.2029
eurusd+gbpusd+audusd,prev_close,8,0.2000,lon17,40,2541,0.4372,0.4610,-45.2505,0.2676,0.0254,1.0000,0.0527,0.2428,8.2261,5.4833,17.9000,20.5780,0.2195,2.2029
eurusd+gbpusd+audusd,prev_close,8,0.2000,ny11,0,2541,0.4963,-0.1743,-45.2101,0.2676,-0.2163,1.0000,-0.0134,0.2444,8.2261,11.3500,16.9833,23.1133,-0.3522,2.2029
eurusd+gbpusd+audusd,prev_close,8,0.2000,ny11,25,2541,0.3573,0.0139,-45.2568,0.2676,0.0015,1.0000,0.0013,0.2426,8.2261,2.2333,16.2000,14.6302,-0.0247,2.2029
eurusd+gbpusd+audusd,prev_close,8,0.2000,ny11,30,2541,0.3959,0.1522,-45.2771,0.2676,0.0319,1.0000,0.0159,0.2422,8.2261,3.3667,16.6667,16.6842,0.1084,2.2029
eurusd+gbpusd+audusd,prev_close,8,0.2000,ny11,40,2541,0.4412,0.2256,-45.2539,0.2676,-0.0139,1.0000,0.0246,0.2428,8.2261,5.4833,16.8500,19.8728,-0.0055,2.2029
eurusd+gbpusd+audusd,prev_close,8,0.2000,ny1655,0,2541,0.4908,0.0720,-45.1559,0.2676,-0.1390,1.0000,0.0051,0.2472,8.2261,17.2667,22.9000,24.3538,-0.1041,2.2029
eurusd+gbpusd+audusd,prev_close,8,0.2000,ny1655,25,2541,0.3266,-0.0874,-45.2357,0.2676,-0.0149,1.0000,-0.0073,0.2437,8.2261,2.2333,21.9000,13.5677,-0.0915,2.2029
eurusd+gbpusd+audusd,prev_close,8,0.2000,ny1655,30,2541,0.3707,0.1872,-45.2522,0.2676,0.0040,1.0000,0.0192,0.2433,8.2261,3.3667,22.3167,16.2838,0.1474,2.2029
eurusd+gbpusd+audusd,prev_close,8,0.2000,ny1655,40,2541,0.4227,0.3231,-45.2272,0.2676,-0.0315,1.0000,0.0330,0.2441,8.2261,5.4833,22.7167,20.5646,0.0652,2.2029
eurusd+gbpusd+audusd,prev_close,8,0.3000,lon17,0,1149,0.5205,4.0069,-44.7446,0.3362,0.0842,1.0000,0.3237,0.2506,3.7197,12.0167,22.2833,25.1456,3.7446,5.5000
eurusd+gbpusd+audusd,prev_close,8,0.3000,lon17,25,1149,0.3725,4.5432,-44.8132,0.3362,0.2259,1.0000,0.6513,0.2480,3.7197,1.9500,17.9833,14.8028,4.1384,5.5000
eurusd+gbpusd+audusd,prev_close,8,0.3000,lon17,30,1149,0.4064,4.6990,-44.8039,0.3362,0.2098,1.0000,0.5186,0.2484,3.7197,2.6833,20.0000,17.3554,4.3967,5.5000
eurusd+gbpusd+audusd,prev_close,8,0.3000,lon17,40,1149,0.4491,4.3247,-44.7844,0.3362,0.1574,1.0000,0.5232,0.2489,3.7197,4.3467,21.0000,20.5081,4.0772,5.5000
eurusd+gbpusd+audusd,prev_close,8,0.3000,ny11,0,1149,0.5187,3.2399,-44.7482,0.3362,-0.0585,1.0000,0.2130,0.2506,3.7197,10.8833,22.2333,24.1862,2.9194,5.5000
eurusd+gbpusd+audusd,prev_close,8,0.3000,ny11,25,1149,0.3768,4.6207,-44.8132,0.3362,0.1892,1.0000,0.6522,0.2480,3.7197,1.9500,17.0000,13.5975,4.1504,5.5000
eurusd+gbpusd+audusd,prev_close,8,0.3000,ny11,30,1149,0.4117,4.5893,-44.8039,0.3362,0.1766,1.0000,0.5235,0.2484,3.7197,2.6833,20.0000,16.7049,4.2345,5.5000
eurusd+gbpusd+audusd,prev_close,8,0.3000,ny11,40,1149,0.4569,4.2590,-44.7865,0.3362,0.1060,1.0000,0.4735,0.2489,3.7197,4.3467,20.8400,20.3892,3.9185,5.5000
eurusd+gbpusd+audusd,prev_close,8,0.3000,ny1655,0,1149,0.5231,4.4680,-44.6558,0.3362,0.0938,1.0000,0.2999,0.2542,3.7197,16.7500,23.8167,25.5909,4.1515,5.5000
eurusd+gbpusd+audusd,prev_close,8,0.3000,ny1655,25,1149,0.3586,4.2239,-44.8083,0.3362,0.2322,1.0000,0.4999,0.2481,3.7197,1.9500,22.6000,13.5677,3.8349,5.5000
eurusd+gbpusd+audusd,prev_close,8,0.3000,ny1655,30,1149,0.3986,4.7402,-44.7951,0.3362,0.2129,1.0000,0.5043,0.2485,3.7197,2.6833,22.6833,16.7336,4.4056,5.5000
eurusd+gbpusd+audusd,prev_close,8,0.3000,ny1655,40,1149,0.4439,4.3528,-44.7907,0.3362,0.1302,1.0000,0.5338,0.2486,3.7197,4.3467,22.8500,20.3387,4.0960,5.5000
eurusd+gbpusd+audusd,prev_close,8,0.4000,lon17,0,609,0.5287,3.7689,-43.2236,0.1441,-0.0135,1.0000,0.1819,0.3052,1.9715,11.9667,23.9167,25.4598,2.7479,10.2000
eurusd+gbpusd+audusd,prev_close,8,0.4000,lon17,25,609,0.3645,4.1373,-43.3013,0.1441,0.2050,1.0000,0.4694,0.2995,1.9715,1.5667,20.0900,17.0896,2.9545,10.2000
eurusd+gbpusd+audusd,prev_close,8,0.4000,lon17,30,609,0.4056,4.8622,-43.2911,0.1441,0.2111,1.0000,0.4348,0.3003,1.9715,2.0800,21.0000,18.4951,3.6397,10.2000
eurusd+gbpusd+audusd,prev_close,8,0.4000,lon17,40,609,0.4433,3.9186,-43.2151,0.1441,0.2059,1.0000,0.2760,0.3036,1.9715,3.9067,22.6167,19.8137,2.9077,10.2000
eurusd+gbpusd+audusd,prev_close,8,0.4000,ny11,0,609,0.5189,2.7334,-43.2230,0.1441,-0.1358,1.0000,0.1082,0.3052,1.9715,10.9667,23.9167,25.4598,1.6353,10.2000
eurusd+gbpusd+audusd,prev_close,8,0.4000,ny11,25,609,0.3596,3.8362,-43.3007,0.1441,0.1140,1.0000,0.3937,0.2995,1.9715,1.5667,20.0000,14.2380,2.6105,10.2000
eurusd+gbpusd+audusd,prev_close,8,0.4000,ny11,30,609,0.4039,4.4409,-43.2902,0.1441,0.1397,1.0000,0.3774,0.3003,1.9715,2.0800,20.7733,17.6217,3.2323,10.2000
eurusd+gbpusd+audusd,prev_close,8,0.4000,ny11,40,609,0.4499,3.5244,-43.2139,0.1441,0.1410,1.0000,0.2680,0.3036,1.9715,3.9067,22.6167,20.1495,2.4667,10.2000
eurusd+gbpusd+audusd,prev_close,8,0.4000,ny1655,0,609,0.5353,5.1151,-43.0491,0.1441,-0.0855,1.0000,0.2143,0.3117,1.9715,16.8833,23.9833,26.4615,3.9118,10.2000
eurusd+gbpusd+audusd,prev_close,8,0.4000,ny1655,25,609,0.3596,4.4450,-43.2471,0.1441,0.1569,1.0000,0.4667,0.2995,1.9715,1.5667,22.8500,16.5662,3.2278,10.2000
eurusd+gbpusd+audusd,prev_close,8,0.4000,ny1655,30,609,0.4089,6.0679,-43.2295,0.1441,0.1773,1.0000,0.6054,0.3003,1.9715,2.0800,22.8567,19.1680,4.6125,10.2000
eurusd+gbpusd+audusd,prev_close,8,0.4000,ny1655,40,609,0.4433,4.6627,-43.1473,0.1441,0.1317,1.0000,0.3739,0.3036,1.9715,3.9067,23.4600,20.5059,3.3829,10.2000
eurusd+gbpusd+audusd,prev_close,10,0.1000,lon17,0,5793,0.5009,-0.0526,-46.5541,0.1625,-0.4148,1.0000,-0.0074,0.2040,18.7539,11.2667,17.9667,21.6237,-0.1040,1.0619
eurusd+gbpusd+audusd,prev_close,10,0.1000,lon17,25,5793,0.3732,-0.1456,-46.5992,0.1625,-0.1854,1.0000,-0.0246,0.2029,18.7539,2.6167,17.0633,13.8508,-0.1335,1.0619
eurusd+gbpusd+audusd,prev_close,10,0.1000,lon17,30,5793,0.4095,-0.1028,-46.6241,0.1625,-0.1787,1.0000,-0.0166,0.2025,18.7539,4.1167,17.4000,15.9926,-0.1349,1.0619
eurusd+gbpusd+audusd,prev_close,10,0.1000,lon17,40,5793,0.4519,-0.2147,-46.6026,0.1625,-0.1578,1.0000,-0.0290,0.2030,18.7539,6.5500,17.7333,19.3412,-0.3161,1.0619
eurusd+gbpusd+audusd,prev_close,10,0.1000,ny11,0,5793,0.4982,0.1392,-46.5622,0.1625,-0.4245,1.0000,0.0239,0.2038,18.7539,10.2333,16.9333,20.8289,0.0836,1.0619
eurusd+gbpusd+audusd,prev_close,10,0.1000,ny11,25,5793,0.3770,-0.0192,-46.5986,0.1625,-0.1662,1.0000,-0.0031,0.2029,18.7539,2.6167,15.9000,13.7409,-0.0164,1.0619
eurusd+gbpusd+audusd,prev_close,10,0.1000,ny11,30,5793,0.4119,0.0702,-46.6238,0.1625,-0.1528,1.0000,0.0113,0.2025,18.7539,4.1167,16.2000,15.9453,0.0426,1.0619
eurusd+gbpusd+audusd,prev_close,10,0.1000,ny11,40,5793,0.4528,0.0489,-46.6023,0.1625,-0.1252,1.0000,0.0090,0.2030,18.7539,6.5500,16.5833,18.2582,-0.0266,1.0619
eurusd+gbpusd+audusd,prev_close,10,0.1000,ny1655,0,5793,0.4961,-0.2660,-46.4446,0.1625,-0.3460,1.0000,-0.0339,0.2073,18.7539,16.1833,22.8833,22.4487,-0.3719,1.0619
eurusd+gbpusd+audusd,prev_close,10,0.1000,ny1655,25,5793,0.3525,-0.1814,-46.5541,0.1625,-0.1593,1.0000,-0.0272,0.2041,18.7539,2.6167,21.7500,12.9410,-0.1433,1.0619
eurusd+gbpusd+audusd,prev_close,10,0.1000,ny1655,30,5793,0.3887,-0.1808,-46.5557,0.1625,-0.1730,1.0000,-0.0245,0.2044,18.7539,4.1167,22.0667,15.5507,-0.1785,1.0619
eurusd+gbpusd+audusd,prev_close,10,0.1000,ny1655,40,5793,0.4367,-0.1918,-46.5327,0.1625,-0.1508,1.0000,-0.0251,0.2049,18.7539,6.5667,22.4500,19.0684,-0.2679,1.0619
eurusd+gbpusd+audusd,prev_close,10,0.1500,lon17,0,4560,0.4886,-0.8170,-46.3477,0.2197,-0.3778,1.0000,-0.0548,0.2102,14.7623,9.9167,17.9333,22.2970,-0.7899,1.2814
eurusd+gbpusd+audusd,prev_close,10,0.1500,lon17,25,4560,0.3579,-0.7156,-46.3926,0.2197,-0.1743,1.0000,-0.0662,0.2090,14.7623,2.2167,16.4683,14.0045,-0.6527,1.2814
eurusd+gbpusd+audusd,prev_close,10,0.1500,lon17,30,4560,0.3936,-0.7428,-46.4208,0.2197,-0.1979,1.0000,-0.0608,0.2084,14.7623,3.2983,16.8667,16.9253,-0.6809,1.2814
eurusd+gbpusd+audusd,prev_close,10,0.1500,lon17,40,4560,0.4377,-0.7580,-46.3987,0.2197,-0.1986,1.0000,-0.0550,0.2090,14.7623,5.6167,17.5000,19.5981,-0.8195,1.2814
eurusd+gbpusd+audusd,prev_close,10,0.1500,ny11,0,4560,0.4906,-1.0294,-46.3600,0.2197,-0.3969,1.0000,-0.0614,0.2099,14.7623,8.9150,16.9017,21.3432,-1.0279,1.2814
eurusd+gbpusd+audusd,prev_close,10,0.1500,ny11,25,4560,0.3675,-0.6176,-46.3941,0.2197,-0.1387,1.0000,-0.0612,0.2090,14.7623,2.2000,15.4183,13.9462,-0.5913,1.2814
eurusd+gbpusd+audusd,prev_close,10,0.1500,ny11,30,4560,0.4009,-0.6147,-46.4223,0.2197,-0.1675,1.0000,-0.0574,0.2084,14.7623,3.2983,15.7833,16.3393,-0.5617,1.2814
eurusd+gbpusd+audusd,prev_close,10,0.1500,ny11,40,4560,0.4441,-0.5997,-46.4001,0.2197,-0.1840,1.0000,-0.0490,0.2090,14.7623,5.6167,16.4350,18.4274,-0.6443,1.2814
eurusd+gbpusd+audusd,prev_close,10,0.1500,ny1655,0,4560,0.4838,-1.2383,-46.2746,0.2197,-0.3647,1.0000,-0.0730,0.2128,14.7623,14.8333,22.8350,22.6680,-1.2415,1.2814
eurusd+gbpusd+audusd,prev_close,10,0.1500,ny1655,25,4560,0.3333,-1.1018,-46.3458,0.2197,-0.1955,1.0000,-0.0784,0.2106,14.7623,2.2167,21.0200,12.3553,-0.9511,1.2814
eurusd+gbpusd+audusd,prev_close,10,0.1500,ny1655,30,4560,0.3706,-1.1256,-46.3708,0.2197,-0.2030,1.0000,-0.0744,0.2101,14.7623,3.3317,21.3667,15.5898,-0.9858,1.2814
eurusd+gbpusd+audusd,prev_close,10,0.1500,ny1655,40,4560,0.4219,-1.0212,-46.3430,0.2197,-0.2513,1.0000,-0.0655,0.2108,14.7623,5.6317,22.0333,19.2258,-1.0737,1.2814
eurusd+gbpusd+audusd,prev_close,10,0.2000,lon17,0,3411,0.4984,0.5166,-46.1088,0.2710,-0.1913,1.0000,0.0517,0.2168,11.0426,9.7833,17.9500,23.1746,0.4968,1.6364
eurusd+gbpusd+audusd,prev_close,10,0.2000,lon17,25,3411,0.3624,0.4994,-46.1730,0.2710,0.1015,1.0000,0.0755,0.2149,11.0426,1.9000,16.4333,15.7039,0.5572,1.6364
eurusd+gbpusd+audusd,prev_close,10,0.2000,lon17,30,3411,0.4013,0.5643,-46.1898,0.2710,0.1165,1.0000,0.0800,0.2146,11.0426,2.7667,16.8667,18.0972,0.5574,1.6364
eurusd+gbpusd+audusd,prev_close,10,0.2000,lon17,40,3411,0.4468,0.6699,-46.1645,0.2710,0.0805,1.0000,0.0871,0.2152,11.0426,5.0333,17.6500,20.5234,0.5911,1.6364
eurusd+gbpusd+audusd,prev_close,10,0.2000,ny11,0,3411,0.5019,0.1470,-46.1256,0.2710,-0.3054,1.0000,0.0139,0.2164,11.0426,8.7667,16.9000,22.6902,0.1023,1.6364
eurusd+gbpusd+audusd,prev_close,10,0.2000,ny11,25,3411,0.3726,0.3989,-46.1759,0.2710,0.0918,1.0000,0.0683,0.2149,11.0426,1.9000,15.4167,15.0143,0.4561,1.6364
eurusd+gbpusd+audusd,prev_close,10,0.2000,ny11,30,3411,0.4090,0.4037,-46.1926,0.2710,0.1047,1.0000,0.0671,0.2146,11.0426,2.7667,15.7333,17.1267,0.4328,1.6364
eurusd+gbpusd+audusd,prev_close,10,0.2000,ny11,40,3411,0.4541,0.5739,-46.1673,0.2710,0.0348,1.0000,0.0853,0.2152,11.0426,5.0333,16.5000,19.7373,0.5013,1.6364
eurusd+gbpusd+audusd,prev_close,10,0.2000,ny1655,0,3411,0.4887,-0.2271,-46.0496,0.2710,-0.2338,1.0000,-0.0177,0.2194,11.0426,14.6833,22.8167,23.6551,-0.3080,1.6364
eurusd+gbpusd+audusd,prev_close,10,0.2000,ny1655,25,3411,0.3363,-0.0689,-46.1381,0.2710,0.0551,1.0000,-0.0088,0.2161,11.0426,1.9000,20.9167,14.0043,0.0330,1.6364
eurusd+gbpusd+audusd,prev_close,10,0.2000,ny1655,30,3411,0.3782,0.0819,-46.1474,0.2710,0.0392,1.0000,0.0108,0.2160,11.0426,2.7667,21.3667,17.0165,0.1029,1.6364
eurusd+gbpusd+audusd,prev_close,10,0.2000,ny1655,40,3411,0.4292,0.2301,-46.1233,0.2710,-0.0065,1.0000,0.0288,0.2167,11.0426,5.0333,22.0167,20.1617,0.1488,1.6364
eurusd+gbpusd+audusd,prev_close,10,0.3000,lon17,0,1704,0.5129,2.9805,-45.6425,0.3136,-0.1673,1.0000,0.3492,0.2341,5.5164,9.5000,18.7467,23.3031,2.9971,3.0263
eurusd+gbpusd+audusd,prev_close,10,0.3000,lon17,25,1704,0.3709,2.6634,-45.6933,0.3136,0.0681,1.0000,0.4202,0.2324,5.5164,1.4050,17.1883,14.6597,2.6244,3.0263
eurusd+gbpusd+audusd,prev_close,10,0.3000,lon17,30,1704,0.4055,2.7974,-45.6870,0.3136,0.0303,1.0000,0.3541,0.2327,5.5164,2.0717,17.7183,16.8298,2.7650,3.0263
eurusd+gbpusd+audusd,prev_close,10,0.3000,lon17,40,1704,0.4507,2.6973,-45.6727,0.3136,-0.0728,1.0000,0.4556,0.2330,5.5164,3.7717,17.9333,19.5370,2.7426,3.0263
eurusd+gbpusd+audusd,prev_close,10,0.3000,ny11,0,1704,0.5088,2.0770,-45.6441,0.3136,-0.3379,1.0000,0.2211,0.2341,5.5164,8.4667,18.1233,22.9174,2.0477,3.0263
eurusd+gbpusd+audusd,prev_close,10,0.3000,ny11,25,1704,0.3756,2.8098,-45.6933,0.3136,0.0121,1.0000,0.4745,0.2324,5.5164,1.4050,16.4667,13.6620,2.7482,3.0263
eurusd+gbpusd+audusd,prev_close,10,0.3000,ny11,30,1704,0.4108,2.8269,-45.6870,0.3136,-0.0212,1.0000,0.4339,0.2327,5.5164,2.0717,16.7450,16.3546,2.7809,3.0263
eurusd+gbpusd+audusd,prev_close,10,0.3000,ny11,40,1704,0.4548,2.6114,-45.6737,0.3136,-0.1477,1.0000,0.4489,0.2330,5.5164,3.7717,16.9450,19.3687,2.5932,3.0263
eurusd+gbpusd+audusd,prev_close,10,0.3000,ny1655,0,1704,0.5141,3.0402,-45.5806,0.3136,-0.0904,1.0000,0.2944,0.2367,5.5164,14.3833,22.8500,23.9528,3.0331,3.0263
eurusd+gbpusd+audusd,prev_close,10,0.3000,ny1655,25,1704,0.3574,2.3032,-45.7073,0.3136,0.0842,1.0000,0.2848,0.2321,5.5164,1.4050,21.0000,13.5966,2.3802,3.0263
eurusd+gbpusd+audusd,prev_close,10,0.3000,ny1655,30,1704,0.3979,2.7069,-45.6944,0.3136,0.0474,1.0000,0.3235,0.2324,5.5164,2.0717,21.5000,16.5160,2.7055,3.0263
eurusd+gbpusd+audusd,prev_close,10,0.3000,ny1655,40,1704,0.4437,2.5928,-45.6885,0.3136,-0.0695,1.0000,0.3498,0.2325,5.5164,3.7717,22.4167,19.5608,2.6518,3.0263
eurusd+gbpusd+audusd,prev_close,10,0.4000,lon17,0,927,0.5059,0.6924,-44.4020,0.2788,-0.2127,1.0000,0.0252,0.2540,3.0010,9.4933,20.8300,24.9392,0.1830,5.0714
eurusd+gbpusd+audusd,prev_close,10,0.4000,lon17,25,927,0.3657,2.6502,-44.5040,0.2788,0.0616,1.0000,0.3557,0.2497,3.0010,1.1833,17.8333,16.0503,2.1575,5.0714
eurusd+gbpusd+audusd,prev_close,10,0.4000,lon17,30,927,0.4024,3.0852,-44.4768,0.2788,0.0425,1.0000,0.5006,0.2507,3.0010,1.5433,17.9233,18.4511,2.5098,5.0714
eurusd+gbpusd+audusd,prev_close,10,0.4000,lon17,40,927,0.4369,2.0378,-44.4077,0.2788,0.0186,1.0000,0.2014,0.2529,3.0010,2.7767,19.0667,19.3436,1.6408,5.0714
eurusd+gbpusd+audusd,prev_close,10,0.4000,ny11,0,927,0.4962,0.1651,-44.4056,0.2788,-0.2883,1.0000,0.0064,0.2540,3.0010,8.4667,20.5567,24.7146,-0.4447,5.0714
eurusd+gbpusd+audusd,prev_close,10,0.4000,ny11,25,927,0.3625,2.5811,-44.5050,0.2788,-0.0364,1.0000,0.3947,0.2497,3.0010,1.1833,16.8333,14.2380,2.0332,5.0714
eurusd+gbpusd+audusd,prev_close,10,0.4000,ny11,30,927,0.4013,3.0140,-44.4777,0.2788,-0.0380,1.0000,0.4871,0.2507,3.0010,1.5433,16.9167,17.6247,2.4205,5.0714
eurusd+gbpusd+audusd,prev_close,10,0.4000,ny11,40,927,0.4391,2.0337,-44.4098,0.2788,-0.0500,1.0000,0.2296,0.2529,3.0010,2.7767,17.9833,19.2258,1.5475,5.0714
eurusd+gbpusd+audusd,prev_close,10,0.4000,ny1655,0,927,0.5156,1.8325,-44.3786,0.2788,-0.1970,1.0000,0.0650,0.2556,3.0010,14.3833,23.8167,25.5909,1.2260,5.0714
eurusd+gbpusd+audusd,prev_close,10,0.4000,ny1655,25,927,0.3625,3.2596,-44.6044,0.2788,0.0474,1.0000,0.3485,0.2466,3.0010,1.1833,22.4167,15.0387,2.7111,5.0714
eurusd+gbpusd+audusd,prev_close,10,0.4000,ny1655,30,927,0.4045,4.1896,-44.5674,0.2788,0.0669,1.0000,0.6224,0.2478,3.0010,1.5433,22.6067,17.8401,3.4273,5.0714
eurusd+gbpusd+audusd,prev_close,10,0.4000,ny1655,40,927,0.4434,2.8804,-44.4928,0.2788,-0.0133,1.0000,0.2593,0.2499,3.0010,2.7767,22.7333,19.6998,2.2845,5.0714
eurusd+gbpusd+nzdusd,day_open,6,0.1000,lon17,0,4746,0.4922,-0.8514,-45.9698,0.2361,-0.5671,1.0000,-0.0831,0.2162,15.3644,14.0167,17.9500,21.6435,-0.6335,1.2000
eurusd+gbpusd+nzdusd,day_open,6,0.1000,lon17,25,4746,0.3651,-0.5908,-46.0270,0.2361,-0.4333,1.0000,-0.0623,0.2146,15.3644,2.9667,17.2500,14.5809,-0.3850,1.2000
eurusd+gbpusd+nzdusd,day_open,6,0.1000,lon17,30,4746,0.3976,-0.6669,-46.0320,0.2361,-0.4172,1.0000,-0.0608,0.2145,15.3644,4.6167,17.4833,16.5804,-0.3703,1.2000
eurusd+gbpusd+nzdusd,day_open,6,0.1000,lon17,40,4746,0.4412,-1.0515,-46.0058,0.2361,-0.4553,1.0000,-0.0789,0.2151,15.3644,6.9333,17.7333,18.9081,-0.8271,1.2000
eurusd+gbpusd+nzdusd,day_open,6,0.1000,ny11,0,4746,0.4928,-0.5423,-45.9793,0.2361,-0.5429,1.0000,-0.0470,0.2159,15.3644,13.0000,16.9167,21.0612,-0.3550,1.2000
eurusd+gbpusd+nzdusd,day_open,6,0.1000,ny11,25,4746,0.3702,-0.3124,-46.0370,0.2361,-0.4324,1.0000,-0.0376,0.2143,15.3644,2.9667,16.1750,14.0589,-0.1420,1.2000
eurusd+gbpusd+nzdusd,day_open,6,0.1000,ny11,30,4746,0.4031,-0.2851,-46.0421,0.2361,-0.3884,1.0000,-0.0314,0.2142,15.3644,4.6167,16.3417,15.8627,-0.0111,1.2000
eurusd+gbpusd+nzdusd,day_open,6,0.1000,ny11,40,4746,0.4437,-0.5922,-46.0158,0.2361,-0.4122,1.0000,-0.0548,0.2148,15.3644,6.9333,16.6833,17.8893,-0.3902,1.2000
eurusd+gbpusd+nzdusd,day_open,6,0.1000,ny1655,0,4746,0.4922,-0.6772,-45.9149,0.2361,-0.4915,1.0000,-0.0652,0.2184,15.3644,18.9167,22.7833,22.8816,-0.5319,1.2000
eurusd+gbpusd+nzdusd,day_open,6,0.1000,ny1655,25,4746,0.3483,-0.3941,-46.0201,0.2361,-0.4337,1.0000,-0.0470,0.2151,15.3644,2.9667,21.9833,13.1392,-0.2253,1.2000
eurusd+gbpusd+nzdusd,day_open,6,0.1000,ny1655,30,4746,0.3814,-0.6176,-46.0085,0.2361,-0.4196,1.0000,-0.0585,0.2155,15.3644,4.6167,22.1167,15.5372,-0.3211,1.2000
eurusd+gbpusd+nzdusd,day_open,6,0.1000,ny1655,40,4746,0.4294,-0.9150,-45.9655,0.2361,-0.4551,1.0000,-0.0693,0.2166,15.3644,6.9333,22.4500,19.1154,-0.6806,1.2000
eurusd+gbpusd+nzdusd,day_open,6,0.1500,lon17,0,3060,0.4915,-0.8951,-45.0817,0.1998,-0.4302,1.0000,-0.0598,0.2412,9.9063,13.7817,17.8500,22.6880,-0.6760,1.6542
eurusd+gbpusd+nzdusd,day_open,6,0.1500,lon17,25,3060,0.3523,-0.8470,-45.1572,0.1998,-0.3061,1.0000,-0.0558,0.2389,9.9063,2.5833,16.6500,13.1638,-0.5523,1.6542
eurusd+gbpusd+nzdusd,day_open,6,0.1500,lon17,30,3060,0.3889,-0.9869,-45.1455,0.1998,-0.2819,1.0000,-0.0601,0.2390,9.9063,4.2150,16.9350,15.8577,-0.7227,1.6542
eurusd+gbpusd+nzdusd,day_open,6,0.1500,lon17,40,3060,0.4337,-1.3223,-45.1213,0.1998,-0.3217,1.0000,-0.0795,0.2399,9.9063,6.1483,17.2833,19.3379,-1.1060,1.6542
eurusd+gbpusd+nzdusd,day_open,6,0.1500,ny11,0,3060,0.4846,-0.9058,-45.0807,0.1998,-0.4651,1.0000,-0.0498,0.2412,9.9063,12.6817,16.8000,22.2383,-0.7068,1.6542
eurusd+gbpusd+nzdusd,day_open,6,0.1500,ny11,25,3060,0.3569,-0.5268,-45.1567,0.1998,-0.2897,1.0000,-0.0345,0.2389,9.9063,2.5833,15.6167,13.2502,-0.2099,1.6542
eurusd+gbpusd+nzdusd,day_open,6,0.1500,ny11,30,3060,0.3905,-0.6181,-45.1450,0.1998,-0.2686,1.0000,-0.0374,0.2390,9.9063,4.2150,15.8333,15.3948,-0.3262,1.6542
eurusd+gbpusd+nzdusd,day_open,6,0.1500,ny11,40,3060,0.4297,-0.8596,-45.1207,0.1998,-0.3108,1.0000,-0.0515,0.2399,9.9063,6.1483,16.2167,18.0335,-0.6390,1.6542
eurusd+gbpusd+nzdusd,day_open,6,0.1500,ny1655,0,3060,0.4846,-0.5900,-45.0318,0.1998,-0.3988,1.0000,-0.0381,0.2441,9.9063,18.6000,22.6517,23.1883,-0.3754,1.6542
eurusd+gbpusd+nzdusd,day_open,6,0.1500,ny1655,25,3060,0.3294,-0.8552,-45.1367,0.1998,-0.3023,1.0000,-0.0537,0.2403,9.9063,2.5833,21.3017,12.0089,-0.5826,1.6542
eurusd+gbpusd+nzdusd,day_open,6,0.1500,ny1655,30,3060,0.3676,-0.8999,-45.1145,0.1998,-0.2850,1.0000,-0.0572,0.2409,9.9063,4.2150,21.6833,15.8972,-0.6334,1.6542
eurusd+gbpusd+nzdusd,day_open,6,0.1500,ny1655,40,3060,0.4150,-1.3574,-45.0809,0.1998,-0.3569,1.0000,-0.0759,0.2420,9.9063,6.1483,22.0200,19.6436,-1.0703,1.6542
eurusd+gbpusd+nzdusd,day_open,6,0.2000,lon17,0,1863,0.4788,-1.5610,-45.2164,0.3070,-0.2968,1.0000,-0.0676,0.2407,6.0312,13.5833,17.6500,23.0335,-1.5179,2.4630
eurusd+gbpusd+nzdusd,day_open,6,0.2000,lon17,25,1863,0.3376,-1.2737,-45.2944,0.3070,-0.1711,1.0000,-0.0759,0.2383,6.0312,2.1233,16.2767,13.0767,-1.1028,2.4630
eurusd+gbpusd+nzdusd,day_open,6,0.2000,lon17,30,1863,0.3747,-1.0897,-45.2897,0.3070,-0.1886,1.0000,-0.0675,0.2383,6.0312,3.8533,16.5333,15.5040,-0.9166,2.4630
eurusd+gbpusd+nzdusd,day_open,6,0.2000,lon17,40,1863,0.4155,-1.8644,-45.2588,0.3070,-0.2656,1.0000,-0.0993,0.2396,6.0312,5.6833,16.8167,18.4828,-1.7395,2.4630
eurusd+gbpusd+nzdusd,day_open,6,0.2000,ny11,0,1863,0.4734,-1.7014,-45.2200,0.3070,-0.3424,1.0000,-0.0737,0.2407,6.0312,12.5833,16.5000,23.2969,-1.6738,2.4630
eurusd+gbpusd+nzdusd,day_open,6,0.2000,ny11,25,1863,0.3435,-1.0728,-45.2944,0.3070,-0.1370,1.0000,-0.0673,0.2383,6.0312,2.1233,15.2267,12.8749,-0.8683,2.4630
eurusd+gbpusd+nzdusd,day_open,6,0.2000,ny11,30,1863,0.3790,-0.8565,-45.2897,0.3070,-0.1535,1.0000,-0.0571,0.2383,6.0312,3.8533,15.5333,15.4153,-0.6554,2.4630
eurusd+gbpusd+nzdusd,day_open,6,0.2000,ny11,40,1863,0.4144,-1.6144,-45.2588,0.3070,-0.2337,1.0000,-0.0891,0.2396,6.0312,5.6833,15.7833,17.7247,-1.4804,2.4630
eurusd+gbpusd+nzdusd,day_open,6,0.2000,ny1655,0,1863,0.4745,-1.4079,-45.1634,0.3070,-0.2532,1.0000,-0.0516,0.2439,6.0312,18.5000,22.4167,23.1897,-1.5226,2.4630
eurusd+gbpusd+nzdusd,day_open,6,0.2000,ny1655,25,1863,0.3135,-1.3328,-45.2567,0.3070,-0.1502,1.0000,-0.0713,0.2402,6.0312,2.1233,20.8667,10.8914,-1.2491,2.4630
eurusd+gbpusd+nzdusd,day_open,6,0.2000,ny1655,30,1863,0.3543,-1.1593,-45.2492,0.3070,-0.1777,1.0000,-0.0650,0.2403,6.0312,3.8533,21.1667,14.8379,-1.0224,2.4630
eurusd+gbpusd+nzdusd,day_open,6,0.2000,ny1655,40,1863,0.3994,-1.9943,-45.2308,0.3070,-0.3032,1.0000,-0.0959,0.2414,6.0312,5.6833,21.5667,18.3597,-1.8838,2.4630
eurusd+gbpusd+nzdusd,day_open,6,0.3000,lon17,0,735,0.4748,0.5470,-45.4179,0.3452,-0.0710,1.0000,0.0165,0.2326,2.3794,13.4833,17.2833,24.2343,-0.1842,4.4000
eurusd+gbpusd+nzdusd,day_open,6,0.3000,lon17,25,735,0.3170,-1.0552,-45.4841,0.3452,0.1579,1.0000,-0.0394,0.2312,2.3794,1.2833,15.8000,10.0481,-1.2800,4.4000
eurusd+gbpusd+nzdusd,day_open,6,0.3000,lon17,30,735,0.3483,-0.8043,-45.4657,0.3452,0.0202,1.0000,-0.0334,0.2319,2.3794,2.2133,16.0167,13.8954,-1.1325,4.4000
eurusd+gbpusd+nzdusd,day_open,6,0.3000,lon17,40,735,0.3850,-2.2847,-45.4485,0.3452,-0.1548,1.0000,-0.0675,0.2326,2.3794,4.6000,16.3333,19.5370,-2.3656,4.4000
eurusd+gbpusd+nzdusd,day_open,6,0.3000,ny11,0,735,0.4707,-0.4732,-45.4168,0.3452,-0.2342,1.0000,-0.0141,0.2326,2.3794,12.4333,16.0167,24.9838,-1.2419,4.4000
eurusd+gbpusd+nzdusd,day_open,6,0.3000,ny11,25,735,0.3224,-0.5863,-45.4841,0.3452,0.1032,1.0000,-0.0236,0.2312,2.3794,1.2833,14.8800,9.8727,-0.7776,4.4000
eurusd+gbpusd+nzdusd,day_open,6,0.3000,ny11,30,735,0.3551,-0.3317,-45.4657,0.3452,-0.0399,1.0000,-0.0152,0.2319,2.3794,2.2133,15.0933,12.7594,-0.5984,4.4000
eurusd+gbpusd+nzdusd,day_open,6,0.3000,ny11,40,735,0.3891,-1.7829,-45.4475,0.3452,-0.1977,1.0000,-0.0559,0.2326,2.3794,4.6000,15.3333,18.5329,-1.8601,4.4000
eurusd+gbpusd+nzdusd,day_open,6,0.3000,ny1655,0,735,0.4803,-0.0794,-45.3097,0.3452,-0.1010,1.0000,-0.0015,0.2376,2.3794,18.3500,21.9833,25.7927,-0.6517,4.4000
eurusd+gbpusd+nzdusd,day_open,6,0.3000,ny1655,25,735,0.2952,-1.6267,-45.4858,0.3452,0.0348,1.0000,-0.0547,0.2317,2.3794,1.2833,20.5867,8.1462,-1.7473,4.4000
eurusd+gbpusd+nzdusd,day_open,6,0.3000,ny1655,30,735,0.3333,-1.2507,-45.4674,0.3452,-0.1286,1.0000,-0.0457,0.2324,2.3794,2.2133,20.8833,12.3208,-1.3969,4.4000
eurusd+gbpusd+nzdusd,day_open,6,0.3000,ny1655,40,735,0.3741,-2.6984,-45.4538,0.3452,-0.3220,1.0000,-0.0693,0.2331,2.3794,4.6000,21.2000,18.2453,-2.6887,4.4000
eurusd+gbpusd+nzdusd,day_open,6,0.4000,lon17,0,318,0.5031,5.9803,-44.6454,0.2724,0.0864,1.0000,0.1471,0.2498,1.0295,13.4667,17.4000,24.0083,4.3887,6.5000
eurusd+gbpusd+nzdusd,day_open,6,0.4000,lon17,25,318,0.3208,1.6047,-44.6532,0.2724,0.0335,1.0000,0.0669,0.2498,1.0295,0.7900,15.8333,11.7146,1.0509,6.5000
eurusd+gbpusd+nzdusd,day_open,6,0.4000,lon17,30,318,0.3553,1.3535,-44.6489,0.2724,-0.0277,1.0000,0.0440,0.2498,1.0295,0.9117,16.0167,15.1596,1.2170,6.5000
eurusd+gbpusd+nzdusd,day_open,6,0.4000,lon17,40,318,0.3962,-0.4072,-44.6454,0.2724,-0.0955,1.0000,-0.0101,0.2498,1.0295,2.6467,16.8167,19.6661,-0.1692,6.5000
eurusd+gbpusd+nzdusd,day_open,6,0.4000,ny11,0,318,0.4874,4.7006,-44.6583,0.2724,-0.0128,1.0000,0.1165,0.2498,1.0295,12.4667,15.9167,22.5609,2.9129,6.5000
eurusd+gbpusd+nzdusd,day_open,6,0.4000,ny11,25,318,0.3270,1.5813,-44.6583,0.2724,-0.0872,1.0000,0.0669,0.2498,1.0295,0.7900,14.8000,9.1823,1.0330,6.5000
eurusd+gbpusd+nzdusd,day_open,6,0.4000,ny11,30,318,0.3616,1.0506,-44.6583,0.2724,-0.1293,1.0000,0.0334,0.2498,1.0295,0.9117,14.9000,12.8364,0.8277,6.5000
eurusd+gbpusd+nzdusd,day_open,6,0.4000,ny11,40,318,0.3931,-0.9875,-44.6583,0.2724,-0.1942,1.0000,-0.0224,0.2498,1.0295,2.6467,15.2667,17.4691,-0.8126,6.5000
eurusd+gbpusd+nzdusd,day_open,6,0.4000,ny1655,0,318,0.4969,7.6639,-44.5557,0.2724,0.0473,1.0000,0.1265,0.2557,1.0295,18.3833,22.0833,24.1275,6.2308,6.5000
eurusd+gbpusd+nzdusd,day_open,6,0.4000,ny1655,25,318,0.2987,3.1284,-44.6454,0.2724,-0.0385,1.0000,0.1195,0.2498,1.0295,0.7900,20.6700,8.9489,2.4418,6.5000
eurusd+gbpusd+nzdusd,day_open,6,0.4000,ny1655,30,318,0.3365,3.1855,-44.6407,0.2724,-0.1079,1.0000,0.0933,0.2498,1.0295,0.9117,20.8167,13.2278,2.7899,6.5000
eurusd+gbpusd+nzdusd,day_open,6,0.4000,ny1655,40,318,0.3805,1.3672,-44.6427,0.2724,-0.1726,1.0000,0.0314,0.2498,1.0295,2.6467,21.1833,18.3891,1.3028,6.5000
eurusd+gbpusd+nzdusd,day_open,8,0.1000,lon17,0,5208,0.4908,-0.6352,-46.3989,0.2104,-0.5333,1.0000,-0.0613,0.2068,16.8601,13.3333,17.9500,21.5174,-0.3504,1.1791
eurusd+gbpusd+nzdusd,day_open,8,0.1000,lon17,25,5208,0.3650,-0.6443,-46.4678,0.2104,-0.3765,1.0000,-0.0654,0.2051,16.8601,3.0000,17.2167,14.5809,-0.4011,1.1791
eurusd+gbpusd+nzdusd,day_open,8,0.1000,lon17,30,5208,0.3977,-0.7247,-46.4737,0.2104,-0.3607,1.0000,-0.0631,0.2050,16.8601,4.5167,17.4333,16.6523,-0.3847,1.1791
eurusd+gbpusd+nzdusd,day_open,8,0.1000,lon17,40,5208,0.4414,-0.9828,-46.4359,0.2104,-0.4046,1.0000,-0.0749,0.2058,16.8601,6.9333,17.7167,18.9948,-0.7070,1.1791
eurusd+gbpusd+nzdusd,day_open,8,0.1000,ny11,0,5208,0.4925,-0.3551,-46.4089,0.2104,-0.5035,1.0000,-0.0323,0.2065,16.8601,12.3000,16.9167,20.8405,-0.1085,1.1791
eurusd+gbpusd+nzdusd,day_open,8,0.1000,ny11,25,5208,0.3714,-0.4213,-46.4787,0.2104,-0.3673,1.0000,-0.0501,0.2048,16.8601,3.0000,16.1333,14.1794,-0.2249,1.1791
eurusd+gbpusd+nzdusd,day_open,8,0.1000,ny11,30,5208,0.4050,-0.3787,-46.4847,0.2104,-0.3217,1.0000,-0.0415,0.2047,16.8601,4.5167,16.2833,16.0146,-0.0681,1.1791
eurusd+gbpusd+nzdusd,day_open,8,0.1000,ny11,40,5208,0.4453,-0.5703,-46.4467,0.2104,-0.3537,1.0000,-0.0551,0.2055,16.8601,6.9333,16.6500,18.0735,-0.3204,1.1791
eurusd+gbpusd+nzdusd,day_open,8,0.1000,ny1655,0,5208,0.4916,-0.4836,-46.3310,0.2104,-0.4607,1.0000,-0.0495,0.2092,16.8601,18.2500,22.7667,22.5955,-0.2676,1.1791
eurusd+gbpusd+nzdusd,day_open,8,0.1000,ny1655,25,5208,0.3497,-0.3836,-46.4557,0.2104,-0.3730,1.0000,-0.0439,0.2057,16.8601,3.0000,21.8167,13.2691,-0.1738,1.1791
eurusd+gbpusd+nzdusd,day_open,8,0.1000,ny1655,30,5208,0.3834,-0.6018,-46.4448,0.2104,-0.3586,1.0000,-0.0542,0.2060,16.8601,4.5167,22.0217,15.7364,-0.2601,1.1791
eurusd+gbpusd+nzdusd,day_open,8,0.1000,ny1655,40,5208,0.4318,-0.7822,-46.3905,0.2104,-0.4013,1.0000,-0.0616,0.2073,16.8601,6.9333,22.3383,19.1154,-0.4904,1.1791
eurusd+gbpusd+nzdusd,day_open,8,0.1500,lon17,0,3582,0.4972,-0.1700,-45.7166,0.2253,-0.4543,1.0000,-0.0138,0.2244,11.5962,12.6667,17.8167,22.4802,0.0616,1.5156
eurusd+gbpusd+nzdusd,day_open,8,0.1500,lon17,25,3582,0.3585,-0.5416,-45.8167,0.2253,-0.2992,1.0000,-0.0404,0.2217,11.5962,2.7167,16.4667,13.4523,-0.1995,1.5156
eurusd+gbpusd+nzdusd,day_open,8,0.1500,lon17,30,3582,0.3959,-0.5634,-45.7926,0.2253,-0.2896,1.0000,-0.0389,0.2222,11.5962,4.1000,16.8300,16.0151,-0.2333,1.5156
eurusd+gbpusd+nzdusd,day_open,8,0.1500,lon17,40,3582,0.4417,-0.6377,-45.7597,0.2253,-0.3274,1.0000,-0.0467,0.2232,11.5962,6.1183,17.2000,19.5427,-0.4086,1.5156
eurusd+gbpusd+nzdusd,day_open,8,0.1500,ny11,0,3582,0.4950,-0.1243,-45.7174,0.2253,-0.4915,1.0000,-0.0083,0.2244,11.5962,11.5833,16.7167,21.8920,0.0831,1.5156
eurusd+gbpusd+nzdusd,day_open,8,0.1500,ny11,25,3582,0.3660,-0.2558,-45.8181,0.2253,-0.2758,1.0000,-0.0188,0.2217,11.5962,2.7167,15.4333,13.6661,0.0907,1.5156
eurusd+gbpusd+nzdusd,day_open,8,0.1500,ny11,30,3582,0.4001,-0.2276,-45.7940,0.2253,-0.2691,1.0000,-0.0154,0.2222,11.5962,4.1000,15.7333,15.7328,0.1022,1.5156
eurusd+gbpusd+nzdusd,day_open,8,0.1500,ny11,40,3582,0.4408,-0.2661,-45.7610,0.2253,-0.3157,1.0000,-0.0190,0.2232,11.5962,6.1183,16.1333,18.5552,-0.0562,1.5156
eurusd+gbpusd+nzdusd,day_open,8,0.1500,ny1655,0,3582,0.4866,-0.2487,-45.6887,0.2253,-0.4168,1.0000,-0.0170,0.2265,11.5962,17.5000,22.5833,22.9651,-0.0375,1.5156
eurusd+gbpusd+nzdusd,day_open,8,0.1500,ny1655,25,3582,0.3350,-0.6749,-45.8208,0.2253,-0.3239,1.0000,-0.0465,0.2223,11.5962,2.7167,20.9667,12.5862,-0.3306,1.5156
eurusd+gbpusd+nzdusd,day_open,8,0.1500,ny1655,30,3582,0.3738,-0.6386,-45.7864,0.2253,-0.3043,1.0000,-0.0442,0.2232,11.5962,4.1000,21.4317,15.8972,-0.2716,1.5156
eurusd+gbpusd+nzdusd,day_open,8,0.1500,ny1655,40,3582,0.4213,-0.8801,-45.7402,0.2253,-0.3744,1.0000,-0.0574,0.2246,11.5962,6.1183,21.8667,19.6840,-0.5585,1.5156
eurusd+gbpusd+nzdusd,day_open,8,0.2000,lon17,0,2361,0.4850,-1.2758,-46.0713,0.2747,-0.3616,1.0000,-0.0642,0.2204,7.6434,12.4000,17.5833,22.2243,-1.1461,2.0260
eurusd+gbpusd+nzdusd,day_open,8,0.2000,lon17,25,2361,0.3482,-0.8733,-46.1787,0.2747,-0.2083,1.0000,-0.0650,0.2177,7.6434,2.3333,15.9667,13.1554,-0.6764,2.0260
eurusd+gbpusd+nzdusd,day_open,8,0.2000,lon17,30,2361,0.3816,-0.8195,-46.1689,0.2747,-0.2048,1.0000,-0.0585,0.2179,7.6434,3.7500,16.2833,15.5918,-0.6634,2.0260
eurusd+gbpusd+nzdusd,day_open,8,0.2000,lon17,40,2361,0.4265,-1.1543,-46.1178,0.2747,-0.3009,1.0000,-0.0733,0.2196,7.6434,5.4833,16.6667,18.2215,-0.9769,2.0260
eurusd+gbpusd+nzdusd,day_open,8,0.2000,ny11,0,2361,0.4820,-1.4359,-46.0724,0.2747,-0.4092,1.0000,-0.0746,0.2204,7.6434,11.2667,16.3167,22.3320,-1.3288,2.0260
eurusd+gbpusd+nzdusd,day_open,8,0.2000,ny11,25,2361,0.3554,-0.6694,-46.1787,0.2747,-0.1674,1.0000,-0.0528,0.2177,7.6434,2.3333,14.9500,12.8889,-0.4642,2.0260
eurusd+gbpusd+nzdusd,day_open,8,0.2000,ny11,30,2361,0.3880,-0.6071,-46.1689,0.2747,-0.1677,1.0000,-0.0467,0.2179,7.6434,3.7500,15.2833,15.4787,-0.4381,2.0260
eurusd+gbpusd+nzdusd,day_open,8,0.2000,ny11,40,2361,0.4282,-0.9387,-46.1178,0.2747,-0.2671,1.0000,-0.0622,0.2196,7.6434,5.4833,15.6500,17.7568,-0.7573,2.0260
eurusd+gbpusd+nzdusd,day_open,8,0.2000,ny1655,0,2361,0.4807,-1.3169,-45.9890,0.2747,-0.3400,1.0000,-0.0597,0.2243,7.6434,17.2333,22.2333,22.6663,-1.2674,2.0260
eurusd+gbpusd+nzdusd,day_open,8,0.2000,ny1655,25,2361,0.3257,-0.9846,-46.1209,0.2747,-0.2177,1.0000,-0.0693,0.2201,7.6434,2.3333,20.7000,11.4430,-0.8352,2.0260
eurusd+gbpusd+nzdusd,day_open,8,0.2000,ny1655,30,2361,0.3634,-0.9329,-46.1014,0.2747,-0.2214,1.0000,-0.0637,0.2206,7.6434,3.7500,20.9167,15.1296,-0.7737,2.0260
eurusd+gbpusd+nzdusd,day_open,8,0.2000,ny1655,40,2361,0.4117,-1.2995,-46.0613,0.2747,-0.3746,1.0000,-0.0763,0.2221,7.6434,5.4833,21.3667,18.3609,-1.0717,2.0260
eurusd+gbpusd+nzdusd,day_open,8,0.3000,lon17,0,1032,0.4700,-0.6885,-45.6173,0.3365,0.1037,1.0000,-0.0188,0.2267,3.3409,11.9000,17.1000,22.8066,-1.2331,4.1429
eurusd+gbpusd+nzdusd,day_open,8,0.3000,lon17,25,1032,0.3246,-1.1393,-45.7213,0.3365,0.3083,1.0000,-0.0477,0.2243,3.3409,1.6850,15.4667,9.7284,-1.2710,4.1429
eurusd+gbpusd+nzdusd,day_open,8,0.3000,lon17,30,1032,0.3576,-1.1187,-45.6872,0.3365,0.2072,1.0000,-0.0494,0.2253,3.3409,2.8183,15.7833,13.7324,-1.3150,4.1429
eurusd+gbpusd+nzdusd,day_open,8,0.3000,lon17,40,1032,0.3963,-2.1064,-45.6522,0.3365,0.0701,1.0000,-0.0693,0.2262,3.3409,4.5200,16.0167,18.2448,-2.1572,4.1429
eurusd+gbpusd+nzdusd,day_open,8,0.3000,ny11,0,1032,0.4651,-1.3838,-45.6194,0.3365,-0.0374,1.0000,-0.0414,0.2267,3.3409,10.8833,15.8333,23.2086,-1.9322,4.1429
eurusd+gbpusd+nzdusd,day_open,8,0.3000,ny11,25,1032,0.3304,-0.9516,-45.7213,0.3365,0.2429,1.0000,-0.0429,0.2243,3.3409,1.6850,14.5817,10.3355,-1.0432,4.1429
eurusd+gbpusd+nzdusd,day_open,8,0.3000,ny11,30,1032,0.3624,-0.9208,-45.6872,0.3365,0.1304,1.0000,-0.0419,0.2253,3.3409,2.8183,14.8000,13.0188,-1.0777,4.1429
eurusd+gbpusd+nzdusd,day_open,8,0.3000,ny11,40,1032,0.3973,-1.9686,-45.6536,0.3365,-0.0244,1.0000,-0.0693,0.2262,3.3409,4.5200,15.0167,17.3708,-2.0505,4.1429
eurusd+gbpusd+nzdusd,day_open,8,0.3000,ny1655,0,1032,0.4700,-1.7174,-45.5320,0.3365,-0.0288,1.0000,-0.0346,0.2306,3.3409,16.8000,21.8333,24.1351,-2.0917,4.1429
eurusd+gbpusd+nzdusd,day_open,8,0.3000,ny1655,25,1032,0.3072,-1.5291,-45.7210,0.3365,0.1741,1.0000,-0.0619,0.2247,3.3409,1.6850,20.1667,10.9579,-1.5389,4.1429
eurusd+gbpusd+nzdusd,day_open,8,0.3000,ny1655,30,1032,0.3450,-1.4759,-45.6869,0.3365,0.0266,1.0000,-0.0625,0.2257,3.3409,2.8183,20.5000,13.7480,-1.4951,4.1429
eurusd+gbpusd+nzdusd,day_open,8,0.3000,ny1655,40,1032,0.3847,-2.6115,-45.6511,0.3365,-0.1921,1.0000,-0.0805,0.2268,3.3409,4.5200,20.8667,18.1460,-2.5114,4.1429
eurusd+gbpusd+nzdusd,day_open,8,0.4000,lon17,0,486,0.4835,0.7381,-45.3503,0.3009,-0.1002,1.0000,0.0149,0.2252,1.5733,11.6500,17.1667,24.1530,-0.4241,4.7778
eurusd+gbpusd+nzdusd,day_open,8,0.4000,lon17,25,486,0.3128,-1.1390,-45.4405,0.3009,-0.1080,1.0000,-0.0412,0.2232,1.5733,1.1417,15.3833,11.9147,-1.3420,4.7778
eurusd+gbpusd+nzdusd,day_open,8,0.4000,lon17,30,486,0.3560,-1.2710,-45.4087,0.3009,-0.1463,1.0000,-0.0354,0.2242,1.5733,1.7083,15.6750,15.1596,-1.2597,4.7778
eurusd+gbpusd+nzdusd,day_open,8,0.4000,lon17,40,486,0.3971,-2.8176,-45.4075,0.3009,-0.1990,1.0000,-0.0576,0.2242,1.5733,3.5333,16.1417,18.9706,-2.5486,4.7778
eurusd+gbpusd+nzdusd,day_open,8,0.4000,ny11,0,486,0.4753,-0.4376,-45.3560,0.3009,-0.2374,1.0000,-0.0092,0.2252,1.5733,10.4833,15.8167,23.6917,-1.7811,4.7778
eurusd+gbpusd+nzdusd,day_open,8,0.4000,ny11,25,486,0.3230,-1.1906,-45.4421,0.3009,-0.2093,1.0000,-0.0428,0.2232,1.5733,1.1417,14.3833,10.9192,-1.4578,4.7778
eurusd+gbpusd+nzdusd,day_open,8,0.4000,ny11,30,486,0.3601,-1.7126,-45.4119,0.3009,-0.2395,1.0000,-0.0477,0.2242,1.5733,1.7083,14.5500,12.9879,-1.8025,4.7778
eurusd+gbpusd+nzdusd,day_open,8,0.4000,ny11,40,486,0.3951,-3.4480,-45.4119,0.3009,-0.2941,1.0000,-0.0667,0.2242,1.5733,3.5333,14.9000,17.4691,-3.2730,4.7778
eurusd+gbpusd+nzdusd,day_open,8,0.4000,ny1655,0,486,0.4630,0.9051,-45.1621,0.3009,-0.0901,1.0000,0.0134,0.2321,1.5733,16.4000,21.7667,24.1275,-0.2123,4.7778
eurusd+gbpusd+nzdusd,day_open,8,0.4000,ny1655,25,486,0.2840,-0.8829,-45.4382,0.3009,-0.1494,1.0000,-0.0266,0.2232,1.5733,1.1417,20.2167,8.2156,-1.0502,4.7778
eurusd+gbpusd+nzdusd,day_open,8,0.4000,ny1655,30,486,0.3230,-0.8643,-45.4061,0.3009,-0.1872,1.0000,-0.0203,0.2242,1.5733,1.7083,20.4333,13.4811,-0.9418,4.7778
eurusd+gbpusd+nzdusd,day_open,8,0.4000,ny1655,40,486,0.3621,-2.6292,-45.4041,0.3009,-0.2419,1.0000,-0.0455,0.2242,1.5733,3.5333,20.8167,16.7598,-2.4514,4.7778
eurusd+gbpusd+nzdusd,day_open,10,0.1000,lon17,0,5784,0.4926,-0.4718,-46.5518,0.2217,-0.5642,1.0000,-0.0502,0.2038,18.7248,11.1833,17.9333,21.0171,-0.2201,1.0811
eurusd+gbpusd+nzdusd,day_open,10,0.1000,lon17,25,5784,0.3709,-0.5409,-46.6170,0.2217,-0.4192,1.0000,-0.0638,0.2022,18.7248,2.8333,17.1333,14.6035,-0.3196,1.0811
eurusd+gbpusd+nzdusd,day_open,10,0.1000,lon17,30,5784,0.4035,-0.5766,-46.6226,0.2217,-0.3892,1.0000,-0.0588,0.2021,18.7248,4.2833,17.3167,16.7164,-0.2727,1.0811
eurusd+gbpusd+nzdusd,day_open,10,0.1000,lon17,40,5784,0.4473,-0.7593,-46.5892,0.2217,-0.4300,1.0000,-0.0703,0.2029,18.7248,6.8333,17.6500,18.6892,-0.5076,1.0811
eurusd+gbpusd+nzdusd,day_open,10,0.1000,ny11,0,5784,0.4955,-0.1358,-46.5608,0.2217,-0.5251,1.0000,-0.0135,0.2036,18.7248,10.1333,16.8667,20.5024,0.0845,1.0811
eurusd+gbpusd+nzdusd,day_open,10,0.1000,ny11,25,5784,0.3781,-0.2706,-46.6270,0.2217,-0.4128,1.0000,-0.0366,0.2019,18.7248,2.8333,16.0500,14.2560,-0.0882,1.0811
eurusd+gbpusd+nzdusd,day_open,10,0.1000,ny11,30,5784,0.4117,-0.1865,-46.6326,0.2217,-0.3445,1.0000,-0.0234,0.2018,18.7248,4.2833,16.2167,16.2052,0.0869,1.0811
eurusd+gbpusd+nzdusd,day_open,10,0.1000,ny11,40,5784,0.4519,-0.2907,-46.5991,0.2217,-0.3775,1.0000,-0.0337,0.2026,18.7248,6.8333,16.5667,17.8893,-0.0596,1.0811
eurusd+gbpusd+nzdusd,day_open,10,0.1000,ny1655,0,5784,0.4901,-0.5327,-46.4653,0.2217,-0.4994,1.0000,-0.0558,0.2065,18.7248,16.0667,22.7167,22.2225,-0.3578,1.0811
eurusd+gbpusd+nzdusd,day_open,10,0.1000,ny1655,25,5784,0.3536,-0.4164,-46.5854,0.2217,-0.3959,1.0000,-0.0522,0.2032,18.7248,2.8333,21.6667,13.4264,-0.2271,1.0811
eurusd+gbpusd+nzdusd,day_open,10,0.1000,ny1655,30,5784,0.3861,-0.6397,-46.5722,0.2217,-0.3738,1.0000,-0.0625,0.2035,18.7248,4.2833,21.9500,15.8410,-0.3247,1.0811
eurusd+gbpusd+nzdusd,day_open,10,0.1000,ny1655,40,5784,0.4345,-0.7347,-46.5237,0.2217,-0.4213,1.0000,-0.0648,0.2047,18.7248,6.8333,22.2167,18.9298,-0.4684,1.0811
eurusd+gbpusd+nzdusd,day_open,10,0.1500,lon17,0,4524,0.4889,-0.3248,-46.3758,0.1948,-0.3448,1.0000,-0.0317,0.2076,14.6457,9.9383,17.7167,21.5201,-0.0637,1.3434
eurusd+gbpusd+nzdusd,day_open,10,0.1500,lon17,25,4524,0.3610,-0.7308,-46.4919,0.1948,-0.1496,1.0000,-0.0699,0.2048,14.6457,2.2883,16.2000,13.4747,-0.3771,1.3434
eurusd+gbpusd+nzdusd,day_open,10,0.1500,lon17,30,4524,0.3981,-0.5775,-46.4622,0.1948,-0.1577,1.0000,-0.0484,0.2055,14.6457,3.5500,16.5833,15.8577,-0.2425,1.3434
eurusd+gbpusd+nzdusd,day_open,10,0.1500,lon17,40,4524,0.4401,-0.6958,-46.4239,0.1948,-0.2034,1.0000,-0.0554,0.2065,14.6457,5.8167,17.0000,19.1091,-0.4403,1.3434
eurusd+gbpusd+nzdusd,day_open,10,0.1500,ny11,0,4524,0.4872,-0.2911,-46.3757,0.1948,-0.4318,1.0000,-0.0262,0.2076,14.6457,8.9167,16.6500,20.9170,-0.0383,1.3434
eurusd+gbpusd+nzdusd,day_open,10,0.1500,ny11,25,4524,0.3698,-0.4507,-46.4927,0.1948,-0.1717,1.0000,-0.0490,0.2048,14.6457,2.2883,15.0500,13.8804,-0.0944,1.3434
eurusd+gbpusd+nzdusd,day_open,10,0.1500,ny11,30,4524,0.4038,-0.2648,-46.4630,0.1948,-0.1699,1.0000,-0.0274,0.2055,14.6457,3.5500,15.5833,15.6948,0.0756,1.3434
eurusd+gbpusd+nzdusd,day_open,10,0.1500,ny11,40,4524,0.4416,-0.3318,-46.4248,0.1948,-0.2216,1.0000,-0.0337,0.2065,14.6457,5.8167,15.9667,17.8905,-0.0805,1.3434
eurusd+gbpusd+nzdusd,day_open,10,0.1500,ny1655,0,4524,0.4830,-0.2423,-46.3180,0.1948,-0.3416,1.0000,-0.0223,0.2098,14.6457,14.8333,22.3950,22.2414,-0.0213,1.3434
eurusd+gbpusd+nzdusd,day_open,10,0.1500,ny1655,25,4524,0.3415,-0.7205,-46.4781,0.1948,-0.1878,1.0000,-0.0645,0.2056,14.6457,2.2883,20.6783,12.7298,-0.3583,1.3434
eurusd+gbpusd+nzdusd,day_open,10,0.1500,ny1655,30,4524,0.3793,-0.5702,-46.4382,0.1948,-0.1767,1.0000,-0.0457,0.2066,14.6457,3.5500,20.9667,15.7241,-0.2005,1.3434
eurusd+gbpusd+nzdusd,day_open,10,0.1500,ny1655,40,4524,0.4246,-0.7901,-46.3838,0.1948,-0.2878,1.0000,-0.0557,0.2080,14.6457,5.8167,21.5667,19.1744,-0.4513,1.3434
eurusd+gbpusd+nzdusd,day_open,10,0.2000,lon17,0,3246,0.4945,-0.4452,-47.1962,0.2686,-0.3794,1.0000,-0.0395,0.1955,10.5084,9.7333,17.3000,21.7409,-0.2181,1.7404
eurusd+gbpusd+nzdusd,day_open,10,0.2000,lon17,25,3246,0.3678,-0.3552,-47.2887,0.2686,-0.2102,1.0000,-0.0387,0.1935,10.5084,1.9500,15.7000,13.7794,-0.0672,1.7404
eurusd+gbpusd+nzdusd,day_open,10,0.2000,lon17,30,3246,0.3990,-0.3508,-47.2732,0.2686,-0.2247,1.0000,-0.0362,0.1938,10.5084,3.0333,15.9333,16.1864,-0.1543,1.7404
eurusd+gbpusd+nzdusd,day_open,10,0.2000,lon17,40,3246,0.4430,-0.5877,-47.2414,0.2686,-0.3147,1.0000,-0.0558,0.1947,10.5084,5.1917,16.4500,18.3083,-0.3280,1.7404
eurusd+gbpusd+nzdusd,day_open,10,0.2000,ny11,0,3246,0.4932,-0.4455,-47.1983,0.2686,-0.4380,1.0000,-0.0383,0.1955,10.5084,8.6833,16.2167,21.7040,-0.2581,1.7404
eurusd+gbpusd+nzdusd,day_open,10,0.2000,ny11,25,3246,0.3765,-0.0796,-47.2913,0.2686,-0.1545,1.0000,-0.0093,0.1935,10.5084,1.9500,14.6833,13.3204,0.2012,1.7404
eurusd+gbpusd+nzdusd,day_open,10,0.2000,ny11,30,3246,0.4076,-0.0382,-47.2758,0.2686,-0.1756,1.0000,-0.0042,0.1938,10.5084,3.0333,14.9417,15.6189,0.1563,1.7404
eurusd+gbpusd+nzdusd,day_open,10,0.2000,ny11,40,3246,0.4464,-0.2600,-47.2440,0.2686,-0.2724,1.0000,-0.0249,0.1947,10.5084,5.1917,15.4000,17.8442,-0.0239,1.7404
eurusd+gbpusd+nzdusd,day_open,10,0.2000,ny1655,0,3246,0.4868,-0.5889,-47.1334,0.2686,-0.3548,1.0000,-0.0416,0.1981,10.5084,14.6167,21.8833,21.9178,-0.4413,1.7404
eurusd+gbpusd+nzdusd,day_open,10,0.2000,ny1655,25,3246,0.3438,-0.4941,-47.2689,0.2686,-0.2196,1.0000,-0.0585,0.1946,10.5084,1.9500,20.3333,11.8622,-0.1990,1.7404
eurusd+gbpusd+nzdusd,day_open,10,0.2000,ny1655,30,3246,0.3783,-0.5297,-47.2422,0.2686,-0.2680,1.0000,-0.0576,0.1951,10.5084,3.0333,20.5500,15.6335,-0.3026,1.7404
eurusd+gbpusd+nzdusd,day_open,10,0.2000,ny1655,40,3246,0.4261,-0.7866,-47.2065,0.2686,-0.4029,1.0000,-0.0667,0.1962,10.5084,5.1917,20.8500,18.5375,-0.4553,1.7404
eurusd+gbpusd+nzdusd,day_open,10,0.3000,lon17,0,1575,0.4838,-0.2565,-47.6436,0.2665,-0.1465,1.0000,-0.0095,0.1867,5.0988,9.5500,16.7167,22.7579,-0.4582,3.0513
eurusd+gbpusd+nzdusd,day_open,10,0.3000,lon17,25,1575,0.3410,-0.6422,-47.7632,0.2665,0.1936,1.0000,-0.0311,0.1848,5.0988,1.2400,15.1167,12.5285,-0.7520,3.0513
eurusd+gbpusd+nzdusd,day_open,10,0.3000,lon17,30,1575,0.3797,-0.2355,-47.7289,0.2665,0.0485,1.0000,-0.0137,0.1854,5.0988,2.0500,15.3600,15.5307,-0.3252,3.0513
eurusd+gbpusd+nzdusd,day_open,10,0.3000,lon17,40,1575,0.4197,-0.8882,-47.6851,0.2665,-0.1072,1.0000,-0.0416,0.1864,5.0988,3.6667,15.6933,19.2835,-0.8366,3.0513
eurusd+gbpusd+nzdusd,day_open,10,0.3000,ny11,0,1575,0.4825,-0.6950,-47.6434,0.2665,-0.3682,1.0000,-0.0291,0.1867,5.0988,8.5333,15.3833,23.5079,-0.9531,3.0513
eurusd+gbpusd+nzdusd,day_open,10,0.3000,ny11,25,1575,0.3530,-0.3639,-47.7632,0.2665,0.0868,1.0000,-0.0200,0.1848,5.0988,1.2400,14.1333,12.9317,-0.4411,3.0513
eurusd+gbpusd+nzdusd,day_open,10,0.3000,ny11,30,1575,0.3905,0.0500,-47.7289,0.2665,-0.0751,1.0000,0.0034,0.1854,5.0988,2.0500,14.4767,15.2330,-0.0288,3.0513
eurusd+gbpusd+nzdusd,day_open,10,0.3000,ny11,40,1575,0.4267,-0.7050,-47.6848,0.2665,-0.2628,1.0000,-0.0366,0.1864,5.0988,3.6667,14.7833,18.9371,-0.6828,3.0513
eurusd+gbpusd+nzdusd,day_open,10,0.3000,ny1655,0,1575,0.4787,-1.0553,-47.5955,0.2665,-0.2354,1.0000,-0.0310,0.1883,5.0988,14.4500,21.2167,24.1368,-1.0906,3.0513
eurusd+gbpusd+nzdusd,day_open,10,0.3000,ny1655,25,1575,0.3251,-0.9239,-47.8171,0.2665,0.0384,1.0000,-0.0461,0.1841,5.0988,1.2400,19.3600,12.3208,-0.9027,3.0513
eurusd+gbpusd+nzdusd,day_open,10,0.3000,ny1655,30,1575,0.3651,-0.5239,-47.7777,0.2665,-0.1822,1.0000,-0.0298,0.1847,5.0988,2.0500,19.9833,16.0503,-0.4164,3.0513
eurusd+gbpusd+nzdusd,day_open,10,0.3000,ny1655,40,1575,0.4070,-1.2248,-47.7262,0.2665,-0.3689,1.0000,-0.0519,0.1857,5.0988,3.6667,20.2500,19.5722,-1.0076,3.0513
eurusd+gbpusd+nzdusd,day_open,10,0.4000,lon17,0,792,0.4659,-3.1425,-46.5558,0.3384,-0.3487,1.0000,-0.0650,0.1989,2.5640,9.4167,16.7167,24.4475,-3.6051,3.8235
eurusd+gbpusd+nzdusd,day_open,10,0.4000,lon17,25,792,0.3207,-2.0457,-46.6436,0.3384,-0.3902,1.0000,-0.0795,0.1976,2.5640,0.9667,14.4833,12.1295,-1.7799,3.8235
eurusd+gbpusd+nzdusd,day_open,10,0.4000,lon17,30,792,0.3548,-2.4856,-46.6195,0.3384,-0.4003,1.0000,-0.0821,0.1982,2.5640,1.1850,14.7333,15.4287,-2.0943,3.8235
eurusd+gbpusd+nzdusd,day_open,10,0.4000,lon17,40,792,0.3952,-3.9058,-46.6037,0.3384,-0.4745,1.0000,-0.0904,0.1982,2.5640,2.3333,15.3833,18.5636,-3.3027,3.8235
eurusd+gbpusd+nzdusd,day_open,10,0.4000,ny11,0,792,0.4533,-4.1210,-46.5560,0.3384,-0.4779,1.0000,-0.0887,0.1989,2.5640,8.4000,15.3333,24.3340,-4.6718,3.8235
eurusd+gbpusd+nzdusd,day_open,10,0.4000,ny11,25,792,0.3295,-2.0978,-46.6434,0.3384,-0.4566,1.0000,-0.0729,0.1976,2.5640,0.9667,13.4983,12.4930,-1.8787,3.8235
eurusd+gbpusd+nzdusd,day_open,10,0.4000,ny11,30,792,0.3611,-2.6266,-46.6191,0.3384,-0.4568,1.0000,-0.0761,0.1982,2.5640,1.1850,13.8317,14.6026,-2.2941,3.8235
eurusd+gbpusd+nzdusd,day_open,10,0.4000,ny11,40,792,0.3889,-4.1687,-46.6033,0.3384,-0.5196,1.0000,-0.0881,0.1982,2.5640,2.3333,14.3000,18.0770,-3.6520,3.8235
eurusd+gbpusd+nzdusd,day_open,10,0.4000,ny1655,0,792,0.4634,-2.8874,-46.4744,0.3384,-0.3169,1.0000,-0.0529,0.2019,2.5640,14.3167,21.2500,24.8691,-3.3497,3.8235
eurusd+gbpusd+nzdusd,day_open,10,0.4000,ny1655,25,792,0.2992,-1.7860,-46.7482,0.3384,-0.4000,1.0000,-0.0763,0.1958,2.5640,0.9667,19.3000,10.3644,-1.4852,3.8235
eurusd+gbpusd+nzdusd,day_open,10,0.4000,ny1655,30,792,0.3359,-2.0805,-46.7147,0.3384,-0.4178,1.0000,-0.0771,0.1966,2.5640,1.1850,19.4167,13.9141,-1.7674,3.8235
eurusd+gbpusd+nzdusd,day_open,10,0.4000,ny1655,40,792,0.3788,-3.7702,-46.6882,0.3384,-0.5081,1.0000,-0.0914,0.1966,2.5640,2.3333,20.0467,17.6097,-3.2399,3.8235
eurusd+gbpusd+nzdusd,prev_close,6,0.1000,lon17,0,4815,0.4866,-1.3556,-45.9015,0.1850,-0.5572,1.0000,-0.0895,0.2196,15.5878,14.1000,17.9833,21.8309,-1.2364,1.1765
eurusd+gbpusd+nzdusd,prev_close,6,0.1000,lon17,25,4815,0.3610,-0.9528,-45.9864,0.1850,-0.3970,1.0000,-0.0745,0.2175,15.5878,3.0333,17.6167,14.0756,-0.7773,1.1765
eurusd+gbpusd+nzdusd,prev_close,6,0.1000,lon17,30,4815,0.3927,-1.1385,-45.9774,0.1850,-0.3896,1.0000,-0.0770,0.2178,15.5878,4.6500,17.7767,16.1658,-0.9479,1.1765
eurusd+gbpusd+nzdusd,prev_close,6,0.1000,lon17,40,4815,0.4351,-1.4325,-45.9539,0.1850,-0.4102,1.0000,-0.0822,0.2183,15.5878,6.9233,17.9167,19.1014,-1.3021,1.1765
eurusd+gbpusd+nzdusd,prev_close,6,0.1000,ny11,0,4815,0.4856,-1.0779,-45.9101,0.1850,-0.5726,1.0000,-0.0783,0.2193,15.5878,13.0333,16.9833,21.2984,-1.0257,1.1765
eurusd+gbpusd+nzdusd,prev_close,6,0.1000,ny11,25,4815,0.3659,-0.7621,-45.9857,0.1850,-0.4214,1.0000,-0.0670,0.2175,15.5878,3.0333,16.4500,14.0632,-0.6331,1.1765
eurusd+gbpusd+nzdusd,prev_close,6,0.1000,ny11,30,4815,0.3969,-0.8196,-45.9767,0.1850,-0.3979,1.0000,-0.0658,0.2178,15.5878,4.6500,16.6933,15.4405,-0.6581,1.1765
eurusd+gbpusd+nzdusd,prev_close,6,0.1000,ny11,40,4815,0.4372,-1.0486,-45.9531,0.1850,-0.3948,1.0000,-0.0719,0.2183,15.5878,6.9233,16.8933,18.1114,-0.9447,1.1765
eurusd+gbpusd+nzdusd,prev_close,6,0.1000,ny1655,0,4815,0.4852,-1.1308,-45.8345,0.1850,-0.4881,1.0000,-0.0778,0.2222,15.5878,18.9667,22.9000,23.1949,-1.1086,1.1765
eurusd+gbpusd+nzdusd,prev_close,6,0.1000,ny1655,25,4815,0.3423,-0.8484,-45.9637,0.1850,-0.3617,1.0000,-0.0664,0.2184,15.5878,3.0333,22.2100,13.0481,-0.6924,1.1765
eurusd+gbpusd+nzdusd,prev_close,6,0.1000,ny1655,30,4815,0.3759,-1.0649,-45.9484,0.1850,-0.3644,1.0000,-0.0698,0.2188,15.5878,4.6500,22.5833,15.2395,-0.8842,1.1765
eurusd+gbpusd+nzdusd,prev_close,6,0.1000,ny1655,40,4815,0.4228,-1.3192,-45.9048,0.1850,-0.3902,1.0000,-0.0750,0.2200,15.5878,6.9400,22.7667,19.0494,-1.1453,1.1765
eurusd+gbpusd+nzdusd,prev_close,6,0.1500,lon17,0,3213,0.4899,-1.6274,-45.0052,0.2480,-0.3402,1.0000,-0.0989,0.2465,10.4016,13.8000,18.0167,23.2265,-1.5157,1.7212
eurusd+gbpusd+nzdusd,prev_close,6,0.1500,lon17,25,3213,0.3539,-1.0879,-45.0778,0.2480,-0.1725,1.0000,-0.0713,0.2441,10.4016,2.4333,17.4500,14.2028,-0.9226,1.7212
eurusd+gbpusd+nzdusd,prev_close,6,0.1500,lon17,30,3213,0.3915,-1.0797,-45.0729,0.2480,-0.1805,1.0000,-0.0686,0.2443,10.4016,4.1867,17.8167,15.9433,-0.9514,1.7212
eurusd+gbpusd+nzdusd,prev_close,6,0.1500,lon17,40,3213,0.4311,-1.8103,-45.0402,0.2480,-0.1754,1.0000,-0.0899,0.2452,10.4016,6.1733,17.9333,19.2666,-1.7196,1.7212
eurusd+gbpusd+nzdusd,prev_close,6,0.1500,ny11,0,3213,0.4837,-1.8008,-45.0039,0.2480,-0.4175,1.0000,-0.0981,0.2465,10.4016,12.7667,16.9833,22.7863,-1.7502,1.7212
eurusd+gbpusd+nzdusd,prev_close,6,0.1500,ny11,25,3213,0.3573,-0.9604,-45.0771,0.2480,-0.1884,1.0000,-0.0689,0.2441,10.4016,2.4333,16.3233,13.8854,-0.8095,1.7212
eurusd+gbpusd+nzdusd,prev_close,6,0.1500,ny11,30,3213,0.3918,-0.9200,-45.0722,0.2480,-0.1866,1.0000,-0.0642,0.2443,10.4016,4.1867,16.7667,15.5359,-0.7926,1.7212
eurusd+gbpusd+nzdusd,prev_close,6,0.1500,ny11,40,3213,0.4270,-1.5949,-45.0395,0.2480,-0.1791,1.0000,-0.0868,0.2452,10.4016,6.1733,16.9333,18.5170,-1.5010,1.7212
eurusd+gbpusd+nzdusd,prev_close,6,0.1500,ny1655,0,3213,0.4821,-1.1175,-44.9909,0.2480,-0.2782,1.0000,-0.0777,0.2482,10.4016,18.6833,22.9167,23.8048,-1.0364,1.7212
eurusd+gbpusd+nzdusd,prev_close,6,0.1500,ny1655,25,3213,0.3305,-0.9476,-45.0898,0.2480,-0.1743,1.0000,-0.0632,0.2445,10.4016,2.4533,22.0167,12.7943,-0.7733,1.7212
eurusd+gbpusd+nzdusd,prev_close,6,0.1500,ny1655,30,3213,0.3694,-0.9484,-45.0733,0.2480,-0.1823,1.0000,-0.0613,0.2450,10.4016,4.2367,22.5833,16.1081,-0.7939,1.7212
eurusd+gbpusd+nzdusd,prev_close,6,0.1500,ny1655,40,3213,0.4121,-1.7296,-45.0409,0.2480,-0.2039,1.0000,-0.0851,0.2460,10.4016,6.2167,22.8167,19.9186,-1.5653,1.7212
eurusd+gbpusd+nzdusd,prev_close,6,0.2000,lon17,0,2076,0.4831,-1.0346,-44.7890,0.2536,-0.1396,1.0000,-0.0531,0.2608,6.7207,13.6667,20.0000,23.4226,-1.0173,2.7143
eurusd+gbpusd+nzdusd,prev_close,6,0.2000,lon17,25,2076,0.3497,-0.7969,-44.8584,0.2536,-0.0309,1.0000,-0.0527,0.2579,6.7207,2.2833,17.9333,13.4141,-0.6666,2.7143
eurusd+gbpusd+nzdusd,prev_close,6,0.2000,lon17,30,2076,0.3834,-0.8086,-44.8612,0.2536,-0.0810,1.0000,-0.0505,0.2577,6.7207,3.8250,17.9667,15.4142,-0.7457,2.7143
eurusd+gbpusd+nzdusd,prev_close,6,0.2000,lon17,40,2076,0.4249,-1.4122,-44.8155,0.2536,-0.1344,1.0000,-0.0757,0.2591,6.7207,5.6833,18.1167,18.6648,-1.3294,2.7143
eurusd+gbpusd+nzdusd,prev_close,6,0.2000,ny11,0,2076,0.4798,-1.1343,-44.7947,0.2536,-0.1869,1.0000,-0.0662,0.2608,6.7207,12.6667,19.8667,23.1388,-1.1828,2.7143
eurusd+gbpusd+nzdusd,prev_close,6,0.2000,ny11,25,2076,0.3565,-0.6091,-44.8610,0.2536,-0.0408,1.0000,-0.0503,0.2579,6.7207,2.2833,16.8917,13.3953,-0.5079,2.7143
eurusd+gbpusd+nzdusd,prev_close,6,0.2000,ny11,30,2076,0.3897,-0.6110,-44.8638,0.2536,-0.0774,1.0000,-0.0471,0.2577,6.7207,3.8250,16.9667,15.4101,-0.5649,2.7143
eurusd+gbpusd+nzdusd,prev_close,6,0.2000,ny11,40,2076,0.4249,-1.1841,-44.8190,0.2536,-0.1302,1.0000,-0.0767,0.2591,6.7207,5.6833,16.9833,18.0508,-1.1425,2.7143
eurusd+gbpusd+nzdusd,prev_close,6,0.2000,ny1655,0,2076,0.4793,-0.8179,-44.7166,0.2536,-0.0929,1.0000,-0.0372,0.2645,6.7207,18.5833,23.3167,23.7588,-0.9052,2.7143
eurusd+gbpusd+nzdusd,prev_close,6,0.2000,ny1655,25,2076,0.3266,-0.8638,-44.8394,0.2536,0.0116,1.0000,-0.0519,0.2594,6.7207,2.2833,22.6500,12.4996,-0.7693,2.7143
eurusd+gbpusd+nzdusd,prev_close,6,0.2000,ny1655,30,2076,0.3637,-0.8200,-44.8422,0.2536,-0.0489,1.0000,-0.0459,0.2593,6.7207,3.8250,22.7667,16.0164,-0.7303,2.7143
eurusd+gbpusd+nzdusd,prev_close,6,0.2000,ny1655,40,2076,0.4090,-1.5267,-44.7924,0.2536,-0.1462,1.0000,-0.0759,0.2608,6.7207,5.6833,22.8833,19.0652,-1.4376,2.7143
eurusd+gbpusd+nzdusd,prev_close,6,0.3000,lon17,0,945,0.5058,2.5673,-44.1796,0.3676,0.0564,1.0000,0.1712,0.2761,3.0593,13.7000,23.6167,25.4142,1.8971,5.3846
eurusd+gbpusd+nzdusd,prev_close,6,0.3000,lon17,25,945,0.3534,1.6387,-44.2711,0.3676,0.1545,1.0000,0.0954,0.2713,3.0593,1.8467,20.0000,14.6500,1.2898,5.3846
eurusd+gbpusd+nzdusd,prev_close,6,0.3000,lon17,30,945,0.3873,1.7047,-44.2563,0.3676,0.0811,1.0000,0.1209,0.2713,3.0593,2.9900,21.6933,15.6622,1.3127,5.3846
eurusd+gbpusd+nzdusd,prev_close,6,0.3000,lon17,40,945,0.4339,1.4359,-44.2252,0.3676,0.0633,1.0000,0.0854,0.2729,3.0593,4.9200,22.0333,20.6117,1.2221,5.3846
eurusd+gbpusd+nzdusd,prev_close,6,0.3000,ny11,0,945,0.4899,1.4477,-44.1755,0.3676,-0.0679,1.0000,0.0733,0.2761,3.0593,12.6000,23.6167,25.1931,0.7238,5.3846
eurusd+gbpusd+nzdusd,prev_close,6,0.3000,ny11,25,945,0.3524,1.6411,-44.2711,0.3676,0.1138,1.0000,0.0966,0.2713,3.0593,1.8467,20.0000,13.0481,1.2875,5.3846
eurusd+gbpusd+nzdusd,prev_close,6,0.3000,ny11,30,945,0.3852,1.6318,-44.2563,0.3676,0.0421,1.0000,0.1046,0.2713,3.0593,2.9900,21.6933,14.1896,1.2470,5.3846
eurusd+gbpusd+nzdusd,prev_close,6,0.3000,ny11,40,945,0.4265,1.2430,-44.2218,0.3676,0.0221,1.0000,0.0723,0.2729,3.0593,4.9200,21.8167,19.2666,0.9861,5.3846
eurusd+gbpusd+nzdusd,prev_close,6,0.3000,ny1655,0,945,0.5175,3.7240,-44.0674,0.3676,0.0431,1.0000,0.1577,0.2801,3.0593,18.5167,24.0000,25.9192,3.0257,5.3846
eurusd+gbpusd+nzdusd,prev_close,6,0.3000,ny1655,25,945,0.3429,2.0506,-44.2940,0.3676,0.1163,1.0000,0.1317,0.2707,3.0593,1.8467,22.8433,14.2028,1.6285,5.3846
eurusd+gbpusd+nzdusd,prev_close,6,0.3000,ny1655,30,945,0.3799,1.9547,-44.2495,0.3676,0.0308,1.0000,0.1559,0.2712,3.0593,2.9900,23.0000,16.0756,1.6062,5.3846
eurusd+gbpusd+nzdusd,prev_close,6,0.3000,ny1655,40,945,0.4317,1.7546,-44.2106,0.3676,-0.0311,1.0000,0.1223,0.2728,3.0593,4.9200,23.5167,21.5224,1.4855,5.3846
eurusd+gbpusd+nzdusd,prev_close,6,0.4000,lon17,0,450,0.5044,4.3771,-42.8699,0.1875,0.0680,1.0000,0.1475,0.3197,1.4568,13.6917,24.0000,24.5934,3.2053,7.5000
eurusd+gbpusd+nzdusd,prev_close,6,0.4000,lon17,25,450,0.3600,3.8656,-42.9714,0.1875,0.0409,1.0000,0.2235,0.3086,1.4568,1.1650,23.5683,13.2005,3.3756,7.5000
eurusd+gbpusd+nzdusd,prev_close,6,0.4000,lon17,30,450,0.3867,3.1899,-42.9004,0.1875,0.0074,1.0000,0.1391,0.3119,1.4568,2.3000,23.9200,15.2885,2.9576,7.5000
eurusd+gbpusd+nzdusd,prev_close,6,0.4000,lon17,40,450,0.4222,1.4897,-42.8656,0.1875,0.0148,1.0000,0.0517,0.3152,1.4568,3.6917,23.9500,18.6521,1.7007,7.5000
eurusd+gbpusd+nzdusd,prev_close,6,0.4000,ny11,0,450,0.4956,3.7607,-42.8668,0.1875,-0.0140,1.0000,0.1289,0.3197,1.4568,12.6100,24.0000,24.2029,2.3971,7.5000
eurusd+gbpusd+nzdusd,prev_close,6,0.4000,ny11,25,450,0.3578,3.6248,-42.9692,0.1875,-0.0013,1.0000,0.2086,0.3086,1.4568,1.1650,23.5683,12.7621,3.1496,7.5000
eurusd+gbpusd+nzdusd,prev_close,6,0.4000,ny11,30,450,0.3844,2.7580,-42.8968,0.1875,-0.0241,1.0000,0.1178,0.3119,1.4568,2.3000,23.9200,14.7602,2.4549,7.5000
eurusd+gbpusd+nzdusd,prev_close,6,0.4000,ny11,40,450,0.4156,0.8304,-42.8590,0.1875,-0.0244,1.0000,0.0270,0.3152,1.4568,3.6917,23.9500,19.5965,0.9029,7.5000
eurusd+gbpusd+nzdusd,prev_close,6,0.4000,ny1655,0,450,0.5089,6.2985,-42.6818,0.1875,0.0630,1.0000,0.1390,0.3241,1.4568,18.6083,24.0000,26.0437,5.2080,7.5000
eurusd+gbpusd+nzdusd,prev_close,6,0.4000,ny1655,25,450,0.3489,5.2098,-42.9239,0.1875,0.0636,1.0000,0.2907,0.3086,1.4568,1.1650,23.9167,13.3657,4.6442,7.5000
eurusd+gbpusd+nzdusd,prev_close,6,0.4000,ny1655,30,450,0.3778,4.6926,-42.8367,0.1875,0.0161,1.0000,0.1908,0.3119,1.4568,2.3000,23.9500,15.3623,4.3229,7.5000
eurusd+gbpusd+nzdusd,prev_close,6,0.4000,ny1655,40,450,0.4156,2.6474,-42.7650,0.1875,0.0048,1.0000,0.0838,0.3152,1.4568,3.6917,23.9500,19.1596,2.6413,7.5000
eurusd+gbpusd+nzdusd,prev_close,8,0.1000,lon17,0,5259,0.4900,-0.8584,-46.3033,0.1942,-0.5639,1.0000,-0.0604,0.2091,17.0252,13.3667,17.9833,21.6246,-0.6677,1.1750
eurusd+gbpusd+nzdusd,prev_close,8,0.1000,lon17,25,5259,0.3660,-0.7500,-46.3890,0.1942,-0.3826,1.0000,-0.0622,0.2071,17.0252,3.0500,17.4667,14.4125,-0.5329,1.1750
eurusd+gbpusd+nzdusd,prev_close,8,0.1000,lon17,30,5259,0.3980,-0.8730,-46.3816,0.1942,-0.3754,1.0000,-0.0653,0.2073,17.0252,4.6267,17.6833,16.3430,-0.6445,1.1750
eurusd+gbpusd+nzdusd,prev_close,8,0.1000,lon17,40,5259,0.4394,-1.1129,-46.3586,0.1942,-0.3922,1.0000,-0.0718,0.2077,17.0252,6.9500,17.8833,19.1726,-0.9423,1.1750
eurusd+gbpusd+nzdusd,prev_close,8,0.1000,ny11,0,5259,0.4894,-0.5717,-46.3128,0.1942,-0.5729,1.0000,-0.0449,0.2088,17.0252,12.3333,16.9667,20.9395,-0.4450,1.1750
eurusd+gbpusd+nzdusd,prev_close,8,0.1000,ny11,25,5259,0.3716,-0.5622,-46.3893,0.1942,-0.4042,1.0000,-0.0538,0.2071,17.0252,3.0500,16.2500,14.2028,-0.3945,1.1750
eurusd+gbpusd+nzdusd,prev_close,8,0.1000,ny11,30,5259,0.4031,-0.5511,-46.3819,0.1942,-0.3783,1.0000,-0.0492,0.2073,17.0252,4.6267,16.6167,15.8664,-0.3516,1.1750
eurusd+gbpusd+nzdusd,prev_close,8,0.1000,ny11,40,5259,0.4421,-0.7432,-46.3589,0.1942,-0.3727,1.0000,-0.0577,0.2077,17.0252,6.9500,16.8333,18.3527,-0.5958,1.1750
eurusd+gbpusd+nzdusd,prev_close,8,0.1000,ny1655,0,5259,0.4866,-0.7484,-46.2230,0.1942,-0.4997,1.0000,-0.0607,0.2117,17.0252,18.2833,22.9000,22.9654,-0.6410,1.1750
eurusd+gbpusd+nzdusd,prev_close,8,0.1000,ny1655,25,5259,0.3470,-0.6520,-46.3618,0.1942,-0.3437,1.0000,-0.0538,0.2079,17.0252,3.0500,22.0667,13.3945,-0.4473,1.1750
eurusd+gbpusd+nzdusd,prev_close,8,0.1000,ny1655,30,5259,0.3811,-0.7864,-46.3478,0.1942,-0.3494,1.0000,-0.0570,0.2084,17.0252,4.6267,22.3367,15.5307,-0.5683,1.1750
eurusd+gbpusd+nzdusd,prev_close,8,0.1000,ny1655,40,5259,0.4267,-1.0079,-46.3045,0.1942,-0.3605,1.0000,-0.0631,0.2094,17.0252,6.9800,22.6833,19.1160,-0.7860,1.1750
eurusd+gbpusd+nzdusd,prev_close,8,0.1500,lon17,0,3708,0.4922,-1.1555,-45.5946,0.2730,-0.3581,1.0000,-0.0706,0.2290,12.0041,12.7167,17.9833,22.9318,-1.0202,1.6066
eurusd+gbpusd+nzdusd,prev_close,8,0.1500,lon17,25,3708,0.3565,-1.0158,-45.6670,0.2730,-0.1609,1.0000,-0.0625,0.2269,12.0041,2.5450,17.0500,14.1189,-0.7867,1.6066
eurusd+gbpusd+nzdusd,prev_close,8,0.1500,lon17,30,3708,0.3935,-1.0492,-45.6618,0.2730,-0.1664,1.0000,-0.0609,0.2271,12.0041,4.0117,17.6667,15.9104,-0.8464,1.6066
eurusd+gbpusd+nzdusd,prev_close,8,0.1500,lon17,40,3708,0.4345,-1.4883,-45.6300,0.2730,-0.1568,1.0000,-0.0781,0.2279,12.0041,6.1450,17.8833,19.5094,-1.4001,1.6066
eurusd+gbpusd+nzdusd,prev_close,8,0.1500,ny11,0,3708,0.4900,-1.2816,-45.5956,0.2730,-0.4408,1.0000,-0.0736,0.2290,12.0041,11.6833,16.9667,22.3861,-1.2049,1.6066
eurusd+gbpusd+nzdusd,prev_close,8,0.1500,ny11,25,3708,0.3625,-0.9170,-45.6687,0.2730,-0.1811,1.0000,-0.0601,0.2269,12.0041,2.5450,16.0167,13.9570,-0.7132,1.6066
eurusd+gbpusd+nzdusd,prev_close,8,0.1500,ny11,30,3708,0.3962,-0.9077,-45.6634,0.2730,-0.1716,1.0000,-0.0563,0.2271,12.0041,4.0117,16.4767,15.8119,-0.7228,1.6066
eurusd+gbpusd+nzdusd,prev_close,8,0.1500,ny11,40,3708,0.4334,-1.3415,-45.6316,0.2730,-0.1632,1.0000,-0.0746,0.2279,12.0041,6.1450,16.8333,18.7793,-1.2668,1.6066
eurusd+gbpusd+nzdusd,prev_close,8,0.1500,ny1655,0,3708,0.4835,-1.0370,-45.5642,0.2730,-0.2850,1.0000,-0.0641,0.2308,12.0041,17.6167,22.9000,23.4724,-0.9455,1.6066
eurusd+gbpusd+nzdusd,prev_close,8,0.1500,ny1655,25,3708,0.3341,-1.0128,-45.6723,0.2730,-0.1563,1.0000,-0.0625,0.2273,12.0041,2.5500,21.6500,12.7191,-0.7664,1.6066
eurusd+gbpusd+nzdusd,prev_close,8,0.1500,ny1655,30,3708,0.3732,-1.0589,-45.6555,0.2730,-0.1635,1.0000,-0.0614,0.2278,12.0041,4.0500,22.1167,16.0522,-0.8120,1.6066
eurusd+gbpusd+nzdusd,prev_close,8,0.1500,ny1655,40,3708,0.4172,-1.5798,-45.6198,0.2730,-0.1813,1.0000,-0.0792,0.2288,12.0041,6.1667,22.6667,19.7640,-1.4056,1.6066
eurusd+gbpusd+nzdusd,prev_close,8,0.2000,lon17,0,2553,0.4861,-1.1268,-45.2843,0.2518,-0.2470,1.0000,-0.0678,0.2444,8.2649,12.3333,18.3333,22.4105,-1.0174,2.1944
eurusd+gbpusd+nzdusd,prev_close,8,0.2000,lon17,25,2553,0.3580,-0.5374,-45.3517,0.2518,-0.0539,1.0000,-0.0450,0.2420,8.2649,2.4200,17.6500,13.6255,-0.3164,2.1944
eurusd+gbpusd+nzdusd,prev_close,8,0.2000,lon17,30,2553,0.3901,-0.6554,-45.3550,0.2518,-0.1113,1.0000,-0.0510,0.2419,8.2649,3.6200,17.8500,15.4306,-0.5296,2.1944
eurusd+gbpusd+nzdusd,prev_close,8,0.2000,lon17,40,2553,0.4332,-0.9548,-45.3122,0.2518,-0.1710,1.0000,-0.0628,0.2430,8.2649,5.4833,17.9667,18.3023,-0.7995,2.1944
eurusd+gbpusd+nzdusd,prev_close,8,0.2000,ny11,0,2553,0.4814,-1.2802,-45.2864,0.2518,-0.3060,1.0000,-0.0752,0.2444,8.2649,11.2667,17.0000,22.3636,-1.2415,2.1944
eurusd+gbpusd+nzdusd,prev_close,8,0.2000,ny11,25,2553,0.3643,-0.3598,-45.3527,0.2518,-0.0491,1.0000,-0.0367,0.2420,8.2649,2.4200,16.5900,13.5072,-0.1639,2.1944
eurusd+gbpusd+nzdusd,prev_close,8,0.2000,ny11,30,2553,0.3952,-0.4807,-45.3559,0.2518,-0.0971,1.0000,-0.0468,0.2419,8.2649,3.6200,16.8133,15.2395,-0.3695,2.1944
eurusd+gbpusd+nzdusd,prev_close,8,0.2000,ny11,40,2553,0.4324,-0.7766,-45.3134,0.2518,-0.1594,1.0000,-0.0570,0.2430,8.2649,5.4833,16.9467,17.9068,-0.6509,2.1944
eurusd+gbpusd+nzdusd,prev_close,8,0.2000,ny1655,0,2553,0.4794,-1.2440,-45.2275,0.2518,-0.2223,1.0000,-0.0627,0.2481,8.2649,17.2333,22.9167,22.7713,-1.1857,2.1944
eurusd+gbpusd+nzdusd,prev_close,8,0.2000,ny1655,25,2553,0.3357,-0.7241,-45.3214,0.2518,-0.0294,1.0000,-0.0499,0.2441,8.2649,2.4200,22.1333,12.6440,-0.5057,2.1944
eurusd+gbpusd+nzdusd,prev_close,8,0.2000,ny1655,30,2553,0.3698,-0.7985,-45.3197,0.2518,-0.0922,1.0000,-0.0507,0.2441,8.2649,3.6200,22.5333,15.9879,-0.6065,2.1944
eurusd+gbpusd+nzdusd,prev_close,8,0.2000,ny1655,40,2553,0.4164,-1.1630,-45.2829,0.2518,-0.2114,1.0000,-0.0666,0.2452,8.2649,5.4833,22.7667,18.9685,-0.9434,2.1944
eurusd+gbpusd+nzdusd,prev_close,8,0.3000,lon17,0,1221,0.4939,1.2953,-45.0283,0.3300,0.1767,1.0000,0.0600,0.2506,3.9528,12.0500,21.8000,24.0757,0.6848,4.0952
eurusd+gbpusd+nzdusd,prev_close,8,0.3000,lon17,25,1221,0.3497,1.0721,-45.1176,0.3300,0.2593,1.0000,0.0588,0.2469,3.9528,2.1000,17.9333,12.7598,0.7733,4.0952
eurusd+gbpusd+nzdusd,prev_close,8,0.3000,lon17,30,1221,0.3817,0.9653,-45.1066,0.3300,0.2038,1.0000,0.0591,0.2469,3.9528,3.0000,18.0000,14.6647,0.6512,4.0952
eurusd+gbpusd+nzdusd,prev_close,8,0.3000,lon17,40,1221,0.4283,0.7331,-45.0728,0.3300,0.1951,1.0000,0.0364,0.2481,3.9528,4.6333,19.3000,19.3412,0.5557,4.0952
eurusd+gbpusd+nzdusd,prev_close,8,0.3000,ny11,0,1221,0.4848,0.5435,-45.0284,0.3300,0.0598,1.0000,0.0251,0.2506,3.9528,11.0167,21.7667,24.6196,-0.0871,4.0952
eurusd+gbpusd+nzdusd,prev_close,8,0.3000,ny11,25,1221,0.3505,0.9826,-45.1176,0.3300,0.2077,1.0000,0.0567,0.2469,3.9528,2.1000,16.9333,11.7779,0.6899,4.0952
eurusd+gbpusd+nzdusd,prev_close,8,0.3000,ny11,30,1221,0.3833,0.8217,-45.1066,0.3300,0.1498,1.0000,0.0516,0.2469,3.9528,3.0000,16.9833,13.9719,0.5116,4.0952
eurusd+gbpusd+nzdusd,prev_close,8,0.3000,ny11,40,1221,0.4251,0.4683,-45.0725,0.3300,0.1273,1.0000,0.0249,0.2481,3.9528,4.6333,18.0000,18.9371,0.2493,4.0952
eurusd+gbpusd+nzdusd,prev_close,8,0.3000,ny1655,0,1221,0.4898,0.9284,-44.9298,0.3300,0.0747,1.0000,0.0285,0.2540,3.9528,16.9167,23.9167,25.5883,0.3443,4.0952
eurusd+gbpusd+nzdusd,prev_close,8,0.3000,ny1655,25,1221,0.3342,1.0132,-45.1413,0.3300,0.1894,1.0000,0.0570,0.2465,3.9528,2.1000,22.5667,13.1636,0.7661,4.0952
eurusd+gbpusd+nzdusd,prev_close,8,0.3000,ny1655,30,1221,0.3686,0.7692,-45.1066,0.3300,0.1157,1.0000,0.0476,0.2469,3.9528,3.0000,22.7167,15.0688,0.5833,4.0952
eurusd+gbpusd+nzdusd,prev_close,8,0.3000,ny1655,40,1221,0.4161,0.3851,-45.0666,0.3300,0.0384,1.0000,0.0191,0.2482,3.9528,4.6333,22.8500,19.5152,0.2754,4.0952
eurusd+gbpusd+nzdusd,prev_close,8,0.4000,lon17,0,615,0.4992,1.1801,-43.5808,0.3023,-0.0707,1.0000,0.0327,0.2803,1.9910,11.8333,23.9500,24.5329,0.2701,5.3333
eurusd+gbpusd+nzdusd,prev_close,8,0.4000,lon17,25,615,0.3561,1.8628,-43.7375,0.3023,-0.0473,1.0000,0.1021,0.2722,1.9910,1.4667,21.3100,13.2952,1.6901,5.3333
eurusd+gbpusd+nzdusd,prev_close,8,0.4000,lon17,30,615,0.3886,1.2279,-43.6707,0.3023,-0.0894,1.0000,0.0484,0.2746,1.9910,2.4067,22.5367,15.0771,1.2541,5.3333
eurusd+gbpusd+nzdusd,prev_close,8,0.4000,lon17,40,615,0.4228,-0.5043,-43.6145,0.3023,-0.0795,1.0000,-0.0145,0.2771,1.9910,3.9967,23.3400,18.5329,-0.2702,5.3333
eurusd+gbpusd+nzdusd,prev_close,8,0.4000,ny11,0,615,0.4846,0.2291,-43.5807,0.3023,-0.1704,1.0000,0.0064,0.2803,1.9910,10.8000,23.9500,24.6881,-0.8470,5.3333
eurusd+gbpusd+nzdusd,prev_close,8,0.4000,ny11,25,615,0.3528,1.4513,-43.7369,0.3023,-0.0936,1.0000,0.0758,0.2722,1.9910,1.4667,21.0000,12.7071,1.2545,5.3333
eurusd+gbpusd+nzdusd,prev_close,8,0.4000,ny11,30,615,0.3805,0.5659,-43.6699,0.3023,-0.1289,1.0000,0.0215,0.2746,1.9910,2.4067,22.5367,13.5079,0.5141,5.3333
eurusd+gbpusd+nzdusd,prev_close,8,0.4000,ny11,40,615,0.4098,-1.3452,-43.6125,0.3023,-0.1326,1.0000,-0.0376,0.2771,1.9910,3.9967,23.3400,19.0841,-1.2193,5.3333
eurusd+gbpusd+nzdusd,prev_close,8,0.4000,ny1655,0,615,0.4911,2.5491,-43.4688,0.3023,-0.0314,1.0000,0.0538,0.2834,1.9910,16.7167,24.0000,25.9064,1.6446,5.3333
eurusd+gbpusd+nzdusd,prev_close,8,0.4000,ny1655,25,615,0.3382,2.6792,-43.7908,0.3023,-0.0211,1.0000,0.1325,0.2698,1.9910,1.4667,22.8500,12.2398,2.4784,5.3333
eurusd+gbpusd+nzdusd,prev_close,8,0.4000,ny1655,30,615,0.3675,2.0762,-43.7130,0.3023,-0.0763,1.0000,0.0731,0.2722,1.9910,2.4067,23.5333,14.2858,2.0133,5.3333
eurusd+gbpusd+nzdusd,prev_close,8,0.4000,ny1655,40,615,0.4000,0.0429,-43.6321,0.3023,-0.0873,1.0000,0.0011,0.2746,1.9910,3.9967,23.8833,17.8429,0.1133,5.3333
eurusd+gbpusd+nzdusd,prev_close,10,0.1000,lon17,0,5799,0.4904,-0.8210,-46.5248,0.2125,-0.5564,1.0000,-0.0586,0.2038,18.7734,11.2667,17.9833,21.2062,-0.6649,1.0667
eurusd+gbpusd+nzdusd,prev_close,10,0.1000,lon17,25,5799,0.3694,-0.7777,-46.6055,0.2125,-0.3623,1.0000,-0.0646,0.2020,18.7734,2.8333,17.2167,14.4024,-0.5932,1.0667
eurusd+gbpusd+nzdusd,prev_close,10,0.1000,lon17,30,5799,0.4014,-0.8652,-46.5985,0.2125,-0.3530,1.0000,-0.0658,0.2022,18.7734,4.2500,17.5500,16.4491,-0.6904,1.0667
eurusd+gbpusd+nzdusd,prev_close,10,0.1000,lon17,40,5799,0.4435,-1.0399,-46.5773,0.2125,-0.3693,1.0000,-0.0733,0.2026,18.7734,6.7967,17.8000,18.7639,-0.8997,1.0667
eurusd+gbpusd+nzdusd,prev_close,10,0.1000,ny11,0,5799,0.4911,-0.5069,-46.5336,0.2125,-0.5580,1.0000,-0.0412,0.2036,18.7734,10.1500,16.9500,20.5672,-0.4062,1.0667
eurusd+gbpusd+nzdusd,prev_close,10,0.1000,ny11,25,5799,0.3763,-0.5702,-46.6055,0.2125,-0.3780,1.0000,-0.0563,0.2020,18.7734,2.8333,16.1500,14.2304,-0.4253,1.0667
eurusd+gbpusd+nzdusd,prev_close,10,0.1000,ny11,30,5799,0.4078,-0.5265,-46.5985,0.2125,-0.3450,1.0000,-0.0486,0.2022,18.7734,4.2500,16.3500,15.8771,-0.3778,1.0667
eurusd+gbpusd+nzdusd,prev_close,10,0.1000,ny11,40,5799,0.4471,-0.6415,-46.5773,0.2125,-0.3433,1.0000,-0.0564,0.2026,18.7734,6.7967,16.7333,17.9929,-0.5185,1.0667
eurusd+gbpusd+nzdusd,prev_close,10,0.1000,ny1655,0,5799,0.4844,-0.8717,-46.4370,0.2125,-0.5115,1.0000,-0.0732,0.2065,18.7734,16.0833,22.8833,22.5214,-0.7970,1.0667
eurusd+gbpusd+nzdusd,prev_close,10,0.1000,ny1655,25,5799,0.3483,-0.8379,-46.5691,0.2125,-0.3373,1.0000,-0.0677,0.2031,18.7734,2.8333,21.9000,13.3945,-0.6576,1.0667
eurusd+gbpusd+nzdusd,prev_close,10,0.1000,ny1655,30,5799,0.3813,-0.9721,-46.5555,0.2125,-0.3437,1.0000,-0.0693,0.2034,18.7734,4.2500,22.1500,15.5307,-0.7934,1.0667
eurusd+gbpusd+nzdusd,prev_close,10,0.1000,ny1655,40,5799,0.4273,-1.1380,-46.5150,0.2125,-0.3587,1.0000,-0.0726,0.2044,18.7734,6.8000,22.5833,18.8216,-0.9474,1.0667
eurusd+gbpusd+nzdusd,prev_close,10,0.1500,lon17,0,4608,0.4898,-1.0394,-46.2861,0.3045,-0.2165,1.0000,-0.0657,0.2103,14.9177,9.9000,17.9500,21.9152,-0.8168,1.3558
eurusd+gbpusd+nzdusd,prev_close,10,0.1500,lon17,25,4608,0.3631,-1.0060,-46.3701,0.3045,0.0049,1.0000,-0.0641,0.2082,14.9177,2.2500,16.5717,14.1377,-0.7292,1.3558
eurusd+gbpusd+nzdusd,prev_close,10,0.1500,lon17,30,4608,0.3987,-0.9640,-46.3655,0.3045,-0.0193,1.0000,-0.0585,0.2083,14.9177,3.5167,16.9500,15.8741,-0.6929,1.3558
eurusd+gbpusd+nzdusd,prev_close,10,0.1500,lon17,40,4608,0.4377,-1.3434,-46.3349,0.3045,-0.0246,1.0000,-0.0754,0.2090,14.9177,5.8500,17.5833,19.0641,-1.1998,1.3558
eurusd+gbpusd+nzdusd,prev_close,10,0.1500,ny11,0,4608,0.4876,-1.2196,-46.2968,0.3045,-0.3542,1.0000,-0.0735,0.2100,14.9177,8.8667,16.9333,21.2122,-1.0419,1.3558
eurusd+gbpusd+nzdusd,prev_close,10,0.1500,ny11,25,4608,0.3704,-0.9232,-46.3705,0.3045,-0.0545,1.0000,-0.0648,0.2082,14.9177,2.2333,15.4333,14.0753,-0.6582,1.3558
eurusd+gbpusd+nzdusd,prev_close,10,0.1500,ny11,30,4608,0.4034,-0.8332,-46.3659,0.3045,-0.0644,1.0000,-0.0558,0.2083,14.9177,3.5167,15.9333,15.8523,-0.5620,1.3558
eurusd+gbpusd+nzdusd,prev_close,10,0.1500,ny11,40,4608,0.4386,-1.2083,-46.3353,0.3045,-0.0594,1.0000,-0.0739,0.2090,14.9177,5.8500,16.4333,18.2786,-1.0533,1.3558
eurusd+gbpusd+nzdusd,prev_close,10,0.1500,ny1655,0,4608,0.4822,-1.0343,-46.2270,0.3045,-0.1746,1.0000,-0.0659,0.2125,14.9177,14.8000,22.8500,22.5861,-0.8511,1.3558
eurusd+gbpusd+nzdusd,prev_close,10,0.1500,ny1655,25,4608,0.3403,-1.0870,-46.3582,0.3045,0.0120,1.0000,-0.0665,0.2090,14.9177,2.2500,20.9667,12.9054,-0.7727,1.3558
eurusd+gbpusd+nzdusd,prev_close,10,0.1500,ny1655,30,4608,0.3785,-1.0670,-46.3385,0.3045,-0.0083,1.0000,-0.0628,0.2095,14.9177,3.5450,21.6167,15.8623,-0.7371,1.3558
eurusd+gbpusd+nzdusd,prev_close,10,0.1500,ny1655,40,4608,0.4221,-1.4996,-46.3037,0.3045,-0.0701,1.0000,-0.0798,0.2103,14.9177,5.8667,22.1333,19.2835,-1.2609,1.3558
eurusd+gbpusd+nzdusd,prev_close,10,0.2000,lon17,0,3432,0.5003,0.2187,-46.1715,0.2684,-0.2663,1.0000,0.0189,0.2185,11.1106,9.7167,17.9667,21.6907,0.3996,1.7941
eurusd+gbpusd+nzdusd,prev_close,10,0.2000,lon17,25,3432,0.3753,0.2292,-46.2459,0.2684,-0.0566,1.0000,0.0278,0.2165,11.1106,2.0833,16.4500,14.2969,0.4964,1.7941
eurusd+gbpusd+nzdusd,prev_close,10,0.2000,lon17,30,3432,0.4073,0.2111,-46.2502,0.2684,-0.1150,1.0000,0.0246,0.2163,11.1106,3.1000,16.9450,16.0613,0.3614,1.7941
eurusd+gbpusd+nzdusd,prev_close,10,0.2000,lon17,40,3432,0.4508,0.0847,-46.2101,0.2684,-0.1797,1.0000,0.0088,0.2172,11.1106,5.2500,17.7150,18.4052,0.2635,1.7941
eurusd+gbpusd+nzdusd,prev_close,10,0.2000,ny11,0,3432,0.4983,0.0717,-46.1716,0.2684,-0.3343,1.0000,0.0072,0.2185,11.1106,8.6833,16.9500,21.7152,0.1696,1.7941
eurusd+gbpusd+nzdusd,prev_close,10,0.2000,ny11,25,3432,0.3840,0.4638,-46.2472,0.2684,-0.0385,1.0000,0.0676,0.2165,11.1106,2.0833,15.3800,14.1779,0.6890,1.7941
eurusd+gbpusd+nzdusd,prev_close,10,0.2000,ny11,30,3432,0.4158,0.4247,-46.2515,0.2684,-0.0859,1.0000,0.0612,0.2163,11.1106,3.1000,15.8667,15.6905,0.5584,1.7941
eurusd+gbpusd+nzdusd,prev_close,10,0.2000,ny11,40,3432,0.4534,0.2865,-46.2110,0.2684,-0.1498,1.0000,0.0362,0.2172,11.1106,5.2500,16.6167,18.2137,0.4304,1.7941
eurusd+gbpusd+nzdusd,prev_close,10,0.2000,ny1655,0,3432,0.4898,-0.0665,-46.1209,0.2684,-0.2154,1.0000,-0.0046,0.2209,11.1106,14.6167,22.8500,22.3328,0.0764,1.7941
eurusd+gbpusd+nzdusd,prev_close,10,0.2000,ny1655,25,3432,0.3514,-0.0195,-46.2421,0.2684,-0.0016,1.0000,-0.0020,0.2173,11.1106,2.0833,20.9000,13.2206,0.3102,1.7941
eurusd+gbpusd+nzdusd,prev_close,10,0.2000,ny1655,30,3432,0.3852,-0.0104,-46.2375,0.2684,-0.0906,1.0000,-0.0010,0.2174,11.1106,3.1000,21.5667,16.3101,0.2205,1.7941
eurusd+gbpusd+nzdusd,prev_close,10,0.2000,ny1655,40,3432,0.4318,-0.2262,-46.1898,0.2684,-0.2217,1.0000,-0.0213,0.2184,11.1106,5.2500,22.2483,18.9505,0.0558,1.7941
eurusd+gbpusd+nzdusd,prev_close,10,0.3000,lon17,0,1725,0.4957,1.0051,-46.1860,0.2942,0.0432,1.0000,0.0585,0.2191,5.5844,9.5500,18.0000,23.2863,0.6412,2.8750
eurusd+gbpusd+nzdusd,prev_close,10,0.3000,lon17,25,1725,0.3565,0.7777,-46.2763,0.2942,0.2401,1.0000,0.0591,0.2165,5.5844,1.4300,17.2167,14.0632,0.5337,2.8750
eurusd+gbpusd+nzdusd,prev_close,10,0.3000,lon17,30,1725,0.3930,0.9442,-46.2658,0.2942,0.1295,1.0000,0.0843,0.2165,5.5844,2.3400,17.6500,15.8771,0.7390,2.8750
eurusd+gbpusd+nzdusd,prev_close,10,0.3000,lon17,40,1725,0.4383,0.7794,-46.2325,0.2942,0.1171,1.0000,0.0669,0.2174,5.5844,3.8400,17.8333,19.8031,0.7027,2.8750
eurusd+gbpusd+nzdusd,prev_close,10,0.3000,ny11,0,1725,0.4910,0.3943,-46.1862,0.2942,-0.0902,1.0000,0.0267,0.2191,5.5844,8.5333,17.0000,23.6658,-0.0563,2.8750
eurusd+gbpusd+nzdusd,prev_close,10,0.3000,ny11,25,1725,0.3623,0.8574,-46.2763,0.2942,0.1878,1.0000,0.0717,0.2165,5.5844,1.4300,16.3367,13.5434,0.6303,2.8750
eurusd+gbpusd+nzdusd,prev_close,10,0.3000,ny11,30,1725,0.3977,1.0491,-46.2658,0.2942,0.0794,1.0000,0.1070,0.2165,5.5844,2.3400,16.6933,15.2330,0.8274,2.8750
eurusd+gbpusd+nzdusd,prev_close,10,0.3000,ny11,40,1725,0.4394,0.7629,-46.2324,0.2942,0.0417,1.0000,0.0710,0.2174,5.5844,3.8400,16.8333,19.3001,0.6299,2.8750
eurusd+gbpusd+nzdusd,prev_close,10,0.3000,ny1655,0,1725,0.4916,0.4938,-46.1787,0.2942,-0.0454,1.0000,0.0206,0.2199,5.5844,14.4500,22.8500,24.3920,0.2205,2.8750
eurusd+gbpusd+nzdusd,prev_close,10,0.3000,ny1655,25,1725,0.3438,0.6820,-46.3676,0.2942,0.1761,1.0000,0.0521,0.2147,5.5844,1.4300,21.0400,13.7551,0.5188,2.8750
eurusd+gbpusd+nzdusd,prev_close,10,0.3000,ny1655,30,1725,0.3809,0.6964,-46.3381,0.2942,0.0340,1.0000,0.0554,0.2150,5.5844,2.3400,21.7867,16.0824,0.6780,2.8750
eurusd+gbpusd+nzdusd,prev_close,10,0.3000,ny1655,40,1725,0.4278,0.4519,-46.3133,0.2942,-0.0477,1.0000,0.0378,0.2157,5.5844,3.8400,22.4167,20.4382,0.5039,2.8750
eurusd+gbpusd+nzdusd,prev_close,10,0.4000,lon17,0,936,0.4925,-0.6162,-45.0708,0.3448,-0.2386,1.0000,-0.0170,0.2403,3.0302,9.4333,21.0000,24.3004,-1.1386,4.1176
eurusd+gbpusd+nzdusd,prev_close,10,0.4000,lon17,25,936,0.3611,1.2057,-45.2218,0.3448,-0.1987,1.0000,0.0973,0.2350,3.0302,1.0750,17.7167,14.2085,1.1809,4.1176
eurusd+gbpusd+nzdusd,prev_close,10,0.4000,lon17,30,936,0.3921,0.5657,-45.1574,0.3448,-0.2628,1.0000,0.0321,0.2366,3.0302,1.5167,17.8333,16.2229,0.7484,4.1176
eurusd+gbpusd+nzdusd,prev_close,10,0.4000,lon17,40,936,0.4284,-0.8693,-45.1075,0.3448,-0.2742,1.0000,-0.0339,0.2382,3.0302,2.6250,18.0000,18.3470,-0.5389,4.1176
eurusd+gbpusd+nzdusd,prev_close,10,0.4000,ny11,0,936,0.4797,-1.6133,-45.0698,0.3448,-0.3580,1.0000,-0.0451,0.2403,3.0302,8.4000,20.7000,24.2226,-2.2319,4.1176
eurusd+gbpusd+nzdusd,prev_close,10,0.4000,ny11,25,936,0.3622,0.9064,-45.2211,0.3448,-0.2500,1.0000,0.0683,0.2350,3.0302,1.0750,16.8333,13.7143,0.8349,4.1176
eurusd+gbpusd+nzdusd,prev_close,10,0.4000,ny11,30,936,0.3910,0.2867,-45.1564,0.3448,-0.3007,1.0000,0.0153,0.2366,3.0302,1.5167,16.8833,14.8037,0.3943,4.1176
eurusd+gbpusd+nzdusd,prev_close,10,0.4000,ny11,40,936,0.4167,-1.3243,-45.1057,0.3448,-0.3242,1.0000,-0.0441,0.2382,3.0302,2.6250,17.3333,18.6493,-1.1026,4.1176
eurusd+gbpusd+nzdusd,prev_close,10,0.4000,ny1655,0,936,0.4904,0.1302,-45.0483,0.3448,-0.2484,1.0000,0.0030,0.2415,3.0302,14.3167,23.9167,24.8691,-0.4533,4.1176
eurusd+gbpusd+nzdusd,prev_close,10,0.4000,ny1655,25,936,0.3429,1.6490,-45.3417,0.3448,-0.2154,1.0000,0.1005,0.2319,3.0302,1.0750,21.6250,11.7491,1.6121,4.1176
eurusd+gbpusd+nzdusd,prev_close,10,0.4000,ny1655,30,936,0.3729,1.1155,-45.2684,0.3448,-0.2835,1.0000,0.0546,0.2336,3.0302,1.5167,22.5833,14.4053,1.2333,4.1176
eurusd+gbpusd+nzdusd,prev_close,10,0.4000,ny1655,40,936,0.4124,-0.5758,-45.1998,0.3448,-0.3413,1.0000,-0.0201,0.2352,3.0302,2.6250,22.7083,17.7838,-0.3663,4.1176
eurusd+gbpusd+usdjpy,day_open,6,0.1000,lon17,0,3750,0.5168,0.8550,-45.6405,0.3345,-0.4180,1.0000,0.0992,0.2196,12.1400,14.0167,17.9000,30.7097,1.0249,2.2043
eurusd+gbpusd+usdjpy,day_open,6,0.1000,lon17,25,3750,0.3435,0.4518,-45.6898,0.3345,-0.3162,1.0000,0.1072,0.2181,12.1400,1.3983,16.9500,18.0133,0.4787,2.2043
eurusd+gbpusd+usdjpy,day_open,6,0.1000,lon17,30,3750,0.3851,0.6386,-45.7019,0.3345,-0.3481,1.0000,0.1422,0.2177,12.1400,2.2150,17.1683,22.0933,0.7693,2.2043
eurusd+gbpusd+usdjpy,day_open,6,0.1000,lon17,40,3750,0.4336,0.5641,-45.6630,0.3345,-0.3421,1.0000,0.1037,0.2188,12.1400,4.7983,17.6333,26.4233,0.6133,2.2043
eurusd+gbpusd+usdjpy,day_open,6,0.1000,ny11,0,3750,0.5195,0.4377,-45.6521,0.3345,-0.4291,1.0000,0.0396,0.2192,12.1400,12.9833,16.8000,30.7103,0.5104,2.2043
eurusd+gbpusd+usdjpy,day_open,6,0.1000,ny11,25,3750,0.3541,0.5278,-45.7023,0.3345,-0.3411,1.0000,0.1335,0.2177,12.1400,1.3983,15.8517,18.3263,0.5800,2.2043
eurusd+gbpusd+usdjpy,day_open,6,0.1000,ny11,30,3750,0.3931,0.7142,-45.7145,0.3345,-0.3507,1.0000,0.1712,0.2173,12.1400,2.2150,15.9850,22.0217,0.8704,2.2043
eurusd+gbpusd+usdjpy,day_open,6,0.1000,ny11,40,3750,0.4405,0.6772,-45.6755,0.3345,-0.3230,1.0000,0.1365,0.2184,12.1400,4.7983,16.3867,25.6561,0.7645,2.2043
eurusd+gbpusd+usdjpy,day_open,6,0.1000,ny1655,0,3750,0.5123,0.5390,-45.6087,0.3345,-0.3740,1.0000,0.0516,0.2215,12.1400,18.9000,22.7167,32.3539,0.5892,2.2043
eurusd+gbpusd+usdjpy,day_open,6,0.1000,ny1655,25,3750,0.3283,0.3692,-45.6662,0.3345,-0.3777,1.0000,0.0924,0.2192,12.1400,1.3983,21.7333,17.0741,0.3748,2.2043
eurusd+gbpusd+usdjpy,day_open,6,0.1000,ny1655,30,3750,0.3699,0.5144,-45.6884,0.3345,-0.4029,1.0000,0.1172,0.2185,12.1400,2.2150,21.8667,22.1875,0.6038,2.2043
eurusd+gbpusd+usdjpy,day_open,6,0.1000,ny1655,40,3750,0.4213,0.3438,-45.6383,0.3345,-0.4026,1.0000,0.0634,0.2199,12.1400,4.7983,22.2167,26.2336,0.3112,2.2043
eurusd+gbpusd+usdjpy,day_open,6,0.1500,lon17,0,2115,0.5045,-0.6974,-45.0332,0.3587,-0.3062,1.0000,-0.0444,0.2354,6.8470,13.8000,17.7333,31.6000,-0.9470,4.4444
eurusd+gbpusd+usdjpy,day_open,6,0.1500,lon17,25,2115,0.3168,-0.9418,-45.0448,0.3587,-0.1763,1.0000,-0.0790,0.2343,6.8470,1.0733,16.2433,17.1473,-1.2217,4.4444
eurusd+gbpusd+usdjpy,day_open,6,0.1500,lon17,30,2115,0.3636,-0.5326,-45.0544,0.3587,-0.1945,1.0000,-0.0599,0.2343,6.8470,1.6500,16.5333,20.9588,-0.7162,4.4444
eurusd+gbpusd+usdjpy,day_open,6,0.1500,lon17,40,2115,0.4213,-0.3508,-45.0359,0.3587,-0.0680,1.0000,-0.0340,0.2350,6.8470,3.4233,16.9333,25.1351,-0.4976,4.4444
eurusd+gbpusd+usdjpy,day_open,6,0.1500,ny11,0,2115,0.5026,-1.3856,-45.0333,0.3587,-0.3588,1.0000,-0.0741,0.2354,6.8470,12.7000,16.7000,31.1043,-1.8086,4.4444
eurusd+gbpusd+usdjpy,day_open,6,0.1500,ny11,25,2115,0.3187,-0.8649,-45.0448,0.3587,-0.2075,1.0000,-0.0708,0.2343,6.8470,1.0733,15.2333,16.6277,-1.1306,4.4444
eurusd+gbpusd+usdjpy,day_open,6,0.1500,ny11,30,2115,0.3641,-0.5069,-45.0544,0.3587,-0.2054,1.0000,-0.0560,0.2343,6.8470,1.6500,15.4667,20.8423,-0.6980,4.4444
eurusd+gbpusd+usdjpy,day_open,6,0.1500,ny11,40,2115,0.4199,-0.4228,-45.0359,0.3587,-0.0846,1.0000,-0.0367,0.2350,6.8470,3.4233,15.8167,24.6403,-0.5779,4.4444
eurusd+gbpusd+usdjpy,day_open,6,0.1500,ny1655,0,2115,0.4983,-0.8630,-45.0704,0.3587,-0.1794,1.0000,-0.0428,0.2361,6.8470,18.6167,22.6167,32.5961,-1.1803,4.4444
eurusd+gbpusd+usdjpy,day_open,6,0.1500,ny1655,25,2115,0.2969,-0.9237,-45.0560,0.3587,-0.1452,1.0000,-0.0749,0.2344,6.8470,1.0733,20.9833,14.7242,-1.2213,4.4444
eurusd+gbpusd+usdjpy,day_open,6,0.1500,ny1655,30,2115,0.3456,-0.5679,-45.0744,0.3587,-0.1468,1.0000,-0.0598,0.2342,6.8470,1.6500,21.2000,19.9346,-0.7928,4.4444
eurusd+gbpusd+usdjpy,day_open,6,0.1500,ny1655,40,2115,0.3986,-0.5387,-45.0533,0.3587,-0.0383,1.0000,-0.0472,0.2350,6.8470,3.4233,21.4667,24.1849,-0.7538,4.4444
eurusd+gbpusd+usdjpy,day_open,6,0.2000,lon17,0,1221,0.5029,-0.6637,-44.4594,0.4815,-0.2286,1.0000,-0.0287,0.2518,3.9528,13.8333,17.6833,33.0107,-0.7698,9.9000
eurusd+gbpusd+usdjpy,day_open,6,0.2000,lon17,25,1221,0.3161,0.1029,-44.4642,0.4815,-0.0825,1.0000,0.0093,0.2514,3.9528,0.8167,16.3167,14.3183,0.1876,9.9000
eurusd+gbpusd+usdjpy,day_open,6,0.2000,lon17,30,1221,0.3489,-0.2371,-44.4486,0.4815,-0.0863,1.0000,-0.0180,0.2518,3.9528,1.2667,16.5000,17.3312,-0.1908,9.9000
eurusd+gbpusd+usdjpy,day_open,6,0.2000,lon17,40,1221,0.3989,-0.4931,-44.4427,0.4815,-0.0155,1.0000,-0.0280,0.2522,3.9528,2.4500,16.9167,22.1134,-0.6118,9.9000
eurusd+gbpusd+usdjpy,day_open,6,0.2000,ny11,0,1221,0.4930,-1.7041,-44.4636,0.4815,-0.2956,1.0000,-0.0645,0.2518,3.9528,12.7833,16.5167,31.6393,-2.0285,9.9000
eurusd+gbpusd+usdjpy,day_open,6,0.2000,ny11,25,1221,0.3145,-0.3396,-44.4642,0.4815,-0.1194,1.0000,-0.0271,0.2514,3.9528,0.8167,15.2167,13.7784,-0.3761,9.9000
eurusd+gbpusd+usdjpy,day_open,6,0.2000,ny11,30,1221,0.3440,-0.6825,-44.4486,0.4815,-0.1243,1.0000,-0.0453,0.2518,3.9528,1.2667,15.4000,16.9077,-0.7463,9.9000
eurusd+gbpusd+usdjpy,day_open,6,0.2000,ny11,40,1221,0.3939,-0.9705,-44.4440,0.4815,-0.0739,1.0000,-0.0484,0.2522,3.9528,2.4500,15.7333,21.8238,-1.1467,9.9000
eurusd+gbpusd+usdjpy,day_open,6,0.2000,ny1655,0,1221,0.4939,-1.0089,-44.4559,0.4815,-0.1177,1.0000,-0.0326,0.2540,3.9528,18.7000,22.4667,33.5738,-1.1476,9.9000
eurusd+gbpusd+usdjpy,day_open,6,0.2000,ny1655,25,1221,0.3006,-0.0066,-44.4402,0.4815,-0.0674,1.0000,-0.0005,0.2522,3.9528,0.8167,20.9000,11.4893,0.0191,9.9000
eurusd+gbpusd+usdjpy,day_open,6,0.2000,ny1655,30,1221,0.3350,-0.2597,-44.4414,0.4815,-0.0527,1.0000,-0.0194,0.2522,3.9528,1.2667,21.0333,15.1546,-0.2634,9.9000
eurusd+gbpusd+usdjpy,day_open,6,0.2000,ny1655,40,1221,0.3792,-0.7180,-44.4326,0.4815,0.0190,1.0000,-0.0398,0.2527,3.9528,2.4500,21.5500,20.8284,-0.9619,9.9000
eurusd+gbpusd+usdjpy,day_open,6,0.3000,lon17,0,513,0.5634,7.7326,-44.0430,0.5192,-0.1214,1.0000,0.5715,0.2659,1.6608,13.5167,17.0833,37.0218,9.2302,48.0000
eurusd+gbpusd+usdjpy,day_open,6,0.3000,lon17,25,513,0.3333,3.6052,-43.9730,0.5192,-0.0623,1.0000,0.2817,0.2688,1.6608,0.4000,15.4333,15.3575,4.4684,48.0000
eurusd+gbpusd+usdjpy,day_open,6,0.3000,lon17,30,513,0.3723,3.6454,-43.9568,0.5192,-0.1199,1.0000,0.2410,0.2688,1.6608,0.6867,15.8667,22.9896,4.3916,48.0000
eurusd+gbpusd+usdjpy,day_open,6,0.3000,lon17,40,513,0.4211,3.6370,-44.0218,0.5192,-0.1682,1.0000,0.2515,0.2669,1.6608,1.2000,16.3933,27.1861,4.3885,48.0000
eurusd+gbpusd+usdjpy,day_open,6,0.3000,ny11,0,513,0.5556,5.4232,-44.0662,0.5192,-0.2065,1.0000,0.2807,0.2659,1.6608,12.4500,15.9167,38.0818,6.4951,48.0000
eurusd+gbpusd+usdjpy,day_open,6,0.3000,ny11,25,513,0.3353,2.8799,-43.9730,0.5192,-0.1252,1.0000,0.2475,0.2688,1.6608,0.4000,14.4333,16.7619,3.6470,48.0000
eurusd+gbpusd+usdjpy,day_open,6,0.3000,ny11,30,513,0.3782,3.0058,-43.9648,0.5192,-0.1903,1.0000,0.2160,0.2688,1.6608,0.6867,14.7767,22.5167,3.7292,48.0000
eurusd+gbpusd+usdjpy,day_open,6,0.3000,ny11,40,513,0.4269,2.7675,-44.0376,0.5192,-0.2407,1.0000,0.1992,0.2669,1.6608,1.2000,15.0133,27.3087,3.4302,48.0000
eurusd+gbpusd+usdjpy,day_open,6,0.3000,ny1655,0,513,0.5634,9.2567,-44.0015,0.5192,-0.0575,1.0000,0.4732,0.2696,1.6608,18.3667,21.9667,39.3295,11.2138,48.0000
eurusd+gbpusd+usdjpy,day_open,6,0.3000,ny1655,25,513,0.3158,4.8250,-43.9552,0.5192,0.0080,1.0000,0.3714,0.2698,1.6608,0.4000,20.3167,10.3923,5.9733,48.0000
eurusd+gbpusd+usdjpy,day_open,6,0.3000,ny1655,30,513,0.3567,4.9199,-43.9394,0.5192,-0.0818,1.0000,0.3195,0.2698,1.6608,0.6867,20.5500,20.1431,6.0002,48.0000
eurusd+gbpusd+usdjpy,day_open,6,0.3000,ny1655,40,513,0.4055,4.8154,-43.9911,0.5192,-0.1296,1.0000,0.2935,0.2679,1.6608,1.2000,20.9867,23.0363,5.9127,48.0000
eurusd+gbpusd+usdjpy,day_open,6,0.4000,lon17,0,195,0.4718,2.8312,-44.7011,0.3989,-0.2268,1.0000,0.0559,0.2382,0.6313,13.3000,17.4500,45.5320,2.4554,60.0000
eurusd+gbpusd+usdjpy,day_open,6,0.4000,lon17,25,195,0.1846,-3.4888,-44.6139,0.3989,-0.2739,1.0000,-0.0967,0.2408,0.6313,0.2167,14.5100,0.0000,-4.4995,60.0000
eurusd+gbpusd+usdjpy,day_open,6,0.4000,lon17,30,195,0.2256,-3.4899,-44.7204,0.3989,-0.2423,1.0000,-0.1055,0.2382,0.6313,0.2467,14.9567,0.0000,-4.7282,60.0000
eurusd+gbpusd+usdjpy,day_open,6,0.4000,lon17,40,195,0.2872,-4.4661,-44.7011,0.3989,-0.2068,1.0000,-0.0938,0.2382,0.6313,0.6133,16.0967,26.8228,-5.8733,60.0000
eurusd+gbpusd+usdjpy,day_open,6,0.4000,ny11,0,195,0.4564,0.9464,-44.7648,0.3989,-0.3236,1.0000,0.0133,0.2382,0.6313,12.3000,16.0500,45.3703,0.1903,60.0000
eurusd+gbpusd+usdjpy,day_open,6,0.4000,ny11,25,195,0.1795,-2.8894,-44.6583,0.3989,-0.3527,1.0000,-0.0868,0.2408,0.6313,0.2167,13.4433,0.0000,-3.6287,60.0000
eurusd+gbpusd+usdjpy,day_open,6,0.4000,ny11,30,195,0.2256,-3.0751,-44.7648,0.3989,-0.3164,1.0000,-0.0835,0.2382,0.6313,0.2467,14.1000,0.0000,-4.0831,60.0000
eurusd+gbpusd+usdjpy,day_open,6,0.4000,ny11,40,195,0.2821,-4.2320,-44.7648,0.3989,-0.2656,1.0000,-0.0914,0.2382,0.6313,0.6133,14.4967,27.3445,-5.4549,60.0000
eurusd+gbpusd+usdjpy,day_open,6,0.4000,ny1655,0,195,0.4359,0.4227,-44.4937,0.3989,-0.1995,1.0000,0.0056,0.2478,0.6313,18.2167,22.1333,53.0854,-0.3518,60.0000
eurusd+gbpusd+usdjpy,day_open,6,0.4000,ny1655,25,195,0.1692,-2.5551,-44.5770,0.3989,-0.3034,1.0000,-0.0748,0.2408,0.6313,0.2167,19.4267,0.0000,-3.5333,60.0000
eurusd+gbpusd+usdjpy,day_open,6,0.4000,ny1655,30,195,0.2051,-2.8970,-44.6836,0.3989,-0.2701,1.0000,-0.0782,0.2382,0.6313,0.2467,20.0500,0.0000,-4.1959,60.0000
eurusd+gbpusd+usdjpy,day_open,6,0.4000,ny1655,40,195,0.2564,-3.8839,-44.6679,0.3989,-0.2688,1.0000,-0.0932,0.2382,0.6313,0.6133,20.7433,19.6390,-5.3349,60.0000
eurusd+gbpusd+usdjpy,day_open,8,0.1000,lon17,0,4251,0.5142,0.6809,-46.0335,0.2849,-0.4223,1.0000,0.0833,0.2135,13.7619,12.8000,17.8667,29.9507,0.8459,1.8333
eurusd+gbpusd+usdjpy,day_open,8,0.1000,lon17,25,4251,0.3458,0.3563,-46.0691,0.2849,-0.2815,1.0000,0.0866,0.2124,13.7619,1.5000,16.8333,17.8979,0.3808,1.8333
eurusd+gbpusd+usdjpy,day_open,8,0.1000,lon17,30,4251,0.3860,0.4311,-46.0846,0.2849,-0.3190,1.0000,0.0978,0.2119,13.7619,2.4167,16.9833,21.8238,0.5207,1.8333
eurusd+gbpusd+usdjpy,day_open,8,0.1000,lon17,40,4251,0.4340,0.2934,-46.0477,0.2849,-0.3239,1.0000,0.0519,0.2129,13.7619,4.6167,17.5000,25.7754,0.3001,1.8333
eurusd+gbpusd+usdjpy,day_open,8,0.1000,ny11,0,4251,0.5156,0.2367,-46.0435,0.2849,-0.4369,1.0000,0.0233,0.2131,13.7619,11.7667,16.7833,29.6414,0.3169,1.8333
eurusd+gbpusd+usdjpy,day_open,8,0.1000,ny11,25,4251,0.3559,0.4005,-46.0804,0.2849,-0.3072,1.0000,0.1006,0.2121,13.7619,1.5000,15.7500,17.9180,0.4507,1.8333
eurusd+gbpusd+usdjpy,day_open,8,0.1000,ny11,30,4251,0.3931,0.4728,-46.0959,0.2849,-0.3232,1.0000,0.1106,0.2116,13.7619,2.4167,15.9167,21.8238,0.5914,1.8333
eurusd+gbpusd+usdjpy,day_open,8,0.1000,ny11,40,4251,0.4394,0.3344,-46.0590,0.2849,-0.3082,1.0000,0.0628,0.2125,13.7619,4.6167,16.3167,25.2132,0.3762,1.8333
eurusd+gbpusd+usdjpy,day_open,8,0.1000,ny1655,0,4251,0.5060,0.2529,-45.9979,0.2849,-0.3596,1.0000,0.0243,0.2151,13.7619,17.7167,22.6500,31.6853,0.2777,1.8333
eurusd+gbpusd+usdjpy,day_open,8,0.1000,ny1655,25,4251,0.3300,0.2595,-46.0468,0.2849,-0.3403,1.0000,0.0628,0.2134,13.7619,1.5000,21.4833,16.8586,0.2653,1.8333
eurusd+gbpusd+usdjpy,day_open,8,0.1000,ny1655,30,4251,0.3693,0.2535,-46.0712,0.2849,-0.3731,1.0000,0.0577,0.2126,13.7619,2.4167,21.7333,21.4684,0.2977,1.8333
eurusd+gbpusd+usdjpy,day_open,8,0.1000,ny1655,40,4251,0.4190,-0.0275,-46.0239,0.2849,-0.3764,1.0000,-0.0047,0.2139,13.7619,4.6167,22.0000,25.6602,-0.1140,1.8333
eurusd+gbpusd+usdjpy,day_open,8,0.1500,lon17,0,2640,0.5064,0.3569,-45.4532,0.3422,-0.2481,1.0000,0.0340,0.2221,8.5466,12.1967,17.7333,30.8467,0.4334,3.6042
eurusd+gbpusd+usdjpy,day_open,8,0.1500,lon17,25,2640,0.3239,-0.6526,-45.5147,0.3422,-0.0560,1.0000,-0.0589,0.2199,8.5466,1.2333,16.0517,18.1355,-0.8423,3.6042
eurusd+gbpusd+usdjpy,day_open,8,0.1500,lon17,30,2640,0.3689,-0.3438,-45.5163,0.3422,-0.0610,1.0000,-0.0395,0.2201,8.5466,1.9300,16.3667,21.8431,-0.4405,3.6042
eurusd+gbpusd+usdjpy,day_open,8,0.1500,lon17,40,2640,0.4242,-0.1306,-45.4864,0.3422,0.0212,1.0000,-0.0142,0.2210,8.5466,3.5317,16.7000,25.5695,-0.1882,3.6042
eurusd+gbpusd+usdjpy,day_open,8,0.1500,ny11,0,2640,0.5038,-0.2518,-45.4497,0.3422,-0.3270,1.0000,-0.0198,0.2221,8.5466,11.0467,16.6833,30.5652,-0.3127,3.6042
eurusd+gbpusd+usdjpy,day_open,8,0.1500,ny11,25,2640,0.3246,-0.6409,-45.5141,0.3422,-0.0996,1.0000,-0.0573,0.2199,8.5466,1.2333,15.0350,18.1060,-0.8324,3.6042
eurusd+gbpusd+usdjpy,day_open,8,0.1500,ny11,30,2640,0.3682,-0.3859,-45.5157,0.3422,-0.0998,1.0000,-0.0407,0.2201,8.5466,1.9300,15.2667,21.7883,-0.5013,3.6042
eurusd+gbpusd+usdjpy,day_open,8,0.1500,ny11,40,2640,0.4212,-0.2278,-45.4858,0.3422,-0.0205,1.0000,-0.0240,0.2210,8.5466,3.5317,15.6167,25.5180,-0.2897,3.6042
eurusd+gbpusd+usdjpy,day_open,8,0.1500,ny1655,0,2640,0.5019,-0.0727,-45.4520,0.3422,-0.1451,1.0000,-0.0046,0.2232,8.5466,16.9967,22.6000,32.3171,-0.1093,3.6042
eurusd+gbpusd+usdjpy,day_open,8,0.1500,ny1655,25,2640,0.3057,-0.7055,-45.5131,0.3422,-0.0684,1.0000,-0.0651,0.2202,8.5466,1.2333,20.7500,16.2636,-0.9230,3.6042
eurusd+gbpusd+usdjpy,day_open,8,0.1500,ny1655,30,2640,0.3523,-0.4173,-45.5218,0.3422,-0.0483,1.0000,-0.0438,0.2202,8.5466,1.9300,20.9833,21.5197,-0.5514,3.6042
eurusd+gbpusd+usdjpy,day_open,8,0.1500,ny1655,40,2640,0.4057,-0.3756,-45.4892,0.3422,0.0276,1.0000,-0.0352,0.2212,8.5466,3.5317,21.2683,25.3052,-0.5053,3.6042
eurusd+gbpusd+usdjpy,day_open,8,0.2000,lon17,0,1656,0.5006,-0.7046,-44.9159,0.4383,-0.1560,1.0000,-0.0335,0.2364,5.3610,12.0333,17.5333,31.4405,-0.7728,5.5000
eurusd+gbpusd+usdjpy,day_open,8,0.2000,lon17,25,1656,0.3213,-0.3737,-44.9763,0.4383,0.0625,1.0000,-0.0351,0.2343,5.3610,0.9667,15.8917,14.3926,-0.3586,5.5000
eurusd+gbpusd+usdjpy,day_open,8,0.2000,lon17,30,1656,0.3569,-0.7027,-44.9610,0.4383,0.0485,1.0000,-0.0523,0.2346,5.3610,1.5750,16.0917,18.2730,-0.7437,5.5000
eurusd+gbpusd+usdjpy,day_open,8,0.2000,lon17,40,1656,0.4070,-0.8363,-44.9218,0.4383,0.0713,1.0000,-0.0558,0.2361,5.3610,3.0333,16.4917,22.9353,-0.9726,5.5000
eurusd+gbpusd+usdjpy,day_open,8,0.2000,ny11,0,1656,0.4921,-1.7562,-44.9169,0.4383,-0.3174,1.0000,-0.0738,0.2364,5.3610,10.8833,16.4000,30.6641,-2.0907,5.5000
eurusd+gbpusd+usdjpy,day_open,8,0.2000,ny11,25,1656,0.3200,-0.6291,-44.9763,0.4383,-0.0063,1.0000,-0.0514,0.2343,5.3610,0.9667,14.8667,13.9154,-0.6955,5.5000
eurusd+gbpusd+usdjpy,day_open,8,0.2000,ny11,30,1656,0.3521,-0.9891,-44.9610,0.4383,-0.0220,1.0000,-0.0609,0.2346,5.3610,1.5750,15.0667,17.0899,-1.1089,5.5000
eurusd+gbpusd+usdjpy,day_open,8,0.2000,ny11,40,1656,0.4028,-1.1387,-44.9221,0.4383,-0.0078,1.0000,-0.0654,0.2361,5.3610,3.0333,15.3833,22.3040,-1.3093,5.5000
eurusd+gbpusd+usdjpy,day_open,8,0.2000,ny1655,0,1656,0.4934,-1.0570,-44.9255,0.4383,-0.0479,1.0000,-0.0367,0.2375,5.3610,16.8000,22.3167,32.4063,-1.1639,5.5000
eurusd+gbpusd+usdjpy,day_open,8,0.2000,ny1655,25,1656,0.3025,-0.6005,-44.9889,0.4383,0.0837,1.0000,-0.0466,0.2340,5.3610,0.9667,20.6000,11.4705,-0.6545,5.5000
eurusd+gbpusd+usdjpy,day_open,8,0.2000,ny1655,30,1656,0.3388,-0.8471,-44.9867,0.4383,0.0925,1.0000,-0.0593,0.2341,5.3610,1.5750,20.7833,15.6529,-0.9601,5.5000
eurusd+gbpusd+usdjpy,day_open,8,0.2000,ny1655,40,1656,0.3907,-0.9748,-44.9440,0.4383,0.1040,1.0000,-0.0570,0.2358,5.3610,3.0333,21.1417,21.6731,-1.1731,5.5000
eurusd+gbpusd+usdjpy,day_open,8,0.3000,lon17,0,693,0.5296,3.6069,-44.3026,0.5174,-0.3746,1.0000,0.2271,0.2532,2.2435,12.1167,17.0167,37.0218,4.1411,20.6667
eurusd+gbpusd+usdjpy,day_open,8,0.3000,lon17,25,693,0.3146,1.4909,-44.2920,0.5174,-0.0990,1.0000,0.1470,0.2532,2.2435,0.5900,15.2833,14.7224,1.9076,20.6667
eurusd+gbpusd+usdjpy,day_open,8,0.3000,lon17,30,693,0.3550,1.5478,-44.2807,0.5174,-0.1802,1.0000,0.1192,0.2532,2.2435,0.9033,15.4467,21.1310,1.8899,20.6667
eurusd+gbpusd+usdjpy,day_open,8,0.3000,lon17,40,693,0.4012,1.2643,-44.3000,0.5174,-0.2825,1.0000,0.0922,0.2532,2.2435,1.6633,15.9167,25.8076,1.4831,20.6667
eurusd+gbpusd+usdjpy,day_open,8,0.3000,ny11,0,693,0.5253,2.1606,-44.3147,0.5174,-0.4443,1.0000,0.1219,0.2532,2.2435,11.1167,15.7833,37.3484,2.4059,20.6667
eurusd+gbpusd+usdjpy,day_open,8,0.3000,ny11,25,693,0.3189,1.1258,-44.2920,0.5174,-0.1814,1.0000,0.1146,0.2532,2.2435,0.5900,14.2833,15.3080,1.5179,20.6667
eurusd+gbpusd+usdjpy,day_open,8,0.3000,ny11,30,693,0.3608,1.1916,-44.2848,0.5174,-0.2601,1.0000,0.0982,0.2532,2.2435,0.9033,14.4467,20.7235,1.5678,20.6667
eurusd+gbpusd+usdjpy,day_open,8,0.3000,ny11,40,693,0.4055,0.7068,-44.3080,0.5174,-0.3539,1.0000,0.0507,0.2532,2.2435,1.6633,14.9167,24.5951,0.9016,20.6667
eurusd+gbpusd+usdjpy,day_open,8,0.3000,ny1655,0,693,0.5209,4.2815,-44.2144,0.5174,-0.2095,1.0000,0.2206,0.2586,2.2435,17.0167,21.9167,38.8562,5.0848,20.6667
eurusd+gbpusd+usdjpy,day_open,8,0.3000,ny1655,25,693,0.2944,2.5395,-44.2786,0.5174,0.0616,1.0000,0.2605,0.2541,2.2435,0.5900,20.0333,9.8727,3.2012,20.6667
eurusd+gbpusd+usdjpy,day_open,8,0.3000,ny1655,30,693,0.3348,2.5580,-44.2675,0.5174,-0.0765,1.0000,0.2695,0.2541,2.2435,0.9033,20.3167,17.9110,3.1561,20.6667
eurusd+gbpusd+usdjpy,day_open,8,0.3000,ny1655,40,693,0.3781,2.0071,-44.2803,0.5174,-0.1703,1.0000,0.1479,0.2542,2.2435,1.6633,20.8000,22.0264,2.4739,20.6667
eurusd+gbpusd+usdjpy,day_open,8,0.4000,lon17,0,279,0.4839,1.8409,-45.3131,0.4336,-0.3926,1.0000,0.0609,0.2203,0.9032,11.6667,16.9167,43.9410,1.3946,93.0000
eurusd+gbpusd+usdjpy,day_open,8,0.4000,lon17,25,279,0.2043,-3.0862,-45.2312,0.4336,-0.4770,1.0000,-0.1202,0.2221,0.9032,0.2300,14.1167,0.0000,-4.1659,93.0000
eurusd+gbpusd+usdjpy,day_open,8,0.4000,lon17,30,279,0.2437,-3.1674,-45.3146,0.4336,-0.3870,1.0000,-0.1081,0.2203,0.9032,0.3667,14.4500,11.8934,-4.5670,93.0000
eurusd+gbpusd+usdjpy,day_open,8,0.4000,lon17,40,279,0.3154,-3.3104,-45.3131,0.4336,-0.3653,1.0000,-0.1050,0.2203,0.9032,0.7000,15.0667,31.9600,-4.7319,93.0000
eurusd+gbpusd+usdjpy,day_open,8,0.4000,ny11,0,279,0.4659,0.8783,-45.3199,0.4336,-0.4066,1.0000,0.0214,0.2203,0.9032,10.5833,15.5833,43.1251,0.1384,93.0000
eurusd+gbpusd+usdjpy,day_open,8,0.4000,ny11,25,279,0.2007,-2.6051,-45.2366,0.4336,-0.5123,1.0000,-0.0923,0.2221,0.9032,0.2300,13.0333,0.0000,-3.5097,93.0000
eurusd+gbpusd+usdjpy,day_open,8,0.4000,ny11,30,279,0.2473,-2.5824,-45.3199,0.4336,-0.4108,1.0000,-0.0827,0.2203,0.9032,0.3667,13.4500,12.9904,-3.7430,93.0000
eurusd+gbpusd+usdjpy,day_open,8,0.4000,ny11,40,279,0.3118,-2.7255,-45.3199,0.4336,-0.3930,1.0000,-0.0936,0.2203,0.9032,0.7000,13.8633,30.0799,-3.9054,93.0000
eurusd+gbpusd+usdjpy,day_open,8,0.4000,ny1655,0,279,0.4767,1.2162,-45.0641,0.4336,-0.3218,1.0000,0.0253,0.2323,0.9032,16.5000,21.9667,45.1653,0.8412,93.0000
eurusd+gbpusd+usdjpy,day_open,8,0.4000,ny1655,25,279,0.1935,-2.5658,-45.1433,0.4336,-0.4829,1.0000,-0.0944,0.2257,0.9032,0.2300,19.1000,0.0000,-3.6455,93.0000
eurusd+gbpusd+usdjpy,day_open,8,0.4000,ny1655,30,279,0.2330,-2.8664,-45.2252,0.4336,-0.3828,1.0000,-0.0864,0.2239,0.9032,0.3667,19.6400,10.3923,-4.3459,93.0000
eurusd+gbpusd+usdjpy,day_open,8,0.4000,ny1655,40,279,0.3047,-2.9206,-45.2240,0.4336,-0.3872,1.0000,-0.0926,0.2239,0.9032,0.7000,20.2633,28.0262,-4.3910,93.0000
eurusd+gbpusd+usdjpy,day_open,10,0.1000,lon17,0,5037,0.5055,0.1776,-46.7243,0.2460,-0.3875,1.0000,0.0241,0.1992,16.3065,10.2000,17.8000,28.9317,0.1679,1.3939
eurusd+gbpusd+usdjpy,day_open,10,0.1000,lon17,25,5037,0.3488,0.0854,-46.7496,0.2460,-0.2472,1.0000,0.0210,0.1985,16.3065,1.4667,16.6400,17.5514,0.0316,1.3939
eurusd+gbpusd+usdjpy,day_open,10,0.1000,lon17,30,5037,0.3869,0.1295,-46.7743,0.2460,-0.2493,1.0000,0.0317,0.1979,16.3065,2.2500,16.8667,21.1055,0.1246,1.3939
eurusd+gbpusd+usdjpy,day_open,10,0.1000,lon17,40,5037,0.4332,0.0218,-46.7460,0.2460,-0.2706,1.0000,0.0049,0.1986,16.3065,4.4933,17.3167,24.4797,-0.0547,1.3939
eurusd+gbpusd+usdjpy,day_open,10,0.1000,ny11,0,5037,0.5084,-0.2198,-46.7357,0.2460,-0.3790,1.0000,-0.0232,0.1989,16.3065,9.1267,16.7333,28.4001,-0.3089,1.3939
eurusd+gbpusd+usdjpy,day_open,10,0.1000,ny11,25,5037,0.3593,0.1714,-46.7621,0.2460,-0.2540,1.0000,0.0413,0.1982,16.3065,1.4667,15.5500,17.7114,0.1503,1.3939
eurusd+gbpusd+usdjpy,day_open,10,0.1000,ny11,30,5037,0.3953,0.2320,-46.7869,0.2460,-0.2312,1.0000,0.0562,0.1976,16.3065,2.2500,15.8167,20.8773,0.2688,1.3939
eurusd+gbpusd+usdjpy,day_open,10,0.1000,ny11,40,5037,0.4397,0.0808,-46.7585,0.2460,-0.2373,1.0000,0.0169,0.1983,16.3065,4.4933,16.0733,23.8886,0.0431,1.3939
eurusd+gbpusd+usdjpy,day_open,10,0.1000,ny1655,0,5037,0.4979,-0.3513,-46.6390,0.2460,-0.3053,1.0000,-0.0361,0.2017,16.3065,15.0500,22.6167,30.3411,-0.5072,1.3939
eurusd+gbpusd+usdjpy,day_open,10,0.1000,ny1655,25,5037,0.3311,-0.0238,-46.7117,0.2460,-0.2818,1.0000,-0.0055,0.1997,16.3065,1.4667,21.2333,16.4545,-0.0812,1.3939
eurusd+gbpusd+usdjpy,day_open,10,0.1000,ny1655,30,5037,0.3697,-0.0390,-46.7445,0.2460,-0.2832,1.0000,-0.0090,0.1989,16.3065,2.2500,21.4833,20.9215,-0.0706,1.3939
eurusd+gbpusd+usdjpy,day_open,10,0.1000,ny1655,40,5037,0.4181,-0.2984,-46.7061,0.2460,-0.3082,1.0000,-0.0527,0.1998,16.3065,4.4933,21.8333,24.8454,-0.4500,1.3939
eurusd+gbpusd+usdjpy,day_open,10,0.1500,lon17,0,3510,0.5023,0.3930,-46.5156,0.2885,-0.1647,1.0000,0.0463,0.2034,11.3631,9.8333,17.6500,29.9398,0.4844,2.3953
eurusd+gbpusd+usdjpy,day_open,10,0.1500,lon17,25,3510,0.3382,-0.1731,-46.5661,0.2885,0.1013,1.0000,-0.0198,0.2020,11.3631,1.2000,15.7667,18.5074,-0.2129,2.3953
eurusd+gbpusd+usdjpy,day_open,10,0.1500,lon17,30,3510,0.3778,-0.0844,-46.5628,0.2885,0.0993,1.0000,-0.0107,0.2021,11.3631,1.7000,16.0667,21.5935,-0.0837,2.3953
eurusd+gbpusd+usdjpy,day_open,10,0.1500,lon17,40,3510,0.4291,-0.0341,-46.5514,0.2885,0.1553,1.0000,-0.0037,0.2026,11.3631,3.2983,16.5167,25.2763,-0.0282,2.3953
eurusd+gbpusd+usdjpy,day_open,10,0.1500,ny11,0,3510,0.4980,-0.2636,-46.5118,0.2885,-0.2294,1.0000,-0.0245,0.2034,11.3631,8.7667,16.6200,29.5717,-0.3235,2.3953
eurusd+gbpusd+usdjpy,day_open,10,0.1500,ny11,25,3510,0.3390,-0.2053,-46.5654,0.2885,0.0599,1.0000,-0.0243,0.2020,11.3631,1.2000,14.7833,18.1060,-0.2556,2.3953
eurusd+gbpusd+usdjpy,day_open,10,0.1500,ny11,30,3510,0.3775,-0.1660,-46.5622,0.2885,0.0545,1.0000,-0.0199,0.2021,11.3631,1.7000,15.0667,21.1926,-0.1898,2.3953
eurusd+gbpusd+usdjpy,day_open,10,0.1500,ny11,40,3510,0.4259,-0.1529,-46.5507,0.2885,0.1050,1.0000,-0.0178,0.2026,11.3631,3.2983,15.4500,24.7140,-0.1611,2.3953
eurusd+gbpusd+usdjpy,day_open,10,0.1500,ny1655,0,3510,0.4949,-0.1604,-46.4587,0.2885,-0.0265,1.0000,-0.0116,0.2052,11.3631,14.7000,22.3867,31.7907,-0.1619,2.3953
eurusd+gbpusd+usdjpy,day_open,10,0.1500,ny1655,25,3510,0.3179,-0.2911,-46.5589,0.2885,0.1019,1.0000,-0.0326,0.2024,11.3631,1.2000,20.4667,16.8020,-0.3435,2.3953
eurusd+gbpusd+usdjpy,day_open,10,0.1500,ny1655,30,3510,0.3590,-0.2802,-46.5616,0.2885,0.1236,1.0000,-0.0301,0.2025,11.3631,1.7000,20.6833,20.9584,-0.3126,2.3953
eurusd+gbpusd+usdjpy,day_open,10,0.1500,ny1655,40,3510,0.4094,-0.3960,-46.5293,0.2885,0.1849,1.0000,-0.0393,0.2032,11.3631,3.2983,20.9667,24.6939,-0.4448,2.3953
eurusd+gbpusd+usdjpy,day_open,10,0.2000,lon17,0,2436,0.5193,1.7087,-46.2859,0.3633,-0.2054,1.0000,0.1741,0.2094,7.8862,9.5333,17.2667,29.7326,2.2373,3.1176
eurusd+gbpusd+usdjpy,day_open,10,0.2000,lon17,25,2436,0.3526,1.2441,-46.3508,0.3633,0.1869,1.0000,0.2171,0.2075,7.8862,0.9833,15.5417,16.8244,1.6547,3.1176
eurusd+gbpusd+usdjpy,day_open,10,0.2000,lon17,30,2436,0.3883,1.0397,-46.3175,0.3633,0.1368,1.0000,0.1397,0.2083,7.8862,1.5417,15.8083,20.1607,1.4108,3.1176
eurusd+gbpusd+usdjpy,day_open,10,0.2000,lon17,40,2436,0.4376,0.9953,-46.2919,0.3633,0.0822,1.0000,0.1253,0.2091,7.8862,2.7167,16.1083,24.2834,1.3079,3.1176
eurusd+gbpusd+usdjpy,day_open,10,0.2000,ny11,0,2436,0.5119,0.6041,-46.2841,0.3633,-0.3088,1.0000,0.0532,0.2094,7.8862,8.5167,16.0833,28.9718,0.8734,3.1176
eurusd+gbpusd+usdjpy,day_open,10,0.2000,ny11,25,2436,0.3534,0.9384,-46.3508,0.3633,0.1163,1.0000,0.1535,0.2075,7.8862,0.9833,14.5333,17.6094,1.2736,3.1176
eurusd+gbpusd+usdjpy,day_open,10,0.2000,ny11,30,2436,0.3863,0.6861,-46.3175,0.3633,0.0639,1.0000,0.0904,0.2083,7.8862,1.5417,14.7833,20.0097,0.9817,3.1176
eurusd+gbpusd+usdjpy,day_open,10,0.2000,ny11,40,2436,0.4347,0.5981,-46.2913,0.3633,0.0112,1.0000,0.0731,0.2091,7.8862,2.7167,15.0667,23.6107,0.8531,3.1176
eurusd+gbpusd+usdjpy,day_open,10,0.2000,ny1655,0,2436,0.5033,1.0517,-46.3240,0.3633,-0.1114,1.0000,0.0605,0.2090,7.8862,14.4500,21.9000,30.6059,1.5323,3.1176
eurusd+gbpusd+usdjpy,day_open,10,0.2000,ny1655,25,2436,0.3284,0.7957,-46.3770,0.3633,0.1457,1.0000,0.1284,0.2070,7.8862,0.9833,20.1167,14.6027,1.1500,3.1176
eurusd+gbpusd+usdjpy,day_open,10,0.2000,ny1655,30,2436,0.3621,0.5607,-46.3506,0.3633,0.1217,1.0000,0.0697,0.2077,7.8862,1.5417,20.4000,18.8994,0.8559,3.1176
eurusd+gbpusd+usdjpy,day_open,10,0.2000,ny1655,40,2436,0.4109,0.4673,-46.3102,0.3633,0.0754,1.0000,0.0487,0.2087,7.8862,2.7167,20.6667,23.0624,0.7084,3.1176
eurusd+gbpusd+usdjpy,day_open,10,0.3000,lon17,0,1011,0.5124,2.5536,-44.8390,0.4340,-0.1970,1.0000,0.1991,0.2344,3.2730,9.5500,16.7833,33.0642,2.9522,11.7143
eurusd+gbpusd+usdjpy,day_open,10,0.3000,lon17,25,1011,0.3244,0.9213,-44.8181,0.4340,-0.0479,1.0000,0.0866,0.2349,3.2730,0.6667,14.5667,17.6092,1.1232,11.7143
eurusd+gbpusd+usdjpy,day_open,10,0.3000,lon17,30,1011,0.3581,0.5983,-44.8127,0.4340,-0.1234,1.0000,0.0435,0.2349,3.2730,0.9333,15.0500,21.0595,0.6675,11.7143
eurusd+gbpusd+usdjpy,day_open,10,0.3000,lon17,40,1011,0.4006,0.0333,-44.8418,0.4340,-0.1918,1.0000,0.0022,0.2344,3.2730,1.7833,15.5500,25.3279,-0.0962,11.7143
eurusd+gbpusd+usdjpy,day_open,10,0.3000,ny11,0,1011,0.5054,0.6825,-44.8426,0.4340,-0.3471,1.0000,0.0383,0.2344,3.2730,8.5167,15.4500,33.2943,0.6586,11.7143
eurusd+gbpusd+usdjpy,day_open,10,0.3000,ny11,25,1011,0.3284,0.5471,-44.8181,0.4340,-0.1586,1.0000,0.0490,0.2349,3.2730,0.6667,13.5667,17.1473,0.7029,11.7143
eurusd+gbpusd+usdjpy,day_open,10,0.3000,ny11,30,1011,0.3620,0.2360,-44.8138,0.4340,-0.2241,1.0000,0.0192,0.2349,3.2730,0.9333,14.0500,20.7235,0.2963,11.7143
eurusd+gbpusd+usdjpy,day_open,10,0.3000,ny11,40,1011,0.4036,-0.4967,-44.8440,0.4340,-0.2956,1.0000,-0.0342,0.2344,3.2730,1.7833,14.4833,23.7868,-0.6640,11.7143
eurusd+gbpusd+usdjpy,day_open,10,0.3000,ny1655,0,1011,0.5084,2.9743,-44.7200,0.4340,-0.1013,1.0000,0.1338,0.2388,3.2730,14.4333,21.4667,33.9668,3.5337,11.7143
eurusd+gbpusd+usdjpy,day_open,10,0.3000,ny1655,25,1011,0.3106,1.8071,-44.8002,0.4340,0.0569,1.0000,0.2132,0.2358,3.2730,0.6667,19.3000,14.1989,2.2265,11.7143
eurusd+gbpusd+usdjpy,day_open,10,0.3000,ny1655,30,1011,0.3422,1.3980,-44.7868,0.4340,-0.0533,1.0000,0.1348,0.2359,3.2730,0.9333,19.5167,18.9371,1.6703,11.7143
eurusd+gbpusd+usdjpy,day_open,10,0.3000,ny1655,40,1011,0.3838,0.5217,-44.8084,0.4340,-0.1167,1.0000,0.0416,0.2356,3.2730,1.7833,20.3167,22.2879,0.5653,11.7143
eurusd+gbpusd+usdjpy,day_open,10,0.4000,lon17,0,441,0.4762,2.2938,-44.0871,0.4023,-0.3320,1.0000,0.0889,0.2549,1.4277,9.5000,16.6500,40.2305,2.2748,46.0000
eurusd+gbpusd+usdjpy,day_open,10,0.4000,lon17,25,441,0.2358,-2.0321,-44.1058,0.4023,-0.5380,1.0000,-0.0925,0.2538,1.4277,0.3333,13.3000,8.2164,-2.9093,46.0000
eurusd+gbpusd+usdjpy,day_open,10,0.4000,lon17,30,441,0.2721,-1.8067,-44.1254,0.4023,-0.4580,1.0000,-0.0752,0.2538,1.4277,0.5000,14.1167,20.4404,-2.6839,46.0000
eurusd+gbpusd+usdjpy,day_open,10,0.4000,lon17,40,441,0.3356,-1.7798,-44.1194,0.4023,-0.5234,1.0000,-0.0833,0.2538,1.4277,0.9667,14.5500,27.4740,-2.6739,46.0000
eurusd+gbpusd+usdjpy,day_open,10,0.4000,ny11,0,441,0.4717,1.1884,-44.1073,0.4023,-0.3780,1.0000,0.0359,0.2549,1.4277,8.4833,15.3167,38.7991,0.8317,46.0000
eurusd+gbpusd+usdjpy,day_open,10,0.4000,ny11,25,441,0.2426,-1.9914,-44.1184,0.4023,-0.5463,1.0000,-0.0875,0.2538,1.4277,0.3333,12.3000,9.6366,-2.7692,46.0000
eurusd+gbpusd+usdjpy,day_open,10,0.4000,ny11,30,441,0.2834,-1.7615,-44.1385,0.4023,-0.4765,1.0000,-0.0740,0.2538,1.4277,0.5000,13.1167,19.7340,-2.5306,46.0000
eurusd+gbpusd+usdjpy,day_open,10,0.4000,ny11,40,441,0.3447,-1.8452,-44.1385,0.4023,-0.5421,1.0000,-0.0865,0.2538,1.4277,0.9667,13.4500,25.3547,-2.6571,46.0000
eurusd+gbpusd+usdjpy,day_open,10,0.4000,ny1655,0,441,0.4649,1.4003,-43.9358,0.4023,-0.2747,1.0000,0.0499,0.2626,1.4277,14.4000,21.8000,40.0220,1.3082,46.0000
eurusd+gbpusd+usdjpy,day_open,10,0.4000,ny1655,25,441,0.2177,-2.1753,-44.0408,0.4023,-0.5109,1.0000,-0.0969,0.2561,1.4277,0.3333,17.9500,0.0000,-3.0785,46.0000
eurusd+gbpusd+usdjpy,day_open,10,0.4000,ny1655,30,441,0.2540,-2.1247,-44.0600,0.4023,-0.4229,1.0000,-0.0831,0.2561,1.4277,0.5000,19.0333,18.1865,-3.0939,46.0000
eurusd+gbpusd+usdjpy,day_open,10,0.4000,ny1655,40,441,0.3220,-1.6285,-44.0463,0.4023,-0.5100,1.0000,-0.0701,0.2561,1.4277,0.9667,19.4667,26.7891,-2.5245,46.0000
eurusd+gbpusd+usdjpy,prev_close,6,0.1000,lon17,0,3927,0.5144,0.1241,-44.9734,0.3654,-0.3690,1.0000,0.0143,0.2391,12.7130,14.1667,18.3100,30.7002,0.1407,2.1789
eurusd+gbpusd+usdjpy,prev_close,6,0.1000,lon17,25,3927,0.3486,0.3127,-44.9986,0.3654,-0.2212,1.0000,0.0588,0.2382,12.7130,1.4433,17.5667,18.5355,0.3487,2.1789
eurusd+gbpusd+usdjpy,prev_close,6,0.1000,lon17,30,3927,0.3855,0.2376,-45.0074,0.3654,-0.2040,1.0000,0.0402,0.2381,12.7130,2.2867,17.7667,21.8238,0.3093,2.1789
eurusd+gbpusd+usdjpy,prev_close,6,0.1000,lon17,40,3927,0.4326,0.1031,-44.9853,0.3654,-0.1995,1.0000,0.0151,0.2386,12.7130,4.7333,17.9000,25.8666,0.1064,2.1789
eurusd+gbpusd+usdjpy,prev_close,6,0.1000,ny11,0,3927,0.5144,-0.2200,-44.9827,0.3654,-0.3861,1.0000,-0.0207,0.2387,12.7130,13.1333,16.9833,30.6935,-0.2828,2.1789
eurusd+gbpusd+usdjpy,prev_close,6,0.1000,ny11,25,3927,0.3532,0.3797,-45.0086,0.3654,-0.2905,1.0000,0.0814,0.2378,12.7130,1.4433,16.3500,18.9371,0.4503,2.1789
eurusd+gbpusd+usdjpy,prev_close,6,0.1000,ny11,30,3927,0.3883,0.3360,-45.0174,0.3654,-0.2450,1.0000,0.0691,0.2377,12.7130,2.2867,16.6733,21.8198,0.4490,2.1789
eurusd+gbpusd+usdjpy,prev_close,6,0.1000,ny11,40,3927,0.4354,0.1984,-44.9952,0.3654,-0.2169,1.0000,0.0321,0.2382,12.7130,4.7333,16.8167,25.4514,0.2468,2.1789
eurusd+gbpusd+usdjpy,prev_close,6,0.1000,ny1655,0,3927,0.5045,-0.2855,-44.9613,0.3654,-0.3032,1.0000,-0.0248,0.2406,12.7130,19.0500,22.9233,32.0790,-0.4252,2.1789
eurusd+gbpusd+usdjpy,prev_close,6,0.1000,ny1655,25,3927,0.3282,0.1870,-44.9832,0.3654,-0.2643,1.0000,0.0313,0.2392,12.7130,1.4433,22.2000,17.5984,0.1789,2.1789
eurusd+gbpusd+usdjpy,prev_close,6,0.1000,ny1655,30,3927,0.3662,0.0691,-45.0010,0.3654,-0.2612,1.0000,0.0096,0.2388,12.7130,2.2867,22.5333,21.4323,0.0746,2.1789
eurusd+gbpusd+usdjpy,prev_close,6,0.1000,ny1655,40,3927,0.4158,-0.1976,-44.9692,0.3654,-0.2248,1.0000,-0.0211,0.2396,12.7130,4.7333,22.6833,25.5508,-0.2963,2.1789
eurusd+gbpusd+usdjpy,prev_close,6,0.1500,lon17,0,2352,0.5149,-0.0889,-44.5658,0.3755,-0.3005,1.0000,-0.0108,0.2563,7.6142,14.0333,19.8167,31.8711,-0.2349,3.9487
eurusd+gbpusd+usdjpy,prev_close,6,0.1500,lon17,25,2352,0.3312,-0.0351,-44.6061,0.3755,-0.1993,1.0000,-0.0052,0.2544,7.6142,1.1350,17.6833,18.6436,-0.1049,3.9487
eurusd+gbpusd+usdjpy,prev_close,6,0.1500,lon17,30,2352,0.3729,0.0307,-44.6213,0.3755,-0.2427,1.0000,0.0041,0.2542,7.6142,1.6683,17.8833,22.1305,-0.0184,3.9487
eurusd+gbpusd+usdjpy,prev_close,6,0.1500,lon17,40,2352,0.4286,-0.0125,-44.5894,0.3755,-0.0646,1.0000,-0.0013,0.2553,7.6142,3.6667,17.9667,25.9722,-0.0665,3.9487
eurusd+gbpusd+usdjpy,prev_close,6,0.1500,ny11,0,2352,0.5132,-0.6789,-44.5650,0.3755,-0.3763,1.0000,-0.0660,0.2563,7.6142,12.8333,18.0000,31.6717,-0.9802,3.9487
eurusd+gbpusd+usdjpy,prev_close,6,0.1500,ny11,25,2352,0.3333,-0.1092,-44.6057,0.3755,-0.2588,1.0000,-0.0160,0.2544,7.6142,1.1350,16.6833,18.9948,-0.1858,3.9487
eurusd+gbpusd+usdjpy,prev_close,6,0.1500,ny11,30,2352,0.3750,-0.0494,-44.6209,0.3755,-0.2521,1.0000,-0.0067,0.2542,7.6142,1.6683,16.7983,22.0344,-0.1112,3.9487
eurusd+gbpusd+usdjpy,prev_close,6,0.1500,ny11,40,2352,0.4269,-0.1670,-44.5890,0.3755,-0.0936,1.0000,-0.0190,0.2553,7.6142,3.6667,16.9500,25.6280,-0.2364,3.9487
eurusd+gbpusd+usdjpy,prev_close,6,0.1500,ny1655,0,2352,0.5047,-0.2828,-44.5930,0.3755,-0.1757,1.0000,-0.0234,0.2569,7.6142,18.7667,23.8167,33.3357,-0.5344,3.9487
eurusd+gbpusd+usdjpy,prev_close,6,0.1500,ny1655,25,2352,0.3104,-0.1213,-44.6075,0.3755,-0.1491,1.0000,-0.0158,0.2547,7.6142,1.1350,22.4667,16.2831,-0.2261,3.9487
eurusd+gbpusd+usdjpy,prev_close,6,0.1500,ny1655,30,2352,0.3529,-0.1232,-44.6301,0.3755,-0.1955,1.0000,-0.0140,0.2543,7.6142,1.6683,22.6500,21.7084,-0.2488,3.9487
eurusd+gbpusd+usdjpy,prev_close,6,0.1500,ny1655,40,2352,0.4039,-0.2375,-44.6099,0.3755,-0.0501,1.0000,-0.0204,0.2550,7.6142,3.6667,22.8000,25.9156,-0.3932,3.9487
eurusd+gbpusd+usdjpy,prev_close,6,0.2000,lon17,0,1479,0.5071,-0.6064,-43.6744,0.4482,-0.1671,1.0000,-0.0419,0.2859,4.7880,13.8667,22.7500,33.7773,-0.7640,10.0000
eurusd+gbpusd+usdjpy,prev_close,6,0.2000,lon17,25,1479,0.3259,0.2245,-43.7562,0.4482,-0.0679,1.0000,0.0242,0.2826,4.7880,0.9500,17.7667,16.5700,0.2738,10.0000
eurusd+gbpusd+usdjpy,prev_close,6,0.2000,lon17,30,1479,0.3590,-0.1218,-43.7360,0.4482,0.0133,1.0000,-0.0114,0.2832,4.7880,1.5467,17.9500,19.4567,-0.1201,10.0000
eurusd+gbpusd+usdjpy,prev_close,6,0.2000,lon17,40,1479,0.4016,-0.7144,-43.6754,0.4482,0.0316,1.0000,-0.0523,0.2853,4.7880,2.7933,18.7000,24.9415,-0.9256,10.0000
eurusd+gbpusd+usdjpy,prev_close,6,0.2000,ny11,0,1479,0.5017,-1.7400,-43.6762,0.4482,-0.2885,1.0000,-0.0850,0.2859,4.7880,12.8500,22.7500,33.5024,-2.1885,10.0000
eurusd+gbpusd+usdjpy,prev_close,6,0.2000,ny11,25,1479,0.3286,-0.2851,-43.7562,0.4482,-0.1065,1.0000,-0.0288,0.2826,4.7880,0.9500,16.7500,18.4014,-0.3608,10.0000
eurusd+gbpusd+usdjpy,prev_close,6,0.2000,ny11,30,1479,0.3604,-0.7418,-43.7360,0.4482,-0.0288,1.0000,-0.0652,0.2832,4.7880,1.5067,16.9167,20.2672,-0.8793,10.0000
eurusd+gbpusd+usdjpy,prev_close,6,0.2000,ny11,40,1479,0.4057,-1.4395,-43.6754,0.4482,-0.0096,1.0000,-0.0891,0.2853,4.7880,2.7933,17.8333,24.2487,-1.7907,10.0000
eurusd+gbpusd+usdjpy,prev_close,6,0.2000,ny1655,0,1479,0.4970,-0.7561,-43.6919,0.4482,-0.0719,1.0000,-0.0398,0.2871,4.7880,18.7667,23.9333,35.8179,-0.9984,10.0000
eurusd+gbpusd+usdjpy,prev_close,6,0.2000,ny1655,25,1479,0.3070,-0.1199,-43.7505,0.4482,-0.0054,1.0000,-0.0104,0.2830,4.7880,0.9500,22.5833,14.7571,-0.2037,10.0000
eurusd+gbpusd+usdjpy,prev_close,6,0.2000,ny1655,30,1479,0.3442,-0.4979,-43.7548,0.4482,0.0649,1.0000,-0.0374,0.2831,4.7880,1.5467,22.6867,18.0871,-0.6429,10.0000
eurusd+gbpusd+usdjpy,prev_close,6,0.2000,ny1655,40,1479,0.3827,-1.0849,-43.6971,0.4482,0.0758,1.0000,-0.0626,0.2849,4.7880,2.8767,22.8667,24.5153,-1.4712,10.0000
eurusd+gbpusd+usdjpy,prev_close,6,0.3000,lon17,0,690,0.5174,1.1036,-43.0415,0.4477,-0.1697,1.0000,0.0374,0.3172,2.2338,13.9317,23.9350,33.6141,1.0888,24.0000
eurusd+gbpusd+usdjpy,prev_close,6,0.3000,lon17,25,690,0.3145,0.2276,-43.0710,0.4477,-0.2045,1.0000,0.0119,0.3157,2.2338,0.5983,21.7667,15.0649,0.1643,24.0000
eurusd+gbpusd+usdjpy,prev_close,6,0.3000,lon17,30,690,0.3551,0.1545,-43.0285,0.4477,-0.2258,1.0000,0.0083,0.3172,2.2338,0.9150,23.1000,21.5037,0.0332,24.0000
eurusd+gbpusd+usdjpy,prev_close,6,0.3000,lon17,40,690,0.3986,-0.1805,-42.9702,0.4477,-0.1931,1.0000,-0.0080,0.3186,2.2338,1.7083,23.8350,26.1681,-0.4041,24.0000
eurusd+gbpusd+usdjpy,prev_close,6,0.3000,ny11,0,690,0.5116,-0.2585,-43.0482,0.4477,-0.2340,1.0000,-0.0075,0.3172,2.2338,12.8417,23.9350,34.1833,-0.5780,24.0000
eurusd+gbpusd+usdjpy,prev_close,6,0.3000,ny11,25,690,0.3159,-0.2380,-43.0710,0.4477,-0.1957,1.0000,-0.0115,0.3157,2.2338,0.5983,21.7667,15.6104,-0.3729,24.0000
eurusd+gbpusd+usdjpy,prev_close,6,0.3000,ny11,30,690,0.3551,-0.5343,-43.0285,0.4477,-0.2132,1.0000,-0.0253,0.3172,2.2338,0.9150,23.1000,20.4182,-0.7729,24.0000
eurusd+gbpusd+usdjpy,prev_close,6,0.3000,ny11,40,690,0.3986,-0.8144,-42.9723,0.4477,-0.2072,1.0000,-0.0351,0.3186,2.2338,1.7083,23.8350,24.6483,-1.0806,24.0000
eurusd+gbpusd+usdjpy,prev_close,6,0.3000,ny1655,0,690,0.5188,2.8919,-43.1025,0.4477,-0.0273,1.0000,0.1035,0.3157,2.2338,18.8267,23.9850,36.4584,3.3807,24.0000
eurusd+gbpusd+usdjpy,prev_close,6,0.3000,ny1655,25,690,0.3087,1.6158,-43.0881,0.4477,-0.0961,1.0000,0.0842,0.3157,2.2338,0.5983,22.8233,9.8727,1.8948,24.0000
eurusd+gbpusd+usdjpy,prev_close,6,0.3000,ny1655,30,690,0.3478,1.5949,-43.0458,0.4477,-0.1410,1.0000,0.0890,0.3172,2.2338,0.9150,23.7500,17.7620,1.8425,24.0000
eurusd+gbpusd+usdjpy,prev_close,6,0.3000,ny1655,40,690,0.3870,1.0809,-42.9958,0.4477,-0.1021,1.0000,0.0484,0.3179,2.2338,1.7083,23.8867,23.4269,1.1899,24.0000
eurusd+gbpusd+usdjpy,prev_close,6,0.4000,lon17,0,321,0.4704,-0.6830,-43.2815,0.3395,-0.1222,1.0000,-0.0182,0.3033,1.0392,13.9667,24.0000,42.0127,-1.7442,72.0000
eurusd+gbpusd+usdjpy,prev_close,6,0.4000,lon17,25,321,0.2492,-1.9579,-43.1328,0.3395,-0.1240,1.0000,-0.0584,0.3049,1.0392,0.2500,23.8333,0.0000,-2.6782,72.0000
eurusd+gbpusd+usdjpy,prev_close,6,0.4000,lon17,30,321,0.2835,-2.2704,-43.1112,0.3395,-0.0793,1.0000,-0.0589,0.3064,1.0392,0.4000,23.9167,13.1584,-3.3171,72.0000
eurusd+gbpusd+usdjpy,prev_close,6,0.4000,lon17,40,321,0.3209,-4.6549,-43.1295,0.3395,-0.0986,1.0000,-0.1046,0.3064,1.0392,0.7167,23.9167,26.7081,-6.3657,72.0000
eurusd+gbpusd+usdjpy,prev_close,6,0.4000,ny11,0,321,0.4579,-1.6685,-43.2971,0.3395,-0.2180,1.0000,-0.0388,0.3033,1.0392,12.7167,24.0000,40.9092,-2.9632,72.0000
eurusd+gbpusd+usdjpy,prev_close,6,0.4000,ny11,25,321,0.2492,-1.4061,-43.1458,0.3395,-0.1484,1.0000,-0.0442,0.3049,1.0392,0.2500,23.8333,0.0000,-1.9212,72.0000
eurusd+gbpusd+usdjpy,prev_close,6,0.4000,ny11,30,321,0.2835,-1.9436,-43.1178,0.3395,-0.0974,1.0000,-0.0527,0.3064,1.0392,0.4000,23.9167,11.5470,-2.8202,72.0000
eurusd+gbpusd+usdjpy,prev_close,6,0.4000,ny11,40,321,0.3209,-4.3855,-43.1370,0.3395,-0.1112,1.0000,-0.1015,0.3064,1.0392,0.7167,23.9167,23.1606,-5.9081,72.0000
eurusd+gbpusd+usdjpy,prev_close,6,0.4000,ny1655,0,321,0.4704,0.4665,-43.1012,0.3395,-0.0452,1.0000,0.0114,0.3094,1.0392,18.6333,24.0000,44.1861,-0.2907,72.0000
eurusd+gbpusd+usdjpy,prev_close,6,0.4000,ny1655,25,321,0.2399,-0.8007,-43.1252,0.3395,-0.1237,1.0000,-0.0245,0.3049,1.0392,0.2500,23.8333,0.0000,-1.3757,72.0000
eurusd+gbpusd+usdjpy,prev_close,6,0.4000,ny1655,30,321,0.2710,-1.3880,-43.1042,0.3395,-0.0816,1.0000,-0.0352,0.3064,1.0392,0.4000,23.9167,11.0907,-2.3464,72.0000
eurusd+gbpusd+usdjpy,prev_close,6,0.4000,ny1655,40,321,0.3084,-3.5977,-43.1022,0.3395,-0.1190,1.0000,-0.0797,0.3064,1.0392,0.7167,23.9167,19.6390,-5.1483,72.0000
eurusd+gbpusd+usdjpy,prev_close,8,0.1000,lon17,0,4389,0.5126,0.0671,-45.5107,0.3381,-0.4051,1.0000,0.0074,0.2269,14.2087,12.9833,18.0000,29.8598,0.1006,1.8403
eurusd+gbpusd+usdjpy,prev_close,8,0.1000,lon17,25,4389,0.3504,0.1935,-45.5358,0.3381,-0.2334,1.0000,0.0302,0.2260,14.2087,1.5500,17.3033,18.3597,0.2152,1.8403
eurusd+gbpusd+usdjpy,prev_close,8,0.1000,lon17,30,4389,0.3864,0.0523,-45.5449,0.3381,-0.2242,1.0000,0.0073,0.2259,14.2087,2.4500,17.6667,21.5792,0.0839,1.8403
eurusd+gbpusd+usdjpy,prev_close,8,0.1000,lon17,40,4389,0.4345,-0.0440,-45.5214,0.3381,-0.2330,1.0000,-0.0058,0.2265,14.2087,4.6133,17.8167,25.3553,-0.0638,1.8403
eurusd+gbpusd+usdjpy,prev_close,8,0.1000,ny11,0,4389,0.5115,-0.3664,-45.5192,0.3381,-0.4190,1.0000,-0.0325,0.2266,14.2087,11.9167,16.9667,29.6072,-0.4240,1.8403
eurusd+gbpusd+usdjpy,prev_close,8,0.1000,ny11,25,4389,0.3554,0.2340,-45.5455,0.3381,-0.2817,1.0000,0.0434,0.2257,14.2087,1.5500,16.1500,18.5907,0.2868,1.8403
eurusd+gbpusd+usdjpy,prev_close,8,0.1000,ny11,30,4389,0.3889,0.1069,-45.5546,0.3381,-0.2473,1.0000,0.0183,0.2256,14.2087,2.4500,16.4700,21.2029,0.1755,1.8403
eurusd+gbpusd+usdjpy,prev_close,8,0.1000,ny11,40,4389,0.4365,-0.0162,-45.5310,0.3381,-0.2367,1.0000,-0.0025,0.2261,14.2087,4.6133,16.7333,24.8261,0.0006,1.8403
eurusd+gbpusd+usdjpy,prev_close,8,0.1000,ny1655,0,4389,0.5022,-0.3908,-45.4935,0.3381,-0.3131,1.0000,-0.0334,0.2282,14.2087,17.8500,22.9000,31.5320,-0.5163,1.8403
eurusd+gbpusd+usdjpy,prev_close,8,0.1000,ny1655,25,4389,0.3320,0.1120,-45.5203,0.3381,-0.2416,1.0000,0.0164,0.2269,14.2087,1.5500,21.9333,17.5984,0.1055,1.8403
eurusd+gbpusd+usdjpy,prev_close,8,0.1000,ny1655,30,4389,0.3680,-0.1135,-45.5380,0.3381,-0.2380,1.0000,-0.0134,0.2265,14.2087,2.4500,22.2667,20.9215,-0.1395,1.8403
eurusd+gbpusd+usdjpy,prev_close,8,0.1000,ny1655,40,4389,0.4174,-0.3829,-45.5053,0.3381,-0.2140,1.0000,-0.0379,0.2274,14.2087,4.6133,22.6033,25.0857,-0.5033,1.8403
eurusd+gbpusd+usdjpy,prev_close,8,0.1500,lon17,0,2853,0.5166,0.6054,-45.0825,0.3679,-0.2390,1.0000,0.0771,0.2387,9.2361,12.3500,18.6833,31.2503,0.6859,3.3077
eurusd+gbpusd+usdjpy,prev_close,8,0.1500,lon17,25,2853,0.3372,0.1627,-45.1359,0.3679,-0.0820,1.0000,0.0260,0.2366,9.2361,1.2833,17.0500,19.0526,0.1617,3.3077
eurusd+gbpusd+usdjpy,prev_close,8,0.1500,lon17,30,2853,0.3785,0.2816,-45.1485,0.3679,-0.1129,1.0000,0.0424,0.2364,9.2361,1.8833,17.6833,22.8351,0.3199,3.3077
eurusd+gbpusd+usdjpy,prev_close,8,0.1500,lon17,40,2853,0.4325,0.2532,-45.1089,0.3679,0.0182,1.0000,0.0316,0.2376,9.2361,3.5400,17.8667,26.1836,0.2967,3.3077
eurusd+gbpusd+usdjpy,prev_close,8,0.1500,ny11,0,2853,0.5121,0.0601,-45.0771,0.3679,-0.3344,1.0000,0.0065,0.2387,9.2361,11.2333,16.9833,31.1728,0.0099,3.3077
eurusd+gbpusd+usdjpy,prev_close,8,0.1500,ny11,25,2853,0.3382,-0.0299,-45.1336,0.3679,-0.1543,1.0000,-0.0046,0.2366,9.2361,1.2833,16.0000,19.3990,-0.0655,3.3077
eurusd+gbpusd+usdjpy,prev_close,8,0.1500,ny11,30,2853,0.3796,0.1070,-45.1462,0.3679,-0.1461,1.0000,0.0158,0.2364,9.2361,1.8833,16.6467,23.0752,0.1102,3.3077
eurusd+gbpusd+usdjpy,prev_close,8,0.1500,ny11,40,2853,0.4287,0.0355,-45.1065,0.3679,-0.0285,1.0000,0.0045,0.2376,9.2361,3.5400,16.7833,25.8581,0.0568,3.3077
eurusd+gbpusd+usdjpy,prev_close,8,0.1500,ny1655,0,2853,0.5086,0.2434,-45.0965,0.3679,-0.1424,1.0000,0.0244,0.2390,9.2361,17.1500,22.9167,32.8607,0.2037,3.3077
eurusd+gbpusd+usdjpy,prev_close,8,0.1500,ny1655,25,2853,0.3179,-0.0022,-45.1341,0.3679,-0.0923,1.0000,-0.0003,0.2368,9.2361,1.2833,21.7000,17.3205,-0.0567,3.3077
eurusd+gbpusd+usdjpy,prev_close,8,0.1500,ny1655,30,2853,0.3600,0.0375,-45.1527,0.3679,-0.1118,1.0000,0.0050,0.2365,9.2361,1.8833,22.3133,22.3326,-0.0159,3.3077
eurusd+gbpusd+usdjpy,prev_close,8,0.1500,ny1655,40,2853,0.4111,-0.0724,-45.1236,0.3679,-0.0045,1.0000,-0.0079,0.2374,9.2361,3.5400,22.6300,25.9808,-0.1440,3.3077
eurusd+gbpusd+usdjpy,prev_close,8,0.2000,lon17,0,1872,0.5075,-0.6179,-44.2833,0.4275,-0.1202,1.0000,-0.0424,0.2652,6.0603,12.0500,20.0000,32.1021,-0.7186,5.3333
eurusd+gbpusd+usdjpy,prev_close,8,0.2000,lon17,25,1872,0.3307,-0.1258,-44.3885,0.4275,0.0543,1.0000,-0.0156,0.2609,6.0603,1.0833,17.1650,17.1661,-0.1324,5.3333
eurusd+gbpusd+usdjpy,prev_close,8,0.2000,lon17,30,1872,0.3649,-0.5145,-44.3546,0.4275,0.1335,1.0000,-0.0523,0.2622,6.0603,1.7517,17.7317,20.3237,-0.5888,5.3333
eurusd+gbpusd+usdjpy,prev_close,8,0.2000,lon17,40,1872,0.4113,-0.8116,-44.2900,0.4275,0.1262,1.0000,-0.0706,0.2644,6.0603,3.0500,17.9333,25.2190,-0.9772,5.3333
eurusd+gbpusd+usdjpy,prev_close,8,0.2000,ny11,0,1872,0.5021,-1.5402,-44.2837,0.4275,-0.2856,1.0000,-0.0806,0.2652,6.0603,10.8833,19.8667,31.4864,-1.8873,5.3333
eurusd+gbpusd+usdjpy,prev_close,8,0.2000,ny11,25,1872,0.3317,-0.4475,-44.3885,0.4275,-0.0036,1.0000,-0.0530,0.2609,6.0603,1.0833,16.1633,18.1519,-0.5363,5.3333
eurusd+gbpusd+usdjpy,prev_close,8,0.2000,ny11,30,1872,0.3649,-0.9297,-44.3546,0.4275,0.0783,1.0000,-0.0760,0.2622,6.0603,1.6833,16.7167,20.3483,-1.1010,5.3333
eurusd+gbpusd+usdjpy,prev_close,8,0.2000,ny11,40,1872,0.4135,-1.3017,-44.2900,0.4275,0.0666,1.0000,-0.0888,0.2644,6.0603,3.0500,16.9167,24.8603,-1.5584,5.3333
eurusd+gbpusd+usdjpy,prev_close,8,0.2000,ny1655,0,1872,0.4968,-0.9827,-44.2926,0.4275,-0.0104,1.0000,-0.0510,0.2662,6.0603,16.8000,23.8167,32.7688,-1.2042,5.3333
eurusd+gbpusd+usdjpy,prev_close,8,0.2000,ny1655,25,1872,0.3088,-0.5640,-44.3827,0.4275,0.1163,1.0000,-0.0551,0.2612,6.0603,1.0833,21.7783,14.3472,-0.7151,5.3333
eurusd+gbpusd+usdjpy,prev_close,8,0.2000,ny1655,30,1872,0.3472,-0.9331,-44.3701,0.4275,0.1874,1.0000,-0.0760,0.2621,6.0603,1.7517,22.4150,18.6279,-1.1566,5.3333
eurusd+gbpusd+usdjpy,prev_close,8,0.2000,ny1655,40,1872,0.3937,-1.1758,-44.3086,0.4275,0.1704,1.0000,-0.0812,0.2642,6.0603,3.0683,22.6833,24.4305,-1.4871,5.3333
eurusd+gbpusd+usdjpy,prev_close,8,0.3000,lon17,0,888,0.5135,0.9586,-43.5616,0.4840,-0.2333,1.0000,0.0475,0.2904,2.8748,12.2667,23.8333,33.6141,0.9741,21.6667
eurusd+gbpusd+usdjpy,prev_close,8,0.3000,lon17,25,888,0.3176,0.4527,-43.6225,0.4840,-0.0503,1.0000,0.0256,0.2893,2.8748,0.7000,17.7000,15.4029,0.5005,21.6667
eurusd+gbpusd+usdjpy,prev_close,8,0.3000,lon17,30,888,0.3581,0.4613,-43.5813,0.4840,-0.1166,1.0000,0.0258,0.2904,2.8748,1.1450,18.8333,21.2801,0.4932,21.6667
eurusd+gbpusd+usdjpy,prev_close,8,0.3000,lon17,40,888,0.4043,0.1605,-43.5059,0.4840,-0.1512,1.0000,0.0079,0.2915,2.8748,2.1233,22.2350,25.8867,0.0489,21.6667
eurusd+gbpusd+usdjpy,prev_close,8,0.3000,ny11,0,888,0.5079,0.0839,-43.5684,0.4840,-0.2757,1.0000,0.0035,0.2904,2.8748,11.1833,23.8333,34.1833,-0.1039,21.6667
eurusd+gbpusd+usdjpy,prev_close,8,0.3000,ny11,25,888,0.3187,0.0669,-43.6225,0.4840,-0.0966,1.0000,0.0036,0.2893,2.8748,0.7000,16.7000,15.6909,0.0748,21.6667
eurusd+gbpusd+usdjpy,prev_close,8,0.3000,ny11,30,888,0.3581,-0.1569,-43.5813,0.4840,-0.1501,1.0000,-0.0082,0.2904,2.8748,1.1450,18.6167,20.8578,-0.2033,21.6667
eurusd+gbpusd+usdjpy,prev_close,8,0.3000,ny11,40,888,0.4020,-0.4627,-43.5081,0.4840,-0.2058,1.0000,-0.0228,0.2915,2.8748,2.1233,21.9433,24.6483,-0.6051,21.6667
eurusd+gbpusd+usdjpy,prev_close,8,0.3000,ny1655,0,888,0.5101,2.1997,-43.5913,0.4840,-0.0494,1.0000,0.1118,0.2914,2.8748,17.1000,23.9667,36.4584,2.5994,21.6667
eurusd+gbpusd+usdjpy,prev_close,8,0.3000,ny1655,25,888,0.3052,1.5111,-43.6277,0.4840,0.0826,1.0000,0.0831,0.2895,2.8748,0.7000,22.2350,9.8727,1.8026,21.6667
eurusd+gbpusd+usdjpy,prev_close,8,0.3000,ny1655,30,888,0.3457,1.5630,-43.5872,0.4840,-0.0059,1.0000,0.0861,0.2906,2.8748,1.1450,22.7000,17.7620,1.8565,21.6667
eurusd+gbpusd+usdjpy,prev_close,8,0.3000,ny1655,40,888,0.3863,0.9674,-43.5241,0.4840,-0.0333,1.0000,0.0470,0.2913,2.8748,2.1233,23.1000,22.9151,1.0765,21.6667
eurusd+gbpusd+usdjpy,prev_close,8,0.4000,lon17,0,417,0.4652,-2.1251,-43.7772,0.3338,-0.2406,1.0000,-0.0674,0.2767,1.3500,12.1367,23.9467,37.1223,-3.2681,99.0000
eurusd+gbpusd+usdjpy,prev_close,8,0.4000,lon17,25,417,0.2422,-3.2485,-43.6549,0.3338,-0.2334,1.0000,-0.1139,0.2779,1.3500,0.3600,21.6100,2.0785,-4.2827,99.0000
eurusd+gbpusd+usdjpy,prev_close,8,0.4000,lon17,30,417,0.2758,-3.5842,-43.6432,0.3338,-0.1642,1.0000,-0.1040,0.2791,1.3500,0.4967,23.8233,14.7974,-4.9890,99.0000
eurusd+gbpusd+usdjpy,prev_close,8,0.4000,lon17,40,417,0.3261,-4.9094,-43.6639,0.3338,-0.1766,1.0000,-0.1177,0.2791,1.3500,0.9467,23.8333,27.5973,-6.7144,99.0000
eurusd+gbpusd+usdjpy,prev_close,8,0.4000,ny11,0,417,0.4508,-2.8231,-43.7762,0.3338,-0.2949,1.0000,-0.0732,0.2767,1.3500,11.0433,23.9467,37.3484,-4.1986,99.0000
eurusd+gbpusd+usdjpy,prev_close,8,0.4000,ny11,25,417,0.2422,-2.7950,-43.6576,0.3338,-0.2604,1.0000,-0.1014,0.2779,1.3500,0.3600,21.2433,2.0785,-3.6799,99.0000
eurusd+gbpusd+usdjpy,prev_close,8,0.4000,ny11,30,417,0.2782,-3.1892,-43.6424,0.3338,-0.1720,1.0000,-0.0978,0.2791,1.3500,0.4967,23.8233,13.1584,-4.4161,99.0000
eurusd+gbpusd+usdjpy,prev_close,8,0.4000,ny11,40,417,0.3261,-4.4892,-43.6588,0.3338,-0.1775,1.0000,-0.1175,0.2791,1.3500,0.9467,23.8333,26.5767,-6.0909,99.0000
eurusd+gbpusd+usdjpy,prev_close,8,0.4000,ny1655,0,417,0.4676,-0.3749,-43.7376,0.3338,-0.1217,1.0000,-0.0111,0.2813,1.3500,17.0533,24.0000,41.1263,-0.9885,99.0000
eurusd+gbpusd+usdjpy,prev_close,8,0.4000,ny1655,25,417,0.2302,-2.2595,-43.6300,0.3338,-0.2296,1.0000,-0.0778,0.2803,1.3500,0.3600,23.5667,0.0000,-3.1432,99.0000
eurusd+gbpusd+usdjpy,prev_close,8,0.4000,ny1655,30,417,0.2638,-2.7843,-43.6168,0.3338,-0.1650,1.0000,-0.0766,0.2815,1.3500,0.4967,23.8667,11.0907,-4.0966,99.0000
eurusd+gbpusd+usdjpy,prev_close,8,0.4000,ny1655,40,417,0.3165,-3.8337,-43.6191,0.3338,-0.1936,1.0000,-0.1065,0.2815,1.3500,0.9467,23.8833,25.5097,-5.4360,99.0000
eurusd+gbpusd+usdjpy,prev_close,10,0.1000,lon17,0,5121,0.5083,-0.2841,-46.2148,0.2822,-0.4098,1.0000,-0.0293,0.2103,16.5784,10.2500,17.9667,28.8287,-0.3701,1.3963
eurusd+gbpusd+usdjpy,prev_close,10,0.1000,lon17,25,5121,0.3542,-0.0083,-46.2401,0.2822,-0.2196,1.0000,-0.0013,0.2095,16.5784,1.5500,16.9667,17.8979,-0.0345,1.3963
eurusd+gbpusd+usdjpy,prev_close,10,0.1000,lon17,30,5121,0.3890,-0.1706,-46.2487,0.2822,-0.2021,1.0000,-0.0232,0.2094,16.5784,2.3333,17.3000,20.7269,-0.2009,1.3963
eurusd+gbpusd+usdjpy,prev_close,10,0.1000,lon17,40,5121,0.4359,-0.2700,-46.2266,0.2822,-0.2218,1.0000,-0.0352,0.2099,16.5784,4.5000,17.6833,24.4559,-0.3552,1.3963
eurusd+gbpusd+usdjpy,prev_close,10,0.1000,ny11,0,5121,0.5087,-0.6220,-46.2250,0.2822,-0.4179,1.0000,-0.0544,0.2100,16.5784,9.1833,16.9000,28.1969,-0.7751,1.3963
eurusd+gbpusd+usdjpy,prev_close,10,0.1000,ny11,25,5121,0.3611,0.0869,-46.2515,0.2822,-0.2714,1.0000,0.0162,0.2092,16.5784,1.5500,15.9000,17.8841,0.1017,1.3963
eurusd+gbpusd+usdjpy,prev_close,10,0.1000,ny11,30,5121,0.3939,-0.0608,-46.2601,0.2822,-0.2245,1.0000,-0.0106,0.2091,16.5784,2.3333,16.1333,20.6807,-0.0431,1.3963
eurusd+gbpusd+usdjpy,prev_close,10,0.1000,ny11,40,5121,0.4396,-0.2036,-46.2379,0.2822,-0.2223,1.0000,-0.0313,0.2096,16.5784,4.5000,16.5500,23.8450,-0.2454,1.3963
eurusd+gbpusd+usdjpy,prev_close,10,0.1000,ny1655,0,5121,0.4985,-0.7495,-46.1529,0.2822,-0.2881,1.0000,-0.0640,0.2125,16.5784,15.1500,22.8667,30.0934,-0.9755,1.3963
eurusd+gbpusd+usdjpy,prev_close,10,0.1000,ny1655,25,5121,0.3347,-0.0670,-46.2105,0.2822,-0.2111,1.0000,-0.0107,0.2106,16.5784,1.5500,21.7000,16.7432,-0.0925,1.3963
eurusd+gbpusd+usdjpy,prev_close,10,0.1000,ny1655,30,5121,0.3702,-0.2889,-46.2274,0.2822,-0.1925,1.0000,-0.0365,0.2103,16.5784,2.3333,21.8667,20.3929,-0.3456,1.3963
eurusd+gbpusd+usdjpy,prev_close,10,0.1000,ny1655,40,5121,0.4187,-0.5554,-46.1966,0.2822,-0.1843,1.0000,-0.0606,0.2110,16.5784,4.5000,22.3667,24.2918,-0.7088,1.3963
eurusd+gbpusd+usdjpy,prev_close,10,0.1500,lon17,0,3660,0.5098,0.4026,-46.1319,0.3620,-0.2216,1.0000,0.0518,0.2131,11.8487,9.7983,17.9667,30.2490,0.4089,2.3882
eurusd+gbpusd+usdjpy,prev_close,10,0.1500,lon17,25,3660,0.3464,0.3194,-46.1831,0.3620,0.0102,1.0000,0.0498,0.2115,11.8487,1.2333,16.4167,18.9371,0.3536,2.3882
eurusd+gbpusd+usdjpy,prev_close,10,0.1500,lon17,30,3660,0.3839,0.2780,-46.1929,0.3620,-0.0182,1.0000,0.0383,0.2113,11.8487,1.7833,16.8333,22.0129,0.3086,2.3882
eurusd+gbpusd+usdjpy,prev_close,10,0.1500,lon17,40,3660,0.4342,0.1226,-46.1569,0.3620,0.0853,1.0000,0.0149,0.2123,11.8487,3.3483,17.5350,25.4611,0.1140,2.3882
eurusd+gbpusd+usdjpy,prev_close,10,0.1500,ny11,0,3660,0.5060,-0.2370,-46.1264,0.3620,-0.2733,1.0000,-0.0274,0.2131,11.8487,8.7333,16.8683,29.3982,-0.3842,2.3882
eurusd+gbpusd+usdjpy,prev_close,10,0.1500,ny11,25,3660,0.3486,0.1121,-46.1807,0.3620,-0.0488,1.0000,0.0172,0.2115,11.8487,1.2333,15.3667,18.6343,0.1054,2.3882
eurusd+gbpusd+usdjpy,prev_close,10,0.1500,ny11,30,3660,0.3863,0.0682,-46.1905,0.3620,-0.0463,1.0000,0.0096,0.2113,11.8487,1.7833,15.8167,21.2862,0.0549,2.3882
eurusd+gbpusd+usdjpy,prev_close,10,0.1500,ny11,40,3660,0.4325,-0.1268,-46.1545,0.3620,0.0440,1.0000,-0.0154,0.2123,11.8487,3.3483,16.5000,24.4097,-0.1717,2.3882
eurusd+gbpusd+usdjpy,prev_close,10,0.1500,ny1655,0,3660,0.5011,0.0119,-46.1011,0.3620,-0.0995,1.0000,0.0013,0.2144,11.8487,14.6817,22.8350,31.8762,-0.0666,2.3882
eurusd+gbpusd+usdjpy,prev_close,10,0.1500,ny1655,25,3660,0.3268,0.2546,-46.1707,0.3620,0.0174,1.0000,0.0368,0.2119,11.8487,1.2333,20.9517,17.1352,0.2862,2.3882
eurusd+gbpusd+usdjpy,prev_close,10,0.1500,ny1655,30,3660,0.3653,0.0953,-46.1862,0.3620,-0.0017,1.0000,0.0120,0.2117,11.8487,1.7833,21.4167,21.3942,0.0810,2.3882
eurusd+gbpusd+usdjpy,prev_close,10,0.1500,ny1655,40,3660,0.4139,-0.1762,-46.1581,0.3620,0.0905,1.0000,-0.0195,0.2125,11.8487,3.3483,22.0700,24.8714,-0.2483,2.3882
eurusd+gbpusd+usdjpy,prev_close,10,0.2000,lon17,0,2601,0.5156,0.9917,-45.6999,0.3394,-0.1576,1.0000,0.1059,0.2261,8.4203,9.5333,17.9833,30.6686,1.2285,3.1765
eurusd+gbpusd+usdjpy,prev_close,10,0.2000,lon17,25,2601,0.3510,0.9700,-45.7981,0.3394,0.1278,1.0000,0.1484,0.2228,8.4203,1.0833,16.2833,18.7112,1.2201,3.1765
eurusd+gbpusd+usdjpy,prev_close,10,0.2000,lon17,30,2601,0.3845,0.6665,-45.7680,0.3394,0.2016,1.0000,0.0959,0.2237,8.4203,1.6333,16.8167,21.3977,0.8709,3.1765
eurusd+gbpusd+usdjpy,prev_close,10,0.2000,lon17,40,2601,0.4314,0.4875,-45.7097,0.3394,0.1441,1.0000,0.0638,0.2253,8.4203,3.0167,17.5000,25.2116,0.6361,3.1765
eurusd+gbpusd+usdjpy,prev_close,10,0.2000,ny11,0,2601,0.5079,-0.0893,-45.6955,0.3394,-0.2764,1.0000,-0.0081,0.2261,8.4203,8.5167,16.9333,30.2273,-0.1123,3.1765
eurusd+gbpusd+usdjpy,prev_close,10,0.2000,ny11,25,2601,0.3522,0.5749,-45.7974,0.3394,0.0673,1.0000,0.0857,0.2228,8.4203,1.0833,15.1500,18.8702,0.7269,3.1765
eurusd+gbpusd+usdjpy,prev_close,10,0.2000,ny11,30,2601,0.3841,0.1784,-45.7673,0.3394,0.1551,1.0000,0.0250,0.2237,8.4203,1.6333,15.8167,20.9390,0.2689,3.1765
eurusd+gbpusd+usdjpy,prev_close,10,0.2000,ny11,40,2601,0.4310,-0.0667,-45.7083,0.3394,0.0979,1.0000,-0.0079,0.2253,8.4203,3.0167,16.5000,24.6098,-0.0266,3.1765
eurusd+gbpusd+usdjpy,prev_close,10,0.2000,ny1655,0,2601,0.5056,0.7571,-45.7105,0.3394,-0.0683,1.0000,0.0634,0.2264,8.4203,14.4500,22.8500,31.3056,1.0051,3.1765
eurusd+gbpusd+usdjpy,prev_close,10,0.2000,ny1655,25,2601,0.3299,0.6382,-45.7891,0.3394,0.1517,1.0000,0.0832,0.2231,8.4203,1.0833,20.7833,17.4360,0.8324,3.1765
eurusd+gbpusd+usdjpy,prev_close,10,0.2000,ny1655,30,2601,0.3652,0.3052,-45.7768,0.3394,0.2223,1.0000,0.0368,0.2237,8.4203,1.6333,21.1333,20.4510,0.4439,3.1765
eurusd+gbpusd+usdjpy,prev_close,10,0.2000,ny1655,40,2601,0.4121,0.1915,-45.7123,0.3394,0.1669,1.0000,0.0222,0.2253,8.4203,3.0500,22.0333,24.5153,0.3028,3.1765
eurusd+gbpusd+usdjpy,prev_close,10,0.3000,lon17,0,1191,0.5088,1.4114,-43.9928,0.4426,-0.1046,1.0000,0.0765,0.2707,3.8557,9.6000,22.3167,31.9788,1.5615,10.2500
eurusd+gbpusd+usdjpy,prev_close,10,0.3000,lon17,25,1191,0.3249,0.5758,-44.0566,0.4426,-0.0273,1.0000,0.0357,0.2686,3.8557,0.7000,16.6833,18.3597,0.6057,10.2500
eurusd+gbpusd+usdjpy,prev_close,10,0.3000,lon17,30,1191,0.3652,0.5728,-44.0137,0.4426,-0.0840,1.0000,0.0348,0.2699,3.8557,1.1167,17.6667,21.5198,0.5896,10.2500
eurusd+gbpusd+usdjpy,prev_close,10,0.3000,lon17,40,1191,0.4081,0.1528,-43.9632,0.4426,-0.1042,1.0000,0.0079,0.2707,3.8557,2.0167,18.0000,25.6096,-0.0236,10.2500
eurusd+gbpusd+usdjpy,prev_close,10,0.3000,ny11,0,1191,0.5055,0.2485,-43.9933,0.4426,-0.2143,1.0000,0.0113,0.2707,3.8557,8.5833,22.3167,32.2906,0.1025,10.2500
eurusd+gbpusd+usdjpy,prev_close,10,0.3000,ny11,25,1191,0.3300,0.3377,-44.0566,0.4426,-0.0769,1.0000,0.0202,0.2686,3.8557,0.7000,15.4167,17.7644,0.3379,10.2500
eurusd+gbpusd+usdjpy,prev_close,10,0.3000,ny11,30,1191,0.3686,0.1648,-44.0137,0.4426,-0.1193,1.0000,0.0093,0.2699,3.8557,1.1167,16.6833,21.2923,0.1223,10.2500
eurusd+gbpusd+usdjpy,prev_close,10,0.3000,ny11,40,1191,0.4106,-0.2613,-43.9633,0.4426,-0.1590,1.0000,-0.0137,0.2707,3.8557,2.0167,17.8333,24.9961,-0.4511,10.2500
eurusd+gbpusd+usdjpy,prev_close,10,0.3000,ny1655,0,1191,0.5055,1.7674,-44.0032,0.4426,-0.0010,1.0000,0.0943,0.2721,3.8557,14.5000,23.9333,32.6944,2.0642,10.2500
eurusd+gbpusd+usdjpy,prev_close,10,0.3000,ny1655,25,1191,0.3157,1.2704,-44.0619,0.4426,0.0735,1.0000,0.0798,0.2691,3.8557,0.7000,21.0000,14.7224,1.4727,10.2500
eurusd+gbpusd+usdjpy,prev_close,10,0.3000,ny1655,30,1191,0.3543,1.2392,-44.0192,0.4426,0.0043,1.0000,0.0742,0.2704,3.8557,1.1167,22.1167,19.9186,1.4233,10.2500
eurusd+gbpusd+usdjpy,prev_close,10,0.3000,ny1655,40,1191,0.3938,0.4402,-43.9772,0.4426,-0.0112,1.0000,0.0221,0.2710,3.8557,2.0167,22.6833,23.1364,0.3727,10.2500
eurusd+gbpusd+usdjpy,prev_close,10,0.4000,lon17,0,576,0.4705,-0.2953,-43.1358,0.2971,-0.3253,1.0000,-0.0116,0.2967,1.8647,9.6833,23.8667,38.5322,-0.7852,48.0000
eurusd+gbpusd+usdjpy,prev_close,10,0.4000,lon17,25,576,0.2587,-1.7542,-43.0800,0.2971,-0.3065,1.0000,-0.0751,0.2975,1.8647,0.4000,17.9417,9.6706,-2.4997,48.0000
eurusd+gbpusd+usdjpy,prev_close,10,0.4000,lon17,30,576,0.2934,-1.8101,-43.0520,0.2971,-0.2650,1.0000,-0.0823,0.2984,1.8647,0.6167,21.0833,20.8563,-2.6538,48.0000
eurusd+gbpusd+usdjpy,prev_close,10,0.4000,lon17,40,576,0.3472,-2.4001,-43.0477,0.2971,-0.3197,1.0000,-0.1038,0.2984,1.8647,1.0417,21.8000,26.8128,-3.4755,48.0000
eurusd+gbpusd+usdjpy,prev_close,10,0.4000,ny11,0,576,0.4583,-1.1908,-43.1490,0.2971,-0.3943,1.0000,-0.0394,0.2967,1.8647,8.6167,23.8667,38.1039,-1.9689,48.0000
eurusd+gbpusd+usdjpy,prev_close,10,0.4000,ny11,25,576,0.2587,-1.8367,-43.0904,0.2971,-0.3205,1.0000,-0.0796,0.2975,1.8647,0.4000,17.3833,12.0352,-2.5434,48.0000
eurusd+gbpusd+usdjpy,prev_close,10,0.4000,ny11,30,576,0.2934,-1.9836,-43.0606,0.2971,-0.2714,1.0000,-0.0921,0.2984,1.8647,0.6167,20.0167,19.6926,-2.7917,48.0000
eurusd+gbpusd+usdjpy,prev_close,10,0.4000,ny11,40,576,0.3472,-2.6638,-43.0586,0.2971,-0.3410,1.0000,-0.1207,0.2984,1.8647,1.0417,21.2833,25.0904,-3.7036,48.0000
eurusd+gbpusd+usdjpy,prev_close,10,0.4000,ny1655,0,576,0.4705,0.9231,-43.2127,0.2971,-0.1875,1.0000,0.0457,0.2974,1.8647,14.5333,23.9833,39.7493,0.8106,48.0000
eurusd+gbpusd+usdjpy,prev_close,10,0.4000,ny1655,25,576,0.2448,-1.1950,-43.1251,0.2971,-0.2667,1.0000,-0.0534,0.2975,1.8647,0.4000,21.8000,4.1858,-1.7903,48.0000
eurusd+gbpusd+usdjpy,prev_close,10,0.4000,ny1655,30,576,0.2760,-1.4516,-43.0958,0.2971,-0.2309,1.0000,-0.0639,0.2984,1.8647,0.6167,23.2333,14.3760,-2.2026,48.0000
eurusd+gbpusd+usdjpy,prev_close,10,0.4000,ny1655,40,576,0.3368,-1.5926,-43.0833,0.2971,-0.2985,1.0000,-0.0680,0.2984,1.8647,1.0417,23.7333,25.6657,-2.4413,48.0000
eurusd+nzdusd+usdjpy,day_open,6,0.1000,lon17,0,4527,0.4961,-0.6886,-46.2528,0.3189,-0.4522,1.0000,-0.0568,0.2097,14.6555,14.1833,17.9500,25.5619,-0.4185,1.4430
eurusd+nzdusd+usdjpy,day_open,6,0.1000,lon17,25,4527,0.3669,-0.8657,-46.3117,0.3189,-0.4749,1.0000,-0.0926,0.2082,14.6555,1.7000,17.3300,17.2062,-0.6254,1.4430
eurusd+nzdusd+usdjpy,day_open,6,0.1000,lon17,30,4527,0.3998,-1.0583,-46.3086,0.3189,-0.4386,1.0000,-0.0916,0.2082,14.6555,2.7167,17.5833,19.9763,-0.7052,1.4430
eurusd+nzdusd+usdjpy,day_open,6,0.1000,lon17,40,4527,0.4447,-0.9709,-46.2948,0.3189,-0.4233,1.0000,-0.0959,0.2085,14.6555,5.7100,17.7333,22.5167,-0.5596,1.4430
eurusd+nzdusd+usdjpy,day_open,6,0.1000,ny11,0,4527,0.4953,-0.8050,-46.2619,0.3189,-0.4585,1.0000,-0.0624,0.2094,14.6555,13.1267,16.9000,24.6650,-0.6311,1.4430
eurusd+nzdusd+usdjpy,day_open,6,0.1000,ny11,25,4527,0.3742,-0.8447,-46.3220,0.3189,-0.4897,1.0000,-0.0948,0.2079,14.6555,1.7000,16.2167,16.8138,-0.5926,1.4430
eurusd+nzdusd+usdjpy,day_open,6,0.1000,ny11,30,4527,0.4069,-0.9035,-46.3190,0.3189,-0.4393,1.0000,-0.0806,0.2079,14.6555,2.7167,16.4833,19.4445,-0.5426,1.4430
eurusd+nzdusd+usdjpy,day_open,6,0.1000,ny11,40,4527,0.4478,-0.7710,-46.3051,0.3189,-0.3910,1.0000,-0.0736,0.2082,14.6555,5.7100,16.6833,21.8753,-0.3884,1.4430
eurusd+nzdusd+usdjpy,day_open,6,0.1000,ny1655,0,4527,0.4928,-0.4829,-46.1943,0.3189,-0.4240,1.0000,-0.0344,0.2119,14.6555,19.0500,22.7667,27.1448,-0.1569,1.4430
eurusd+nzdusd+usdjpy,day_open,6,0.1000,ny1655,25,4527,0.3534,-0.7000,-46.2546,0.3189,-0.4994,1.0000,-0.0794,0.2100,14.6555,1.7000,22.0400,17.3439,-0.4445,1.4430
eurusd+nzdusd+usdjpy,day_open,6,0.1000,ny1655,30,4527,0.3879,-0.9678,-46.2515,0.3189,-0.4625,1.0000,-0.0820,0.2100,14.6555,2.7167,22.2667,20.3805,-0.6121,1.4430
eurusd+nzdusd+usdjpy,day_open,6,0.1000,ny1655,40,4527,0.4345,-0.9827,-46.2243,0.3189,-0.4610,1.0000,-0.0875,0.2107,14.6555,5.7100,22.4833,23.5024,-0.5391,1.4430
eurusd+nzdusd+usdjpy,day_open,6,0.1500,lon17,0,2994,0.4920,-0.7069,-45.8461,0.3256,-0.3040,1.0000,-0.0585,0.2194,9.6926,13.9050,17.7833,27.0711,-0.5104,2.1481
eurusd+nzdusd+usdjpy,day_open,6,0.1500,lon17,25,2994,0.3567,-1.3489,-45.8881,0.3256,-0.2343,1.0000,-0.1044,0.2183,9.6926,1.4717,16.7450,17.8424,-1.0369,2.1481
eurusd+nzdusd+usdjpy,day_open,6,0.1500,lon17,30,2994,0.3955,-1.3259,-45.8913,0.3256,-0.2368,1.0000,-0.1023,0.2181,9.6926,2.5000,16.9783,20.7969,-1.0130,2.1481
eurusd+nzdusd+usdjpy,day_open,6,0.1500,lon17,40,2994,0.4395,-1.0548,-45.8867,0.3256,-0.2177,1.0000,-0.1016,0.2183,9.6926,4.9217,17.3333,23.8122,-0.7057,2.1481
eurusd+nzdusd+usdjpy,day_open,6,0.1500,ny11,0,2994,0.4853,-0.9802,-45.8597,0.3256,-0.3754,1.0000,-0.0697,0.2189,9.6926,12.8550,16.7333,26.3173,-0.8553,2.1481
eurusd+nzdusd+usdjpy,day_open,6,0.1500,ny11,25,2994,0.3570,-1.2408,-45.9029,0.3256,-0.2750,1.0000,-0.1083,0.2178,9.6926,1.4717,15.6167,17.5619,-0.9059,2.1481
eurusd+nzdusd+usdjpy,day_open,6,0.1500,ny11,30,2994,0.3941,-1.1407,-45.9061,0.3256,-0.2646,1.0000,-0.1044,0.2176,9.6926,2.5000,15.8500,20.4803,-0.7911,2.1481
eurusd+nzdusd+usdjpy,day_open,6,0.1500,ny11,40,2994,0.4339,-0.8691,-45.9014,0.3256,-0.2418,1.0000,-0.0836,0.2178,9.6926,4.9217,16.2167,22.8318,-0.5148,2.1481
eurusd+nzdusd+usdjpy,day_open,6,0.1500,ny1655,0,2994,0.4873,-1.0413,-45.8757,0.3256,-0.2533,1.0000,-0.0645,0.2197,9.6926,18.7883,22.6000,28.4257,-0.7319,2.1481
eurusd+nzdusd+usdjpy,day_open,6,0.1500,ny1655,25,2994,0.3390,-1.4143,-45.8878,0.3256,-0.2910,1.0000,-0.1035,0.2188,9.6926,1.4717,21.4167,16.8210,-1.0539,2.1481
eurusd+nzdusd+usdjpy,day_open,6,0.1500,ny1655,30,2994,0.3788,-1.5203,-45.9022,0.3256,-0.2761,1.0000,-0.1007,0.2183,9.6926,2.5000,21.6667,20.5537,-1.1242,2.1481
eurusd+nzdusd+usdjpy,day_open,6,0.1500,ny1655,40,2994,0.4248,-1.2366,-45.8938,0.3256,-0.2346,1.0000,-0.0971,0.2186,9.6926,4.9217,22.0500,23.8178,-0.8271,2.1481
eurusd+nzdusd+usdjpy,day_open,6,0.2000,lon17,0,1905,0.5013,-0.2303,-46.0157,0.3213,-0.1952,1.0000,-0.0136,0.2157,6.1671,13.6000,17.6833,28.6577,-0.1161,3.2821
eurusd+nzdusd+usdjpy,day_open,6,0.2000,lon17,25,1905,0.3554,-1.4172,-46.1281,0.3213,-0.1736,1.0000,-0.0961,0.2129,6.1671,1.3000,16.3433,17.6669,-1.3952,3.2821
eurusd+nzdusd+usdjpy,day_open,6,0.2000,lon17,30,1905,0.3953,-1.2341,-46.1169,0.3213,-0.2514,1.0000,-0.0862,0.2131,6.1671,1.9400,16.5000,21.2436,-1.1455,3.2821
eurusd+nzdusd+usdjpy,day_open,6,0.2000,lon17,40,1905,0.4367,-1.5871,-46.0896,0.3213,-0.2265,1.0000,-0.0947,0.2139,6.1671,4.1633,16.9667,24.4391,-1.3196,3.2821
eurusd+nzdusd+usdjpy,day_open,6,0.2000,ny11,0,1905,0.4908,-0.5432,-46.0186,0.3213,-0.2852,1.0000,-0.0304,0.2157,6.1671,12.5833,16.5667,28.0097,-0.4893,3.2821
eurusd+nzdusd+usdjpy,day_open,6,0.2000,ny11,25,1905,0.3543,-1.3743,-46.1281,0.3213,-0.2046,1.0000,-0.0992,0.2129,6.1671,1.3000,15.0833,17.3794,-1.3269,3.2821
eurusd+nzdusd+usdjpy,day_open,6,0.2000,ny11,30,1905,0.3916,-1.1623,-46.1169,0.3213,-0.2840,1.0000,-0.0843,0.2131,6.1671,1.9400,15.4433,20.2364,-1.0714,3.2821
eurusd+nzdusd+usdjpy,day_open,6,0.2000,ny11,40,1905,0.4283,-1.3858,-46.0905,0.3213,-0.2565,1.0000,-0.0880,0.2139,6.1671,4.1633,15.8433,22.8224,-1.1334,3.2821
eurusd+nzdusd+usdjpy,day_open,6,0.2000,ny1655,0,1905,0.4987,-0.6913,-45.9916,0.3213,-0.1737,1.0000,-0.0341,0.2172,6.1671,18.5000,22.4167,29.9891,-0.3742,3.2821
eurusd+nzdusd+usdjpy,day_open,6,0.2000,ny1655,25,1905,0.3375,-1.6580,-46.1204,0.3213,-0.1889,1.0000,-0.0901,0.2133,6.1671,1.3000,20.9000,16.8968,-1.5999,3.2821
eurusd+nzdusd+usdjpy,day_open,6,0.2000,ny1655,30,1905,0.3780,-1.5239,-46.1047,0.3213,-0.2312,1.0000,-0.0934,0.2137,6.1671,1.9400,21.1600,21.0733,-1.3683,3.2821
eurusd+nzdusd+usdjpy,day_open,6,0.2000,ny1655,40,1905,0.4205,-1.8135,-46.0748,0.3213,-0.2346,1.0000,-0.0984,0.2146,6.1671,4.1633,21.5333,23.6204,-1.4637,3.2821
eurusd+nzdusd+usdjpy,day_open,6,0.3000,lon17,0,768,0.4935,1.0432,-45.6719,0.3953,-0.0987,1.0000,0.0575,0.2304,2.4863,13.6333,17.1833,30.6256,0.8859,7.6250
eurusd+nzdusd+usdjpy,day_open,6,0.3000,lon17,25,768,0.3464,-0.6567,-45.7046,0.3953,-0.1110,1.0000,-0.0385,0.2298,2.4863,0.9233,15.9767,17.2932,-0.1948,7.6250
eurusd+nzdusd+usdjpy,day_open,6,0.3000,lon17,30,768,0.3802,-0.8384,-45.7219,0.3953,-0.1128,1.0000,-0.0446,0.2298,2.4863,1.2733,16.1367,20.0899,-0.4460,7.6250
eurusd+nzdusd+usdjpy,day_open,6,0.3000,lon17,40,768,0.4245,-0.7183,-45.7010,0.3953,-0.2125,1.0000,-0.0342,0.2304,2.4863,3.1233,16.5950,24.6284,-0.2012,7.6250
eurusd+nzdusd+usdjpy,day_open,6,0.3000,ny11,0,768,0.4766,0.2274,-45.6974,0.3953,-0.1767,1.0000,0.0090,0.2304,2.4863,12.5500,16.0000,29.6719,0.2090,7.6250
eurusd+nzdusd+usdjpy,day_open,6,0.3000,ny11,25,768,0.3464,-0.5577,-45.7046,0.3953,-0.1087,1.0000,-0.0301,0.2298,2.4863,0.9233,14.9383,17.4071,-0.2161,7.6250
eurusd+nzdusd+usdjpy,day_open,6,0.3000,ny11,30,768,0.3776,-0.8054,-45.7219,0.3953,-0.1132,1.0000,-0.0395,0.2298,2.4863,1.2733,15.0167,20.6775,-0.5242,7.6250
eurusd+nzdusd+usdjpy,day_open,6,0.3000,ny11,40,768,0.4180,-1.0379,-45.7096,0.3953,-0.2106,1.0000,-0.0485,0.2304,2.4863,3.1233,15.4217,24.3439,-0.5733,7.6250
eurusd+nzdusd+usdjpy,day_open,6,0.3000,ny1655,0,768,0.4922,1.4269,-45.6212,0.3953,-0.0472,1.0000,0.0463,0.2328,2.4863,18.4667,21.9833,30.8736,1.6617,7.6250
eurusd+nzdusd+usdjpy,day_open,6,0.3000,ny1655,25,768,0.3216,0.0698,-45.7035,0.3953,-0.0328,1.0000,0.0039,0.2307,2.4863,0.9233,20.7817,15.6232,0.5841,7.6250
eurusd+nzdusd+usdjpy,day_open,6,0.3000,ny1655,30,768,0.3568,-0.2845,-45.7211,0.3953,-0.0504,1.0000,-0.0136,0.2307,2.4863,1.2733,20.8833,18.4365,0.2737,7.6250
eurusd+nzdusd+usdjpy,day_open,6,0.3000,ny1655,40,768,0.4049,-0.0738,-45.6726,0.3953,-0.1657,1.0000,-0.0030,0.2314,2.4863,3.1233,21.2167,23.1963,0.6174,7.6250
eurusd+nzdusd+usdjpy,day_open,6,0.4000,lon17,0,312,0.5160,6.2105,-44.2906,0.3753,-0.0465,1.0000,0.3644,0.2642,1.0101,13.4333,16.9833,30.0217,5.7907,30.0000
eurusd+nzdusd+usdjpy,day_open,6,0.4000,lon17,25,312,0.3173,1.1374,-44.2701,0.3753,0.0337,1.0000,0.0424,0.2658,1.0101,0.3850,15.7833,17.2095,1.3170,30.0000
eurusd+nzdusd+usdjpy,day_open,6,0.4000,lon17,30,312,0.3365,-0.0188,-44.3076,0.3753,-0.0427,1.0000,-0.0006,0.2642,1.0101,0.5833,15.9650,18.2941,0.1513,30.0000
eurusd+nzdusd+usdjpy,day_open,6,0.4000,lon17,40,312,0.3910,-0.1573,-44.3076,0.3753,-0.1438,1.0000,-0.0042,0.2642,1.0101,1.0933,16.2650,24.5469,0.0856,30.0000
eurusd+nzdusd+usdjpy,day_open,6,0.4000,ny11,0,312,0.5160,4.7436,-44.3443,0.3753,-0.1703,1.0000,0.1658,0.2642,1.0101,12.4333,15.3333,29.8241,4.7955,30.0000
eurusd+nzdusd+usdjpy,day_open,6,0.4000,ny11,25,312,0.3205,0.2948,-44.2889,0.3753,-0.0444,1.0000,0.0113,0.2658,1.0101,0.3850,14.5433,17.0270,0.3522,30.0000
eurusd+nzdusd+usdjpy,day_open,6,0.4000,ny11,30,312,0.3462,-0.2800,-44.3443,0.3753,-0.1479,1.0000,-0.0090,0.2642,1.0101,0.5833,14.8467,19.2936,0.0696,30.0000
eurusd+nzdusd+usdjpy,day_open,6,0.4000,ny11,40,312,0.4135,-0.1018,-44.3443,0.3753,-0.2624,1.0000,-0.0024,0.2642,1.0101,1.0933,14.9667,25.6580,0.3324,30.0000
eurusd+nzdusd+usdjpy,day_open,6,0.4000,ny1655,0,312,0.5192,7.6675,-44.1671,0.3753,-0.0158,1.0000,0.2020,0.2702,1.0101,18.3500,21.6833,32.6488,7.2763,30.0000
eurusd+nzdusd+usdjpy,day_open,6,0.4000,ny1655,25,312,0.2917,2.0197,-44.2193,0.3753,0.0146,1.0000,0.0652,0.2658,1.0101,0.3850,20.4600,14.6224,1.9952,30.0000
eurusd+nzdusd+usdjpy,day_open,6,0.4000,ny1655,30,312,0.3205,0.8248,-44.2454,0.3753,-0.0600,1.0000,0.0224,0.2642,1.0101,0.5833,20.7633,16.1337,0.7708,30.0000
eurusd+nzdusd+usdjpy,day_open,6,0.4000,ny1655,40,312,0.3878,1.0042,-44.2321,0.3753,-0.2013,1.0000,0.0232,0.2642,1.0101,1.0933,20.8833,22.3447,0.9295,30.0000
eurusd+nzdusd+usdjpy,day_open,8,0.1000,lon17,0,5055,0.4916,-1.0547,-46.5347,0.2799,-0.3845,1.0000,-0.0800,0.2053,16.3648,13.1333,17.9333,25.0807,-0.8215,1.3294
eurusd+nzdusd+usdjpy,day_open,8,0.1000,lon17,25,5055,0.3662,-1.2692,-46.6074,0.2799,-0.3709,1.0000,-0.0960,0.2035,16.3648,1.8067,17.2167,16.9741,-1.0137,1.3294
eurusd+nzdusd+usdjpy,day_open,8,0.1000,lon17,30,5055,0.3990,-1.4333,-46.5962,0.2799,-0.3274,1.0000,-0.0955,0.2037,16.3648,2.9133,17.5000,19.5597,-1.0667,1.3294
eurusd+nzdusd+usdjpy,day_open,8,0.1000,lon17,40,5055,0.4427,-1.2709,-46.5812,0.2799,-0.3012,1.0000,-0.0987,0.2041,16.3648,5.7900,17.7000,22.0020,-0.9049,1.3294
eurusd+nzdusd+usdjpy,day_open,8,0.1000,ny11,0,5055,0.4900,-1.1904,-46.5436,0.2799,-0.3956,1.0000,-0.0863,0.2050,16.3648,12.1167,16.8500,24.1432,-1.0454,1.3294
eurusd+nzdusd+usdjpy,day_open,8,0.1000,ny11,25,5055,0.3729,-1.2453,-46.6175,0.2799,-0.3879,1.0000,-0.0984,0.2032,16.3648,1.8067,16.1500,16.4810,-0.9855,1.3294
eurusd+nzdusd+usdjpy,day_open,8,0.1000,ny11,30,5055,0.4051,-1.2993,-46.6063,0.2799,-0.3253,1.0000,-0.0945,0.2034,16.3648,2.9133,16.4167,19.0266,-0.9334,1.3294
eurusd+nzdusd+usdjpy,day_open,8,0.1000,ny11,40,5055,0.4451,-1.1223,-46.5917,0.2799,-0.2718,1.0000,-0.0935,0.2038,16.3648,5.7900,16.6433,21.4412,-0.7887,1.3294
eurusd+nzdusd+usdjpy,day_open,8,0.1000,ny1655,0,5055,0.4870,-1.0347,-46.4543,0.2799,-0.3618,1.0000,-0.0655,0.2079,16.3648,18.0500,22.7333,26.4739,-0.7508,1.3294
eurusd+nzdusd+usdjpy,day_open,8,0.1000,ny1655,25,5055,0.3517,-1.1639,-46.5371,0.2799,-0.4076,1.0000,-0.0896,0.2054,16.3648,1.8067,21.9333,17.1035,-0.8872,1.3294
eurusd+nzdusd+usdjpy,day_open,8,0.1000,ny1655,30,5055,0.3864,-1.3799,-46.5257,0.2799,-0.3692,1.0000,-0.0903,0.2056,16.3648,2.9133,22.1267,19.8309,-1.0106,1.3294
eurusd+nzdusd+usdjpy,day_open,8,0.1000,ny1655,40,5055,0.4320,-1.3659,-46.4979,0.2799,-0.3567,1.0000,-0.0959,0.2064,16.3648,5.7900,22.4000,22.5167,-0.9617,1.3294
eurusd+nzdusd+usdjpy,day_open,8,0.1500,lon17,0,3528,0.4952,-0.1052,-46.1064,0.2973,-0.1755,1.0000,-0.0093,0.2113,11.4213,12.5500,17.7500,26.3197,0.1267,2.0000
eurusd+nzdusd+usdjpy,day_open,8,0.1500,lon17,25,3528,0.3620,-0.8016,-46.1957,0.2973,-0.1558,1.0000,-0.0720,0.2089,11.4213,1.6500,16.5433,17.6092,-0.4742,2.0000
eurusd+nzdusd+usdjpy,day_open,8,0.1500,lon17,30,3528,0.4016,-0.6829,-46.1786,0.2973,-0.1091,1.0000,-0.0637,0.2093,11.4213,2.6950,16.8333,20.5090,-0.3851,2.0000
eurusd+nzdusd+usdjpy,day_open,8,0.1500,lon17,40,3528,0.4444,-0.4314,-46.1589,0.2973,-0.0708,1.0000,-0.0490,0.2099,11.4213,4.8283,17.2167,23.2712,-0.0838,2.0000
eurusd+nzdusd+usdjpy,day_open,8,0.1500,ny11,0,3528,0.4923,-0.2851,-46.1186,0.2973,-0.2353,1.0000,-0.0220,0.2109,11.4213,11.4333,16.7000,25.7542,-0.1331,2.0000
eurusd+nzdusd+usdjpy,day_open,8,0.1500,ny11,25,3528,0.3651,-0.6708,-46.2093,0.2973,-0.1924,1.0000,-0.0693,0.2085,11.4213,1.6500,15.4667,17.5484,-0.3291,2.0000
eurusd+nzdusd+usdjpy,day_open,8,0.1500,ny11,30,3528,0.4036,-0.4671,-46.1922,0.2973,-0.1327,1.0000,-0.0534,0.2089,11.4213,2.6950,15.7883,20.5657,-0.1417,2.0000
eurusd+nzdusd+usdjpy,day_open,8,0.1500,ny11,40,3528,0.4430,-0.2076,-46.1724,0.2973,-0.0957,1.0000,-0.0227,0.2095,11.4213,4.8283,16.1333,23.0150,0.1225,2.0000
eurusd+nzdusd+usdjpy,day_open,8,0.1500,ny1655,0,3528,0.4892,-0.4075,-46.0963,0.2973,-0.1285,1.0000,-0.0261,0.2125,11.4213,17.4500,22.5667,28.1451,-0.1055,2.0000
eurusd+nzdusd+usdjpy,day_open,8,0.1500,ny1655,25,3528,0.3461,-0.8049,-46.1700,0.2973,-0.1565,1.0000,-0.0670,0.2101,11.4213,1.6500,21.3167,17.1368,-0.4591,2.0000
eurusd+nzdusd+usdjpy,day_open,8,0.1500,ny1655,30,3528,0.3861,-0.8582,-46.1625,0.2973,-0.1204,1.0000,-0.0652,0.2103,11.4213,2.6950,21.5000,20.5537,-0.5135,2.0000
eurusd+nzdusd+usdjpy,day_open,8,0.1500,ny1655,40,3528,0.4300,-0.6324,-46.1399,0.2973,-0.0659,1.0000,-0.0550,0.2109,11.4213,4.8283,21.8883,23.5992,-0.2436,2.0000
eurusd+nzdusd+usdjpy,day_open,8,0.2000,lon17,0,2346,0.4970,-0.0912,-46.2956,0.3575,-0.1456,1.0000,-0.0068,0.2065,7.5948,12.2667,17.5500,28.2337,0.0549,2.9216
eurusd+nzdusd+usdjpy,day_open,8,0.2000,lon17,25,2346,0.3598,-1.1950,-46.4216,0.3575,-0.0954,1.0000,-0.0823,0.2037,7.5948,1.4167,16.0500,17.5141,-1.1269,2.9216
eurusd+nzdusd+usdjpy,day_open,8,0.2000,lon17,30,2346,0.3973,-1.0449,-46.4108,0.3575,-0.1618,1.0000,-0.0812,0.2040,7.5948,2.2250,16.3667,20.5825,-0.9193,2.9216
eurusd+nzdusd+usdjpy,day_open,8,0.2000,lon17,40,2346,0.4373,-1.1836,-46.3782,0.3575,-0.1499,1.0000,-0.0844,0.2048,7.5948,4.2833,16.7500,23.7772,-0.9201,2.9216
eurusd+nzdusd+usdjpy,day_open,8,0.2000,ny11,0,2346,0.4910,-0.3195,-46.2938,0.3575,-0.2251,1.0000,-0.0211,0.2065,7.5948,11.1833,16.3667,27.3633,-0.2350,2.9216
eurusd+nzdusd+usdjpy,day_open,8,0.2000,ny11,25,2346,0.3615,-1.1149,-46.4208,0.3575,-0.1249,1.0000,-0.0843,0.2037,7.5948,1.4167,14.9167,17.1312,-0.9894,2.9216
eurusd+nzdusd+usdjpy,day_open,8,0.2000,ny11,30,2346,0.3986,-0.8987,-46.4100,0.3575,-0.1854,1.0000,-0.0730,0.2040,7.5948,2.2250,15.2000,20.0923,-0.7494,2.9216
eurusd+nzdusd+usdjpy,day_open,8,0.2000,ny11,40,2346,0.4344,-0.9014,-46.3768,0.3575,-0.1703,1.0000,-0.0678,0.2048,7.5948,4.2833,15.6000,22.4703,-0.6338,2.9216
eurusd+nzdusd+usdjpy,day_open,8,0.2000,ny1655,0,2346,0.4970,-0.5878,-46.3014,0.3575,-0.1492,1.0000,-0.0319,0.2072,7.5948,17.1167,22.2333,28.9994,-0.2500,2.9216
eurusd+nzdusd+usdjpy,day_open,8,0.2000,ny1655,25,2346,0.3448,-1.4707,-46.4348,0.3575,-0.1191,1.0000,-0.0812,0.2037,7.5948,1.4167,20.7167,16.7288,-1.3297,2.9216
eurusd+nzdusd+usdjpy,day_open,8,0.2000,ny1655,30,2346,0.3832,-1.4017,-46.4186,0.3575,-0.1648,1.0000,-0.0838,0.2041,7.5948,2.2250,20.9000,20.5184,-1.1833,2.9216
eurusd+nzdusd+usdjpy,day_open,8,0.2000,ny1655,40,2346,0.4250,-1.5663,-46.3822,0.3575,-0.1803,1.0000,-0.0903,0.2050,7.5948,4.2833,21.2750,23.0564,-1.2042,2.9216
eurusd+nzdusd+usdjpy,day_open,8,0.3000,lon17,0,1056,0.5047,0.7099,-46.4299,0.4292,-0.1335,1.0000,0.0384,0.2102,3.4186,12.0500,17.0667,28.8402,0.6404,6.0000
eurusd+nzdusd+usdjpy,day_open,8,0.3000,lon17,25,1056,0.3655,0.0548,-46.5343,0.4292,0.0379,1.0000,0.0039,0.2074,3.4186,1.1250,15.8333,17.5764,0.4843,6.0000
eurusd+nzdusd+usdjpy,day_open,8,0.3000,lon17,30,1056,0.4006,-0.0694,-46.5449,0.4292,0.0117,1.0000,-0.0048,0.2074,3.4186,1.5750,15.9167,19.9207,0.2634,6.0000
eurusd+nzdusd+usdjpy,day_open,8,0.3000,lon17,40,1056,0.4403,-0.1750,-46.4627,0.4292,-0.1250,1.0000,-0.0109,0.2097,3.4186,3.4250,16.3083,24.2859,0.2170,6.0000
eurusd+nzdusd+usdjpy,day_open,8,0.3000,ny11,0,1056,0.4867,0.4626,-46.4390,0.4292,-0.1600,1.0000,0.0197,0.2102,3.4186,10.9667,15.8167,29.1093,0.4570,6.0000
eurusd+nzdusd+usdjpy,day_open,8,0.3000,ny11,25,1056,0.3655,0.3003,-46.5343,0.4292,0.0448,1.0000,0.0216,0.2074,3.4186,1.1250,14.8000,17.4245,0.5994,6.0000
eurusd+nzdusd+usdjpy,day_open,8,0.3000,ny11,30,1056,0.3949,0.0738,-46.5449,0.4292,0.0225,1.0000,0.0049,0.2074,3.4186,1.5750,14.9000,20.4466,0.2758,6.0000
eurusd+nzdusd+usdjpy,day_open,8,0.3000,ny11,40,1056,0.4299,-0.3489,-46.4657,0.4292,-0.1095,1.0000,-0.0221,0.2097,3.4186,3.4250,15.1167,24.2120,-0.0354,6.0000
eurusd+nzdusd+usdjpy,day_open,8,0.3000,ny1655,0,1056,0.4943,0.5600,-46.4294,0.4292,-0.1004,1.0000,0.0230,0.2122,3.4186,16.9500,21.7667,29.7246,0.9020,6.0000
eurusd+nzdusd+usdjpy,day_open,8,0.3000,ny1655,25,1056,0.3400,0.3262,-46.5292,0.4292,0.0481,1.0000,0.0218,0.2081,3.4186,1.1250,20.4250,16.2524,0.9665,6.0000
eurusd+nzdusd+usdjpy,day_open,8,0.3000,ny1655,30,1056,0.3741,0.0507,-46.5432,0.4292,0.0172,1.0000,0.0027,0.2083,3.4186,1.5750,20.7167,19.6624,0.6900,6.0000
eurusd+nzdusd+usdjpy,day_open,8,0.3000,ny1655,40,1056,0.4167,0.0895,-46.4750,0.4292,-0.1216,1.0000,0.0046,0.2102,3.4186,3.4250,20.9250,22.6751,0.7741,6.0000
eurusd+nzdusd+usdjpy,day_open,8,0.4000,lon17,0,471,0.4862,1.0883,-45.4959,0.2744,-0.2631,1.0000,0.0487,0.2324,1.5248,11.6833,16.7667,26.2917,0.5987,11.0000
eurusd+nzdusd+usdjpy,day_open,8,0.4000,lon17,25,471,0.3036,-1.4063,-45.5363,0.2744,-0.1075,1.0000,-0.0839,0.2303,1.5248,0.5833,14.8833,18.0133,-1.4174,11.0000
eurusd+nzdusd+usdjpy,day_open,8,0.4000,lon17,30,471,0.3291,-2.1878,-45.5743,0.2744,-0.2012,1.0000,-0.1089,0.2292,1.5248,0.9000,15.1333,19.0484,-2.1856,11.0000
eurusd+nzdusd+usdjpy,day_open,8,0.4000,lon17,40,471,0.3864,-2.1143,-45.5057,0.2744,-0.2792,1.0000,-0.0840,0.2324,1.5248,1.7167,15.9500,21.6506,-2.1127,11.0000
eurusd+nzdusd+usdjpy,day_open,8,0.4000,ny11,0,471,0.4883,-0.2386,-45.5264,0.2744,-0.3237,1.0000,-0.0085,0.2324,1.5248,10.6167,15.3000,26.4738,-0.3975,11.0000
eurusd+nzdusd+usdjpy,day_open,8,0.4000,ny11,25,471,0.3121,-1.9057,-45.5460,0.2744,-0.1543,1.0000,-0.0998,0.2303,1.5248,0.5833,13.9000,16.5506,-1.9962,11.0000
eurusd+nzdusd+usdjpy,day_open,8,0.4000,ny11,30,471,0.3418,-2.4532,-45.5934,0.2744,-0.2614,1.0000,-0.1143,0.2292,1.5248,0.9000,14.4333,18.5001,-2.3503,11.0000
eurusd+nzdusd+usdjpy,day_open,8,0.4000,ny11,40,471,0.4076,-2.3083,-45.5264,0.2744,-0.3448,1.0000,-0.0812,0.2324,1.5248,1.7167,14.8167,21.2439,-2.2006,11.0000
eurusd+nzdusd+usdjpy,day_open,8,0.4000,ny1655,0,471,0.4713,0.9761,-45.3738,0.2744,-0.1892,1.0000,0.0376,0.2395,1.5248,16.5667,21.3333,31.0140,0.5374,11.0000
eurusd+nzdusd+usdjpy,day_open,8,0.4000,ny1655,25,471,0.2845,-1.4311,-45.4866,0.2744,-0.1005,1.0000,-0.0719,0.2324,1.5248,0.5833,19.8167,14.8689,-1.4616,11.0000
eurusd+nzdusd+usdjpy,day_open,8,0.4000,ny1655,30,471,0.3142,-2.1981,-45.5159,0.2744,-0.1929,1.0000,-0.1060,0.2313,1.5248,0.9000,20.4667,16.4584,-2.2236,11.0000
eurusd+nzdusd+usdjpy,day_open,8,0.4000,ny1655,40,471,0.3694,-2.4239,-45.4374,0.2744,-0.3151,1.0000,-0.0881,0.2345,1.5248,1.7167,20.7667,21.0733,-2.5539,11.0000
eurusd+nzdusd+usdjpy,day_open,10,0.1000,lon17,0,5523,0.4952,-0.7529,-46.6376,0.1826,-0.3907,1.0000,-0.0657,0.2018,17.8798,11.5000,17.9167,24.4543,-0.5385,1.1576
eurusd+nzdusd+usdjpy,day_open,10,0.1000,lon17,25,5523,0.3755,-0.9677,-46.7072,0.1826,-0.3506,1.0000,-0.0912,0.2001,17.8798,1.8500,17.1500,16.7432,-0.7211,1.1576
eurusd+nzdusd+usdjpy,day_open,10,0.1000,lon17,30,5523,0.4074,-1.1407,-46.6962,0.1826,-0.3089,1.0000,-0.0915,0.2003,17.8798,3.0033,17.4500,19.0841,-0.7890,1.1576
eurusd+nzdusd+usdjpy,day_open,10,0.1000,lon17,40,5523,0.4494,-0.9486,-46.6819,0.1826,-0.2854,1.0000,-0.0939,0.2006,17.8798,5.8533,17.6800,21.5352,-0.6201,1.1576
eurusd+nzdusd+usdjpy,day_open,10,0.1000,ny11,0,5523,0.4934,-0.9421,-46.6461,0.1826,-0.3946,1.0000,-0.0735,0.2015,17.8798,10.4167,16.8333,23.7290,-0.8049,1.1576
eurusd+nzdusd+usdjpy,day_open,10,0.1000,ny11,25,5523,0.3820,-0.9675,-46.7169,0.1826,-0.3698,1.0000,-0.0947,0.1998,17.8798,1.8500,16.0833,16.2231,-0.7164,1.1576
eurusd+nzdusd+usdjpy,day_open,10,0.1000,ny11,30,5523,0.4126,-1.0622,-46.7059,0.1826,-0.3092,1.0000,-0.0889,0.2000,17.8798,3.0033,16.2767,18.7527,-0.7099,1.1576
eurusd+nzdusd+usdjpy,day_open,10,0.1000,ny11,40,5523,0.4512,-0.8640,-46.6920,0.1826,-0.2575,1.0000,-0.0848,0.2003,17.8798,5.8533,16.6000,21.0443,-0.5621,1.1576
eurusd+nzdusd+usdjpy,day_open,10,0.1000,ny1655,0,5523,0.4887,-0.7800,-46.5292,0.1826,-0.3449,1.0000,-0.0514,0.2049,17.8798,16.3667,22.7000,25.8954,-0.4953,1.1576
eurusd+nzdusd+usdjpy,day_open,10,0.1000,ny1655,25,5523,0.3590,-0.8734,-46.6188,0.1826,-0.3563,1.0000,-0.0838,0.2024,17.8798,1.8500,21.7967,16.8138,-0.5902,1.1576
eurusd+nzdusd+usdjpy,day_open,10,0.1000,ny1655,30,5523,0.3924,-1.1230,-46.6042,0.1826,-0.3203,1.0000,-0.0865,0.2027,17.8798,3.0033,22.0000,19.5041,-0.7484,1.1576
eurusd+nzdusd+usdjpy,day_open,10,0.1000,ny1655,40,5523,0.4364,-1.0785,-46.5778,0.1826,-0.3129,1.0000,-0.0918,0.2034,17.8798,5.8533,22.3300,21.9446,-0.6866,1.1576
eurusd+nzdusd+usdjpy,day_open,10,0.1500,lon17,0,4200,0.4883,-0.6916,-46.6723,0.2860,-0.1532,1.0000,-0.0591,0.2007,13.5968,10.4333,17.6850,25.2343,-0.5450,1.7177
eurusd+nzdusd+usdjpy,day_open,10,0.1500,lon17,25,4200,0.3660,-0.9638,-46.7666,0.2860,-0.0498,1.0000,-0.0865,0.1982,13.5968,1.6500,16.4500,16.9084,-0.6932,1.7177
eurusd+nzdusd+usdjpy,day_open,10,0.1500,lon17,30,4200,0.4040,-0.9095,-46.7471,0.2860,-0.0394,1.0000,-0.0825,0.1987,13.5968,2.6150,16.7500,19.7067,-0.6875,1.7177
eurusd+nzdusd+usdjpy,day_open,10,0.1500,lon17,40,4200,0.4433,-0.7776,-46.7431,0.2860,-0.0123,1.0000,-0.0795,0.1989,13.5968,4.8483,17.1167,22.1706,-0.5077,1.7177
eurusd+nzdusd+usdjpy,day_open,10,0.1500,ny11,0,4200,0.4902,-0.7659,-46.6847,0.2860,-0.1714,1.0000,-0.0625,0.2004,13.5968,9.3150,16.6683,25.1140,-0.6744,1.7177
eurusd+nzdusd+usdjpy,day_open,10,0.1500,ny11,25,4200,0.3721,-0.8157,-46.7807,0.2860,-0.0613,1.0000,-0.0855,0.1979,13.5968,1.6500,15.4017,16.7479,-0.5195,1.7177
eurusd+nzdusd+usdjpy,day_open,10,0.1500,ny11,30,4200,0.4093,-0.6872,-46.7610,0.2860,-0.0383,1.0000,-0.0772,0.1983,13.5968,2.6150,15.7167,19.7087,-0.4282,1.7177
eurusd+nzdusd+usdjpy,day_open,10,0.1500,ny11,40,4200,0.4464,-0.5089,-46.7569,0.2860,-0.0041,1.0000,-0.0588,0.1986,13.5968,4.8483,16.0500,22.0213,-0.2405,1.7177
eurusd+nzdusd+usdjpy,day_open,10,0.1500,ny1655,0,4200,0.4826,-0.9095,-46.5975,0.2860,-0.1097,1.0000,-0.0588,0.2033,13.5968,15.3483,22.5183,26.9384,-0.7206,1.7177
eurusd+nzdusd+usdjpy,day_open,10,0.1500,ny1655,25,4200,0.3498,-0.9616,-46.6999,0.2860,-0.0517,1.0000,-0.0863,0.2003,13.5968,1.6500,21.0167,16.7232,-0.6957,1.7177
eurusd+nzdusd+usdjpy,day_open,10,0.1500,ny1655,30,4200,0.3869,-1.0999,-46.6891,0.2860,-0.0464,1.0000,-0.0868,0.2006,13.5968,2.6150,21.3500,19.7813,-0.8644,1.7177
eurusd+nzdusd+usdjpy,day_open,10,0.1500,ny1655,40,4200,0.4295,-0.9190,-46.6806,0.2860,-0.0028,1.0000,-0.0807,0.2009,13.5968,4.8483,21.7167,22.5788,-0.6344,1.7177
eurusd+nzdusd+usdjpy,day_open,10,0.2000,lon17,0,3063,0.4982,0.0108,-46.9485,0.3085,-0.0582,1.0000,0.0008,0.1939,9.9160,9.7667,17.3500,26.7971,0.2628,2.2564
eurusd+nzdusd+usdjpy,day_open,10,0.2000,lon17,25,3063,0.3712,-0.8172,-47.0775,0.3085,0.0795,1.0000,-0.0675,0.1912,9.9160,1.4167,15.8667,17.1165,-0.5486,2.2564
eurusd+nzdusd+usdjpy,day_open,10,0.2000,lon17,30,3063,0.4078,-0.8228,-47.0557,0.3085,-0.0185,1.0000,-0.0727,0.1916,9.9160,2.1467,16.1833,20.4593,-0.5170,2.2564
eurusd+nzdusd+usdjpy,day_open,10,0.2000,lon17,40,3063,0.4453,-0.9993,-47.0178,0.3085,0.0057,1.0000,-0.0770,0.1926,9.9160,4.0567,16.5333,23.3776,-0.6591,2.2564
eurusd+nzdusd+usdjpy,day_open,10,0.2000,ny11,0,3063,0.4940,-0.2083,-46.9487,0.3085,-0.1029,1.0000,-0.0173,0.1939,9.9160,8.7333,16.2500,26.0433,-0.0267,2.2564
eurusd+nzdusd+usdjpy,day_open,10,0.2000,ny11,25,3063,0.3774,-0.6644,-47.0788,0.3085,0.0917,1.0000,-0.0649,0.1912,9.9160,1.4167,14.8000,16.8968,-0.3749,2.2564
eurusd+nzdusd+usdjpy,day_open,10,0.2000,ny11,30,3063,0.4114,-0.6287,-47.0570,0.3085,-0.0025,1.0000,-0.0642,0.1916,9.9160,2.1467,15.0167,19.9763,-0.3368,2.2564
eurusd+nzdusd+usdjpy,day_open,10,0.2000,ny11,40,3063,0.4447,-0.7487,-47.0185,0.3085,0.0218,1.0000,-0.0705,0.1926,9.9160,4.0567,15.4833,22.3435,-0.4266,2.2564
eurusd+nzdusd+usdjpy,day_open,10,0.2000,ny1655,0,3063,0.4917,-0.5314,-46.9074,0.3085,-0.0552,1.0000,-0.0277,0.1950,9.9160,14.6667,21.9833,27.6446,-0.1080,2.2564
eurusd+nzdusd+usdjpy,day_open,10,0.2000,ny1655,25,3063,0.3536,-1.1320,-47.0694,0.3085,0.0742,1.0000,-0.0700,0.1914,9.9160,1.4167,20.4800,16.5098,-0.7577,2.2564
eurusd+nzdusd+usdjpy,day_open,10,0.2000,ny1655,30,3063,0.3882,-1.2724,-47.0411,0.3085,0.0065,1.0000,-0.0772,0.1921,9.9160,2.1467,20.6833,20.4309,-0.8310,2.2564
eurusd+nzdusd+usdjpy,day_open,10,0.2000,ny1655,40,3063,0.4283,-1.4807,-46.9929,0.3085,-0.0147,1.0000,-0.0805,0.1931,9.9160,4.0567,20.9467,22.7388,-0.9919,2.2564
eurusd+nzdusd+usdjpy,day_open,10,0.3000,lon17,0,1530,0.4908,-0.6454,-47.5678,0.3898,-0.1255,1.0000,-0.0393,0.1833,4.9531,9.5983,16.7167,27.3272,-0.5533,4.3200
eurusd+nzdusd+usdjpy,day_open,10,0.3000,lon17,25,1530,0.3641,-0.9133,-47.7109,0.3898,0.0820,1.0000,-0.0564,0.1807,4.9531,1.0817,15.3333,17.6134,-0.5109,4.3200
eurusd+nzdusd+usdjpy,day_open,10,0.3000,lon17,30,1530,0.3967,-1.2119,-47.7155,0.3898,0.0590,1.0000,-0.0623,0.1807,4.9531,1.5500,15.5167,19.4423,-0.8544,4.3200
eurusd+nzdusd+usdjpy,day_open,10,0.3000,lon17,40,1530,0.4346,-1.3199,-47.6150,0.3898,-0.0838,1.0000,-0.0676,0.1827,4.9531,3.2783,15.8550,23.9353,-0.9465,4.3200
eurusd+nzdusd+usdjpy,day_open,10,0.3000,ny11,0,1530,0.4804,-0.8540,-47.5691,0.3898,-0.1318,1.0000,-0.0430,0.1833,4.9531,8.5317,15.5350,27.5629,-0.8337,4.3200
eurusd+nzdusd+usdjpy,day_open,10,0.3000,ny11,25,1530,0.3693,-0.6125,-47.7109,0.3898,0.0845,1.0000,-0.0387,0.1807,4.9531,1.0817,14.3333,17.5829,-0.3499,4.3200
eurusd+nzdusd+usdjpy,day_open,10,0.3000,ny11,30,1530,0.3967,-0.9073,-47.7155,0.3898,0.0729,1.0000,-0.0476,0.1807,4.9531,1.5500,14.5167,20.1617,-0.7119,4.3200
eurusd+nzdusd+usdjpy,day_open,10,0.3000,ny11,40,1530,0.4301,-1.2719,-47.6154,0.3898,-0.0706,1.0000,-0.0624,0.1827,4.9531,3.2783,14.8500,22.7170,-1.0144,4.3200
eurusd+nzdusd+usdjpy,day_open,10,0.3000,ny1655,0,1530,0.4817,-0.4699,-47.5563,0.3898,-0.1100,1.0000,-0.0228,0.1839,4.9531,14.4500,21.2883,28.0949,-0.0066,4.3200
eurusd+nzdusd+usdjpy,day_open,10,0.3000,ny1655,25,1530,0.3386,-0.8571,-47.7215,0.3898,0.0863,1.0000,-0.0471,0.1806,4.9531,1.0817,19.8500,16.8714,-0.2513,4.3200
eurusd+nzdusd+usdjpy,day_open,10,0.3000,ny1655,30,1530,0.3680,-1.2459,-47.7215,0.3898,0.0502,1.0000,-0.0545,0.1807,4.9531,1.5500,20.2000,19.2835,-0.6037,4.3200
eurusd+nzdusd+usdjpy,day_open,10,0.3000,ny1655,40,1530,0.4131,-1.1120,-47.6445,0.3898,-0.0946,1.0000,-0.0523,0.1821,4.9531,3.2783,20.6000,22.5886,-0.4537,4.3200
eurusd+nzdusd+usdjpy,day_open,10,0.4000,lon17,0,717,0.4868,-0.0660,-46.2530,0.3909,-0.3066,1.0000,-0.0031,0.2092,2.3212,9.5267,16.3533,27.6355,-0.0808,6.0000
eurusd+nzdusd+usdjpy,day_open,10,0.4000,lon17,25,717,0.3333,-1.1353,-46.3588,0.3909,-0.0648,1.0000,-0.0724,0.2064,2.3212,0.7100,14.3967,17.2140,-0.9248,6.0000
eurusd+nzdusd+usdjpy,day_open,10,0.4000,lon17,30,717,0.3529,-2.1620,-46.3921,0.3909,-0.1884,1.0000,-0.1089,0.2057,2.3212,1.0100,14.6367,18.9540,-1.9993,6.0000
eurusd+nzdusd+usdjpy,day_open,10,0.4000,lon17,40,717,0.4100,-1.3616,-46.2947,0.3909,-0.3138,1.0000,-0.0816,0.2085,2.3212,2.1500,15.1000,21.6506,-1.0512,6.0000
eurusd+nzdusd+usdjpy,day_open,10,0.4000,ny11,0,717,0.4826,-1.0863,-46.2645,0.3909,-0.3624,1.0000,-0.0440,0.2092,2.3212,8.5167,15.1133,27.2555,-1.0152,6.0000
eurusd+nzdusd+usdjpy,day_open,10,0.4000,ny11,25,717,0.3361,-1.6785,-46.3622,0.3909,-0.1146,1.0000,-0.0969,0.2064,2.3212,0.7100,13.3833,16.6764,-1.6151,6.0000
eurusd+nzdusd+usdjpy,day_open,10,0.4000,ny11,30,717,0.3584,-2.5196,-46.3986,0.3909,-0.2599,1.0000,-0.1078,0.2057,2.3212,1.0100,13.5867,18.1473,-2.3996,6.0000
eurusd+nzdusd+usdjpy,day_open,10,0.4000,ny11,40,717,0.4198,-1.7518,-46.3021,0.3909,-0.3799,1.0000,-0.0813,0.2085,2.3212,2.1500,14.0000,20.7046,-1.4989,6.0000
eurusd+nzdusd+usdjpy,day_open,10,0.4000,ny1655,0,717,0.4728,-0.1470,-46.1149,0.3909,-0.2288,1.0000,-0.0063,0.2143,2.3212,14.4333,21.2067,31.1578,-0.1561,6.0000
eurusd+nzdusd+usdjpy,day_open,10,0.4000,ny1655,25,717,0.3124,-0.9806,-46.3111,0.3909,-0.0435,1.0000,-0.0510,0.2079,2.3212,0.7100,19.2100,14.3760,-0.7351,6.0000
eurusd+nzdusd+usdjpy,day_open,10,0.4000,ny1655,30,717,0.3375,-1.9068,-46.3327,0.3909,-0.1673,1.0000,-0.0941,0.2072,2.3212,1.0100,19.4333,17.0318,-1.7550,6.0000
eurusd+nzdusd+usdjpy,day_open,10,0.4000,ny1655,40,717,0.3975,-1.3782,-46.2320,0.3909,-0.3806,1.0000,-0.0811,0.2102,2.3212,2.1500,20.0167,21.3603,-1.1368,6.0000
eurusd+nzdusd+usdjpy,prev_close,6,0.1000,lon17,0,4725,0.4942,-0.4387,-45.8719,0.3049,-0.3224,1.0000,-0.0595,0.2194,15.2964,14.1333,18.0000,25.9486,-0.2859,1.3885
eurusd+nzdusd+usdjpy,prev_close,6,0.1000,lon17,25,4725,0.3719,-0.3299,-45.9105,0.3049,-0.2558,1.0000,-0.0531,0.2183,15.2964,1.8833,17.6000,17.7162,-0.1399,1.3885
eurusd+nzdusd+usdjpy,prev_close,6,0.1000,lon17,30,4725,0.4053,-0.4587,-45.9022,0.3049,-0.2319,1.0000,-0.0585,0.2185,15.2964,2.8667,17.7500,20.1088,-0.2437,1.3885
eurusd+nzdusd+usdjpy,prev_close,6,0.1000,lon17,40,4725,0.4463,-0.4158,-45.9074,0.3049,-0.1644,1.0000,-0.0528,0.2183,15.2964,5.9567,17.8667,22.7355,-0.1221,1.3885
eurusd+nzdusd+usdjpy,prev_close,6,0.1000,ny11,0,4725,0.4935,-0.4593,-45.8805,0.3049,-0.3310,1.0000,-0.0524,0.2190,15.2964,13.1000,16.9667,25.0640,-0.3737,1.3885
eurusd+nzdusd+usdjpy,prev_close,6,0.1000,ny11,25,4725,0.3774,-0.2935,-45.9207,0.3049,-0.3107,1.0000,-0.0494,0.2180,15.2964,1.8833,16.4833,17.5506,-0.0868,1.3885
eurusd+nzdusd+usdjpy,prev_close,6,0.1000,ny11,30,4725,0.4102,-0.3201,-45.9124,0.3049,-0.2593,1.0000,-0.0469,0.2182,15.2964,2.8667,16.7000,19.7143,-0.0864,1.3885
eurusd+nzdusd+usdjpy,prev_close,6,0.1000,ny11,40,4725,0.4480,-0.2492,-45.9176,0.3049,-0.1398,1.0000,-0.0344,0.2180,15.2964,5.9333,16.8167,22.1190,0.0471,1.3885
eurusd+nzdusd+usdjpy,prev_close,6,0.1000,ny1655,0,4725,0.4910,-0.3792,-45.8067,0.3049,-0.2959,1.0000,-0.0414,0.2218,15.2964,19.0500,22.9000,27.3005,-0.1708,1.3885
eurusd+nzdusd+usdjpy,prev_close,6,0.1000,ny1655,25,4725,0.3564,-0.3072,-45.8550,0.3049,-0.2753,1.0000,-0.0426,0.2201,15.2964,1.8833,22.3333,17.6789,-0.1040,1.3885
eurusd+nzdusd+usdjpy,prev_close,6,0.1000,ny1655,30,4725,0.3913,-0.5273,-45.8469,0.3049,-0.2706,1.0000,-0.0565,0.2204,15.2964,2.8667,22.6000,20.4959,-0.3002,1.3885
eurusd+nzdusd+usdjpy,prev_close,6,0.1000,ny1655,40,4725,0.4345,-0.5493,-45.8413,0.3049,-0.2188,1.0000,-0.0592,0.2205,15.2964,5.9567,22.7333,23.6551,-0.2200,1.3885
eurusd+nzdusd+usdjpy,prev_close,6,0.1500,lon17,0,3111,0.4918,-0.5315,-45.2798,0.3379,-0.3083,1.0000,-0.0488,0.2358,10.0714,13.9833,18.7167,27.5784,-0.5007,2.2208
eurusd+nzdusd+usdjpy,prev_close,6,0.1500,lon17,25,3111,0.3584,-0.8047,-45.3240,0.3379,-0.2017,1.0000,-0.0921,0.2342,10.0714,1.4667,17.2833,18.0240,-0.6113,2.2208
eurusd+nzdusd+usdjpy,prev_close,6,0.1500,lon17,30,3111,0.3941,-1.0717,-45.3121,0.3379,-0.2601,1.0000,-0.0953,0.2346,10.0714,2.4000,17.7000,21.0155,-0.8428,2.2208
eurusd+nzdusd+usdjpy,prev_close,6,0.1500,lon17,40,3111,0.4372,-0.8441,-45.3163,0.3379,-0.2162,1.0000,-0.0746,0.2345,10.0714,4.6833,17.8833,24.0755,-0.6877,2.2208
eurusd+nzdusd+usdjpy,prev_close,6,0.1500,ny11,0,3111,0.4886,-0.7615,-45.2892,0.3379,-0.3156,1.0000,-0.0796,0.2353,10.0714,12.9333,17.0000,26.6004,-0.7879,2.2208
eurusd+nzdusd+usdjpy,prev_close,6,0.1500,ny11,25,3111,0.3632,-0.7246,-45.3355,0.3379,-0.2109,1.0000,-0.0972,0.2337,10.0714,1.4667,16.2167,17.7472,-0.4832,2.2208
eurusd+nzdusd+usdjpy,prev_close,6,0.1500,ny11,30,3111,0.3963,-0.9594,-45.3234,0.3379,-0.2411,1.0000,-0.0995,0.2342,10.0714,2.4000,16.6667,20.1560,-0.6878,2.2208
eurusd+nzdusd+usdjpy,prev_close,6,0.1500,ny11,40,3111,0.4349,-0.7802,-45.3270,0.3379,-0.1804,1.0000,-0.0834,0.2340,10.0714,4.6833,16.8333,22.9317,-0.6050,2.2208
eurusd+nzdusd+usdjpy,prev_close,6,0.1500,ny1655,0,3111,0.4908,-0.6471,-45.2902,0.3379,-0.2482,1.0000,-0.0479,0.2368,10.0714,18.8500,23.2333,28.8348,-0.4922,2.2208
eurusd+nzdusd+usdjpy,prev_close,6,0.1500,ny1655,25,3111,0.3420,-0.8897,-45.3047,0.3379,-0.2302,1.0000,-0.0890,0.2353,10.0714,1.4833,22.1167,18.3566,-0.6711,2.2208
eurusd+nzdusd+usdjpy,prev_close,6,0.1500,ny1655,30,3111,0.3796,-1.1658,-45.3070,0.3379,-0.2645,1.0000,-0.0924,0.2356,10.0714,2.4333,22.5833,21.4311,-0.8751,2.2208
eurusd+nzdusd+usdjpy,prev_close,6,0.1500,ny1655,40,3111,0.4243,-0.9505,-45.3095,0.3379,-0.2203,1.0000,-0.0697,0.2355,10.0714,4.7333,22.7500,24.4521,-0.7383,2.2208
eurusd+nzdusd+usdjpy,prev_close,6,0.2000,lon17,0,2094,0.5033,1.2963,-45.3836,0.3236,-0.1331,1.0000,0.1076,0.2378,6.7790,13.7217,19.3033,28.4858,1.1481,3.5405
eurusd+nzdusd+usdjpy,prev_close,6,0.2000,lon17,25,2094,0.3610,0.2196,-45.4447,0.3236,-0.0231,1.0000,0.0219,0.2354,6.7790,1.3383,17.7000,18.3870,0.0107,3.5405
eurusd+nzdusd+usdjpy,prev_close,6,0.2000,lon17,30,2094,0.3988,0.5006,-45.4310,0.3236,-0.1413,1.0000,0.0492,0.2361,6.7790,1.9333,17.8667,21.3677,0.2411,3.5405
eurusd+nzdusd+usdjpy,prev_close,6,0.2000,lon17,40,2094,0.4370,-0.1953,-45.4050,0.3236,-0.1395,1.0000,-0.0135,0.2366,6.7790,3.8500,17.9833,24.1497,-0.3760,3.5405
eurusd+nzdusd+usdjpy,prev_close,6,0.2000,ny11,0,2094,0.5010,1.1148,-45.3886,0.3236,-0.2316,1.0000,0.0971,0.2378,6.7790,12.7000,17.7050,27.4593,0.9521,3.5405
eurusd+nzdusd+usdjpy,prev_close,6,0.2000,ny11,25,2094,0.3663,0.2118,-45.4468,0.3236,-0.0610,1.0000,0.0267,0.2354,6.7790,1.3383,16.6833,18.3660,0.0570,3.5405
eurusd+nzdusd+usdjpy,prev_close,6,0.2000,ny11,30,2094,0.4026,0.5208,-45.4333,0.3236,-0.1807,1.0000,0.0635,0.2361,6.7790,1.9333,16.8500,21.2434,0.2937,3.5405
eurusd+nzdusd+usdjpy,prev_close,6,0.2000,ny11,40,2094,0.4370,-0.0329,-45.4080,0.3236,-0.1689,1.0000,-0.0028,0.2366,6.7790,3.8500,16.9667,23.4257,-0.2128,3.5405
eurusd+nzdusd+usdjpy,prev_close,6,0.2000,ny1655,0,2094,0.5019,0.9276,-45.4364,0.3236,-0.1239,1.0000,0.0594,0.2378,6.7790,18.6167,23.4417,29.4263,0.9472,3.5405
eurusd+nzdusd+usdjpy,prev_close,6,0.2000,ny1655,25,2094,0.3472,-0.1062,-45.4624,0.3236,-0.0354,1.0000,-0.0089,0.2354,6.7790,1.3383,22.2567,17.6731,-0.2624,3.5405
eurusd+nzdusd+usdjpy,prev_close,6,0.2000,ny1655,30,2094,0.3859,0.1196,-45.4632,0.3236,-0.1187,1.0000,0.0095,0.2360,6.7790,1.9333,22.6617,21.9241,-0.0936,3.5405
eurusd+nzdusd+usdjpy,prev_close,6,0.2000,ny1655,40,2094,0.4241,-0.3953,-45.4522,0.3236,-0.1562,1.0000,-0.0231,0.2360,6.7790,3.8500,22.7950,23.7355,-0.4954,3.5405
eurusd+nzdusd+usdjpy,prev_close,6,0.3000,lon17,0,945,0.5164,0.7547,-44.7225,0.3812,-0.1720,1.0000,0.0342,0.2539,3.0593,13.7667,23.7167,28.8348,0.3131,5.4545
eurusd+nzdusd+usdjpy,prev_close,6,0.3000,lon17,25,945,0.3683,-0.5219,-44.8233,0.3812,-0.2901,1.0000,-0.0286,0.2497,3.0593,0.9333,18.6300,17.9405,-0.3556,5.4545
eurusd+nzdusd+usdjpy,prev_close,6,0.3000,lon17,30,945,0.4074,0.2019,-44.7882,0.3812,-0.2132,1.0000,0.0118,0.2507,3.0593,1.5567,22.1333,20.6545,0.0855,5.4545
eurusd+nzdusd+usdjpy,prev_close,6,0.3000,lon17,40,945,0.4444,-0.1709,-44.7361,0.3812,-0.2485,1.0000,-0.0089,0.2518,3.0593,3.1133,22.4667,24.1073,-0.0941,5.4545
eurusd+nzdusd+usdjpy,prev_close,6,0.3000,ny11,0,945,0.4984,0.2138,-44.7368,0.3812,-0.2238,1.0000,0.0089,0.2539,3.0593,12.7333,23.7167,29.6000,-0.1357,5.4545
eurusd+nzdusd+usdjpy,prev_close,6,0.3000,ny11,25,945,0.3630,-0.3303,-44.8233,0.3812,-0.2757,1.0000,-0.0183,0.2497,3.0593,0.9333,17.5000,17.4640,-0.2862,5.4545
eurusd+nzdusd+usdjpy,prev_close,6,0.3000,ny11,30,945,0.3979,0.2643,-44.7882,0.3812,-0.1972,1.0000,0.0151,0.2507,3.0593,1.5567,22.1333,21.0450,0.0190,5.4545
eurusd+nzdusd+usdjpy,prev_close,6,0.3000,ny11,40,945,0.4360,-0.3382,-44.7404,0.3812,-0.2265,1.0000,-0.0165,0.2518,3.0593,3.1133,22.4667,24.8097,-0.3491,5.4545
eurusd+nzdusd+usdjpy,prev_close,6,0.3000,ny1655,0,945,0.5090,1.9407,-44.7816,0.3812,-0.0749,1.0000,0.0792,0.2527,3.0593,18.6500,23.9167,29.2112,1.6975,5.4545
eurusd+nzdusd+usdjpy,prev_close,6,0.3000,ny1655,25,945,0.3397,0.4289,-44.8408,0.3812,-0.2037,1.0000,0.0223,0.2499,3.0593,0.9333,22.6367,15.7735,0.5902,5.4545
eurusd+nzdusd+usdjpy,prev_close,6,0.3000,ny1655,30,945,0.3778,1.0729,-44.8193,0.3812,-0.1492,1.0000,0.0536,0.2505,3.0593,1.5567,22.8167,18.5340,1.0352,5.4545
eurusd+nzdusd+usdjpy,prev_close,6,0.3000,ny1655,40,945,0.4222,0.8124,-44.7595,0.3812,-0.1926,1.0000,0.0350,0.2515,3.0593,3.1133,23.0567,23.1807,0.9507,5.4545
eurusd+nzdusd+usdjpy,prev_close,6,0.4000,lon17,0,438,0.5160,3.5041,-43.4903,0.3342,0.0255,1.0000,0.2012,0.3182,1.4180,13.6833,23.9667,30.9276,3.0242,29.0000
eurusd+nzdusd+usdjpy,prev_close,6,0.4000,lon17,25,438,0.3425,1.5056,-43.4660,0.3342,-0.0024,1.0000,0.0986,0.3170,1.4180,0.5667,22.4500,17.7874,1.3345,29.0000
eurusd+nzdusd+usdjpy,prev_close,6,0.4000,lon17,30,438,0.3676,0.6708,-43.4348,0.3342,-0.0072,1.0000,0.0377,0.3182,1.4180,0.9000,23.7833,20.7086,0.4612,29.0000
eurusd+nzdusd+usdjpy,prev_close,6,0.4000,lon17,40,438,0.4041,-0.6364,-43.4318,0.3342,-0.0196,1.0000,-0.0290,0.3182,1.4180,1.6083,23.8133,24.4894,-0.7797,29.0000
eurusd+nzdusd+usdjpy,prev_close,6,0.4000,ny11,0,438,0.5228,3.0837,-43.5045,0.3342,-0.0929,1.0000,0.1428,0.3182,1.4180,12.6500,23.9667,32.7092,2.9758,29.0000
eurusd+nzdusd+usdjpy,prev_close,6,0.4000,ny11,25,438,0.3493,1.3407,-43.4689,0.3342,-0.0176,1.0000,0.0840,0.3170,1.4180,0.5667,22.4500,17.6434,1.1947,29.0000
eurusd+nzdusd+usdjpy,prev_close,6,0.4000,ny11,30,438,0.3744,0.7757,-43.4412,0.3342,-0.0494,1.0000,0.0397,0.3182,1.4180,0.9000,23.7833,21.0239,0.8215,29.0000
eurusd+nzdusd+usdjpy,prev_close,6,0.4000,ny11,40,438,0.4132,-0.6546,-43.4370,0.3342,-0.0762,1.0000,-0.0270,0.3182,1.4180,1.6083,23.8133,26.0340,-0.4922,29.0000
eurusd+nzdusd+usdjpy,prev_close,6,0.4000,ny1655,0,438,0.5228,5.4561,-43.4586,0.3342,0.1008,1.0000,0.1982,0.3192,1.4180,18.5667,23.9833,34.2121,4.8742,29.0000
eurusd+nzdusd+usdjpy,prev_close,6,0.4000,ny1655,25,438,0.3402,3.0454,-43.5293,0.3342,0.0590,1.0000,0.1785,0.3147,1.4180,0.5667,22.8167,15.9119,2.7372,29.0000
eurusd+nzdusd+usdjpy,prev_close,6,0.4000,ny1655,30,438,0.3699,2.0664,-43.4544,0.3342,0.0382,1.0000,0.1018,0.3159,1.4180,0.9000,23.8133,20.0918,1.7023,29.0000
eurusd+nzdusd+usdjpy,prev_close,6,0.4000,ny1655,40,438,0.4087,0.6866,-43.4501,0.3342,0.0060,1.0000,0.0266,0.3159,1.4180,1.6083,23.8833,25.3049,0.3466,29.0000
eurusd+nzdusd+usdjpy,prev_close,8,0.1000,lon17,0,5133,0.4933,-0.6762,-46.3338,0.2550,-0.2594,1.0000,-0.0800,0.2098,16.6173,13.2833,17.9833,25.4894,-0.5332,1.3471
eurusd+nzdusd+usdjpy,prev_close,8,0.1000,lon17,25,5133,0.3735,-0.6237,-46.3824,0.2550,-0.1600,1.0000,-0.0695,0.2086,16.6173,1.9833,17.4500,17.4640,-0.4145,1.3471
eurusd+nzdusd+usdjpy,prev_close,8,0.1000,lon17,30,5133,0.4070,-0.6984,-46.3705,0.2550,-0.1343,1.0000,-0.0691,0.2088,16.6173,3.0000,17.7000,19.7642,-0.4546,1.3471
eurusd+nzdusd+usdjpy,prev_close,8,0.1000,lon17,40,5133,0.4469,-0.6160,-46.3728,0.2550,-0.0397,1.0000,-0.0721,0.2087,16.6173,6.0167,17.8167,22.3464,-0.3265,1.3471
eurusd+nzdusd+usdjpy,prev_close,8,0.1000,ny11,0,5133,0.4917,-0.7554,-46.3420,0.2550,-0.2767,1.0000,-0.0774,0.2095,16.6173,12.2500,16.9500,24.5126,-0.6785,1.3471
eurusd+nzdusd+usdjpy,prev_close,8,0.1000,ny11,25,5133,0.3785,-0.5959,-46.3924,0.2550,-0.2264,1.0000,-0.0690,0.2083,16.6173,1.9833,16.3633,17.1572,-0.3788,1.3471
eurusd+nzdusd+usdjpy,prev_close,8,0.1000,ny11,30,5133,0.4113,-0.5914,-46.3805,0.2550,-0.1654,1.0000,-0.0640,0.2086,16.6173,3.0000,16.6333,19.3174,-0.3380,1.3471
eurusd+nzdusd+usdjpy,prev_close,8,0.1000,ny11,40,5133,0.4481,-0.5099,-46.3827,0.2550,-0.0266,1.0000,-0.0628,0.2085,16.6173,6.0167,16.7667,21.5463,-0.2231,1.3471
eurusd+nzdusd+usdjpy,prev_close,8,0.1000,ny1655,0,5133,0.4884,-0.8108,-46.2469,0.2550,-0.2369,1.0000,-0.0727,0.2126,16.6173,18.2000,22.8833,27.1448,-0.6233,1.3471
eurusd+nzdusd+usdjpy,prev_close,8,0.1000,ny1655,25,5133,0.3563,-0.6971,-46.3191,0.2550,-0.1817,1.0000,-0.0670,0.2104,16.6173,1.9833,22.1333,17.5198,-0.4633,1.3471
eurusd+nzdusd+usdjpy,prev_close,8,0.1000,ny1655,30,5133,0.3916,-0.8443,-46.3038,0.2550,-0.1766,1.0000,-0.0715,0.2108,16.6173,3.0000,22.4167,20.0920,-0.5904,1.3471
eurusd+nzdusd+usdjpy,prev_close,8,0.1000,ny1655,40,5133,0.4344,-0.8425,-46.2952,0.2550,-0.1063,1.0000,-0.0771,0.2110,16.6173,6.0367,22.6667,23.0363,-0.5098,1.3471
eurusd+nzdusd+usdjpy,prev_close,8,0.1500,lon17,0,3645,0.4957,-0.1600,-45.9129,0.2991,-0.2246,1.0000,-0.0180,0.2177,11.8001,12.4667,18.0000,27.0158,-0.0631,1.9896
eurusd+nzdusd+usdjpy,prev_close,8,0.1500,lon17,25,3645,0.3676,-0.4587,-45.9711,0.2991,-0.1600,1.0000,-0.0556,0.2159,11.8001,1.6000,16.9000,18.0240,-0.2171,1.9896
eurusd+nzdusd+usdjpy,prev_close,8,0.1500,lon17,30,3645,0.4041,-0.5596,-45.9543,0.2991,-0.1680,1.0000,-0.0564,0.2165,11.8001,2.5233,17.4033,20.9505,-0.2444,1.9896
eurusd+nzdusd+usdjpy,prev_close,8,0.1500,lon17,40,3645,0.4450,-0.4004,-45.9549,0.2991,-0.1280,1.0000,-0.0388,0.2165,11.8001,4.6667,17.7333,23.5339,-0.1879,1.9896
eurusd+nzdusd+usdjpy,prev_close,8,0.1500,ny11,0,3645,0.4930,-0.4079,-45.9222,0.2991,-0.2343,1.0000,-0.0406,0.2173,11.8001,11.4000,16.9500,26.2214,-0.3596,1.9896
eurusd+nzdusd+usdjpy,prev_close,8,0.1500,ny11,25,3645,0.3726,-0.3810,-45.9826,0.2991,-0.1705,1.0000,-0.0532,0.2155,11.8001,1.6000,15.8667,17.8668,-0.0970,1.9896
eurusd+nzdusd+usdjpy,prev_close,8,0.1500,ny11,30,3645,0.4074,-0.4410,-45.9657,0.2991,-0.1562,1.0000,-0.0530,0.2160,11.8001,2.5233,16.3200,20.4959,-0.0917,1.9896
eurusd+nzdusd+usdjpy,prev_close,8,0.1500,ny11,40,3645,0.4436,-0.3489,-45.9657,0.2991,-0.1041,1.0000,-0.0420,0.2160,11.8001,4.6667,16.7000,23.0804,-0.1261,1.9896
eurusd+nzdusd+usdjpy,prev_close,8,0.1500,ny1655,0,3645,0.4916,-0.4247,-45.8818,0.2991,-0.1709,1.0000,-0.0376,0.2194,11.8001,17.3333,22.9000,28.3321,-0.2487,1.9896
eurusd+nzdusd+usdjpy,prev_close,8,0.1500,ny1655,25,3645,0.3498,-0.5876,-45.9209,0.2991,-0.1668,1.0000,-0.0595,0.2177,11.8001,1.6000,21.7333,18.3597,-0.3274,1.9896
eurusd+nzdusd+usdjpy,prev_close,8,0.1500,ny1655,30,3645,0.3874,-0.7283,-45.9171,0.2991,-0.1670,1.0000,-0.0623,0.2180,11.8001,2.5500,22.2033,21.4774,-0.3561,1.9896
eurusd+nzdusd+usdjpy,prev_close,8,0.1500,ny1655,40,3645,0.4299,-0.6302,-45.9157,0.2991,-0.1352,1.0000,-0.0517,0.2181,11.8001,4.6967,22.6000,23.8448,-0.3639,1.9896
eurusd+nzdusd+usdjpy,prev_close,8,0.2000,lon17,0,2514,0.4996,0.9940,-45.6376,0.3169,-0.0869,1.0000,0.0981,0.2243,8.1387,12.4717,18.6817,28.2268,0.9463,2.9804
eurusd+nzdusd+usdjpy,prev_close,8,0.2000,lon17,25,2514,0.3624,-0.1674,-45.7169,0.3169,0.0595,1.0000,-0.0178,0.2219,8.1387,1.4333,17.3000,18.4729,-0.2558,2.9804
eurusd+nzdusd+usdjpy,prev_close,8,0.2000,lon17,30,2514,0.3994,0.1178,-45.6993,0.3169,-0.0371,1.0000,0.0123,0.2225,8.1387,2.2550,17.7500,21.2100,-0.0187,2.9804
eurusd+nzdusd+usdjpy,prev_close,8,0.2000,lon17,40,2514,0.4379,-0.3021,-45.6693,0.3169,-0.0770,1.0000,-0.0233,0.2231,8.1387,4.1717,17.9000,23.8807,-0.3961,2.9804
eurusd+nzdusd+usdjpy,prev_close,8,0.2000,ny11,0,2514,0.4988,0.8748,-45.6359,0.3169,-0.1670,1.0000,0.0871,0.2243,8.1387,11.3600,17.1633,27.3218,0.7995,2.9804
eurusd+nzdusd+usdjpy,prev_close,8,0.2000,ny11,25,2514,0.3675,-0.0595,-45.7156,0.3169,0.0389,1.0000,-0.0077,0.2219,8.1387,1.4333,16.2167,18.2731,-0.0807,2.9804
eurusd+nzdusd+usdjpy,prev_close,8,0.2000,ny11,30,2514,0.4049,0.2390,-45.6982,0.3169,-0.0547,1.0000,0.0284,0.2225,8.1387,2.2550,16.7167,21.0906,0.1414,2.9804
eurusd+nzdusd+usdjpy,prev_close,8,0.2000,ny11,40,2514,0.4399,-0.0337,-45.6676,0.3169,-0.0872,1.0000,-0.0032,0.2231,8.1387,4.1717,16.8617,23.4098,-0.1150,2.9804
eurusd+nzdusd+usdjpy,prev_close,8,0.2000,ny1655,0,2514,0.5000,0.6894,-45.6706,0.3169,-0.0939,1.0000,0.0486,0.2244,8.1387,17.3100,22.9000,29.2045,0.7628,2.9804
eurusd+nzdusd+usdjpy,prev_close,8,0.2000,ny1655,25,2514,0.3500,-0.4873,-45.7276,0.3169,0.0263,1.0000,-0.0419,0.2219,8.1387,1.4333,21.5283,18.0058,-0.5325,2.9804
eurusd+nzdusd+usdjpy,prev_close,8,0.2000,ny1655,30,2514,0.3894,-0.2577,-45.7199,0.3169,-0.0516,1.0000,-0.0206,0.2225,8.1387,2.2550,22.2833,21.7362,-0.3505,2.9804
eurusd+nzdusd+usdjpy,prev_close,8,0.2000,ny1655,40,2514,0.4280,-0.5554,-45.7024,0.3169,-0.1121,1.0000,-0.0344,0.2228,8.1387,4.1717,22.6500,23.6714,-0.5848,2.9804
eurusd+nzdusd+usdjpy,prev_close,8,0.3000,lon17,0,1233,0.5158,0.8964,-45.4124,0.3831,-0.1748,1.0000,0.0493,0.2396,3.9916,12.0500,22.4333,27.8975,0.4723,5.5333
eurusd+nzdusd+usdjpy,prev_close,8,0.3000,lon17,25,1233,0.3715,-0.1222,-45.5260,0.3831,-0.1740,1.0000,-0.0078,0.2356,3.9916,1.1667,17.6667,17.3782,-0.1889,5.5333
eurusd+nzdusd+usdjpy,prev_close,8,0.3000,lon17,30,1233,0.4088,0.3986,-45.4965,0.3831,-0.1157,1.0000,0.0258,0.2364,3.9916,1.7200,17.9833,20.0341,0.0788,5.5333
eurusd+nzdusd+usdjpy,prev_close,8,0.3000,lon17,40,1233,0.4485,0.4232,-45.4358,0.3831,-0.1653,1.0000,0.0254,0.2376,3.9916,3.4200,19.0867,23.2463,0.3407,5.5333
eurusd+nzdusd+usdjpy,prev_close,8,0.3000,ny11,0,1233,0.5036,0.7282,-45.4204,0.3831,-0.1891,1.0000,0.0358,0.2396,3.9916,10.9500,22.4333,28.8348,0.3764,5.5333
eurusd+nzdusd+usdjpy,prev_close,8,0.3000,ny11,25,1233,0.3715,0.1372,-45.5260,0.3831,-0.1535,1.0000,0.0091,0.2356,3.9916,1.1667,16.6933,17.2050,-0.0303,5.5333
eurusd+nzdusd+usdjpy,prev_close,8,0.3000,ny11,30,1233,0.4039,0.5473,-45.4965,0.3831,-0.0895,1.0000,0.0356,0.2364,3.9916,1.7200,16.9000,19.1680,0.1084,5.5333
eurusd+nzdusd+usdjpy,prev_close,8,0.3000,ny11,40,1233,0.4428,0.3161,-45.4382,0.3831,-0.1365,1.0000,0.0180,0.2376,3.9916,3.4200,18.8000,22.9915,0.1577,5.5333
eurusd+nzdusd+usdjpy,prev_close,8,0.3000,ny1655,0,1233,0.5036,1.2097,-45.5005,0.3831,-0.1138,1.0000,0.0563,0.2390,3.9916,16.8667,23.4167,28.8348,0.9686,5.5333
eurusd+nzdusd+usdjpy,prev_close,8,0.3000,ny1655,25,1233,0.3455,0.2351,-45.5780,0.3831,-0.1356,1.0000,0.0134,0.2350,3.9916,1.1667,22.1333,16.7432,0.2350,5.5333
eurusd+nzdusd+usdjpy,prev_close,8,0.3000,ny1655,30,1233,0.3804,0.6549,-45.5634,0.3831,-0.0993,1.0000,0.0346,0.2356,3.9916,1.7200,22.4667,19.5679,0.4895,5.5333
eurusd+nzdusd+usdjpy,prev_close,8,0.3000,ny1655,40,1233,0.4250,0.5969,-45.4953,0.3831,-0.1545,1.0000,0.0281,0.2369,3.9916,3.4200,22.6833,22.5679,0.6527,5.5333
eurusd+nzdusd+usdjpy,prev_close,8,0.4000,lon17,0,591,0.4958,0.1566,-44.4730,0.2894,-0.1799,1.0000,0.0057,0.2765,1.9133,12.1167,23.9167,28.8348,-0.2841,14.6667
eurusd+nzdusd+usdjpy,prev_close,8,0.4000,lon17,25,591,0.3333,0.0212,-44.5127,0.2894,-0.1375,1.0000,0.0013,0.2723,1.9133,0.6667,17.9833,17.6342,-0.0470,14.6667
eurusd+nzdusd+usdjpy,prev_close,8,0.4000,lon17,30,591,0.3638,-0.6371,-44.4579,0.2894,-0.1193,1.0000,-0.0298,0.2748,1.9133,0.9833,22.3167,20.3805,-0.8557,14.6667
eurusd+nzdusd+usdjpy,prev_close,8,0.4000,lon17,40,591,0.3959,-2.3644,-44.4318,0.2894,-0.1667,1.0000,-0.0903,0.2765,1.9133,1.9500,22.5500,23.6714,-2.5469,14.6667
eurusd+nzdusd+usdjpy,prev_close,8,0.4000,ny11,0,591,0.5025,-0.3034,-44.4783,0.2894,-0.2538,1.0000,-0.0099,0.2765,1.9133,10.8667,23.9167,29.3292,-0.4870,14.6667
eurusd+nzdusd+usdjpy,prev_close,8,0.4000,ny11,25,591,0.3435,-0.0000,-44.5129,0.2894,-0.1508,1.0000,-0.0000,0.2723,1.9133,0.6667,16.9000,17.2425,-0.0545,14.6667
eurusd+nzdusd+usdjpy,prev_close,8,0.4000,ny11,30,591,0.3723,-0.5337,-44.4593,0.2894,-0.1496,1.0000,-0.0269,0.2748,1.9133,0.9833,22.3167,20.4710,-0.5623,14.6667
eurusd+nzdusd+usdjpy,prev_close,8,0.4000,ny11,40,591,0.4061,-2.3846,-44.4332,0.2894,-0.2078,1.0000,-0.0819,0.2765,1.9133,1.9500,22.5500,24.9420,-2.3457,14.6667
eurusd+nzdusd+usdjpy,prev_close,8,0.4000,ny1655,0,591,0.4890,1.0159,-44.4601,0.2894,-0.0714,1.0000,0.0393,0.2797,1.9133,16.7833,23.9833,31.9493,0.6206,14.6667
eurusd+nzdusd+usdjpy,prev_close,8,0.4000,ny1655,25,591,0.3215,0.5900,-44.5657,0.2894,-0.0658,1.0000,0.0291,0.2723,1.9133,0.6667,22.5667,15.4153,0.4782,14.6667
eurusd+nzdusd+usdjpy,prev_close,8,0.4000,ny1655,30,591,0.3503,-0.4467,-44.4798,0.2894,-0.0644,1.0000,-0.0166,0.2748,1.9133,0.9833,22.8167,18.3020,-0.6863,14.6667
eurusd+nzdusd+usdjpy,prev_close,8,0.4000,ny1655,40,591,0.3824,-2.4465,-44.4523,0.2894,-0.1247,1.0000,-0.0754,0.2765,1.9133,1.9500,23.4167,24.0176,-2.7274,14.6667
eurusd+nzdusd+usdjpy,prev_close,10,0.1000,lon17,0,5580,0.4962,-0.4399,-46.6006,0.1376,-0.2619,1.0000,-0.0566,0.2032,18.0644,11.6483,17.9667,24.7787,-0.2921,1.1471
eurusd+nzdusd+usdjpy,prev_close,10,0.1000,lon17,25,5580,0.3808,-0.4291,-46.6495,0.1376,-0.1491,1.0000,-0.0606,0.2021,18.0644,2.0317,17.2850,17.1162,-0.2196,1.1471
eurusd+nzdusd+usdjpy,prev_close,10,0.1000,lon17,30,5580,0.4140,-0.4935,-46.6365,0.1376,-0.1248,1.0000,-0.0603,0.2023,18.0644,3.1317,17.6167,19.2858,-0.2491,1.1471
eurusd+nzdusd+usdjpy,prev_close,10,0.1000,lon17,40,5580,0.4525,-0.3918,-46.6388,0.1376,-0.0357,1.0000,-0.0554,0.2022,18.0644,6.1650,17.7667,21.7781,-0.1197,1.1471
eurusd+nzdusd+usdjpy,prev_close,10,0.1000,ny11,0,5580,0.4953,-0.5180,-46.6089,0.1376,-0.2709,1.0000,-0.0551,0.2030,18.0644,10.5833,16.9167,23.8461,-0.4342,1.1471
eurusd+nzdusd+usdjpy,prev_close,10,0.1000,ny11,25,5580,0.3869,-0.3853,-46.6593,0.1376,-0.2172,1.0000,-0.0584,0.2018,18.0644,2.0317,16.2167,16.8492,-0.1746,1.1471
eurusd+nzdusd+usdjpy,prev_close,10,0.1000,ny11,30,5580,0.4186,-0.3896,-46.6464,0.1376,-0.1604,1.0000,-0.0524,0.2021,18.0644,3.1317,16.5000,18.9092,-0.1418,1.1471
eurusd+nzdusd+usdjpy,prev_close,10,0.1000,ny11,40,5580,0.4541,-0.2931,-46.6485,0.1376,-0.0263,1.0000,-0.0394,0.2020,18.0644,6.1650,16.7333,21.0500,-0.0270,1.1471
eurusd+nzdusd+usdjpy,prev_close,10,0.1000,ny1655,0,5580,0.4898,-0.5969,-46.5053,0.1376,-0.2277,1.0000,-0.0543,0.2060,18.0644,16.5317,22.8667,26.2320,-0.3929,1.1471
eurusd+nzdusd+usdjpy,prev_close,10,0.1000,ny1655,25,5580,0.3624,-0.4835,-46.5842,0.1376,-0.1641,1.0000,-0.0594,0.2038,18.0644,2.0317,22.0183,17.1411,-0.2372,1.1471
eurusd+nzdusd+usdjpy,prev_close,10,0.1000,ny1655,30,5580,0.3970,-0.6259,-46.5645,0.1376,-0.1631,1.0000,-0.0653,0.2043,18.0644,3.1317,22.3167,19.6899,-0.3518,1.1471
eurusd+nzdusd+usdjpy,prev_close,10,0.1000,ny1655,40,5580,0.4382,-0.6289,-46.5560,0.1376,-0.0973,1.0000,-0.0718,0.2045,18.0644,6.2000,22.6167,22.4652,-0.2928,1.1471
eurusd+nzdusd+usdjpy,prev_close,10,0.1500,lon17,0,4314,0.4893,-0.4545,-46.4242,0.2792,-0.1926,1.0000,-0.0513,0.2058,13.9659,10.2217,17.9450,25.4967,-0.3696,1.7200
eurusd+nzdusd+usdjpy,prev_close,10,0.1500,lon17,25,4314,0.3709,-0.6144,-46.4782,0.2792,-0.1060,1.0000,-0.0795,0.2043,13.9659,1.6383,16.6833,17.1184,-0.4129,1.7200
eurusd+nzdusd+usdjpy,prev_close,10,0.1500,lon17,30,4314,0.4057,-0.6599,-46.4617,0.2792,-0.0995,1.0000,-0.0709,0.2048,13.9659,2.6217,17.0000,19.7010,-0.3744,1.7200
eurusd+nzdusd+usdjpy,prev_close,10,0.1500,lon17,40,4314,0.4444,-0.5583,-46.4677,0.2792,-0.0827,1.0000,-0.0585,0.2047,13.9659,4.8383,17.5333,22.3219,-0.3579,1.7200
eurusd+nzdusd+usdjpy,prev_close,10,0.1500,ny11,0,4314,0.4917,-0.4964,-46.4351,0.2792,-0.1688,1.0000,-0.0580,0.2055,13.9659,9.1150,16.8500,25.1716,-0.4395,1.7200
eurusd+nzdusd+usdjpy,prev_close,10,0.1500,ny11,25,4314,0.3795,-0.4666,-46.4909,0.2792,-0.0983,1.0000,-0.0781,0.2040,13.9659,1.6383,15.5450,17.0607,-0.2216,1.7200
eurusd+nzdusd+usdjpy,prev_close,10,0.1500,ny11,30,4314,0.4128,-0.4751,-46.4743,0.2792,-0.0672,1.0000,-0.0645,0.2044,13.9659,2.6217,15.9667,19.6035,-0.1510,1.7200
eurusd+nzdusd+usdjpy,prev_close,10,0.1500,ny11,40,4314,0.4483,-0.3818,-46.4798,0.2792,-0.0362,1.0000,-0.0489,0.2043,13.9659,4.8383,16.4500,21.8524,-0.1671,1.7200
eurusd+nzdusd+usdjpy,prev_close,10,0.1500,ny1655,0,4314,0.4859,-0.6747,-46.3397,0.2792,-0.1429,1.0000,-0.0623,0.2087,13.9659,15.0883,22.8283,27.0328,-0.5325,1.7200
eurusd+nzdusd+usdjpy,prev_close,10,0.1500,ny1655,25,4314,0.3535,-0.7543,-46.3939,0.2792,-0.1136,1.0000,-0.0829,0.2068,13.9659,1.6500,21.3783,17.2837,-0.5566,1.7200
eurusd+nzdusd+usdjpy,prev_close,10,0.1500,ny1655,30,4314,0.3890,-0.8500,-46.3894,0.2792,-0.0959,1.0000,-0.0823,0.2071,13.9659,2.6383,21.7667,20.0341,-0.5318,1.7200
eurusd+nzdusd+usdjpy,prev_close,10,0.1500,ny1655,40,4314,0.4307,-0.7654,-46.3936,0.2792,-0.0810,1.0000,-0.0727,0.2070,13.9659,4.8500,22.3333,22.9123,-0.5250,1.7200
eurusd+nzdusd+usdjpy,prev_close,10,0.2000,lon17,0,3189,0.5024,0.9916,-46.3705,0.2902,-0.0112,1.0000,0.1367,0.2088,10.3239,9.8500,17.9667,26.6203,1.0088,2.3247
eurusd+nzdusd+usdjpy,prev_close,10,0.2000,lon17,25,3189,0.3741,-0.1835,-46.4419,0.2902,0.1820,1.0000,-0.0259,0.2070,10.3239,1.4633,16.6033,18.0240,-0.1845,2.3247
eurusd+nzdusd+usdjpy,prev_close,10,0.2000,lon17,30,3189,0.4102,0.1224,-46.4249,0.2902,0.0851,1.0000,0.0166,0.2074,10.3239,2.2667,17.2167,20.6205,0.1177,2.3247
eurusd+nzdusd+usdjpy,prev_close,10,0.2000,lon17,40,3189,0.4468,-0.2587,-46.4009,0.2902,0.0549,1.0000,-0.0265,0.2079,10.3239,4.0167,17.7000,23.2603,-0.2864,2.3247
eurusd+nzdusd+usdjpy,prev_close,10,0.2000,ny11,0,3189,0.5014,0.7110,-46.3691,0.2902,-0.0540,1.0000,0.0960,0.2088,10.3239,8.7667,16.9000,26.0433,0.6934,2.3247
eurusd+nzdusd+usdjpy,prev_close,10,0.2000,ny11,25,3189,0.3816,-0.0913,-46.4419,0.2902,0.1844,1.0000,-0.0138,0.2070,10.3239,1.4633,15.4700,17.8401,-0.0553,2.3247
eurusd+nzdusd+usdjpy,prev_close,10,0.2000,ny11,30,3189,0.4164,0.2179,-46.4251,0.2902,0.0960,1.0000,0.0347,0.2074,10.3239,2.2667,16.0000,20.5661,0.2257,2.3247
eurusd+nzdusd+usdjpy,prev_close,10,0.2000,ny11,40,3189,0.4490,-0.1173,-46.4000,0.2902,0.0797,1.0000,-0.0143,0.2079,10.3239,4.0167,16.7000,22.7293,-0.1404,2.3247
eurusd+nzdusd+usdjpy,prev_close,10,0.2000,ny1655,0,3189,0.4951,0.5794,-46.3654,0.2902,-0.0276,1.0000,0.0505,0.2095,10.3239,14.7000,22.7667,27.5828,0.7360,2.3247
eurusd+nzdusd+usdjpy,prev_close,10,0.2000,ny1655,25,3189,0.3565,-0.6034,-46.4384,0.2902,0.1679,1.0000,-0.0637,0.2073,10.3239,1.4633,20.8867,17.5514,-0.5103,2.3247
eurusd+nzdusd+usdjpy,prev_close,10,0.2000,ny1655,30,3189,0.3920,-0.3922,-46.4270,0.2902,0.0908,1.0000,-0.0412,0.2078,10.3239,2.2667,21.4667,21.0733,-0.2862,2.3247
eurusd+nzdusd+usdjpy,prev_close,10,0.2000,ny1655,40,3189,0.4299,-0.6926,-46.4037,0.2902,0.0140,1.0000,-0.0602,0.2082,10.3239,4.0167,22.2200,23.1198,-0.5779,2.3247
eurusd+nzdusd+usdjpy,prev_close,10,0.3000,lon17,0,1671,0.5069,0.3733,-46.3723,0.3684,-0.2191,1.0000,0.0216,0.2091,5.4096,9.6333,18.6167,26.9552,0.2187,3.7241
eurusd+nzdusd+usdjpy,prev_close,10,0.3000,lon17,25,1671,0.3740,-0.4663,-46.4890,0.3684,-0.1674,1.0000,-0.0304,0.2062,5.4096,1.1500,16.6333,17.9405,-0.4026,3.7241
eurusd+nzdusd+usdjpy,prev_close,10,0.3000,lon17,30,1671,0.4075,-0.2715,-46.4628,0.3684,-0.1225,1.0000,-0.0172,0.2068,5.4096,1.7000,17.0500,19.9773,-0.3934,3.7241
eurusd+nzdusd+usdjpy,prev_close,10,0.3000,lon17,40,1671,0.4482,-0.0546,-46.4101,0.3684,-0.1853,1.0000,-0.0033,0.2077,5.4096,3.3667,17.6667,23.4129,-0.0212,3.7241
eurusd+nzdusd+usdjpy,prev_close,10,0.3000,ny11,0,1671,0.5015,0.2766,-46.3735,0.3684,-0.1970,1.0000,0.0137,0.2091,5.4096,8.5833,17.2167,27.8975,0.0451,3.7241
eurusd+nzdusd+usdjpy,prev_close,10,0.3000,ny11,25,1671,0.3812,-0.1237,-46.4890,0.3684,-0.1418,1.0000,-0.0088,0.2062,5.4096,1.1500,15.5000,17.7889,-0.1825,3.7241
eurusd+nzdusd+usdjpy,prev_close,10,0.3000,ny11,30,1671,0.4105,0.0298,-46.4628,0.3684,-0.0863,1.0000,0.0020,0.2068,5.4096,1.7000,16.0667,20.2989,-0.2446,3.7241
eurusd+nzdusd+usdjpy,prev_close,10,0.3000,ny11,40,1671,0.4482,0.0160,-46.4105,0.3684,-0.1513,1.0000,0.0010,0.2077,5.4096,3.3667,16.6500,22.6765,-0.0876,3.7241
eurusd+nzdusd+usdjpy,prev_close,10,0.3000,ny1655,0,1671,0.4973,0.6187,-46.4116,0.3684,-0.1867,1.0000,0.0336,0.2088,5.4096,14.5167,22.8167,28.1127,0.6667,3.7241
eurusd+nzdusd+usdjpy,prev_close,10,0.3000,ny1655,25,1671,0.3477,-0.3166,-46.5208,0.3684,-0.1262,1.0000,-0.0191,0.2057,5.4096,1.1500,20.8667,17.3517,-0.1522,3.7241
eurusd+nzdusd+usdjpy,prev_close,10,0.3000,ny1655,30,1671,0.3782,-0.2178,-46.5050,0.3684,-0.1018,1.0000,-0.0129,0.2062,5.4096,1.7000,21.5500,19.8172,-0.1393,3.7241
eurusd+nzdusd+usdjpy,prev_close,10,0.3000,ny1655,40,1671,0.4279,-0.0269,-46.4387,0.3684,-0.1837,1.0000,-0.0015,0.2071,5.4096,3.3667,22.1333,22.8257,0.2111,3.7241
eurusd+nzdusd+usdjpy,prev_close,10,0.4000,lon17,0,849,0.5041,0.5978,-45.1990,0.3728,-0.1853,1.0000,0.0310,0.2438,2.7485,9.6000,22.3167,28.5291,0.5226,6.0000
eurusd+nzdusd+usdjpy,prev_close,10,0.4000,lon17,25,849,0.3557,0.6010,-45.2792,0.3728,-0.0698,1.0000,0.0507,0.2396,2.7485,0.8500,17.1367,17.6342,0.6293,6.0000
eurusd+nzdusd+usdjpy,prev_close,10,0.4000,lon17,30,849,0.3816,-0.2446,-45.2264,0.3728,-0.0723,1.0000,-0.0158,0.2414,2.7485,1.1333,17.7833,20.1696,-0.3350,6.0000
eurusd+nzdusd+usdjpy,prev_close,10,0.4000,lon17,40,849,0.4229,-0.6405,-45.1814,0.3728,-0.1480,1.0000,-0.0391,0.2432,2.7485,2.3667,17.9000,23.3329,-0.4810,6.0000
eurusd+nzdusd+usdjpy,prev_close,10,0.4000,ny11,0,849,0.5041,0.0955,-45.2025,0.3728,-0.2379,1.0000,0.0043,0.2438,2.7485,8.5667,22.3167,29.3129,0.1104,6.0000
eurusd+nzdusd+usdjpy,prev_close,10,0.4000,ny11,25,849,0.3640,0.4095,-45.2797,0.3728,-0.0817,1.0000,0.0327,0.2396,2.7485,0.8500,16.5300,17.5889,0.3680,6.0000
eurusd+nzdusd+usdjpy,prev_close,10,0.4000,ny11,30,849,0.3875,-0.3045,-45.2277,0.3728,-0.0935,1.0000,-0.0210,0.2414,2.7485,1.1333,16.9000,20.3126,-0.3510,6.0000
eurusd+nzdusd+usdjpy,prev_close,10,0.4000,ny11,40,849,0.4287,-0.7903,-45.1827,0.3728,-0.1757,1.0000,-0.0456,0.2432,2.7485,2.3667,17.4167,23.5487,-0.5674,6.0000
eurusd+nzdusd+usdjpy,prev_close,10,0.4000,ny1655,0,849,0.4935,1.1694,-45.2527,0.3728,-0.0977,1.0000,0.0633,0.2446,2.7485,14.4833,23.9000,31.7709,1.0956,6.0000
eurusd+nzdusd+usdjpy,prev_close,10,0.4000,ny1655,25,849,0.3404,1.1553,-45.3153,0.3728,-0.0073,1.0000,0.0769,0.2398,2.7485,0.8500,21.4167,15.5577,1.2252,6.0000
eurusd+nzdusd+usdjpy,prev_close,10,0.4000,ny1655,30,849,0.3663,0.0612,-45.2446,0.3728,-0.0311,1.0000,0.0032,0.2415,2.7485,1.1333,22.3033,18.6952,0.0191,6.0000
eurusd+nzdusd+usdjpy,prev_close,10,0.4000,ny1655,40,849,0.4111,-0.5276,-45.2240,0.3728,-0.1463,1.0000,-0.0283,0.2429,2.7485,2.3667,22.5500,23.6714,-0.4073,6.0000
gbpusd+audusd+nzdusd,day_open,6,0.1000,lon17,0,5607,0.4810,-2.4055,-46.5033,0.1579,-0.3392,1.0000,-0.1056,0.2049,18.1518,14.3333,17.9833,18.2371,-1.9792,1.0872
gbpusd+audusd+nzdusd,day_open,6,0.1000,lon17,25,5607,0.3710,-1.7202,-46.5464,0.1579,-0.1862,1.0000,-0.0978,0.2039,18.1518,2.7933,17.5333,11.0689,-1.2571,1.0872
gbpusd+audusd+nzdusd,day_open,6,0.1000,lon17,30,5607,0.4018,-1.8514,-46.5557,0.1579,-0.1896,1.0000,-0.0961,0.2036,18.1518,4.3267,17.7167,13.5736,-1.3711,1.0872
gbpusd+audusd+nzdusd,day_open,6,0.1000,lon17,40,5607,0.4391,-2.2298,-46.5571,0.1579,-0.2196,1.0000,-0.1006,0.2035,18.1518,7.0167,17.8500,15.5541,-1.8506,1.0872
gbpusd+audusd+nzdusd,day_open,6,0.1000,ny11,0,5607,0.4865,-1.8563,-46.5118,0.1579,-0.3131,1.0000,-0.0952,0.2047,18.1518,13.3167,16.9667,18.0326,-1.5215,1.0872
gbpusd+audusd+nzdusd,day_open,6,0.1000,ny11,25,5607,0.3790,-1.4259,-46.5558,0.1579,-0.1616,1.0000,-0.0934,0.2036,18.1518,2.7933,16.4333,11.3459,-1.0258,1.0872
gbpusd+audusd+nzdusd,day_open,6,0.1000,ny11,30,5607,0.4106,-1.4540,-46.5656,0.1579,-0.1579,1.0000,-0.0894,0.2033,18.1518,4.3267,16.6000,13.5500,-1.0219,1.0872
gbpusd+audusd+nzdusd,day_open,6,0.1000,ny11,40,5607,0.4439,-1.7236,-46.5669,0.1579,-0.1716,1.0000,-0.0943,0.2032,18.1518,7.0167,16.8167,15.5307,-1.4002,1.0872
gbpusd+audusd+nzdusd,day_open,6,0.1000,ny1655,0,5607,0.4828,-2.3575,-46.4144,0.1579,-0.3955,1.0000,-0.0978,0.2077,18.1518,19.2433,22.8833,19.2443,-2.0199,1.0872
gbpusd+audusd+nzdusd,day_open,6,0.1000,ny1655,25,5607,0.3556,-1.6452,-46.5056,0.1579,-0.2333,1.0000,-0.0887,0.2050,18.1518,2.7933,22.2067,10.4704,-1.1957,1.0872
gbpusd+audusd+nzdusd,day_open,6,0.1000,ny1655,30,5607,0.3877,-1.8915,-46.5089,0.1579,-0.2332,1.0000,-0.0890,0.2049,18.1518,4.3267,22.4167,13.1546,-1.3744,1.0872
gbpusd+audusd+nzdusd,day_open,6,0.1000,ny1655,40,5607,0.4307,-2.1528,-46.4927,0.1579,-0.2704,1.0000,-0.0904,0.2052,18.1518,7.0167,22.6500,15.6502,-1.7237,1.0872
gbpusd+audusd+nzdusd,day_open,6,0.1500,lon17,0,4200,0.4740,-2.3818,-45.9476,0.2228,-0.4452,1.0000,-0.1125,0.2168,13.5968,13.9167,17.9333,18.4027,-2.0292,1.2654
gbpusd+audusd+nzdusd,day_open,6,0.1500,lon17,25,4200,0.3583,-1.9423,-46.0309,0.2228,-0.3653,1.0000,-0.1106,0.2144,13.5968,2.4650,16.9833,10.8542,-1.4877,1.2654
gbpusd+audusd+nzdusd,day_open,6,0.1500,lon17,30,4200,0.3893,-2.2825,-46.0464,0.2228,-0.3973,1.0000,-0.1122,0.2142,13.5968,3.8650,17.1167,13.2092,-1.7972,1.2654
gbpusd+audusd+nzdusd,day_open,6,0.1500,lon17,40,4200,0.4293,-2.2340,-46.0165,0.2228,-0.3775,1.0000,-0.1126,0.2149,13.5968,6.3833,17.4667,15.9950,-1.9801,1.2654
gbpusd+audusd+nzdusd,day_open,6,0.1500,ny11,0,4200,0.4798,-2.4257,-45.9592,0.2228,-0.4603,1.0000,-0.1098,0.2164,13.5968,12.8817,16.8333,17.9298,-2.0728,1.2654
gbpusd+audusd+nzdusd,day_open,6,0.1500,ny11,25,4200,0.3681,-1.8436,-46.0426,0.2228,-0.3362,1.0000,-0.1096,0.2140,13.5968,2.4650,15.8667,10.6199,-1.3967,1.2654
gbpusd+audusd+nzdusd,day_open,6,0.1500,ny11,30,4200,0.3974,-2.0738,-46.0581,0.2228,-0.3767,1.0000,-0.1109,0.2138,13.5968,3.8650,16.0667,13.0701,-1.5858,1.2654
gbpusd+audusd+nzdusd,day_open,6,0.1500,ny11,40,4200,0.4367,-1.9619,-46.0281,0.2228,-0.3524,1.0000,-0.1114,0.2145,13.5968,6.3833,16.3500,15.4054,-1.6945,1.2654
gbpusd+audusd+nzdusd,day_open,6,0.1500,ny1655,0,4200,0.4812,-2.1411,-45.8779,0.2228,-0.4441,1.0000,-0.1042,0.2199,13.5968,18.8000,22.7167,19.4659,-1.9194,1.2654
gbpusd+audusd+nzdusd,day_open,6,0.1500,ny1655,25,4200,0.3402,-2.0220,-46.0118,0.2228,-0.3762,1.0000,-0.1050,0.2154,13.5968,2.4650,21.5333,9.5921,-1.5696,1.2654
gbpusd+audusd+nzdusd,day_open,6,0.1500,ny1655,30,4200,0.3740,-2.4794,-46.0210,0.2228,-0.4047,1.0000,-0.1071,0.2154,13.5968,3.8650,21.8333,12.8785,-1.9653,1.2654
gbpusd+audusd+nzdusd,day_open,6,0.1500,ny1655,40,4200,0.4226,-2.3174,-45.9773,0.2228,-0.4052,1.0000,-0.1068,0.2165,13.5968,6.3833,22.1167,15.6410,-2.0440,1.2654
gbpusd+audusd+nzdusd,day_open,6,0.2000,lon17,0,2904,0.4694,-3.1395,-45.7863,0.2424,-0.4778,1.0000,-0.1031,0.2247,9.4012,13.7000,17.7833,19.4457,-2.7373,1.6373
gbpusd+audusd+nzdusd,day_open,6,0.2000,lon17,25,2904,0.3464,-2.5051,-45.9068,0.2424,-0.3996,1.0000,-0.0923,0.2212,9.4012,2.0667,16.4833,10.4049,-2.0198,1.6373
gbpusd+audusd+nzdusd,day_open,6,0.2000,lon17,30,2904,0.3812,-2.8025,-45.9117,0.2424,-0.4255,1.0000,-0.0975,0.2211,9.4012,3.4550,16.7333,12.9480,-2.3026,1.6373
gbpusd+audusd+nzdusd,day_open,6,0.2000,lon17,40,2904,0.4194,-3.0645,-45.8590,0.2424,-0.3509,1.0000,-0.0991,0.2224,9.4012,5.7050,17.1833,15.8635,-2.7978,1.6373
gbpusd+audusd+nzdusd,day_open,6,0.2000,ny11,0,2904,0.4683,-3.6736,-45.7895,0.2424,-0.4855,1.0000,-0.1053,0.2247,9.4012,12.6333,16.7000,19.1815,-3.1970,1.6373
gbpusd+audusd+nzdusd,day_open,6,0.2000,ny11,25,2904,0.3533,-2.5765,-45.9082,0.2424,-0.3769,1.0000,-0.0949,0.2212,9.4012,2.0667,15.4500,10.5946,-2.0586,1.6373
gbpusd+audusd+nzdusd,day_open,6,0.2000,ny11,30,2904,0.3874,-2.7222,-45.9131,0.2424,-0.4001,1.0000,-0.0970,0.2211,9.4012,3.4550,15.7017,12.6695,-2.1894,1.6373
gbpusd+audusd+nzdusd,day_open,6,0.2000,ny11,40,2904,0.4232,-2.8364,-45.8605,0.2424,-0.3319,1.0000,-0.0998,0.2224,9.4012,5.7050,16.0500,15.8571,-2.5500,1.6373
gbpusd+audusd+nzdusd,day_open,6,0.2000,ny1655,0,2904,0.4752,-2.7645,-45.7428,0.2424,-0.4848,1.0000,-0.1017,0.2274,9.4012,18.5550,22.5400,20.0210,-2.4935,1.6373
gbpusd+audusd+nzdusd,day_open,6,0.2000,ny1655,25,2904,0.3261,-2.7426,-45.8989,0.2424,-0.3888,1.0000,-0.0946,0.2220,9.4012,2.0667,21.1617,9.0186,-2.2586,1.6373
gbpusd+audusd+nzdusd,day_open,6,0.2000,ny1655,30,2904,0.3640,-3.1397,-45.8905,0.2424,-0.4349,1.0000,-0.0994,0.2222,9.4012,3.4550,21.4233,12.3573,-2.5849,1.6373
gbpusd+audusd+nzdusd,day_open,6,0.2000,ny1655,40,2904,0.4094,-3.2691,-45.8456,0.2424,-0.3798,1.0000,-0.1007,0.2235,9.4012,5.7050,21.8500,15.9826,-3.0014,1.6373
gbpusd+audusd+nzdusd,day_open,6,0.3000,lon17,0,1317,0.4617,-0.9560,-45.6512,0.3178,-0.0682,1.0000,-0.0336,0.2289,4.2636,13.6100,17.4167,18.2528,-1.4658,2.2857
gbpusd+audusd+nzdusd,day_open,6,0.3000,lon17,25,1317,0.3371,-1.0722,-45.7321,0.3178,0.0226,1.0000,-0.0541,0.2262,4.2636,1.4667,15.9000,8.9540,-1.3916,2.2857
gbpusd+audusd+nzdusd,day_open,6,0.3000,lon17,30,1317,0.3667,-1.9402,-45.7567,0.3178,-0.0480,1.0000,-0.0883,0.2259,4.2636,2.5167,16.0800,11.9801,-2.0826,2.2857
gbpusd+audusd+nzdusd,day_open,6,0.3000,lon17,40,1317,0.4032,-2.0969,-45.6938,0.3178,-0.0286,1.0000,-0.0827,0.2278,4.2636,4.7933,16.4900,15.4131,-2.3612,2.2857
gbpusd+audusd+nzdusd,day_open,6,0.3000,ny11,0,1317,0.4715,-1.0270,-45.6564,0.3178,-0.1612,1.0000,-0.0371,0.2289,4.2636,12.5433,16.2533,19.1162,-1.6642,2.2857
gbpusd+audusd+nzdusd,day_open,6,0.3000,ny11,25,1317,0.3531,-0.5797,-45.7321,0.3178,0.0454,1.0000,-0.0308,0.2262,4.2636,1.4667,14.9000,10.1278,-1.0336,2.2857
gbpusd+audusd+nzdusd,day_open,6,0.3000,ny11,30,1317,0.3857,-1.2144,-45.7567,0.3178,-0.0246,1.0000,-0.0606,0.2259,4.2636,2.5167,15.1000,12.2307,-1.4882,2.2857
gbpusd+audusd+nzdusd,day_open,6,0.3000,ny11,40,1317,0.4199,-1.4328,-45.6955,0.3178,-0.0211,1.0000,-0.0600,0.2278,4.2636,4.7933,15.4167,14.6687,-1.8100,2.2857
gbpusd+audusd+nzdusd,day_open,6,0.3000,ny1655,0,1317,0.4753,-1.5870,-45.5772,0.3178,-0.1015,1.0000,-0.0363,0.2322,4.2636,18.4600,22.2433,19.3975,-2.1465,2.2857
gbpusd+audusd+nzdusd,day_open,6,0.3000,ny1655,25,1317,0.3189,-1.8841,-45.7252,0.3178,-0.0405,1.0000,-0.0800,0.2265,4.2636,1.4667,20.7500,8.3716,-2.1113,2.2857
gbpusd+audusd+nzdusd,day_open,6,0.3000,ny1655,30,1317,0.3508,-2.7666,-45.7477,0.3178,-0.1281,1.0000,-0.0998,0.2261,4.2636,2.5167,20.9167,12.3560,-2.8519,2.2857
gbpusd+audusd+nzdusd,day_open,6,0.3000,ny1655,40,1317,0.3994,-2.6096,-45.6836,0.3178,-0.1360,1.0000,-0.0963,0.2282,4.2636,4.7933,21.3000,14.2697,-2.8749,2.2857
gbpusd+audusd+nzdusd,day_open,6,0.4000,lon17,0,657,0.4642,-0.3329,-46.1630,0.2921,0.0778,1.0000,-0.0073,0.2123,2.1269,13.4167,17.3333,18.6859,-1.1639,5.1818
gbpusd+audusd+nzdusd,day_open,6,0.4000,lon17,25,657,0.3257,-2.5868,-46.3411,0.2921,0.1976,1.0000,-0.0687,0.2077,2.1269,1.3333,15.6667,8.4654,-2.5304,5.1818
gbpusd+audusd+nzdusd,day_open,6,0.4000,lon17,30,657,0.3653,-1.9336,-46.2888,0.2921,0.1724,1.0000,-0.0498,0.2093,2.1269,2.2667,15.9000,11.7738,-2.0778,5.1818
gbpusd+audusd+nzdusd,day_open,6,0.4000,lon17,40,657,0.4018,-1.7613,-46.1754,0.2921,0.1055,1.0000,-0.0417,0.2123,2.1269,4.2100,16.2667,16.1571,-2.0184,5.1818
gbpusd+audusd+nzdusd,day_open,6,0.4000,ny11,0,657,0.4642,0.6462,-46.1627,0.2921,0.0461,1.0000,0.0173,0.2123,2.1269,12.4167,16.1100,19.5116,-0.4953,5.1818
gbpusd+audusd+nzdusd,day_open,6,0.4000,ny11,25,657,0.3303,-1.4678,-46.3397,0.2921,0.2255,1.0000,-0.0456,0.2077,2.1269,1.3333,14.6667,8.7727,-1.7314,5.1818
gbpusd+audusd+nzdusd,day_open,6,0.4000,ny11,30,657,0.3699,-0.7086,-46.2878,0.2921,0.1713,1.0000,-0.0216,0.2093,2.1269,2.2667,14.8500,11.9202,-1.0679,5.1818
gbpusd+audusd+nzdusd,day_open,6,0.4000,ny11,40,657,0.4064,-0.4909,-46.1749,0.2921,0.0986,1.0000,-0.0133,0.2123,2.1269,4.2100,15.1167,15.5017,-0.9813,5.1818
gbpusd+audusd+nzdusd,day_open,6,0.4000,ny1655,0,657,0.4688,-0.6733,-46.0181,0.2921,0.0161,1.0000,-0.0104,0.2184,2.1269,18.3333,22.1467,21.9660,-1.3212,5.1818
gbpusd+audusd+nzdusd,day_open,6,0.4000,ny1655,25,657,0.2998,-2.9745,-46.3402,0.2921,0.1095,1.0000,-0.0751,0.2079,2.1269,1.3333,20.5500,4.7343,-2.8731,5.1818
gbpusd+audusd+nzdusd,day_open,6,0.4000,ny1655,30,657,0.3379,-2.2760,-46.2882,0.2921,0.0706,1.0000,-0.0538,0.2096,2.1269,2.2667,20.8167,11.0961,-2.4198,5.1818
gbpusd+audusd+nzdusd,day_open,6,0.4000,ny1655,40,657,0.3942,-1.8466,-46.1757,0.2921,-0.0356,1.0000,-0.0389,0.2126,2.1269,4.2100,21.0667,14.7798,-2.1893,5.1818
gbpusd+audusd+nzdusd,day_open,8,0.1000,lon17,0,5931,0.4802,-2.1733,-46.7341,0.1511,-0.3108,1.0000,-0.1028,0.2001,19.2007,13.9167,17.9833,17.9751,-1.7613,1.0655
gbpusd+audusd+nzdusd,day_open,8,0.1000,lon17,25,5931,0.3718,-1.6627,-46.7758,0.1511,-0.1548,1.0000,-0.0965,0.1990,19.2007,2.8500,17.4833,10.9701,-1.1907,1.0655
gbpusd+audusd+nzdusd,day_open,8,0.1000,lon17,30,5931,0.4025,-1.7766,-46.7906,0.1511,-0.1528,1.0000,-0.0947,0.1987,19.2007,4.3333,17.7000,13.4760,-1.2920,1.0655
gbpusd+audusd+nzdusd,day_open,8,0.1000,lon17,40,5931,0.4394,-2.0890,-46.7887,0.1511,-0.1789,1.0000,-0.0991,0.1987,19.2007,7.0500,17.8333,15.4730,-1.7224,1.0655
gbpusd+audusd+nzdusd,day_open,8,0.1000,ny11,0,5931,0.4873,-1.5728,-46.7426,0.1511,-0.2824,1.0000,-0.0913,0.1998,19.2007,12.9167,16.9667,17.8724,-1.2637,1.0655
gbpusd+audusd+nzdusd,day_open,8,0.1000,ny11,25,5931,0.3802,-1.3770,-46.7852,0.1511,-0.1249,1.0000,-0.0930,0.1988,19.2007,2.8500,16.4000,11.3583,-0.9746,1.0655
gbpusd+audusd+nzdusd,day_open,8,0.1000,ny11,30,5931,0.4116,-1.3630,-46.8004,0.1511,-0.1139,1.0000,-0.0875,0.1984,19.2007,4.3333,16.5833,13.5397,-0.9386,1.0655
gbpusd+audusd+nzdusd,day_open,8,0.1000,ny11,40,5931,0.4455,-1.5275,-46.7985,0.1511,-0.1269,1.0000,-0.0915,0.1984,19.2007,7.0500,16.8000,15.4448,-1.2334,1.0655
gbpusd+audusd+nzdusd,day_open,8,0.1000,ny1655,0,5931,0.4807,-2.2974,-46.6445,0.1511,-0.3759,1.0000,-0.0970,0.2026,19.2007,18.8333,22.8667,18.9518,-1.9482,1.0655
gbpusd+audusd+nzdusd,day_open,8,0.1000,ny1655,25,5931,0.3556,-1.6354,-46.7353,0.1511,-0.2140,1.0000,-0.0890,0.2001,19.2007,2.8500,22.1500,10.4510,-1.1630,1.0655
gbpusd+audusd+nzdusd,day_open,8,0.1000,ny1655,30,5931,0.3876,-1.8632,-46.7430,0.1511,-0.2098,1.0000,-0.0886,0.1999,19.2007,4.3333,22.3667,13.0481,-1.3257,1.0655
gbpusd+audusd+nzdusd,day_open,8,0.1000,ny1655,40,5931,0.4305,-2.0920,-46.7239,0.1511,-0.2515,1.0000,-0.0901,0.2003,19.2007,7.0500,22.6167,15.4622,-1.6573,1.0655
gbpusd+audusd+nzdusd,day_open,8,0.1500,lon17,0,4731,0.4739,-1.8893,-46.3113,0.1350,-0.4000,1.0000,-0.1064,0.2112,15.3159,13.0000,17.9167,18.2023,-1.5691,1.2155
gbpusd+audusd+nzdusd,day_open,8,0.1500,lon17,25,4731,0.3621,-1.6837,-46.3827,0.1350,-0.2925,1.0000,-0.1058,0.2091,15.3159,2.6000,16.8833,11.0961,-1.2224,1.2155
gbpusd+audusd+nzdusd,day_open,8,0.1500,lon17,30,4731,0.3932,-1.9125,-46.4015,0.1350,-0.3213,1.0000,-0.1076,0.2088,15.3159,3.9667,17.0833,13.4760,-1.4470,1.2155
gbpusd+audusd+nzdusd,day_open,8,0.1500,lon17,40,4731,0.4314,-1.8415,-46.3702,0.1350,-0.3154,1.0000,-0.1080,0.2096,15.3159,6.4333,17.4000,16.1593,-1.6123,1.2155
gbpusd+audusd+nzdusd,day_open,8,0.1500,ny11,0,4731,0.4802,-1.8732,-46.3236,0.1350,-0.4169,1.0000,-0.1085,0.2108,15.3159,11.9667,16.8167,17.6242,-1.5697,1.2155
gbpusd+audusd+nzdusd,day_open,8,0.1500,ny11,25,4731,0.3712,-1.5291,-46.3946,0.1350,-0.2645,1.0000,-0.1084,0.2088,15.3159,2.6000,15.7500,11.0937,-1.0995,1.2155
gbpusd+audusd+nzdusd,day_open,8,0.1500,ny11,30,4731,0.4010,-1.6609,-46.4140,0.1350,-0.2988,1.0000,-0.1065,0.2085,15.3159,3.9667,15.9833,13.4011,-1.2151,1.2155
gbpusd+audusd+nzdusd,day_open,8,0.1500,ny11,40,4731,0.4392,-1.5213,-46.3826,0.1350,-0.2918,1.0000,-0.1078,0.2093,15.3159,6.4333,16.2333,15.7102,-1.2988,1.2155
gbpusd+audusd+nzdusd,day_open,8,0.1500,ny1655,0,4731,0.4802,-1.7018,-46.2511,0.1350,-0.4058,1.0000,-0.0981,0.2139,15.3159,17.8833,22.6500,19.2382,-1.4984,1.2155
gbpusd+audusd+nzdusd,day_open,8,0.1500,ny1655,25,4731,0.3441,-1.7219,-46.3620,0.1350,-0.3031,1.0000,-0.0989,0.2102,15.3159,2.6000,21.3667,10.3732,-1.2564,1.2155
gbpusd+audusd+nzdusd,day_open,8,0.1500,ny1655,30,4731,0.3773,-2.0937,-46.3805,0.1350,-0.3240,1.0000,-0.1016,0.2099,15.3159,3.9667,21.6667,13.3630,-1.5837,1.2155
gbpusd+audusd+nzdusd,day_open,8,0.1500,ny1655,40,4731,0.4244,-1.9176,-46.3365,0.1350,-0.3418,1.0000,-0.1000,0.2110,15.3159,6.4333,22.0167,15.9230,-1.6639,1.2155
gbpusd+audusd+nzdusd,day_open,8,0.2000,lon17,0,3516,0.4704,-2.9741,-46.5139,0.2314,-0.4445,1.0000,-0.0949,0.2099,11.3825,12.5000,17.7333,18.8064,-2.5027,1.5785
gbpusd+audusd+nzdusd,day_open,8,0.2000,lon17,25,3516,0.3524,-2.4769,-46.6089,0.2314,-0.3257,1.0000,-0.0917,0.2073,11.3825,2.2250,16.4167,11.0998,-1.8832,1.5785
gbpusd+audusd+nzdusd,day_open,8,0.2000,lon17,30,3516,0.3874,-2.6827,-46.6226,0.2314,-0.3554,1.0000,-0.0929,0.2071,11.3825,3.5167,16.6083,13.2808,-2.1053,1.5785
gbpusd+audusd+nzdusd,day_open,8,0.2000,lon17,40,3516,0.4241,-2.8135,-46.5831,0.2314,-0.3028,1.0000,-0.0931,0.2080,11.3825,5.7833,17.0833,15.7107,-2.4695,1.5785
gbpusd+audusd+nzdusd,day_open,8,0.2000,ny11,0,3516,0.4738,-3.4027,-46.5176,0.2314,-0.4451,1.0000,-0.0986,0.2099,11.3825,11.4667,16.6000,18.7340,-2.8778,1.5785
gbpusd+audusd+nzdusd,day_open,8,0.2000,ny11,25,3516,0.3609,-2.4850,-46.6118,0.2314,-0.2833,1.0000,-0.0950,0.2073,11.3825,2.2250,15.3250,11.1387,-1.8875,1.5785
gbpusd+audusd+nzdusd,day_open,8,0.2000,ny11,30,3516,0.3956,-2.5711,-46.6255,0.2314,-0.3133,1.0000,-0.0936,0.2071,11.3825,3.5167,15.5833,13.1433,-1.9891,1.5785
gbpusd+audusd+nzdusd,day_open,8,0.2000,ny11,40,3516,0.4312,-2.6095,-46.5860,0.2314,-0.2656,1.0000,-0.0948,0.2080,11.3825,5.7833,15.9833,15.7247,-2.2595,1.5785
gbpusd+audusd+nzdusd,day_open,8,0.2000,ny1655,0,3516,0.4770,-2.7867,-46.4856,0.2314,-0.4576,1.0000,-0.0938,0.2123,11.3825,17.4333,22.4000,19.7170,-2.4367,1.5785
gbpusd+audusd+nzdusd,day_open,8,0.2000,ny1655,25,3516,0.3342,-2.7021,-46.6172,0.2314,-0.3400,1.0000,-0.0933,0.2078,11.3825,2.2250,20.8333,10.3224,-2.1186,1.5785
gbpusd+audusd+nzdusd,day_open,8,0.2000,ny1655,30,3516,0.3714,-3.0154,-46.6188,0.2314,-0.3768,1.0000,-0.0942,0.2079,11.3825,3.5167,21.1833,13.3224,-2.3907,1.5785
gbpusd+audusd+nzdusd,day_open,8,0.2000,ny1655,40,3516,0.4167,-2.9976,-46.5818,0.2314,-0.3407,1.0000,-0.0941,0.2090,11.3825,5.7833,21.6667,16.0657,-2.6370,1.5785
gbpusd+audusd+nzdusd,day_open,8,0.3000,lon17,0,1758,0.4687,-1.5466,-46.4244,0.2863,-0.0285,1.0000,-0.0584,0.2107,5.6912,12.1000,17.4333,17.9220,-1.6811,2.0862
gbpusd+audusd+nzdusd,day_open,8,0.3000,lon17,25,1758,0.3458,-1.5521,-46.5579,0.2863,0.0944,1.0000,-0.0936,0.2070,5.6912,1.9000,15.8433,9.5832,-1.5660,2.0862
gbpusd+audusd+nzdusd,day_open,8,0.3000,lon17,30,1758,0.3760,-2.2190,-46.5585,0.2863,-0.0103,1.0000,-0.1049,0.2073,5.6912,2.7567,16.0000,12.5593,-2.1627,2.0862
gbpusd+audusd+nzdusd,day_open,8,0.3000,lon17,40,1758,0.4124,-2.3683,-46.4886,0.2863,-0.0185,1.0000,-0.1031,0.2093,5.6912,4.9283,16.4600,15.7617,-2.4106,2.0862
gbpusd+audusd+nzdusd,day_open,8,0.3000,ny11,0,1758,0.4795,-1.2424,-46.4303,0.2863,-0.0915,1.0000,-0.0548,0.2107,5.6912,11.0333,16.2833,18.2341,-1.5027,2.0862
gbpusd+audusd+nzdusd,day_open,8,0.3000,ny11,25,1758,0.3601,-1.0024,-46.5621,0.2863,0.1353,1.0000,-0.0698,0.2070,5.6912,1.9000,14.8167,10.7086,-1.1552,2.0862
gbpusd+audusd+nzdusd,day_open,8,0.3000,ny11,30,1758,0.3936,-1.4287,-46.5627,0.2863,0.0316,1.0000,-0.0919,0.2073,5.6912,2.7567,15.0000,12.7746,-1.5283,2.0862
gbpusd+audusd+nzdusd,day_open,8,0.3000,ny11,40,1758,0.4295,-1.5666,-46.4933,0.2863,-0.0011,1.0000,-0.0844,0.2093,5.6912,4.9283,15.3833,15.2230,-1.7226,2.0862
gbpusd+audusd+nzdusd,day_open,8,0.3000,ny1655,0,1758,0.4710,-2.9691,-46.3245,0.2863,-0.1170,1.0000,-0.0782,0.2140,5.6912,16.9667,22.0500,19.0236,-2.8887,2.0862
gbpusd+audusd+nzdusd,day_open,8,0.3000,ny1655,25,1758,0.3237,-2.5838,-46.5440,0.2863,0.0323,1.0000,-0.0967,0.2075,5.6912,1.9000,20.4000,8.9109,-2.3910,2.0862
gbpusd+audusd+nzdusd,day_open,8,0.3000,ny1655,30,1758,0.3544,-3.3370,-46.5335,0.2863,-0.1083,1.0000,-0.1057,0.2081,5.6912,2.7567,20.6500,12.2425,-3.0664,2.0862
gbpusd+audusd+nzdusd,day_open,8,0.3000,ny1655,40,1758,0.4010,-3.3055,-46.4622,0.2863,-0.1505,1.0000,-0.1044,0.2102,5.6912,4.9283,21.0167,15.0608,-3.1357,2.0862
gbpusd+audusd+nzdusd,day_open,8,0.4000,lon17,0,903,0.4629,-0.1322,-46.8734,0.2697,0.0975,1.0000,-0.0039,0.2043,2.9233,11.9167,17.2667,18.6859,-0.8791,4.3333
gbpusd+audusd+nzdusd,day_open,8,0.4000,lon17,25,903,0.3411,-1.0217,-47.0743,0.2697,0.2881,1.0000,-0.0425,0.1993,2.9233,1.5867,15.5800,9.3767,-1.1868,4.3333
gbpusd+audusd+nzdusd,day_open,8,0.4000,lon17,30,903,0.3743,-0.8476,-47.0156,0.2697,0.2199,1.0000,-0.0317,0.2010,2.9233,2.6200,15.8167,12.8068,-1.0843,4.3333
gbpusd+audusd+nzdusd,day_open,8,0.4000,lon17,40,903,0.4109,-0.7399,-46.9015,0.2697,0.1704,1.0000,-0.0253,0.2038,2.9233,4.2500,16.1833,15.7906,-0.9810,4.3333
gbpusd+audusd+nzdusd,day_open,8,0.4000,ny11,0,903,0.4673,0.6430,-46.8742,0.2697,0.0191,1.0000,0.0257,0.2043,2.9233,10.8167,16.0167,19.4191,-0.3176,4.3333
gbpusd+audusd+nzdusd,day_open,8,0.4000,ny11,25,903,0.3499,-0.1182,-47.0739,0.2697,0.3032,1.0000,-0.0062,0.1993,2.9233,1.5867,14.5800,9.4002,-0.5124,4.3333
gbpusd+audusd+nzdusd,day_open,8,0.4000,ny11,30,903,0.3832,0.1289,-47.0155,0.2697,0.2051,1.0000,0.0060,0.2010,2.9233,2.6200,14.7333,12.7017,-0.2697,4.3333
gbpusd+audusd+nzdusd,day_open,8,0.4000,ny11,40,903,0.4186,0.1814,-46.9020,0.2697,0.1300,1.0000,0.0075,0.2038,2.9233,4.2500,15.0900,15.3949,-0.2144,4.3333
gbpusd+audusd+nzdusd,day_open,8,0.4000,ny1655,0,903,0.4707,-1.2074,-46.7674,0.2697,0.0032,1.0000,-0.0260,0.2087,2.9233,16.7333,21.8833,20.2508,-1.6971,4.3333
gbpusd+audusd+nzdusd,day_open,8,0.4000,ny1655,25,903,0.3223,-1.8695,-47.0745,0.2697,0.1872,1.0000,-0.0750,0.1994,2.9233,1.5867,20.3500,8.8297,-1.8004,4.3333
gbpusd+audusd+nzdusd,day_open,8,0.4000,ny1655,30,903,0.3544,-1.5515,-47.0165,0.2697,0.1036,1.0000,-0.0552,0.2012,2.9233,2.6200,20.4833,12.0931,-1.5894,4.3333
gbpusd+audusd+nzdusd,day_open,8,0.4000,ny1655,40,903,0.4042,-1.3120,-46.9014,0.2697,-0.0078,1.0000,-0.0434,0.2040,2.9233,4.2500,20.8167,14.7798,-1.5027,4.3333
gbpusd+audusd+nzdusd,day_open,10,0.1000,lon17,0,6153,0.4796,-2.2133,-46.7368,0.1526,-0.3400,1.0000,-0.1027,0.1997,19.9194,13.4333,17.9833,17.7761,-1.7956,1.0041
gbpusd+audusd+nzdusd,day_open,10,0.1000,lon17,25,6153,0.3720,-1.7514,-46.7864,0.1526,-0.1682,1.0000,-0.0973,0.1984,19.9194,2.8200,17.4667,10.8969,-1.2661,1.0041
gbpusd+audusd+nzdusd,day_open,10,0.1000,lon17,30,6153,0.4024,-1.8863,-46.7979,0.1526,-0.1596,1.0000,-0.0954,0.1982,19.9194,4.3000,17.6667,13.3702,-1.3794,1.0041
gbpusd+audusd+nzdusd,day_open,10,0.1000,lon17,40,6153,0.4395,-2.1416,-46.7962,0.1526,-0.1925,1.0000,-0.0992,0.1982,19.9194,7.0167,17.8333,15.4626,-1.7686,1.0041
gbpusd+audusd+nzdusd,day_open,10,0.1000,ny11,0,6153,0.4866,-1.6787,-46.7447,0.1526,-0.2994,1.0000,-0.0923,0.1994,19.9194,12.4167,16.9667,17.5070,-1.3594,1.0041
gbpusd+audusd+nzdusd,day_open,10,0.1000,ny11,25,6153,0.3805,-1.4875,-46.7953,0.1526,-0.1277,1.0000,-0.0943,0.1982,19.9194,2.8200,16.3667,11.3450,-1.0739,1.0041
gbpusd+audusd+nzdusd,day_open,10,0.1000,ny11,30,6153,0.4115,-1.5028,-46.8072,0.1526,-0.1095,1.0000,-0.0894,0.1980,19.9194,4.3000,16.5667,13.4280,-1.0595,1.0041
gbpusd+audusd+nzdusd,day_open,10,0.1000,ny11,40,6153,0.4455,-1.6238,-46.8055,0.1526,-0.1308,1.0000,-0.0925,0.1980,19.9194,7.0167,16.7833,15.3873,-1.3190,1.0041
gbpusd+audusd+nzdusd,day_open,10,0.1000,ny1655,0,6153,0.4799,-2.4312,-46.6288,0.1526,-0.3798,1.0000,-0.1001,0.2027,19.9194,18.3333,22.8667,18.6944,-2.0619,1.0041
gbpusd+audusd+nzdusd,day_open,10,0.1000,ny1655,25,6153,0.3571,-1.7663,-46.7263,0.1526,-0.2066,1.0000,-0.0921,0.2000,19.9194,2.8200,22.1167,10.3026,-1.2644,1.0041
gbpusd+audusd+nzdusd,day_open,10,0.1000,ny1655,30,6153,0.3886,-2.0123,-46.7310,0.1526,-0.1978,1.0000,-0.0916,0.1999,19.9194,4.3000,22.3467,13.0001,-1.4391,1.0041
gbpusd+audusd+nzdusd,day_open,10,0.1000,ny1655,40,6153,0.4310,-2.2192,-46.7124,0.1526,-0.2439,1.0000,-0.0929,0.2003,19.9194,7.0167,22.5833,15.3429,-1.7565,1.0041
gbpusd+audusd+nzdusd,day_open,10,0.1500,lon17,0,5364,0.4758,-1.5798,-46.7175,0.1510,-0.3413,1.0000,-0.0964,0.2019,17.3651,10.8883,17.8283,17.8750,-1.2424,1.0939
gbpusd+audusd+nzdusd,day_open,10,0.1500,lon17,25,5364,0.3686,-1.6648,-46.7870,0.1510,-0.1911,1.0000,-0.0998,0.2000,17.3651,2.5333,16.7117,11.3061,-1.1167,1.0939
gbpusd+audusd+nzdusd,day_open,10,0.1500,lon17,30,5364,0.3995,-1.7953,-46.8049,0.1510,-0.2106,1.0000,-0.0975,0.1998,17.3651,3.8500,16.9833,13.6848,-1.2780,1.0939
gbpusd+audusd+nzdusd,day_open,10,0.1500,lon17,40,5364,0.4364,-1.6439,-46.7774,0.1510,-0.2172,1.0000,-0.0994,0.2004,17.3651,6.4333,17.2333,16.0311,-1.3751,1.0939
gbpusd+audusd+nzdusd,day_open,10,0.1500,ny11,0,5364,0.4821,-1.5510,-46.7279,0.1510,-0.3568,1.0000,-0.0969,0.2016,17.3651,9.8050,16.7450,17.3962,-1.2161,1.0939
gbpusd+audusd+nzdusd,day_open,10,0.1500,ny11,25,5364,0.3775,-1.5462,-46.7978,0.1510,-0.1670,1.0000,-0.1049,0.1998,17.3651,2.5333,15.5667,11.6047,-1.0168,1.0939
gbpusd+audusd+nzdusd,day_open,10,0.1500,ny11,30,5364,0.4073,-1.5771,-46.8162,0.1510,-0.1926,1.0000,-0.0983,0.1995,17.3651,3.8500,15.8783,13.6586,-1.0742,1.0939
gbpusd+audusd+nzdusd,day_open,10,0.1500,ny11,40,5364,0.4443,-1.3370,-46.7886,0.1510,-0.1963,1.0000,-0.1008,0.2001,17.3651,6.4333,16.1667,15.7039,-1.0686,1.0939
gbpusd+audusd+nzdusd,day_open,10,0.1500,ny1655,0,5364,0.4801,-1.4868,-46.6254,0.1510,-0.3689,1.0000,-0.0911,0.2050,17.3651,15.7833,22.5950,18.9241,-1.2464,1.0939
gbpusd+audusd+nzdusd,day_open,10,0.1500,ny1655,25,5364,0.3514,-1.6716,-46.7388,0.1510,-0.2236,1.0000,-0.0929,0.2016,17.3651,2.5333,21.2333,10.6196,-1.1086,1.0939
gbpusd+audusd+nzdusd,day_open,10,0.1500,ny1655,30,5364,0.3833,-1.9697,-46.7543,0.1510,-0.2349,1.0000,-0.0945,0.2013,17.3651,3.8500,21.4450,13.3851,-1.3873,1.0939
gbpusd+audusd+nzdusd,day_open,10,0.1500,ny1655,40,5364,0.4290,-1.6918,-46.7140,0.1510,-0.2770,1.0000,-0.0920,0.2024,17.3651,6.4333,21.9333,15.6702,-1.3883,1.0939
gbpusd+audusd+nzdusd,day_open,10,0.2000,lon17,0,4272,0.4728,-2.2323,-46.7875,0.2447,-0.3129,1.0000,-0.0915,0.2008,13.8299,10.1333,17.6333,18.1453,-1.8257,1.3354
gbpusd+audusd+nzdusd,day_open,10,0.2000,lon17,25,4272,0.3607,-2.1714,-46.8835,0.2447,-0.1607,1.0000,-0.0930,0.1985,13.8299,2.1167,16.1667,11.4315,-1.5741,1.3354
gbpusd+audusd+nzdusd,day_open,10,0.2000,lon17,30,4272,0.3942,-2.2744,-46.8955,0.2447,-0.1853,1.0000,-0.0949,0.1983,13.8299,3.2667,16.4500,13.5794,-1.7525,1.3354
gbpusd+audusd+nzdusd,day_open,10,0.2000,lon17,40,4272,0.4281,-2.4409,-46.8498,0.2447,-0.1536,1.0000,-0.0929,0.1993,13.8299,5.7183,16.9333,15.8635,-2.1230,1.3354
gbpusd+audusd+nzdusd,day_open,10,0.2000,ny11,0,4272,0.4775,-2.5099,-46.7890,0.2447,-0.3369,1.0000,-0.0927,0.2008,13.8299,9.0833,16.4667,17.9585,-2.0691,1.3354
gbpusd+audusd+nzdusd,day_open,10,0.2000,ny11,25,4272,0.3720,-2.1152,-46.8852,0.2447,-0.1216,1.0000,-0.0975,0.1985,13.8299,2.1167,15.0333,11.6677,-1.5410,1.3354
gbpusd+audusd+nzdusd,day_open,10,0.2000,ny11,30,4272,0.4057,-2.1024,-46.8971,0.2447,-0.1432,1.0000,-0.0959,0.1983,13.8299,3.2667,15.4333,13.5590,-1.6046,1.3354
gbpusd+audusd+nzdusd,day_open,10,0.2000,ny11,40,4272,0.4380,-2.1548,-46.8515,0.2447,-0.1178,1.0000,-0.0959,0.1993,13.8299,5.7183,15.8317,15.7724,-1.8606,1.3354
gbpusd+audusd+nzdusd,day_open,10,0.2000,ny1655,0,4272,0.4743,-2.2468,-46.7246,0.2447,-0.3092,1.0000,-0.0914,0.2036,13.8299,15.0333,22.2000,18.6650,-1.9540,1.3354
gbpusd+audusd+nzdusd,day_open,10,0.2000,ny1655,25,4272,0.3420,-2.4349,-46.8664,0.2447,-0.1553,1.0000,-0.0935,0.1995,13.8299,2.1167,20.6333,10.9682,-1.8064,1.3354
gbpusd+audusd+nzdusd,day_open,10,0.2000,ny1655,30,4272,0.3766,-2.6794,-46.8656,0.2447,-0.1910,1.0000,-0.0964,0.1996,13.8299,3.2667,20.8500,13.4353,-2.0695,1.3354
gbpusd+audusd+nzdusd,day_open,10,0.2000,ny1655,40,4272,0.4185,-2.7093,-46.8210,0.2447,-0.1910,1.0000,-0.0921,0.2007,13.8299,5.7183,21.3667,15.8806,-2.3623,1.3354
gbpusd+audusd+nzdusd,day_open,10,0.3000,lon17,0,2469,0.4654,-1.2459,-47.2982,0.2497,-0.0440,1.0000,-0.0656,0.1902,7.9930,9.7500,17.1500,18.0158,-1.2601,1.8118
gbpusd+audusd+nzdusd,day_open,10,0.3000,lon17,25,2469,0.3564,-0.8907,-47.4062,0.2497,0.2209,1.0000,-0.0707,0.1877,7.9930,1.7633,15.5667,10.7965,-0.9350,1.8118
gbpusd+audusd+nzdusd,day_open,10,0.3000,lon17,30,2469,0.3819,-1.5428,-47.4044,0.2497,0.0852,1.0000,-0.0859,0.1879,7.9930,2.5333,15.7867,13.0615,-1.5520,1.8118
gbpusd+audusd+nzdusd,day_open,10,0.3000,lon17,40,2469,0.4176,-1.6526,-47.3522,0.2497,0.0372,1.0000,-0.0818,0.1892,7.9930,4.6333,16.1933,15.7617,-1.6635,1.8118
gbpusd+audusd+nzdusd,day_open,10,0.3000,ny11,0,2469,0.4828,-1.0109,-47.3025,0.2497,-0.1401,1.0000,-0.0579,0.1902,7.9930,8.7167,15.9000,18.0158,-1.1170,1.8118
gbpusd+audusd+nzdusd,day_open,10,0.3000,ny11,25,2469,0.3759,-0.4407,-47.4097,0.2497,0.2532,1.0000,-0.0421,0.1877,7.9930,1.7633,14.5333,11.1024,-0.6021,1.8118
gbpusd+audusd+nzdusd,day_open,10,0.3000,ny11,30,2469,0.4058,-0.8870,-47.4079,0.2497,0.1168,1.0000,-0.0625,0.1879,7.9930,2.5333,14.7333,13.2039,-1.0242,1.8118
gbpusd+audusd+nzdusd,day_open,10,0.3000,ny11,40,2469,0.4411,-0.9403,-47.3559,0.2497,0.0420,1.0000,-0.0592,0.1892,7.9930,4.6333,15.1000,15.2700,-1.0529,1.8118
gbpusd+audusd+nzdusd,day_open,10,0.3000,ny1655,0,2469,0.4694,-1.9308,-47.2273,0.2497,-0.1232,1.0000,-0.0821,0.1927,7.9930,14.6500,21.4000,18.6973,-1.8627,1.8118
gbpusd+audusd+nzdusd,day_open,10,0.3000,ny1655,25,2469,0.3350,-1.6842,-47.3453,0.2497,0.1708,1.0000,-0.0944,0.1891,7.9930,1.7633,20.0000,10.1648,-1.5936,1.8118
gbpusd+audusd+nzdusd,day_open,10,0.3000,ny1655,30,2469,0.3629,-2.3670,-47.3453,0.2497,-0.0543,1.0000,-0.0992,0.1894,7.9930,2.5333,20.2900,12.4130,-2.2333,1.8118
gbpusd+audusd+nzdusd,day_open,10,0.3000,ny1655,40,2469,0.4079,-2.2196,-47.3079,0.2497,-0.1370,1.0000,-0.0947,0.1905,7.9930,4.6333,20.7167,15.0702,-2.0768,1.8118
gbpusd+audusd+nzdusd,day_open,10,0.4000,lon17,0,1359,0.4680,-1.4938,-47.9548,0.2043,0.0032,1.0000,-0.0408,0.1854,4.3995,9.6000,17.1167,18.0666,-1.8130,2.7895
gbpusd+audusd+nzdusd,day_open,10,0.4000,lon17,25,1359,0.3436,-2.0128,-48.1517,0.2043,0.1815,1.0000,-0.0861,0.1814,4.3995,1.2967,15.3333,11.3578,-2.0137,2.7895
gbpusd+audusd+nzdusd,day_open,10,0.4000,lon17,30,1359,0.3775,-1.9232,-48.0900,0.2043,0.0991,1.0000,-0.0768,0.1829,4.3995,1.9833,15.5667,13.9719,-1.9647,2.7895
gbpusd+audusd+nzdusd,day_open,10,0.4000,lon17,40,1359,0.4143,-2.0758,-47.9961,0.2043,0.0509,1.0000,-0.0729,0.1847,4.3995,3.4600,15.9500,15.7906,-1.9614,2.7895
gbpusd+audusd+nzdusd,day_open,10,0.4000,ny11,0,1359,0.4673,-1.3826,-47.9569,0.2043,-0.1205,1.0000,-0.0447,0.1854,4.3995,8.5667,15.4833,18.9321,-1.8222,2.7895
gbpusd+audusd+nzdusd,day_open,10,0.4000,ny11,25,1359,0.3503,-1.3776,-48.1526,0.2043,0.1662,1.0000,-0.0692,0.1814,4.3995,1.2967,14.4167,11.0699,-1.5380,2.7895
gbpusd+audusd+nzdusd,day_open,10,0.4000,ny11,30,1359,0.3826,-1.2222,-48.0911,0.2043,0.0635,1.0000,-0.0575,0.1829,4.3995,1.9833,14.5667,13.6700,-1.3701,2.7895
gbpusd+audusd+nzdusd,day_open,10,0.4000,ny11,40,1359,0.4180,-1.4371,-47.9981,0.2043,-0.0056,1.0000,-0.0583,0.1847,4.3995,3.4600,14.9000,15.7039,-1.4738,2.7895
gbpusd+audusd+nzdusd,day_open,10,0.4000,ny1655,0,1359,0.4790,-2.1229,-47.9732,0.2043,-0.0753,1.0000,-0.0472,0.1863,4.3995,14.4833,21.0333,19.2429,-2.1803,2.7895
gbpusd+audusd+nzdusd,day_open,10,0.4000,ny1655,25,1359,0.3260,-2.6967,-48.1880,0.2043,0.0286,1.0000,-0.1004,0.1807,4.3995,1.2967,19.6567,10.0878,-2.4735,2.7895
gbpusd+audusd+nzdusd,day_open,10,0.4000,ny1655,30,1359,0.3598,-2.4635,-48.1371,0.2043,-0.0759,1.0000,-0.0925,0.1819,4.3995,1.9833,19.9667,12.7017,-2.2903,2.7895
gbpusd+audusd+nzdusd,day_open,10,0.4000,ny1655,40,1359,0.4091,-2.4605,-48.0384,0.2043,-0.1846,1.0000,-0.0784,0.1837,4.3995,3.4600,20.4500,14.8199,-2.2839,2.7895
gbpusd+audusd+nzdusd,prev_close,6,0.1000,lon17,0,5676,0.4889,-1.0462,-46.3434,0.1167,-0.3912,1.0000,-0.0736,0.2075,18.3752,14.3333,18.0000,17.9876,-0.9318,1.0724
gbpusd+audusd+nzdusd,prev_close,6,0.1000,lon17,25,5676,0.3772,-0.9115,-46.4120,0.1167,-0.1783,1.0000,-0.0655,0.2061,18.3752,2.8417,17.7167,11.3854,-0.7509,1.0724
gbpusd+audusd+nzdusd,prev_close,6,0.1000,lon17,30,5676,0.4077,-1.0975,-46.4083,0.1167,-0.1840,1.0000,-0.0686,0.2061,18.3752,4.3167,17.8333,13.7360,-0.8922,1.0724
gbpusd+audusd+nzdusd,prev_close,6,0.1000,lon17,40,5676,0.4477,-1.0856,-46.4014,0.1167,-0.2398,1.0000,-0.0687,0.2063,18.3752,7.0583,17.9500,15.5485,-0.9786,1.0724
gbpusd+audusd+nzdusd,prev_close,6,0.1000,ny11,0,5676,0.4942,-0.7395,-46.3522,0.1167,-0.3783,1.0000,-0.0603,0.2072,18.3752,13.2833,16.9833,17.7354,-0.7474,1.0724
gbpusd+audusd+nzdusd,prev_close,6,0.1000,ny11,25,5676,0.3857,-0.8212,-46.4117,0.1167,-0.1602,1.0000,-0.0631,0.2061,18.3752,2.8417,16.6167,11.3332,-0.7061,1.0724
gbpusd+audusd+nzdusd,prev_close,6,0.1000,ny11,30,5676,0.4165,-0.8827,-46.4085,0.1167,-0.1553,1.0000,-0.0626,0.2061,18.3752,4.3167,16.7833,13.3960,-0.7258,1.0724
gbpusd+audusd+nzdusd,prev_close,6,0.1000,ny11,40,5676,0.4540,-0.8266,-46.4015,0.1167,-0.1865,1.0000,-0.0611,0.2063,18.3752,7.0583,16.9333,15.3911,-0.7463,1.0724
gbpusd+audusd+nzdusd,prev_close,6,0.1000,ny1655,0,5676,0.4891,-0.9531,-46.2568,0.1167,-0.3151,1.0000,-0.0613,0.2103,18.3752,19.2333,22.9167,19.0353,-0.9555,1.0724
gbpusd+audusd+nzdusd,prev_close,6,0.1000,ny1655,25,5676,0.3596,-0.9136,-46.3687,0.1167,-0.1558,1.0000,-0.0581,0.2074,18.3752,2.8250,22.4833,10.8553,-0.7792,1.0724
gbpusd+audusd+nzdusd,prev_close,6,0.1000,ny1655,30,5676,0.3908,-1.1209,-46.3687,0.1167,-0.1535,1.0000,-0.0616,0.2073,18.3752,4.3000,22.6583,13.3879,-0.9224,1.0724
gbpusd+audusd+nzdusd,prev_close,6,0.1000,ny1655,40,5676,0.4371,-1.0006,-46.3389,0.1167,-0.2163,1.0000,-0.0568,0.2081,18.3752,7.0583,22.8500,15.4338,-0.8771,1.0724
gbpusd+audusd+nzdusd,prev_close,6,0.1500,lon17,0,4305,0.4832,-2.0240,-45.4147,0.1804,-0.4358,1.0000,-0.1015,0.2304,13.9368,13.9167,18.0000,18.5834,-1.8603,1.2563
gbpusd+audusd+nzdusd,prev_close,6,0.1500,lon17,25,4305,0.3691,-1.3319,-45.4898,0.1804,-0.3481,1.0000,-0.0823,0.2284,13.9368,2.4333,17.4200,10.9024,-1.1011,1.2563
gbpusd+audusd+nzdusd,prev_close,6,0.1500,lon17,30,4305,0.4016,-1.4795,-45.4884,0.1804,-0.3259,1.0000,-0.0834,0.2284,13.9368,3.9067,17.6500,13.1914,-1.2223,1.2563
gbpusd+audusd+nzdusd,prev_close,6,0.1500,lon17,40,4305,0.4393,-1.6118,-45.4829,0.1804,-0.2960,1.0000,-0.0905,0.2286,13.9368,6.3833,17.9167,15.7513,-1.5603,1.2563
gbpusd+audusd+nzdusd,prev_close,6,0.1500,ny11,0,4305,0.4850,-1.9502,-45.4240,0.1804,-0.4671,1.0000,-0.0951,0.2300,13.9368,12.9000,16.9833,17.9937,-1.8689,1.2563
gbpusd+audusd+nzdusd,prev_close,6,0.1500,ny11,25,4305,0.3756,-1.1412,-45.4896,0.1804,-0.3276,1.0000,-0.0787,0.2284,13.9368,2.4333,16.2433,10.8744,-0.9869,1.2563
gbpusd+audusd+nzdusd,prev_close,6,0.1500,ny11,30,4305,0.4065,-1.1838,-45.4882,0.1804,-0.3141,1.0000,-0.0782,0.2284,13.9368,3.9067,16.6167,13.1348,-0.9752,1.2563
gbpusd+audusd+nzdusd,prev_close,6,0.1500,ny11,40,4305,0.4430,-1.2656,-45.4826,0.1804,-0.2884,1.0000,-0.0845,0.2286,13.9368,6.3833,16.9167,15.6091,-1.2431,1.2563
gbpusd+audusd+nzdusd,prev_close,6,0.1500,ny1655,0,4305,0.4850,-1.6130,-45.3571,0.1804,-0.3845,1.0000,-0.0942,0.2332,13.9368,18.8167,22.9000,19.6089,-1.6424,1.2563
gbpusd+audusd+nzdusd,prev_close,6,0.1500,ny1655,25,4305,0.3447,-1.3945,-45.4725,0.1804,-0.3300,1.0000,-0.0801,0.2292,13.9368,2.4333,22.0000,9.8046,-1.1699,1.2563
gbpusd+audusd+nzdusd,prev_close,6,0.1500,ny1655,30,4305,0.3803,-1.4229,-45.4665,0.1804,-0.3137,1.0000,-0.0788,0.2293,13.9368,3.9067,22.3167,12.9017,-1.2105,1.2563
gbpusd+audusd+nzdusd,prev_close,6,0.1500,ny1655,40,4305,0.4239,-1.6278,-45.4468,0.1804,-0.3068,1.0000,-0.0865,0.2301,13.9368,6.3833,22.7933,15.6387,-1.5698,1.2563
gbpusd+audusd+nzdusd,prev_close,6,0.2000,lon17,0,3081,0.4820,-1.4193,-45.4069,0.2502,-0.2139,1.0000,-0.0680,0.2387,9.9743,13.7167,18.4167,19.6092,-1.5420,1.6566
gbpusd+audusd+nzdusd,prev_close,6,0.2000,lon17,25,3081,0.3651,-0.9500,-45.4800,0.2502,-0.2388,1.0000,-0.0542,0.2365,9.9743,2.1667,17.6833,11.4736,-0.8393,1.6566
gbpusd+audusd+nzdusd,prev_close,6,0.2000,lon17,30,3081,0.4015,-0.8813,-45.4790,0.2502,-0.2175,1.0000,-0.0513,0.2365,9.9743,3.5167,17.8333,13.5100,-0.8428,1.6566
gbpusd+audusd+nzdusd,prev_close,6,0.2000,lon17,40,3081,0.4395,-0.9956,-45.4714,0.2502,-0.1330,1.0000,-0.0522,0.2369,9.9743,6.0333,17.9667,15.6928,-1.1928,1.6566
gbpusd+audusd+nzdusd,prev_close,6,0.2000,ny11,0,3081,0.4846,-1.7764,-45.4093,0.2502,-0.3086,1.0000,-0.0834,0.2387,9.9743,12.7000,17.0000,19.3884,-1.9076,1.6566
gbpusd+audusd+nzdusd,prev_close,6,0.2000,ny11,25,3081,0.3733,-0.9625,-45.4811,0.2502,-0.2351,1.0000,-0.0574,0.2365,9.9743,2.1667,16.4833,11.2926,-0.8826,1.6566
gbpusd+audusd+nzdusd,prev_close,6,0.2000,ny11,30,3081,0.4086,-0.8036,-45.4801,0.2502,-0.2296,1.0000,-0.0492,0.2365,9.9743,3.5167,16.8333,13.0067,-0.7822,1.6566
gbpusd+audusd+nzdusd,prev_close,6,0.2000,ny11,40,3081,0.4440,-0.8224,-45.4725,0.2502,-0.1538,1.0000,-0.0506,0.2369,9.9743,6.0333,16.9667,15.8595,-1.0474,1.6566
gbpusd+audusd+nzdusd,prev_close,6,0.2000,ny1655,0,3081,0.4888,-0.8337,-45.3971,0.2502,-0.2020,1.0000,-0.0567,0.2405,9.9743,18.6000,22.9167,20.3735,-1.1068,1.6566
gbpusd+audusd+nzdusd,prev_close,6,0.2000,ny1655,25,3081,0.3457,-0.9576,-45.4878,0.2502,-0.2175,1.0000,-0.0581,0.2368,9.9743,2.1500,22.0333,10.7531,-0.8693,1.6566
gbpusd+audusd+nzdusd,prev_close,6,0.2000,ny1655,30,3081,0.3836,-0.8560,-45.4744,0.2502,-0.1798,1.0000,-0.0546,0.2372,9.9743,3.4833,22.4000,12.8974,-0.8409,1.6566
gbpusd+audusd+nzdusd,prev_close,6,0.2000,ny1655,40,3081,0.4271,-1.0794,-45.4721,0.2502,-0.1608,1.0000,-0.0611,0.2376,9.9743,5.9667,22.8000,16.0513,-1.2526,1.6566
gbpusd+audusd+nzdusd,prev_close,6,0.3000,lon17,0,1524,0.4829,-0.7092,-44.8623,0.2708,0.0906,1.0000,-0.0270,0.2509,4.9337,13.6217,22.1483,19.0598,-1.3049,2.6316
gbpusd+audusd+nzdusd,prev_close,6,0.3000,lon17,25,1524,0.3583,-0.1407,-44.9487,0.2708,0.1243,1.0000,-0.0073,0.2480,4.9337,1.6883,17.9117,10.4931,-0.6451,2.6316
gbpusd+audusd+nzdusd,prev_close,6,0.3000,lon17,30,1524,0.3898,-0.8849,-44.9410,0.2708,0.0852,1.0000,-0.0412,0.2480,4.9337,2.7100,17.9667,12.5491,-1.2043,2.6316
gbpusd+audusd+nzdusd,prev_close,6,0.3000,lon17,40,1524,0.4265,-0.9222,-44.9371,0.2708,0.1042,1.0000,-0.0371,0.2473,4.9337,5.1550,18.8133,15.7617,-1.4122,2.6316
gbpusd+audusd+nzdusd,prev_close,6,0.3000,ny11,0,1524,0.4797,-0.8090,-44.8701,0.2708,0.0175,1.0000,-0.0340,0.2509,4.9337,12.5833,21.7667,19.5773,-1.5409,2.6316
gbpusd+audusd+nzdusd,prev_close,6,0.3000,ny11,25,1524,0.3642,0.0892,-44.9519,0.2708,0.1086,1.0000,0.0053,0.2480,4.9337,1.6883,16.8233,11.0566,-0.4781,2.6316
gbpusd+audusd+nzdusd,prev_close,6,0.3000,ny11,30,1524,0.3970,-0.4615,-44.9441,0.2708,0.0721,1.0000,-0.0247,0.2480,4.9337,2.7100,16.9667,12.9491,-0.8476,2.6316
gbpusd+audusd+nzdusd,prev_close,6,0.3000,ny11,40,1524,0.4291,-0.4684,-44.9426,0.2708,0.0966,1.0000,-0.0216,0.2473,4.9337,5.1550,17.2383,15.2842,-1.0325,2.6316
gbpusd+audusd+nzdusd,prev_close,6,0.3000,ny1655,0,1524,0.4915,-0.8981,-44.8149,0.2708,0.0905,1.0000,-0.0223,0.2539,4.9337,18.5000,23.3800,20.7673,-1.5913,2.6316
gbpusd+audusd+nzdusd,prev_close,6,0.3000,ny1655,25,1524,0.3406,-0.6624,-44.9433,0.2708,0.1129,1.0000,-0.0301,0.2482,4.9337,1.6883,22.4783,9.8578,-1.1320,2.6316
gbpusd+audusd+nzdusd,prev_close,6,0.3000,ny1655,30,1524,0.3734,-1.3738,-44.9306,0.2708,0.0573,1.0000,-0.0571,0.2482,4.9337,2.7100,22.6833,12.5979,-1.6856,2.6316
gbpusd+audusd+nzdusd,prev_close,6,0.3000,ny1655,40,1524,0.4206,-1.3024,-44.9353,0.2708,0.0521,1.0000,-0.0487,0.2477,4.9337,5.1550,22.8617,15.1178,-1.7726,2.6316
gbpusd+audusd+nzdusd,prev_close,6,0.4000,lon17,0,843,0.5042,2.9772,-43.7978,0.2818,0.1344,1.0000,0.1505,0.2899,2.7291,13.5167,23.5833,19.4582,1.5967,4.9167
gbpusd+audusd+nzdusd,prev_close,6,0.4000,lon17,25,843,0.3701,1.6950,-43.8775,0.2818,0.1550,1.0000,0.0834,0.2863,2.7291,1.6833,20.0000,11.7202,0.7896,4.9167
gbpusd+audusd+nzdusd,prev_close,6,0.4000,lon17,30,843,0.4009,1.2677,-43.8546,0.2818,0.1493,1.0000,0.0590,0.2858,2.7291,2.4733,21.7833,13.3013,0.3931,4.9167
gbpusd+audusd+nzdusd,prev_close,6,0.4000,lon17,40,843,0.4448,1.8848,-43.8686,0.2818,0.1886,1.0000,0.0891,0.2846,2.7291,4.5867,22.4500,16.1544,1.0467,4.9167
gbpusd+audusd+nzdusd,prev_close,6,0.4000,ny11,0,843,0.4982,3.4281,-43.7927,0.2818,0.0874,1.0000,0.1665,0.2899,2.7291,12.4667,23.5833,19.5116,1.7633,4.9167
gbpusd+audusd+nzdusd,prev_close,6,0.4000,ny11,25,843,0.3677,1.9890,-43.8725,0.2818,0.1190,1.0000,0.1174,0.2863,2.7291,1.6833,19.4500,10.9842,0.9671,4.9167
gbpusd+audusd+nzdusd,prev_close,6,0.4000,ny11,30,843,0.3974,1.6942,-43.8496,0.2818,0.1175,1.0000,0.0927,0.2858,2.7291,2.4733,21.0000,12.2976,0.7617,4.9167
gbpusd+audusd+nzdusd,prev_close,6,0.4000,ny11,40,843,0.4401,2.5481,-43.8620,0.2818,0.1650,1.0000,0.1414,0.2846,2.7291,4.5867,22.4500,16.0288,1.5142,4.9167
gbpusd+audusd+nzdusd,prev_close,6,0.4000,ny1655,0,843,0.5148,3.8681,-43.6705,0.2818,0.1028,1.0000,0.1166,0.2968,2.7291,18.4333,23.9833,21.4497,2.3903,4.9167
gbpusd+audusd+nzdusd,prev_close,6,0.4000,ny1655,25,843,0.3523,2.1083,-43.8343,0.2818,0.1206,1.0000,0.0932,0.2877,2.7291,1.6833,22.8667,10.9037,1.0632,4.9167
gbpusd+audusd+nzdusd,prev_close,6,0.4000,ny1655,30,843,0.3855,1.7648,-43.7996,0.2818,0.1215,1.0000,0.0716,0.2873,2.7291,2.4733,23.1000,12.9855,0.6813,4.9167
gbpusd+audusd+nzdusd,prev_close,6,0.4000,ny1655,40,843,0.4413,2.3385,-43.8034,0.2818,0.1455,1.0000,0.0970,0.2861,2.7291,4.5867,23.4000,15.8973,1.2923,4.9167
gbpusd+audusd+nzdusd,prev_close,8,0.1000,lon17,0,5961,0.4883,-0.8545,-46.5274,0.1985,-0.3744,1.0000,-0.0668,0.2031,19.2978,13.9167,18.0000,17.8158,-0.7519,1.0474
gbpusd+audusd+nzdusd,prev_close,8,0.1000,lon17,25,5961,0.3786,-0.7962,-46.5946,0.1985,-0.1647,1.0000,-0.0619,0.2018,19.2978,2.8833,17.6167,11.3161,-0.6214,1.0474
gbpusd+audusd+nzdusd,prev_close,8,0.1000,lon17,30,5961,0.4083,-1.0219,-46.5913,0.1985,-0.1684,1.0000,-0.0665,0.2018,19.2978,4.3333,17.7833,13.6258,-0.7981,1.0474
gbpusd+audusd+nzdusd,prev_close,8,0.1000,lon17,40,5961,0.4477,-0.9576,-46.5845,0.1985,-0.2220,1.0000,-0.0653,0.2019,19.2978,7.1167,17.9333,15.5087,-0.8556,1.0474
gbpusd+audusd+nzdusd,prev_close,8,0.1000,ny11,0,5961,0.4935,-0.5568,-46.5357,0.1985,-0.3581,1.0000,-0.0496,0.2029,19.2978,12.9000,16.9833,17.6585,-0.5736,1.0474
gbpusd+audusd+nzdusd,prev_close,8,0.1000,ny11,25,5961,0.3867,-0.7088,-46.5940,0.1985,-0.1457,1.0000,-0.0601,0.2018,19.2978,2.8833,16.5333,11.3161,-0.5801,1.0474
gbpusd+audusd+nzdusd,prev_close,8,0.1000,ny11,30,5961,0.4165,-0.8094,-46.5912,0.1985,-0.1349,1.0000,-0.0609,0.2018,19.2978,4.3333,16.7333,13.3945,-0.6369,1.0474
gbpusd+audusd+nzdusd,prev_close,8,0.1000,ny11,40,5961,0.4541,-0.6719,-46.5843,0.1985,-0.1654,1.0000,-0.0561,0.2019,19.2978,7.1167,16.9167,15.3873,-0.6006,1.0474
gbpusd+audusd+nzdusd,prev_close,8,0.1000,ny1655,0,5961,0.4887,-0.8228,-46.4282,0.1985,-0.3090,1.0000,-0.0578,0.2061,19.2978,18.8333,22.9167,18.7518,-0.8237,1.0474
gbpusd+audusd+nzdusd,prev_close,8,0.1000,ny1655,25,5961,0.3612,-0.7995,-46.5434,0.1985,-0.1587,1.0000,-0.0551,0.2032,19.2978,2.8500,22.3833,10.8917,-0.6448,1.0474
gbpusd+audusd+nzdusd,prev_close,8,0.1000,ny1655,30,5961,0.3919,-1.0428,-46.5403,0.1985,-0.1519,1.0000,-0.0600,0.2032,19.2978,4.3167,22.6333,13.3832,-0.8224,1.0474
gbpusd+audusd+nzdusd,prev_close,8,0.1000,ny1655,40,5961,0.4377,-0.9022,-46.5105,0.1985,-0.2148,1.0000,-0.0548,0.2039,19.2978,7.1167,22.8167,15.4371,-0.7788,1.0474
gbpusd+audusd+nzdusd,prev_close,8,0.1500,lon17,0,4869,0.4831,-1.6215,-46.0092,0.1327,-0.3760,1.0000,-0.0893,0.2169,15.7626,12.9000,17.9833,18.2847,-1.4007,1.1784
gbpusd+audusd+nzdusd,prev_close,8,0.1500,lon17,25,4869,0.3719,-1.2792,-46.0837,0.1327,-0.2567,1.0000,-0.0797,0.2152,15.7626,2.5500,17.1700,11.2167,-0.9553,1.1784
gbpusd+audusd+nzdusd,prev_close,8,0.1500,lon17,30,4869,0.4042,-1.3545,-46.0822,0.1327,-0.2217,1.0000,-0.0796,0.2152,15.7626,3.9133,17.4067,13.4000,-1.0186,1.1784
gbpusd+audusd+nzdusd,prev_close,8,0.1500,lon17,40,4869,0.4414,-1.3673,-46.0753,0.1327,-0.2314,1.0000,-0.0847,0.2154,15.7626,6.4300,17.8333,15.9863,-1.2591,1.1784
gbpusd+audusd+nzdusd,prev_close,8,0.1500,ny11,0,4869,0.4870,-1.4885,-46.0195,0.1327,-0.4279,1.0000,-0.0863,0.2166,15.7626,11.8667,16.9667,17.7849,-1.3433,1.1784
gbpusd+audusd+nzdusd,prev_close,8,0.1500,ny11,25,4869,0.3791,-1.0385,-46.0840,0.1327,-0.2449,1.0000,-0.0738,0.2152,15.7626,2.5500,16.0000,11.3949,-0.8023,1.1784
gbpusd+audusd+nzdusd,prev_close,8,0.1500,ny11,30,4869,0.4106,-1.0072,-46.0830,0.1327,-0.2120,1.0000,-0.0722,0.2152,15.7626,3.9133,16.2333,13.3945,-0.7300,1.1784
gbpusd+audusd+nzdusd,prev_close,8,0.1500,ny11,40,4869,0.4469,-0.9787,-46.0761,0.1327,-0.2310,1.0000,-0.0738,0.2154,15.7626,6.4300,16.7833,15.7959,-0.9094,1.1784
gbpusd+audusd+nzdusd,prev_close,8,0.1500,ny1655,0,4869,0.4831,-1.3624,-45.9387,0.1327,-0.3182,1.0000,-0.0802,0.2197,15.7626,17.8000,22.9000,19.2468,-1.3030,1.1784
gbpusd+audusd+nzdusd,prev_close,8,0.1500,ny1655,25,4869,0.3469,-1.3606,-46.0586,0.1327,-0.2261,1.0000,-0.0767,0.2161,15.7626,2.5500,21.7033,10.5078,-1.0210,1.1784
gbpusd+audusd+nzdusd,prev_close,8,0.1500,ny1655,30,4869,0.3820,-1.3593,-46.0525,0.1327,-0.1951,1.0000,-0.0735,0.2162,15.7626,3.9133,22.0000,13.3630,-1.0317,1.1784
gbpusd+audusd+nzdusd,prev_close,8,0.1500,ny1655,40,4869,0.4253,-1.4253,-46.0314,0.1327,-0.2317,1.0000,-0.0777,0.2169,15.7626,6.4300,22.5667,15.9303,-1.2843,1.1784
gbpusd+audusd+nzdusd,prev_close,8,0.2000,lon17,0,3675,0.4792,-1.7854,-45.8919,0.2138,-0.2201,1.0000,-0.0755,0.2250,11.8972,12.4333,17.9833,19.1270,-1.7729,1.5455
gbpusd+audusd+nzdusd,prev_close,8,0.2000,lon17,25,3675,0.3646,-1.3923,-45.9625,0.2138,-0.1859,1.0000,-0.0707,0.2232,11.8972,2.3000,17.1933,11.4473,-1.1188,1.5455
gbpusd+audusd+nzdusd,prev_close,8,0.2000,lon17,30,3675,0.4008,-1.2934,-45.9616,0.2138,-0.1669,1.0000,-0.0667,0.2232,11.8972,3.5167,17.4667,13.3368,-1.1114,1.5455
gbpusd+audusd+nzdusd,prev_close,8,0.2000,lon17,40,3675,0.4381,-1.2959,-45.9532,0.2138,-0.1149,1.0000,-0.0634,0.2235,11.8972,5.9333,17.8667,15.5223,-1.3740,1.5455
gbpusd+audusd+nzdusd,prev_close,8,0.2000,ny11,0,3675,0.4833,-2.0603,-45.8952,0.2138,-0.3005,1.0000,-0.0873,0.2250,11.8972,11.4167,16.9833,19.0553,-2.0762,1.5455
gbpusd+audusd+nzdusd,prev_close,8,0.2000,ny11,25,3675,0.3725,-1.3326,-45.9652,0.2138,-0.1649,1.0000,-0.0722,0.2232,11.8972,2.3000,16.0000,11.4177,-1.1175,1.5455
gbpusd+audusd+nzdusd,prev_close,8,0.2000,ny11,30,3675,0.4076,-1.1578,-45.9643,0.2138,-0.1611,1.0000,-0.0663,0.2232,11.8972,3.5167,16.2667,13.0216,-1.0241,1.5455
gbpusd+audusd+nzdusd,prev_close,8,0.2000,ny11,40,3675,0.4438,-1.1044,-45.9558,0.2138,-0.1135,1.0000,-0.0630,0.2235,11.8972,5.9333,16.8500,15.8187,-1.2219,1.5455
gbpusd+audusd+nzdusd,prev_close,8,0.2000,ny1655,0,3675,0.4835,-1.5163,-45.8554,0.2138,-0.2252,1.0000,-0.0771,0.2274,11.8972,17.3333,22.8833,20.0602,-1.6236,1.5455
gbpusd+audusd+nzdusd,prev_close,8,0.2000,ny1655,25,3675,0.3448,-1.4687,-45.9517,0.2138,-0.1923,1.0000,-0.0791,0.2240,11.8972,2.2733,21.5500,10.8362,-1.2037,1.5455
gbpusd+audusd+nzdusd,prev_close,8,0.2000,ny1655,30,3675,0.3820,-1.3831,-45.9395,0.2138,-0.1585,1.0000,-0.0753,0.2244,11.8972,3.4900,21.9433,13.2213,-1.1968,1.5455
gbpusd+audusd+nzdusd,prev_close,8,0.2000,ny1655,40,3675,0.4256,-1.4507,-45.9316,0.2138,-0.1687,1.0000,-0.0733,0.2249,11.8972,5.8800,22.6167,16.2303,-1.4640,1.5455
gbpusd+audusd+nzdusd,prev_close,8,0.3000,lon17,0,1932,0.4891,-0.6636,-45.5156,0.2228,0.0505,1.0000,-0.0289,0.2337,6.2545,12.1167,19.0000,18.1780,-1.1187,2.3774
gbpusd+audusd+nzdusd,prev_close,8,0.3000,lon17,25,1932,0.3670,-0.2474,-45.6004,0.2228,0.1120,1.0000,-0.0162,0.2311,6.2545,1.9517,17.5000,10.6900,-0.5907,2.3774
gbpusd+audusd+nzdusd,prev_close,8,0.3000,lon17,30,1932,0.4001,-0.7135,-45.5882,0.2228,0.0494,1.0000,-0.0440,0.2313,6.2545,3.0533,17.7983,12.8172,-0.9725,2.3774
gbpusd+audusd+nzdusd,prev_close,8,0.3000,lon17,40,1932,0.4369,-0.5849,-45.5887,0.2228,0.0544,1.0000,-0.0317,0.2308,6.2545,5.1850,17.9667,15.9013,-1.0004,2.3774
gbpusd+audusd+nzdusd,prev_close,8,0.3000,ny11,0,1932,0.4891,-0.3618,-45.5227,0.2228,-0.0063,1.0000,-0.0195,0.2337,6.2545,11.0500,17.7667,18.5736,-0.9652,2.3774
gbpusd+audusd+nzdusd,prev_close,8,0.3000,ny11,25,1932,0.3737,0.1540,-45.6054,0.2228,0.1056,1.0000,0.0130,0.2311,6.2545,1.9517,16.2000,11.1306,-0.2832,2.3774
gbpusd+audusd+nzdusd,prev_close,8,0.3000,ny11,30,1932,0.4084,-0.1009,-45.5931,0.2228,0.0456,1.0000,-0.0076,0.2313,6.2545,3.0533,16.7667,13.2587,-0.4624,2.3774
gbpusd+audusd+nzdusd,prev_close,8,0.3000,ny11,40,1932,0.4420,0.0846,-45.5947,0.2228,0.0531,1.0000,0.0057,0.2308,6.2545,5.1850,16.9667,15.4589,-0.4322,2.3774
gbpusd+audusd+nzdusd,prev_close,8,0.3000,ny1655,0,1932,0.4922,-1.5644,-45.4426,0.2228,-0.0008,1.0000,-0.0447,0.2367,6.2545,17.0000,22.9000,19.6833,-1.9153,2.3774
gbpusd+audusd+nzdusd,prev_close,8,0.3000,ny1655,25,1932,0.3463,-0.9372,-45.5845,0.2228,0.0774,1.0000,-0.0477,0.2315,6.2545,1.9517,21.7550,9.8867,-1.1648,2.3774
gbpusd+audusd+nzdusd,prev_close,8,0.3000,ny1655,30,1932,0.3799,-1.4668,-45.5620,0.2228,-0.0128,1.0000,-0.0691,0.2320,6.2545,3.0533,22.2833,12.4974,-1.5996,2.3774
gbpusd+audusd+nzdusd,prev_close,8,0.3000,ny1655,40,1932,0.4275,-1.2324,-45.5686,0.2228,-0.0383,1.0000,-0.0571,0.2316,6.2545,5.1850,22.6500,15.6820,-1.4907,2.3774
gbpusd+audusd+nzdusd,prev_close,8,0.4000,lon17,0,1089,0.4885,1.4275,-45.2796,0.2151,0.1757,1.0000,0.0665,0.2506,3.5255,11.9667,22.4500,19.6451,0.4745,3.9000
gbpusd+audusd+nzdusd,prev_close,8,0.4000,lon17,25,1089,0.3664,1.4282,-45.3518,0.2151,0.2070,1.0000,0.0906,0.2479,3.5255,1.9267,17.9667,11.7240,0.8137,3.9000
gbpusd+audusd+nzdusd,prev_close,8,0.4000,lon17,30,1089,0.3949,0.8422,-45.3360,0.2151,0.1963,1.0000,0.0453,0.2474,3.5255,2.6633,18.7000,13.3293,0.2542,3.9000
gbpusd+audusd+nzdusd,prev_close,8,0.4000,lon17,40,1089,0.4362,1.0386,-45.3530,0.2151,0.2402,1.0000,0.0499,0.2465,3.5255,4.4700,20.0000,15.9145,0.5736,3.9000
gbpusd+audusd+nzdusd,prev_close,8,0.4000,ny11,0,1089,0.4876,1.7177,-45.2820,0.2151,0.0971,1.0000,0.0989,0.2506,3.5255,10.9500,22.4500,19.6937,0.5734,3.9000
gbpusd+audusd+nzdusd,prev_close,8,0.4000,ny11,25,1089,0.3710,1.6783,-45.3522,0.2151,0.1632,1.0000,0.1144,0.2479,3.5255,1.9267,16.9500,11.0871,0.9938,3.9000
gbpusd+audusd+nzdusd,prev_close,8,0.4000,ny11,30,1089,0.3967,1.1626,-45.3363,0.2151,0.1496,1.0000,0.0688,0.2474,3.5255,2.6633,17.7667,12.2005,0.5719,3.9000
gbpusd+audusd+nzdusd,prev_close,8,0.4000,ny11,40,1089,0.4362,1.4586,-45.3542,0.2151,0.1977,1.0000,0.0850,0.2465,3.5255,4.4700,20.0000,15.5017,0.9024,3.9000
gbpusd+audusd+nzdusd,prev_close,8,0.4000,ny1655,0,1089,0.4986,1.1720,-45.2089,0.2151,0.1030,1.0000,0.0356,0.2544,3.5255,16.8667,23.8333,20.4186,0.2847,3.9000
gbpusd+audusd+nzdusd,prev_close,8,0.4000,ny1655,25,1089,0.3526,1.3054,-45.3473,0.2151,0.1463,1.0000,0.0767,0.2480,3.5255,1.9267,22.4500,10.4030,0.7296,3.9000
gbpusd+audusd+nzdusd,prev_close,8,0.4000,ny1655,30,1089,0.3838,0.7954,-45.3244,0.2151,0.1397,1.0000,0.0382,0.2476,3.5255,2.6633,22.8033,12.7516,0.1878,3.9000
gbpusd+audusd+nzdusd,prev_close,8,0.4000,ny1655,40,1089,0.4316,0.7214,-45.3316,0.2151,0.1556,1.0000,0.0311,0.2467,3.5255,4.4700,22.8667,15.0010,0.2261,3.9000
gbpusd+audusd+nzdusd,prev_close,10,0.1000,lon17,0,6174,0.4874,-0.9601,-46.6552,0.2120,-0.4073,1.0000,-0.0706,0.2010,19.9874,13.4333,18.0000,17.7146,-0.8500,1.0083
gbpusd+audusd+nzdusd,prev_close,10,0.1000,lon17,25,6174,0.3784,-0.9001,-46.7209,0.2120,-0.1931,1.0000,-0.0654,0.1997,19.9874,2.8500,17.5833,11.3854,-0.7114,1.0083
gbpusd+audusd+nzdusd,prev_close,10,0.1000,lon17,30,6174,0.4080,-1.1288,-46.7178,0.2120,-0.1928,1.0000,-0.0694,0.1997,19.9874,4.2833,17.7450,13.6256,-0.8889,1.0083
gbpusd+audusd+nzdusd,prev_close,10,0.1000,lon17,40,6174,0.4474,-1.0407,-46.7115,0.2120,-0.2494,1.0000,-0.0677,0.1998,19.9874,7.0333,17.9167,15.5485,-0.9368,1.0083
gbpusd+audusd+nzdusd,prev_close,10,0.1000,ny11,0,6174,0.4929,-0.6633,-46.6630,0.2120,-0.3892,1.0000,-0.0581,0.2007,19.9874,12.4050,16.9833,17.5498,-0.6799,1.0083
gbpusd+audusd+nzdusd,prev_close,10,0.1000,ny11,25,6174,0.3866,-0.8004,-46.7201,0.2120,-0.1743,1.0000,-0.0636,0.1997,19.9874,2.8500,16.4667,11.3902,-0.6651,1.0083
gbpusd+audusd+nzdusd,prev_close,10,0.1000,ny11,30,6174,0.4164,-0.9134,-46.7174,0.2120,-0.1597,1.0000,-0.0644,0.1997,19.9874,4.2833,16.7167,13.3945,-0.7306,1.0083
gbpusd+audusd+nzdusd,prev_close,10,0.1000,ny11,40,6174,0.4540,-0.7542,-46.7110,0.2120,-0.1946,1.0000,-0.0595,0.1998,19.9874,7.0333,16.8833,15.3952,-0.6843,1.0083
gbpusd+audusd+nzdusd,prev_close,10,0.1000,ny1655,0,6174,0.4859,-1.0728,-46.5567,0.2120,-0.3316,1.0000,-0.0681,0.2038,19.9874,18.3333,22.9000,18.8122,-1.0441,1.0083
gbpusd+audusd+nzdusd,prev_close,10,0.1000,ny1655,25,6174,0.3604,-0.9795,-46.6700,0.2120,-0.1830,1.0000,-0.0624,0.2010,19.9874,2.8333,22.3167,10.9097,-0.7921,1.0083
gbpusd+audusd+nzdusd,prev_close,10,0.1000,ny1655,30,6174,0.3910,-1.2232,-46.6671,0.2120,-0.1738,1.0000,-0.0662,0.2010,19.9874,4.2833,22.5333,13.3621,-0.9652,1.0083
gbpusd+audusd+nzdusd,prev_close,10,0.1000,ny1655,40,6174,0.4362,-1.0988,-46.6379,0.2120,-0.2360,1.0000,-0.0624,0.2017,19.9874,7.0333,22.7667,15.4338,-0.9453,1.0083
gbpusd+audusd+nzdusd,prev_close,10,0.1500,lon17,0,5445,0.4858,-1.1887,-46.4595,0.1621,-0.3501,1.0000,-0.0744,0.2064,17.6273,11.0000,17.9667,17.8500,-1.0025,1.0645
gbpusd+audusd+nzdusd,prev_close,10,0.1500,lon17,25,5445,0.3781,-1.1363,-46.5308,0.1621,-0.2284,1.0000,-0.0749,0.2048,17.6273,2.5000,17.0000,11.3742,-0.7988,1.0645
gbpusd+audusd+nzdusd,prev_close,10,0.1500,lon17,30,5445,0.4097,-1.1916,-46.5302,0.1621,-0.1768,1.0000,-0.0740,0.2048,17.6273,3.8300,17.2000,13.5100,-0.8678,1.0645
gbpusd+audusd+nzdusd,prev_close,10,0.1500,lon17,40,5445,0.4466,-1.0899,-46.5237,0.1621,-0.1869,1.0000,-0.0757,0.2050,17.6273,6.3733,17.6500,15.8210,-1.0032,1.0645
gbpusd+audusd+nzdusd,prev_close,10,0.1500,ny11,0,5445,0.4891,-1.1178,-46.4683,0.1621,-0.3867,1.0000,-0.0753,0.2061,17.6273,9.9500,16.9500,17.4001,-0.9881,1.0645
gbpusd+audusd+nzdusd,prev_close,10,0.1500,ny11,25,5445,0.3848,-0.9863,-46.5303,0.1621,-0.2089,1.0000,-0.0736,0.2048,17.6273,2.5000,15.8000,11.6047,-0.7106,1.0645
gbpusd+audusd+nzdusd,prev_close,10,0.1500,ny11,30,5445,0.4154,-0.9366,-46.5302,0.1621,-0.1601,1.0000,-0.0692,0.2048,17.6273,3.8300,16.0833,13.5412,-0.6559,1.0645
gbpusd+audusd+nzdusd,prev_close,10,0.1500,ny11,40,5445,0.4516,-0.7641,-46.5236,0.1621,-0.1796,1.0000,-0.0643,0.2050,17.6273,6.3733,16.5833,15.6848,-0.7014,1.0645
gbpusd+audusd+nzdusd,prev_close,10,0.1500,ny1655,0,5445,0.4847,-1.0491,-46.3715,0.1621,-0.3115,1.0000,-0.0724,0.2093,17.6273,15.9167,22.8833,18.6747,-0.9915,1.0645
gbpusd+audusd+nzdusd,prev_close,10,0.1500,ny1655,25,5445,0.3543,-1.2839,-46.4923,0.1621,-0.2085,1.0000,-0.0747,0.2059,17.6273,2.5000,21.4333,10.7109,-0.9139,1.0645
gbpusd+audusd+nzdusd,prev_close,10,0.1500,ny1655,30,5445,0.3877,-1.2938,-46.4864,0.1621,-0.1651,1.0000,-0.0709,0.2061,17.6273,3.8300,21.8167,13.2455,-0.9464,1.0645
gbpusd+audusd+nzdusd,prev_close,10,0.1500,ny1655,40,5445,0.4307,-1.2059,-46.4647,0.1621,-0.2138,1.0000,-0.0724,0.2067,17.6273,6.3733,22.3500,15.7348,-1.0771,1.0645
gbpusd+audusd+nzdusd,prev_close,10,0.2000,lon17,0,4404,0.4843,-0.8402,-46.3218,0.2470,-0.0444,1.0000,-0.0484,0.2109,14.2573,10.2217,17.9667,18.5088,-0.8716,1.3660
gbpusd+audusd+nzdusd,prev_close,10,0.2000,lon17,25,4404,0.3726,-0.9531,-46.4032,0.2470,0.0262,1.0000,-0.0603,0.2090,14.2573,2.2333,16.6333,11.8330,-0.7339,1.3660
gbpusd+audusd+nzdusd,prev_close,10,0.2000,lon17,30,4404,0.4078,-0.7798,-46.4026,0.2470,0.0689,1.0000,-0.0525,0.2090,14.2573,3.4000,17.0117,13.7897,-0.6808,1.3660
gbpusd+audusd+nzdusd,prev_close,10,0.2000,lon17,40,4404,0.4430,-0.7992,-46.3939,0.2470,0.0856,1.0000,-0.0488,0.2092,14.2573,5.9217,17.6350,15.9122,-0.9184,1.3660
gbpusd+audusd+nzdusd,prev_close,10,0.2000,ny11,0,4404,0.4891,-0.9716,-46.3347,0.2470,-0.1192,1.0000,-0.0567,0.2106,14.2573,9.1217,16.9333,18.3092,-1.0305,1.3660
gbpusd+audusd+nzdusd,prev_close,10,0.2000,ny11,25,4404,0.3831,-0.8337,-46.4048,0.2470,0.0633,1.0000,-0.0593,0.2090,14.2573,2.2333,15.5167,11.9510,-0.6838,1.3660
gbpusd+audusd+nzdusd,prev_close,10,0.2000,ny11,30,4404,0.4180,-0.5790,-46.4042,0.2470,0.1018,1.0000,-0.0437,0.2090,14.2573,3.4000,15.9283,13.5833,-0.5444,1.3660
gbpusd+audusd+nzdusd,prev_close,10,0.2000,ny11,40,4404,0.4516,-0.5206,-46.3954,0.2470,0.1143,1.0000,-0.0380,0.2092,14.2573,5.9217,16.4833,15.8870,-0.6933,1.3660
gbpusd+audusd+nzdusd,prev_close,10,0.2000,ny1655,0,4404,0.4846,-0.8329,-46.2419,0.2470,-0.0627,1.0000,-0.0549,0.2139,14.2573,15.0500,22.8500,19.2352,-0.9542,1.3660
gbpusd+audusd+nzdusd,prev_close,10,0.2000,ny1655,25,4404,0.3515,-1.1375,-46.3570,0.2470,0.0147,1.0000,-0.0655,0.2105,14.2573,2.2167,21.1667,11.3046,-0.8841,1.3660
gbpusd+audusd+nzdusd,prev_close,10,0.2000,ny1655,30,4404,0.3871,-1.0326,-46.3451,0.2470,0.0658,1.0000,-0.0619,0.2108,14.2573,3.3717,21.4667,13.4600,-0.8753,1.3660
gbpusd+audusd+nzdusd,prev_close,10,0.2000,ny1655,40,4404,0.4287,-1.1034,-46.3354,0.2470,0.0091,1.0000,-0.0621,0.2112,14.2573,5.8500,22.1333,16.0657,-1.1397,1.3660
gbpusd+audusd+nzdusd,prev_close,10,0.3000,lon17,0,2583,0.4901,-0.2638,-46.3713,0.1649,0.0139,1.0000,-0.0151,0.2125,8.3621,9.7333,17.9667,18.6143,-0.5804,1.7831
gbpusd+audusd+nzdusd,prev_close,10,0.3000,lon17,25,2583,0.3790,0.3290,-46.4611,0.1649,0.1601,1.0000,0.0329,0.2104,8.3621,1.7867,16.2500,11.4745,0.0195,1.7831
gbpusd+audusd+nzdusd,prev_close,10,0.3000,lon17,30,2583,0.4077,-0.1449,-46.4502,0.1649,0.0908,1.0000,-0.0128,0.2106,8.3621,2.5900,17.0667,13.4552,-0.4105,1.7831
gbpusd+audusd+nzdusd,prev_close,10,0.3000,lon17,40,2583,0.4437,-0.0830,-46.4486,0.1649,0.0659,1.0000,-0.0067,0.2102,8.3621,4.8033,17.7000,16.1544,-0.4097,1.7831
gbpusd+audusd+nzdusd,prev_close,10,0.3000,ny11,0,2583,0.4940,-0.1373,-46.3734,0.1649,-0.0572,1.0000,-0.0094,0.2125,8.3621,8.7167,16.9667,18.5511,-0.5599,1.7831
gbpusd+audusd+nzdusd,prev_close,10,0.3000,ny11,25,2583,0.3895,0.6643,-46.4634,0.1649,0.1548,1.0000,0.0721,0.2104,8.3621,1.7867,15.1000,11.6092,0.2617,1.7831
gbpusd+audusd+nzdusd,prev_close,10,0.3000,ny11,30,2583,0.4201,0.3449,-46.4525,0.1649,0.0920,1.0000,0.0337,0.2106,8.3621,2.5900,15.7000,13.7851,-0.0112,1.7831
gbpusd+audusd+nzdusd,prev_close,10,0.3000,ny11,40,2583,0.4533,0.5100,-46.4507,0.1649,0.0663,1.0000,0.0559,0.2102,8.3621,4.8033,16.6500,15.7836,0.0898,1.7831
gbpusd+audusd+nzdusd,prev_close,10,0.3000,ny1655,0,2583,0.4905,-0.7491,-46.2917,0.1649,-0.0468,1.0000,-0.0322,0.2156,8.3621,14.6333,22.8167,19.3973,-1.0343,1.7831
gbpusd+audusd+nzdusd,prev_close,10,0.3000,ny1655,25,2583,0.3573,-0.2107,-46.3898,0.1649,0.1277,1.0000,-0.0192,0.2122,8.3621,1.7867,20.9100,10.9119,-0.4430,1.7831
gbpusd+audusd+nzdusd,prev_close,10,0.3000,ny1655,30,2583,0.3879,-0.6667,-46.3798,0.1649,0.0016,1.0000,-0.0484,0.2124,8.3621,2.5900,21.3000,13.0481,-0.8439,1.7831
gbpusd+audusd+nzdusd,prev_close,10,0.3000,ny1655,40,2583,0.4324,-0.4731,-46.3855,0.1649,-0.0589,1.0000,-0.0335,0.2121,8.3621,4.8033,22.1167,15.7762,-0.6915,1.7831
gbpusd+audusd+nzdusd,prev_close,10,0.4000,lon17,0,1485,0.4902,0.9481,-46.4712,0.1815,0.0914,1.0000,0.0385,0.2202,4.8075,9.7167,18.8333,18.5562,0.1154,2.5750
gbpusd+audusd+nzdusd,prev_close,10,0.4000,lon17,25,1485,0.3697,0.6744,-46.5448,0.1815,0.1169,1.0000,0.0441,0.2178,4.8075,1.5000,17.3033,11.9505,0.1357,2.5750
gbpusd+audusd+nzdusd,prev_close,10,0.4000,lon17,30,1485,0.3987,0.1241,-46.5370,0.1815,0.0802,1.0000,0.0074,0.2175,4.8075,2.1667,17.8633,13.6255,-0.3671,2.5750
gbpusd+audusd+nzdusd,prev_close,10,0.4000,lon17,40,1485,0.4370,0.1699,-46.5475,0.1815,0.1288,1.0000,0.0086,0.2172,4.8075,3.7400,17.9667,15.7906,-0.1570,2.5750
gbpusd+audusd+nzdusd,prev_close,10,0.4000,ny11,0,1485,0.4902,0.7581,-46.4740,0.1815,-0.0234,1.0000,0.0364,0.2202,4.8075,8.7000,18.6333,19.1168,-0.1440,2.5750
gbpusd+audusd+nzdusd,prev_close,10,0.4000,ny11,25,1485,0.3751,0.9798,-46.5460,0.1815,0.0580,1.0000,0.0793,0.2178,4.8075,1.5000,16.5000,12.0089,0.3606,2.5750
gbpusd+audusd+nzdusd,prev_close,10,0.4000,ny11,30,1485,0.4007,0.4854,-46.5382,0.1815,0.0224,1.0000,0.0345,0.2175,4.8075,2.1667,16.9000,12.7059,-0.0298,2.5750
gbpusd+audusd+nzdusd,prev_close,10,0.4000,ny11,40,1485,0.4397,0.5440,-46.5498,0.1815,0.0761,1.0000,0.0326,0.2172,4.8075,3.7400,16.9667,15.4390,0.1327,2.5750
gbpusd+audusd+nzdusd,prev_close,10,0.4000,ny1655,0,1485,0.5077,0.8211,-46.4532,0.1815,0.0456,1.0000,0.0249,0.2221,4.8075,14.6167,22.8833,18.9484,0.1426,2.5750
gbpusd+audusd+nzdusd,prev_close,10,0.4000,ny1655,25,1485,0.3596,0.6207,-46.5395,0.1815,0.0394,1.0000,0.0367,0.2179,4.8075,1.5000,20.9167,10.4030,0.1397,2.5750
gbpusd+audusd+nzdusd,prev_close,10,0.4000,ny1655,30,1485,0.3919,0.1066,-46.5272,0.1815,0.0028,1.0000,0.0056,0.2176,4.8075,2.1667,21.8833,12.5077,-0.3248,2.5750
gbpusd+audusd+nzdusd,prev_close,10,0.4000,ny1655,40,1485,0.4384,-0.0553,-46.5302,0.1815,0.0103,1.0000,-0.0026,0.2173,4.8075,3.7400,22.4267,14.9841,-0.3480,2.5750
gbpusd+audusd+usdjpy,day_open,6,0.1000,lon17,0,4533,0.5017,-0.9206,-46.5826,0.1817,-0.4831,1.0000,-0.0796,0.2019,14.6749,14.1667,17.9167,30.2755,-0.7587,1.4183
gbpusd+audusd+usdjpy,day_open,6,0.1000,lon17,25,4533,0.3514,-0.5654,-46.6548,0.1817,-0.3637,1.0000,-0.0745,0.2000,14.6749,1.5500,17.0333,18.8794,-0.4163,1.4183
gbpusd+audusd+usdjpy,day_open,6,0.1000,lon17,30,4533,0.3872,-0.6467,-46.6629,0.1817,-0.3173,1.0000,-0.0784,0.1998,14.6749,2.2667,17.2500,22.0148,-0.4679,1.4183
gbpusd+audusd+usdjpy,day_open,6,0.1000,lon17,40,4533,0.4339,-0.6670,-46.6500,0.1817,-0.3166,1.0000,-0.0727,0.2002,14.6749,4.6733,17.5833,25.8653,-0.4706,1.4183
gbpusd+audusd+usdjpy,day_open,6,0.1000,ny11,0,4533,0.5014,-1.0414,-46.6121,0.1817,-0.4927,1.0000,-0.0808,0.2012,14.6749,13.0833,16.8500,29.9782,-0.9161,1.4183
gbpusd+audusd+usdjpy,day_open,6,0.1000,ny11,25,4533,0.3591,-0.4322,-46.6852,0.1817,-0.3421,1.0000,-0.0636,0.1993,14.6749,1.5533,15.8333,19.3583,-0.2667,1.4183
gbpusd+audusd+usdjpy,day_open,6,0.1000,ny11,30,4533,0.3927,-0.4568,-46.6934,0.1817,-0.2725,1.0000,-0.0640,0.1991,14.6749,2.2700,16.0500,21.9393,-0.2339,1.4183
gbpusd+audusd+usdjpy,day_open,6,0.1000,ny11,40,4533,0.4377,-0.4746,-46.6804,0.1817,-0.2661,1.0000,-0.0596,0.1995,14.6749,4.7367,16.4667,25.3580,-0.2215,1.4183
gbpusd+audusd+usdjpy,day_open,6,0.1000,ny1655,0,4533,0.4957,-1.1279,-46.4743,0.1817,-0.4633,1.0000,-0.0950,0.2052,14.6749,19.0000,22.7500,31.9438,-1.0113,1.4183
gbpusd+audusd+usdjpy,day_open,6,0.1000,ny1655,25,4533,0.3325,-0.7134,-46.5839,0.1817,-0.3932,1.0000,-0.0853,0.2021,14.6749,1.5533,21.7167,18.5807,-0.5623,1.4183
gbpusd+audusd+usdjpy,day_open,6,0.1000,ny1655,30,4533,0.3662,-0.9043,-46.5880,0.1817,-0.3459,1.0000,-0.0895,0.2021,14.6749,2.2700,21.8833,22.1703,-0.7180,1.4183
gbpusd+audusd+usdjpy,day_open,6,0.1000,ny1655,40,4533,0.4185,-0.9125,-46.5711,0.1817,-0.3576,1.0000,-0.0820,0.2025,14.6749,4.7367,22.3133,25.7534,-0.7139,1.4183
gbpusd+audusd+usdjpy,day_open,6,0.1500,lon17,0,2934,0.4932,-0.4897,-45.7239,0.2848,-0.2617,1.0000,-0.0369,0.2163,9.4984,13.8000,17.8000,31.8174,-0.4013,2.1772
gbpusd+audusd+usdjpy,day_open,6,0.1500,lon17,25,2934,0.3384,-0.5022,-45.7592,0.2848,-0.1264,1.0000,-0.0606,0.2149,9.4984,1.2717,16.4667,17.8902,-0.4403,2.1772
gbpusd+audusd+usdjpy,day_open,6,0.1500,lon17,30,2934,0.3763,-0.4571,-45.7698,0.2848,-0.0619,1.0000,-0.0472,0.2147,9.4984,1.9000,16.8333,21.7350,-0.3230,2.1772
gbpusd+audusd+usdjpy,day_open,6,0.1500,lon17,40,2934,0.4182,-0.6509,-45.7446,0.2848,-0.0247,1.0000,-0.0615,0.2154,9.4984,3.9433,17.2167,26.1099,-0.6645,2.1772
gbpusd+audusd+usdjpy,day_open,6,0.1500,ny11,0,2934,0.5017,-1.0175,-45.7409,0.2848,-0.3013,1.0000,-0.0639,0.2157,9.4984,12.7717,16.7333,31.3503,-0.9888,2.1772
gbpusd+audusd+usdjpy,day_open,6,0.1500,ny11,25,2934,0.3490,-0.4322,-45.7764,0.2848,-0.0891,1.0000,-0.0605,0.2144,9.4984,1.2717,15.3667,18.3240,-0.3627,2.1772
gbpusd+audusd+usdjpy,day_open,6,0.1500,ny11,30,2934,0.3858,-0.3728,-45.7869,0.2848,-0.0220,1.0000,-0.0447,0.2142,9.4984,1.9000,15.5283,21.9022,-0.2183,2.1772
gbpusd+audusd+usdjpy,day_open,6,0.1500,ny11,40,2934,0.4284,-0.5226,-45.7616,0.2848,0.0069,1.0000,-0.0554,0.2149,9.4984,3.9433,15.9617,25.8074,-0.5090,2.1772
gbpusd+audusd+usdjpy,day_open,6,0.1500,ny1655,0,2934,0.4915,-1.1826,-45.6799,0.2848,-0.3523,1.0000,-0.0785,0.2183,9.4984,18.7000,22.6333,33.4632,-1.1318,2.1772
gbpusd+audusd+usdjpy,day_open,6,0.1500,ny1655,25,2934,0.3194,-0.9482,-45.7567,0.2848,-0.2465,1.0000,-0.0903,0.2154,9.4984,1.2717,21.2000,17.4042,-0.8650,2.1772
gbpusd+audusd+usdjpy,day_open,6,0.1500,ny1655,30,2934,0.3606,-0.8437,-45.7583,0.2848,-0.1920,1.0000,-0.0797,0.2155,9.4984,1.9000,21.3667,22.2244,-0.6863,2.1772
gbpusd+audusd+usdjpy,day_open,6,0.1500,ny1655,40,2934,0.4073,-1.1201,-45.7216,0.2848,-0.1722,1.0000,-0.0854,0.2164,9.4984,3.9433,21.8167,25.9903,-1.1070,2.1772
gbpusd+audusd+usdjpy,day_open,6,0.2000,lon17,0,1797,0.4997,-0.0388,-45.7260,0.3443,-0.1649,1.0000,-0.0023,0.2229,5.8175,13.6100,17.6500,32.4483,0.0063,3.1351
gbpusd+audusd+usdjpy,day_open,6,0.2000,lon17,25,1797,0.3372,-0.6181,-45.7850,0.3443,-0.1418,1.0000,-0.0560,0.2209,5.8175,0.9333,16.1167,18.5152,-0.7374,3.1351
gbpusd+audusd+usdjpy,day_open,6,0.2000,lon17,30,1797,0.3773,-0.4065,-45.7986,0.3443,-0.1339,1.0000,-0.0396,0.2206,5.8175,1.5367,16.3333,21.9778,-0.3974,3.1351
gbpusd+audusd+usdjpy,day_open,6,0.2000,lon17,40,1797,0.4213,-0.5353,-45.7652,0.3443,-0.0080,1.0000,-0.0472,0.2215,5.8175,3.3333,16.7300,26.8345,-0.5522,3.1351
gbpusd+audusd+usdjpy,day_open,6,0.2000,ny11,0,1797,0.4975,-0.3922,-45.7302,0.3443,-0.2538,1.0000,-0.0221,0.2229,5.8175,12.6000,16.4867,32.2190,-0.4154,3.1351
gbpusd+audusd+usdjpy,day_open,6,0.2000,ny11,25,1797,0.3389,-0.5497,-45.7850,0.3443,-0.1556,1.0000,-0.0475,0.2209,5.8175,0.9333,15.0000,18.5074,-0.7353,3.1351
gbpusd+audusd+usdjpy,day_open,6,0.2000,ny11,30,1797,0.3756,-0.3555,-45.7986,0.3443,-0.1536,1.0000,-0.0329,0.2206,5.8175,1.5367,15.2333,21.4945,-0.3519,3.1351
gbpusd+audusd+usdjpy,day_open,6,0.2000,ny11,40,1797,0.4174,-0.3657,-45.7652,0.3443,-0.0469,1.0000,-0.0292,0.2215,5.8175,3.3333,15.4833,25.8815,-0.4376,3.1351
gbpusd+audusd+usdjpy,day_open,6,0.2000,ny1655,0,1797,0.4925,-0.7498,-45.7433,0.3443,-0.1751,1.0000,-0.0333,0.2240,5.8175,18.5167,22.3733,34.3054,-0.6229,3.1351
gbpusd+audusd+usdjpy,day_open,6,0.2000,ny1655,25,1797,0.3111,-0.9949,-45.8093,0.3443,-0.2400,1.0000,-0.0822,0.2207,5.8175,0.9333,20.8233,16.9164,-1.1028,3.1351
gbpusd+audusd+usdjpy,day_open,6,0.2000,ny1655,30,1797,0.3500,-0.7951,-45.8244,0.3443,-0.2205,1.0000,-0.0720,0.2204,5.8175,1.5367,21.0333,20.7772,-0.7689,3.1351
gbpusd+audusd+usdjpy,day_open,6,0.2000,ny1655,40,1797,0.3979,-1.1257,-45.8006,0.3443,-0.0964,1.0000,-0.0870,0.2210,5.8175,3.3333,21.3333,25.4034,-1.1787,3.1351
gbpusd+audusd+usdjpy,day_open,6,0.3000,lon17,0,711,0.5035,1.5224,-44.6214,0.3941,-0.2743,1.0000,0.0632,0.2425,2.3018,13.5667,17.6167,33.9697,1.4961,10.1667
gbpusd+audusd+usdjpy,day_open,6,0.3000,lon17,25,711,0.3319,0.8233,-44.6857,0.3941,-0.2221,1.0000,0.0553,0.2404,2.3018,0.6667,15.7333,16.6182,1.2096,10.1667
gbpusd+audusd+usdjpy,day_open,6,0.3000,lon17,30,711,0.3643,0.5116,-44.6931,0.3941,-0.0360,1.0000,0.0313,0.2404,2.3018,1.0167,15.9167,20.4959,0.6349,10.1667
gbpusd+audusd+usdjpy,day_open,6,0.3000,lon17,40,711,0.3994,-0.0201,-44.6584,0.3941,-0.2514,1.0000,-0.0010,0.2418,2.3018,1.8833,16.4667,25.7405,-0.1143,10.1667
gbpusd+audusd+usdjpy,day_open,6,0.3000,ny11,0,711,0.5049,1.0416,-44.6365,0.3941,-0.3242,1.0000,0.0356,0.2425,2.3018,12.4667,16.1167,33.9386,1.1370,10.1667
gbpusd+audusd+usdjpy,day_open,6,0.3000,ny11,25,711,0.3333,0.5199,-44.6857,0.3941,-0.1978,1.0000,0.0301,0.2404,2.3018,0.6667,14.8500,14.5492,0.8966,10.1667
gbpusd+audusd+usdjpy,day_open,6,0.3000,ny11,30,711,0.3699,0.4699,-44.6931,0.3941,-0.0202,1.0000,0.0265,0.2404,2.3018,1.0167,15.0000,19.7454,0.5485,10.1667
gbpusd+audusd+usdjpy,day_open,6,0.3000,ny11,40,711,0.4107,-0.1826,-44.6634,0.3941,-0.2395,1.0000,-0.0082,0.2418,2.3018,1.8833,15.4500,23.6136,-0.3138,10.1667
gbpusd+audusd+usdjpy,day_open,6,0.3000,ny1655,0,711,0.4951,1.9327,-44.4453,0.3941,-0.1119,1.0000,0.0535,0.2499,2.3018,18.3833,22.3167,37.7036,2.0878,10.1667
gbpusd+audusd+usdjpy,day_open,6,0.3000,ny1655,25,711,0.3136,1.5508,-44.6444,0.3941,-0.1186,1.0000,0.1205,0.2418,2.3018,0.6667,20.5500,13.8356,2.0484,10.1667
gbpusd+audusd+usdjpy,day_open,6,0.3000,ny1655,30,711,0.3488,1.4596,-44.6427,0.3941,0.0724,1.0000,0.0936,0.2418,2.3018,1.0167,20.8333,20.7351,1.6404,10.1667
gbpusd+audusd+usdjpy,day_open,6,0.3000,ny1655,40,711,0.3854,0.7060,-44.6033,0.3941,-0.1722,1.0000,0.0339,0.2432,2.3018,1.8833,21.3833,24.2487,0.6658,10.1667
gbpusd+audusd+usdjpy,day_open,6,0.4000,lon17,0,318,0.5000,1.8353,-44.9896,0.3258,-0.0924,1.0000,0.0310,0.2404,1.0295,13.6167,17.4833,39.3294,1.5506,32.0000
gbpusd+audusd+usdjpy,day_open,6,0.4000,lon17,25,318,0.2925,-0.8463,-44.8851,0.3258,0.0053,1.0000,-0.0247,0.2435,1.0295,0.3783,15.1583,14.9249,-0.6918,32.0000
gbpusd+audusd+usdjpy,day_open,6,0.4000,lon17,30,318,0.3333,0.1009,-44.9437,0.3258,-0.0058,1.0000,0.0033,0.2420,1.0295,0.5400,15.9083,18.7973,0.2248,32.0000
gbpusd+audusd+usdjpy,day_open,6,0.4000,lon17,40,318,0.3616,-1.4911,-45.0036,0.3258,-0.2295,1.0000,-0.0312,0.2404,1.0295,1.1800,16.0350,21.8200,-1.9755,32.0000
gbpusd+audusd+usdjpy,day_open,6,0.4000,ny11,0,318,0.5000,1.9675,-45.0173,0.3258,-0.1422,1.0000,0.0310,0.2404,1.0295,12.5500,16.0000,37.0655,2.0761,32.0000
gbpusd+audusd+usdjpy,day_open,6,0.4000,ny11,25,318,0.3019,-0.5690,-44.8949,0.3258,0.0246,1.0000,-0.0163,0.2435,1.0295,0.3783,14.2167,14.1868,-0.5270,32.0000
gbpusd+audusd+usdjpy,day_open,6,0.4000,ny11,30,318,0.3491,1.0012,-44.9624,0.3258,-0.0187,1.0000,0.0310,0.2420,1.0295,0.5400,14.8667,19.4859,1.1594,32.0000
gbpusd+audusd+usdjpy,day_open,6,0.4000,ny11,40,318,0.3836,-0.9292,-45.0305,0.3258,-0.2320,1.0000,-0.0190,0.2404,1.0295,1.1800,14.9083,22.0319,-1.3456,32.0000
gbpusd+audusd+usdjpy,day_open,6,0.4000,ny1655,0,318,0.4780,0.6222,-44.8314,0.3258,-0.0709,1.0000,0.0069,0.2474,1.0295,18.5167,21.9667,42.8760,0.6091,32.0000
gbpusd+audusd+usdjpy,day_open,6,0.4000,ny1655,25,318,0.2547,-1.6482,-44.8538,0.3258,-0.0205,1.0000,-0.0418,0.2435,1.0295,0.3783,20.1333,10.0748,-1.6220,32.0000
gbpusd+audusd+usdjpy,day_open,6,0.4000,ny1655,30,318,0.2987,-0.2392,-44.9101,0.3258,-0.0498,1.0000,-0.0069,0.2420,1.0295,0.5400,20.8000,15.9074,-0.2453,32.0000
gbpusd+audusd+usdjpy,day_open,6,0.4000,ny1655,40,318,0.3333,-1.6732,-44.9738,0.3258,-0.3075,1.0000,-0.0314,0.2404,1.0295,1.1800,20.8833,20.4861,-2.2770,32.0000
gbpusd+audusd+usdjpy,day_open,8,0.1000,lon17,0,5046,0.5034,-0.6396,-46.8032,0.2043,-0.4941,1.0000,-0.0638,0.1995,16.3356,13.1167,17.8833,29.5078,-0.4311,1.2667
gbpusd+audusd+usdjpy,day_open,8,0.1000,lon17,25,5046,0.3571,-0.3703,-46.8748,0.2043,-0.3349,1.0000,-0.0631,0.1977,16.3356,1.6750,16.8833,18.8289,-0.1660,1.2667
gbpusd+audusd+usdjpy,day_open,8,0.1000,lon17,30,5046,0.3928,-0.4360,-46.8797,0.2043,-0.2764,1.0000,-0.0643,0.1976,16.3356,2.4167,17.1500,21.9435,-0.2077,1.2667
gbpusd+audusd+usdjpy,day_open,8,0.1000,lon17,40,5046,0.4386,-0.4532,-46.8663,0.2043,-0.2912,1.0000,-0.0585,0.1980,16.3356,4.7583,17.5417,25.5973,-0.2207,1.2667
gbpusd+audusd+usdjpy,day_open,8,0.1000,ny11,0,5046,0.5022,-0.7412,-46.8305,0.2043,-0.4909,1.0000,-0.0678,0.1989,16.3356,12.1167,16.8333,29.1029,-0.5608,1.2667
gbpusd+audusd+usdjpy,day_open,8,0.1000,ny11,25,5046,0.3644,-0.2554,-46.9033,0.2043,-0.3209,1.0000,-0.0512,0.1971,16.3356,1.6833,15.8167,19.3124,-0.0372,1.2667
gbpusd+audusd+usdjpy,day_open,8,0.1000,ny11,30,5046,0.3977,-0.2704,-46.9082,0.2043,-0.2291,1.0000,-0.0446,0.1970,16.3356,2.4167,15.9583,21.7904,-0.0020,1.2667
gbpusd+audusd+usdjpy,day_open,8,0.1000,ny11,40,5046,0.4419,-0.2591,-46.8952,0.2043,-0.2333,1.0000,-0.0406,0.1974,16.3356,4.8083,16.3667,25.0794,0.0235,1.2667
gbpusd+audusd+usdjpy,day_open,8,0.1000,ny1655,0,5046,0.4921,-0.9928,-46.7178,0.2043,-0.4636,1.0000,-0.0856,0.2022,16.3356,18.0333,22.6833,31.3111,-0.8248,1.2667
gbpusd+audusd+usdjpy,day_open,8,0.1000,ny1655,25,5046,0.3359,-0.5499,-46.8239,0.2043,-0.3626,1.0000,-0.0757,0.1994,16.3356,1.6833,21.5250,18.3135,-0.3213,1.2667
gbpusd+audusd+usdjpy,day_open,8,0.1000,ny1655,30,5046,0.3692,-0.7634,-46.8254,0.2043,-0.3010,1.0000,-0.0832,0.1994,16.3356,2.4167,21.7500,21.8499,-0.5016,1.2667
gbpusd+audusd+usdjpy,day_open,8,0.1000,ny1655,40,5046,0.4195,-0.8081,-46.8078,0.2043,-0.3260,1.0000,-0.0775,0.1999,16.3356,4.8083,22.1667,25.0729,-0.5453,1.2667
gbpusd+audusd+usdjpy,day_open,8,0.1500,lon17,0,3519,0.4947,-0.0426,-46.3851,0.2368,-0.2339,1.0000,-0.0041,0.2046,11.3922,12.4667,17.7500,30.7939,0.0552,1.8447
gbpusd+audusd+usdjpy,day_open,8,0.1500,lon17,25,3519,0.3464,-0.2757,-46.4523,0.2368,-0.0910,1.0000,-0.0385,0.2028,11.3922,1.3833,16.3333,18.4245,-0.1953,1.8447
gbpusd+audusd+usdjpy,day_open,8,0.1500,lon17,30,3519,0.3825,-0.2950,-46.4503,0.2368,-0.0232,1.0000,-0.0332,0.2029,11.3922,2.1467,16.5500,21.7661,-0.1945,1.8447
gbpusd+audusd+usdjpy,day_open,8,0.1500,lon17,40,3519,0.4237,-0.4331,-46.4234,0.2368,0.0077,1.0000,-0.0455,0.2035,11.3922,4.1467,17.0500,26.0527,-0.4650,1.8447
gbpusd+audusd+usdjpy,day_open,8,0.1500,ny11,0,3519,0.5007,-0.5217,-46.4014,0.2368,-0.2727,1.0000,-0.0398,0.2042,11.3922,11.4167,16.7000,30.5948,-0.4371,1.8447
gbpusd+audusd+usdjpy,day_open,8,0.1500,ny11,25,3519,0.3552,-0.2276,-46.4691,0.2368,-0.0567,1.0000,-0.0384,0.2023,11.3922,1.3833,15.2367,18.5624,-0.1169,1.8447
gbpusd+audusd+usdjpy,day_open,8,0.1500,ny11,30,3519,0.3902,-0.2297,-46.4671,0.2368,0.0216,1.0000,-0.0312,0.2025,11.3922,2.1467,15.4333,21.9228,-0.0754,1.8447
gbpusd+audusd+usdjpy,day_open,8,0.1500,ny11,40,3519,0.4319,-0.3143,-46.4409,0.2368,0.0369,1.0000,-0.0389,0.2030,11.3922,4.1467,15.8333,25.5142,-0.2800,1.8447
gbpusd+audusd+usdjpy,day_open,8,0.1500,ny1655,0,3519,0.4933,-0.3609,-46.3218,0.2368,-0.3384,1.0000,-0.0320,0.2068,11.3922,17.3667,22.5333,32.7486,-0.2536,1.8447
gbpusd+audusd+usdjpy,day_open,8,0.1500,ny1655,25,3519,0.3271,-0.5102,-46.4354,0.2368,-0.2308,1.0000,-0.0691,0.2035,11.3922,1.3833,20.9833,17.9056,-0.3980,1.8447
gbpusd+audusd+usdjpy,day_open,8,0.1500,ny1655,30,3519,0.3666,-0.4980,-46.4250,0.2368,-0.1720,1.0000,-0.0580,0.2038,11.3922,2.1467,21.2000,21.8212,-0.3783,1.8447
gbpusd+audusd+usdjpy,day_open,8,0.1500,ny1655,40,3519,0.4132,-0.6343,-46.3867,0.2368,-0.1415,1.0000,-0.0651,0.2046,11.3922,4.1467,21.5167,25.7498,-0.6265,1.8447
gbpusd+audusd+usdjpy,day_open,8,0.2000,lon17,0,2313,0.5028,0.6597,-46.4116,0.2921,-0.0455,1.0000,0.0404,0.2036,7.4880,12.0333,17.6500,31.5343,0.9288,2.7308
gbpusd+audusd+usdjpy,day_open,8,0.2000,lon17,25,2313,0.3480,-0.1623,-46.5376,0.2921,-0.1077,1.0000,-0.0201,0.2006,7.4880,1.2000,16.0167,19.5722,-0.1024,2.7308
gbpusd+audusd+usdjpy,day_open,8,0.2000,lon17,30,2313,0.3865,-0.0142,-46.5397,0.2921,-0.1157,1.0000,-0.0017,0.2006,7.4880,1.9000,16.2833,22.5531,0.1845,2.7308
gbpusd+audusd+usdjpy,day_open,8,0.2000,lon17,40,2313,0.4306,0.1082,-46.4837,0.2921,-0.0011,1.0000,0.0097,0.2017,7.4880,3.5667,16.6333,26.6087,0.3398,2.7308
gbpusd+audusd+usdjpy,day_open,8,0.2000,ny11,0,2313,0.5015,0.0533,-46.4113,0.2921,-0.1836,1.0000,0.0032,0.2036,7.4880,10.9500,16.4667,31.3321,0.2046,2.7308
gbpusd+audusd+usdjpy,day_open,8,0.2000,ny11,25,2313,0.3519,-0.1902,-46.5375,0.2921,-0.1456,1.0000,-0.0226,0.2006,7.4880,1.2000,14.9167,19.2455,-0.1882,2.7308
gbpusd+audusd+usdjpy,day_open,8,0.2000,ny11,30,2313,0.3874,-0.0522,-46.5396,0.2921,-0.1451,1.0000,-0.0059,0.2006,7.4880,1.9000,15.1167,22.3806,0.1527,2.7308
gbpusd+audusd+usdjpy,day_open,8,0.2000,ny11,40,2313,0.4293,0.1651,-46.4837,0.2921,-0.0460,1.0000,0.0139,0.2017,7.4880,3.5667,15.4333,26.0239,0.3642,2.7308
gbpusd+audusd+usdjpy,day_open,8,0.2000,ny1655,0,2313,0.4968,-0.2255,-46.3837,0.2921,-0.0949,1.0000,-0.0106,0.2052,7.4880,16.8833,22.2333,33.0297,0.1318,2.7308
gbpusd+audusd+usdjpy,day_open,8,0.2000,ny1655,25,2313,0.3256,-0.6617,-46.5483,0.2921,-0.2253,1.0000,-0.0707,0.2006,7.4880,1.2000,20.6000,17.8404,-0.5879,2.7308
gbpusd+audusd+usdjpy,day_open,8,0.2000,ny1655,30,2313,0.3627,-0.5600,-46.5422,0.2921,-0.2263,1.0000,-0.0614,0.2008,7.4880,1.9000,20.8600,21.6062,-0.3077,2.7308
gbpusd+audusd+usdjpy,day_open,8,0.2000,ny1655,40,2313,0.4112,-0.6064,-46.4922,0.2921,-0.1202,1.0000,-0.0527,0.2018,7.4880,3.5667,21.1633,25.5766,-0.3493,2.7308
gbpusd+audusd+usdjpy,day_open,8,0.3000,lon17,0,1023,0.4878,-0.6041,-45.9958,0.3637,-0.1575,1.0000,-0.0224,0.2097,3.3118,11.9500,17.4000,33.5188,-0.3855,7.9091
gbpusd+audusd+usdjpy,day_open,8,0.3000,lon17,25,1023,0.3314,0.3074,-46.1299,0.3637,0.0809,1.0000,0.0295,0.2058,3.3118,0.8367,15.4300,15.8771,0.7469,7.9091
gbpusd+audusd+usdjpy,day_open,8,0.3000,lon17,30,1023,0.3685,0.2429,-46.1408,0.3637,0.1616,1.0000,0.0200,0.2058,3.3118,1.4333,15.6000,20.6114,0.6640,7.9091
gbpusd+audusd+usdjpy,day_open,8,0.3000,lon17,40,1023,0.4008,-0.6091,-46.0769,0.3637,0.0050,1.0000,-0.0355,0.2077,3.3118,2.8033,16.0667,25.0286,-0.4242,7.9091
gbpusd+audusd+usdjpy,day_open,8,0.3000,ny11,0,1023,0.4897,-1.0373,-46.0009,0.3637,-0.2034,1.0000,-0.0365,0.2097,3.3118,10.9333,15.8667,34.0340,-0.7600,7.9091
gbpusd+audusd+usdjpy,day_open,8,0.3000,ny11,25,1023,0.3324,0.2363,-46.1299,0.3637,0.0426,1.0000,0.0200,0.2058,3.3118,0.8367,14.4333,15.4730,0.6745,7.9091
gbpusd+audusd+usdjpy,day_open,8,0.3000,ny11,30,1023,0.3715,0.3893,-46.1408,0.3637,0.1361,1.0000,0.0318,0.2058,3.3118,1.4333,14.6333,20.4959,0.7739,7.9091
gbpusd+audusd+usdjpy,day_open,8,0.3000,ny11,40,1023,0.4066,-0.6650,-46.0785,0.3637,-0.0348,1.0000,-0.0331,0.2077,3.3118,2.8033,15.0500,23.9826,-0.5112,7.9091
gbpusd+audusd+usdjpy,day_open,8,0.3000,ny1655,0,1023,0.4663,-1.1416,-45.9795,0.3637,-0.0867,1.0000,-0.0308,0.2121,3.3118,16.8667,22.0000,36.1017,-0.6983,7.9091
gbpusd+audusd+usdjpy,day_open,8,0.3000,ny1655,25,1023,0.3060,0.4877,-46.2212,0.3637,0.1613,1.0000,0.0437,0.2044,3.3118,0.8367,20.2400,13.8356,1.0745,7.9091
gbpusd+audusd+usdjpy,day_open,8,0.3000,ny1655,30,1023,0.3402,0.3207,-46.2296,0.3637,0.2459,1.0000,0.0245,0.2044,3.3118,1.4333,20.4767,20.0093,0.8855,7.9091
gbpusd+audusd+usdjpy,day_open,8,0.3000,ny1655,40,1023,0.3734,-0.8876,-46.1633,0.3637,0.0309,1.0000,-0.0415,0.2065,3.3118,2.8033,20.8333,23.7363,-0.6099,7.9091
gbpusd+audusd+usdjpy,day_open,8,0.4000,lon17,0,462,0.4848,0.5642,-45.1473,0.4241,-0.0335,1.0000,0.0130,0.2337,1.4957,11.8333,17.4333,37.1553,-0.2864,23.5000
gbpusd+audusd+usdjpy,day_open,8,0.4000,lon17,25,462,0.2944,-0.6832,-45.2384,0.4241,0.2107,1.0000,-0.0242,0.2294,1.4957,0.5167,14.9917,14.2671,-0.8266,23.5000
gbpusd+audusd+usdjpy,day_open,8,0.4000,lon17,30,462,0.3355,-0.0818,-45.2549,0.4241,0.1706,1.0000,-0.0033,0.2294,1.4957,0.7350,15.2167,18.7973,-0.2866,23.5000
gbpusd+audusd+usdjpy,day_open,8,0.4000,lon17,40,462,0.3680,-1.4994,-45.2137,0.4241,-0.0289,1.0000,-0.0380,0.2315,1.4957,1.4217,15.9667,22.5815,-2.1712,23.5000
gbpusd+audusd+usdjpy,day_open,8,0.4000,ny11,0,462,0.4784,0.1001,-45.1623,0.4241,-0.0994,1.0000,0.0022,0.2337,1.4957,10.8333,15.5167,35.2274,-0.5413,23.5000
gbpusd+audusd+usdjpy,day_open,8,0.4000,ny11,25,462,0.3009,-0.7743,-45.2424,0.4241,0.2014,1.0000,-0.0274,0.2294,1.4957,0.5167,14.1000,13.8958,-1.0593,23.5000
gbpusd+audusd+usdjpy,day_open,8,0.4000,ny11,30,462,0.3398,0.1284,-45.2629,0.4241,0.1375,1.0000,0.0047,0.2294,1.4957,0.7350,14.2767,19.1540,-0.0991,23.5000
gbpusd+audusd+usdjpy,day_open,8,0.4000,ny11,40,462,0.3788,-1.5065,-45.2270,0.4241,-0.0675,1.0000,-0.0376,0.2315,1.4957,1.4217,14.8667,23.5559,-2.1693,23.5000
gbpusd+audusd+usdjpy,day_open,8,0.4000,ny1655,0,462,0.4805,-0.6872,-45.0084,0.4241,-0.0170,1.0000,-0.0103,0.2417,1.4957,16.7500,21.9667,36.4915,-1.1846,23.5000
gbpusd+audusd+usdjpy,day_open,8,0.4000,ny1655,25,462,0.2684,-1.4215,-45.2356,0.4241,0.1713,1.0000,-0.0438,0.2304,1.4957,0.5167,20.0317,12.4419,-1.5675,23.5000
gbpusd+audusd+usdjpy,day_open,8,0.4000,ny1655,30,462,0.3139,-0.4453,-45.2500,0.4241,0.1196,1.0000,-0.0156,0.2304,1.4957,0.7350,20.3800,17.3355,-0.6422,23.5000
gbpusd+audusd+usdjpy,day_open,8,0.4000,ny1655,40,462,0.3593,-1.8969,-45.2094,0.4241,-0.1058,1.0000,-0.0429,0.2326,1.4957,1.4217,20.8000,22.6511,-2.4747,23.5000
gbpusd+audusd+usdjpy,day_open,10,0.1000,lon17,0,5601,0.5037,-0.4344,-46.8886,0.1226,-0.4476,1.0000,-0.0482,0.1971,18.1324,11.1000,17.8500,28.9904,-0.2859,1.1179
gbpusd+audusd+usdjpy,day_open,10,0.1000,lon17,25,5601,0.3637,-0.2563,-46.9479,0.1226,-0.2301,1.0000,-0.0449,0.1956,18.1324,1.6333,16.8167,19.1680,-0.0566,1.1179
gbpusd+audusd+usdjpy,day_open,10,0.1000,lon17,30,5601,0.3981,-0.2933,-46.9531,0.1226,-0.1859,1.0000,-0.0468,0.1955,18.1324,2.3667,16.9667,21.9502,-0.0843,1.1179
gbpusd+audusd+usdjpy,day_open,10,0.1000,lon17,40,5601,0.4415,-0.3043,-46.9404,0.1226,-0.2158,1.0000,-0.0437,0.1959,18.1324,4.6667,17.4167,25.4611,-0.1101,1.1179
gbpusd+audusd+usdjpy,day_open,10,0.1000,ny11,0,5601,0.5053,-0.5349,-46.9131,0.1226,-0.4303,1.0000,-0.0512,0.1966,18.1324,10.1000,16.7667,28.7370,-0.4065,1.1179
gbpusd+audusd+usdjpy,day_open,10,0.1000,ny11,25,5601,0.3724,-0.1151,-46.9738,0.1226,-0.2128,1.0000,-0.0231,0.1951,18.1324,1.6333,15.7167,19.3466,0.0957,1.1179
gbpusd+audusd+usdjpy,day_open,10,0.1000,ny11,30,5601,0.4049,-0.1036,-46.9790,0.1226,-0.1390,1.0000,-0.0199,0.1950,18.1324,2.3667,15.8333,21.6505,0.1467,1.1179
gbpusd+audusd+usdjpy,day_open,10,0.1000,ny11,40,5601,0.4471,-0.0970,-46.9667,0.1226,-0.1549,1.0000,-0.0165,0.1953,18.1324,4.7167,16.2833,24.6538,0.1548,1.1179
gbpusd+audusd+usdjpy,day_open,10,0.1000,ny1655,0,5601,0.4904,-0.8927,-46.7905,0.1226,-0.3953,1.0000,-0.0845,0.1999,18.1324,16.0167,22.6500,30.3936,-0.7763,1.1179
gbpusd+audusd+usdjpy,day_open,10,0.1000,ny1655,25,5601,0.3408,-0.4678,-46.8899,0.1226,-0.2393,1.0000,-0.0605,0.1973,18.1324,1.6333,21.4000,18.2443,-0.2302,1.1179
gbpusd+audusd+usdjpy,day_open,10,0.1000,ny1655,30,5601,0.3735,-0.6558,-46.8883,0.1226,-0.1839,1.0000,-0.0700,0.1975,18.1324,2.3667,21.6667,21.7387,-0.4020,1.1179
gbpusd+audusd+usdjpy,day_open,10,0.1000,ny1655,40,5601,0.4215,-0.7312,-46.8717,0.1226,-0.2237,1.0000,-0.0689,0.1979,18.1324,4.7167,22.0333,24.6662,-0.4956,1.1179
gbpusd+audusd+usdjpy,day_open,10,0.1500,lon17,0,4338,0.4949,0.0449,-47.1782,0.2012,-0.1770,1.0000,0.0050,0.1898,14.0436,10.1167,17.7167,29.6674,0.1959,1.5141
gbpusd+audusd+usdjpy,day_open,10,0.1500,lon17,25,4338,0.3543,-0.3012,-47.2381,0.2012,0.0295,1.0000,-0.0333,0.1882,14.0436,1.3833,16.1550,18.4210,-0.1534,1.5141
gbpusd+audusd+usdjpy,day_open,10,0.1500,lon17,30,4338,0.3880,-0.3858,-47.2388,0.2012,0.0691,1.0000,-0.0359,0.1883,14.0436,2.0833,16.4000,21.3519,-0.2358,1.5141
gbpusd+audusd+usdjpy,day_open,10,0.1500,lon17,40,4338,0.4299,-0.3421,-47.2234,0.2012,0.0979,1.0000,-0.0295,0.1887,14.0436,4.1000,16.8383,25.4774,-0.3159,1.5141
gbpusd+audusd+usdjpy,day_open,10,0.1500,ny11,0,4338,0.5021,-0.3675,-47.1922,0.2012,-0.2329,1.0000,-0.0324,0.1895,14.0436,8.9833,16.6167,29.2786,-0.2239,1.5141
gbpusd+audusd+usdjpy,day_open,10,0.1500,ny11,25,4338,0.3651,-0.2886,-47.2532,0.2012,0.0162,1.0000,-0.0370,0.1879,14.0436,1.3833,15.0667,18.6484,-0.1113,1.5141
gbpusd+audusd+usdjpy,day_open,10,0.1500,ny11,30,4338,0.3979,-0.3480,-47.2538,0.2012,0.0681,1.0000,-0.0379,0.1880,14.0436,2.0833,15.3000,21.6274,-0.1362,1.5141
gbpusd+audusd+usdjpy,day_open,10,0.1500,ny11,40,4338,0.4391,-0.2438,-47.2389,0.2012,0.0951,1.0000,-0.0239,0.1883,14.0436,4.1000,15.6000,24.8394,-0.1574,1.5141
gbpusd+audusd+usdjpy,day_open,10,0.1500,ny1655,0,4338,0.4880,-0.3078,-47.0650,0.2012,-0.2197,1.0000,-0.0317,0.1926,14.0436,14.9167,22.3333,31.0707,-0.1322,1.5141
gbpusd+audusd+usdjpy,day_open,10,0.1500,ny1655,25,4338,0.3338,-0.4773,-47.1854,0.2012,-0.0384,1.0000,-0.0555,0.1896,14.0436,1.3833,20.7833,17.9321,-0.2591,1.5141
gbpusd+audusd+usdjpy,day_open,10,0.1500,ny1655,30,4338,0.3704,-0.5491,-47.1787,0.2012,-0.0094,1.0000,-0.0539,0.1899,14.0436,2.0833,20.9717,21.3620,-0.3438,1.5141
gbpusd+audusd+usdjpy,day_open,10,0.1500,ny1655,40,4338,0.4161,-0.5608,-47.1531,0.2012,0.0188,1.0000,-0.0531,0.1904,14.0436,4.1000,21.2833,25.0510,-0.4531,1.5141
gbpusd+audusd+usdjpy,day_open,10,0.2000,lon17,0,3111,0.4947,0.4624,-47.0804,0.2150,-0.0847,1.0000,0.0472,0.1905,10.0714,9.7833,17.4500,29.6272,0.6777,2.0964
gbpusd+audusd+usdjpy,day_open,10,0.2000,lon17,25,3111,0.3507,-0.4835,-47.2036,0.2150,-0.0640,1.0000,-0.0673,0.1879,10.0714,1.2167,15.7333,18.7351,-0.4421,2.0964
gbpusd+audusd+usdjpy,day_open,10,0.2000,lon17,30,3111,0.3864,-0.4335,-47.2137,0.2150,-0.0540,1.0000,-0.0560,0.1877,10.0714,1.8333,16.0167,21.6218,-0.3174,2.0964
gbpusd+audusd+usdjpy,day_open,10,0.2000,lon17,40,3111,0.4282,-0.2664,-47.1584,0.2150,0.0363,1.0000,-0.0328,0.1887,10.0714,3.5667,16.3833,25.7568,-0.1618,2.0964
gbpusd+audusd+usdjpy,day_open,10,0.2000,ny11,0,3111,0.4969,0.0731,-47.0804,0.2150,-0.1840,1.0000,0.0062,0.1905,10.0714,8.7500,16.3000,29.9951,0.1724,2.0964
gbpusd+audusd+usdjpy,day_open,10,0.2000,ny11,25,3111,0.3578,-0.4388,-47.2057,0.2150,-0.0885,1.0000,-0.0643,0.1879,10.0714,1.2167,14.6667,19.1732,-0.4503,2.0964
gbpusd+audusd+usdjpy,day_open,10,0.2000,ny11,30,3111,0.3905,-0.4040,-47.2158,0.2150,-0.0644,1.0000,-0.0509,0.1877,10.0714,1.8333,14.9167,21.6516,-0.3016,2.0964
gbpusd+audusd+usdjpy,day_open,10,0.2000,ny11,40,3111,0.4320,-0.0884,-47.1605,0.2150,0.0078,1.0000,-0.0103,0.1887,10.0714,3.5667,15.2833,24.8898,-0.0176,2.0964
gbpusd+audusd+usdjpy,day_open,10,0.2000,ny1655,0,3111,0.4902,-0.1239,-46.9667,0.2150,-0.0774,1.0000,-0.0086,0.1932,10.0714,14.6833,21.9167,31.4815,0.1525,2.0964
gbpusd+audusd+usdjpy,day_open,10,0.2000,ny1655,25,3111,0.3295,-0.9007,-47.1587,0.2150,-0.1175,1.0000,-0.0936,0.1889,10.0714,1.2167,20.2667,17.5077,-0.8269,2.0964
gbpusd+audusd+usdjpy,day_open,10,0.2000,ny1655,30,3111,0.3652,-0.9220,-47.1595,0.2150,-0.1119,1.0000,-0.0830,0.1889,10.0714,1.8333,20.4500,20.7772,-0.7559,2.0964
gbpusd+audusd+usdjpy,day_open,10,0.2000,ny1655,40,3111,0.4124,-0.7974,-47.0991,0.2150,-0.0566,1.0000,-0.0804,0.1900,10.0714,3.5667,20.8667,24.7756,-0.6706,2.0964
gbpusd+audusd+usdjpy,day_open,10,0.3000,lon17,0,1476,0.4925,0.2640,-46.8667,0.3221,-0.1766,1.0000,0.0171,0.1921,4.7783,9.6500,17.1500,30.4230,0.5673,4.0370
gbpusd+audusd+usdjpy,day_open,10,0.3000,lon17,25,1476,0.3455,0.1274,-47.0179,0.3221,-0.0515,1.0000,0.0148,0.1887,4.7783,0.8750,15.2583,17.2128,0.6252,4.0370
gbpusd+audusd+usdjpy,day_open,10,0.3000,lon17,30,1476,0.3801,0.0625,-47.0072,0.3221,0.0354,1.0000,0.0069,0.1890,4.7783,1.3833,15.5500,20.8529,0.5671,4.0370
gbpusd+audusd+usdjpy,day_open,10,0.3000,lon17,40,1476,0.4180,-0.1878,-46.9348,0.3221,-0.1328,1.0000,-0.0179,0.1907,4.7783,2.7583,15.9667,24.7897,0.1231,4.0370
gbpusd+audusd+usdjpy,day_open,10,0.3000,ny11,0,1476,0.4919,-0.4585,-46.8697,0.3221,-0.2979,1.0000,-0.0262,0.1921,4.7783,8.5667,15.8333,31.3653,-0.3043,4.0370
gbpusd+audusd+usdjpy,day_open,10,0.3000,ny11,25,1476,0.3462,0.1986,-47.0179,0.3221,-0.0949,1.0000,0.0241,0.1887,4.7783,0.8750,14.2833,16.9344,0.6509,4.0370
gbpusd+audusd+usdjpy,day_open,10,0.3000,ny11,30,1476,0.3835,0.2744,-47.0072,0.3221,0.0038,1.0000,0.0320,0.1890,4.7783,1.3833,14.5750,21.2441,0.6708,4.0370
gbpusd+audusd+usdjpy,day_open,10,0.3000,ny11,40,1476,0.4241,-0.0814,-46.9357,0.3221,-0.1784,1.0000,-0.0078,0.1907,4.7783,2.7583,14.9667,24.6394,0.1058,4.0370
gbpusd+audusd+usdjpy,day_open,10,0.3000,ny1655,0,1476,0.4736,-0.0680,-46.8681,0.3221,-0.0637,1.0000,-0.0030,0.1931,4.7783,14.4833,21.4833,31.8153,0.3288,4.0370
gbpusd+audusd+usdjpy,day_open,10,0.3000,ny1655,25,1476,0.3205,0.1486,-47.0723,0.3221,0.0256,1.0000,0.0161,0.1879,4.7783,0.8750,19.4167,16.4979,0.7932,4.0370
gbpusd+audusd+usdjpy,day_open,10,0.3000,ny1655,30,1476,0.3523,-0.1028,-47.0564,0.3221,0.1331,1.0000,-0.0092,0.1882,4.7783,1.3833,19.9083,21.3608,0.5352,4.0370
gbpusd+audusd+usdjpy,day_open,10,0.3000,ny1655,40,1476,0.3916,-0.6433,-46.9966,0.3221,-0.0976,1.0000,-0.0394,0.1897,4.7783,2.7583,20.4500,23.5479,-0.2461,4.0370
gbpusd+audusd+usdjpy,day_open,10,0.4000,lon17,0,729,0.4691,-1.9709,-45.9108,0.3241,-0.2465,1.0000,-0.0590,0.2119,2.3600,9.5167,16.7333,35.2313,-2.1971,7.2222
gbpusd+audusd+usdjpy,day_open,10,0.4000,lon17,25,729,0.3004,-1.3014,-46.0670,0.3241,0.1344,1.0000,-0.0645,0.2071,2.3600,0.5800,14.3733,15.0693,-1.2451,7.2222
gbpusd+audusd+usdjpy,day_open,10,0.4000,lon17,30,729,0.3416,-0.5441,-46.0534,0.3241,0.0436,1.0000,-0.0302,0.2078,2.3600,0.8333,15.0133,19.1103,-0.3909,7.2222
gbpusd+audusd+usdjpy,day_open,10,0.4000,lon17,40,729,0.3731,-1.9998,-45.9936,0.3241,-0.1562,1.0000,-0.0687,0.2099,2.3600,1.4667,15.2167,22.9994,-2.1850,7.2222
gbpusd+audusd+usdjpy,day_open,10,0.4000,ny11,0,729,0.4540,-2.4580,-45.9171,0.3241,-0.3238,1.0000,-0.0680,0.2119,2.3600,8.4833,15.3167,32.2406,-2.6420,7.2222
gbpusd+audusd+usdjpy,day_open,10,0.4000,ny11,25,729,0.3018,-1.4023,-46.0684,0.3241,0.0788,1.0000,-0.0703,0.2071,2.3600,0.5800,13.3333,14.6666,-1.5059,7.2222
gbpusd+audusd+usdjpy,day_open,10,0.4000,ny11,30,729,0.3402,-0.4602,-46.0564,0.3241,-0.0256,1.0000,-0.0245,0.2078,2.3600,0.8333,14.0733,19.2759,-0.3945,7.2222
gbpusd+audusd+usdjpy,day_open,10,0.4000,ny11,40,729,0.3704,-2.2052,-45.9988,0.3241,-0.2434,1.0000,-0.0743,0.2099,2.3600,1.4667,14.2167,22.5744,-2.4745,7.2222
gbpusd+audusd+usdjpy,day_open,10,0.4000,ny1655,0,729,0.4540,-3.1509,-45.7462,0.3241,-0.2086,1.0000,-0.0666,0.2174,2.3600,14.4167,21.2667,34.0501,-3.2824,7.2222
gbpusd+audusd+usdjpy,day_open,10,0.4000,ny1655,25,729,0.2757,-1.6583,-46.0394,0.3241,0.0645,1.0000,-0.0785,0.2078,2.3600,0.5800,18.9167,13.1059,-1.6177,7.2222
gbpusd+audusd+usdjpy,day_open,10,0.4000,ny1655,30,729,0.3155,-0.8106,-46.0248,0.3241,-0.0500,1.0000,-0.0419,0.2085,2.3600,0.8333,19.4100,17.5237,-0.7285,7.2222
gbpusd+audusd+usdjpy,day_open,10,0.4000,ny1655,40,729,0.3580,-2.2725,-45.9572,0.3241,-0.2765,1.0000,-0.0722,0.2107,2.3600,1.4667,20.0367,22.8618,-2.4167,7.2222
gbpusd+audusd+usdjpy,prev_close,6,0.1000,lon17,0,4680,0.5002,-0.7527,-45.9527,0.1840,-0.5502,1.0000,-0.0745,0.2167,15.1508,14.1833,17.9833,30.7532,-0.7643,1.3910
gbpusd+audusd+usdjpy,prev_close,6,0.1000,lon17,25,4680,0.3479,-0.8327,-45.9955,0.1840,-0.4191,1.0000,-0.0806,0.2156,15.1508,1.5667,17.3667,18.7576,-0.8514,1.3910
gbpusd+audusd+usdjpy,prev_close,6,0.1000,lon17,30,4680,0.3874,-0.6275,-46.0059,0.1840,-0.4127,1.0000,-0.0730,0.2154,15.1508,2.3500,17.6350,21.9826,-0.5945,1.3910
gbpusd+audusd+usdjpy,prev_close,6,0.1000,lon17,40,4680,0.4306,-0.9002,-46.0028,0.1840,-0.4061,1.0000,-0.0756,0.2154,15.1508,4.6000,17.8000,26.0818,-0.9278,1.3910
gbpusd+audusd+usdjpy,prev_close,6,0.1000,ny11,0,4680,0.4968,-0.8660,-45.9622,0.1840,-0.5710,1.0000,-0.0761,0.2163,15.1508,13.1333,16.9667,30.2991,-0.9347,1.3910
gbpusd+audusd+usdjpy,prev_close,6,0.1000,ny11,25,4680,0.3528,-0.7433,-46.0057,0.1840,-0.4229,1.0000,-0.0750,0.2153,15.1508,1.5667,16.0850,19.3271,-0.7391,1.3910
gbpusd+audusd+usdjpy,prev_close,6,0.1000,ny11,30,4680,0.3895,-0.5061,-46.0160,0.1840,-0.4133,1.0000,-0.0633,0.2151,15.1508,2.3500,16.4833,22.1094,-0.4251,1.3910
gbpusd+audusd+usdjpy,prev_close,6,0.1000,ny11,40,4680,0.4314,-0.6975,-46.0129,0.1840,-0.3831,1.0000,-0.0674,0.2151,15.1508,4.6000,16.7500,25.2921,-0.6825,1.3910
gbpusd+audusd+usdjpy,prev_close,6,0.1000,ny1655,0,4680,0.4919,-0.8951,-45.9029,0.1840,-0.4737,1.0000,-0.0787,0.2190,15.1508,19.0500,22.9000,32.0638,-0.9416,1.3910
gbpusd+audusd+usdjpy,prev_close,6,0.1000,ny1655,25,4680,0.3288,-0.8750,-45.9552,0.1840,-0.4496,1.0000,-0.0813,0.2171,15.1508,1.5667,21.9350,18.2397,-0.8789,1.3910
gbpusd+audusd+usdjpy,prev_close,6,0.1000,ny1655,30,4680,0.3647,-0.8112,-45.9643,0.1840,-0.4047,1.0000,-0.0775,0.2170,15.1508,2.3500,22.4000,22.1703,-0.7833,1.3910
gbpusd+audusd+usdjpy,prev_close,6,0.1000,ny1655,40,4680,0.4130,-1.1112,-45.9597,0.1840,-0.4193,1.0000,-0.0792,0.2170,15.1508,4.6000,22.6500,26.3085,-1.1635,1.3910
gbpusd+audusd+usdjpy,prev_close,6,0.1500,lon17,0,3117,0.4941,-0.2134,-45.1588,0.2764,-0.3735,1.0000,-0.0181,0.2358,10.0908,13.8667,18.3967,32.0812,-0.2775,2.0488
gbpusd+audusd+usdjpy,prev_close,6,0.1500,lon17,25,3117,0.3417,-0.1223,-45.1875,0.2764,-0.2614,1.0000,-0.0161,0.2348,10.0908,1.2667,17.3500,18.8794,-0.2620,2.0488
gbpusd+audusd+usdjpy,prev_close,6,0.1500,lon17,30,3117,0.3805,0.0129,-45.2011,0.2764,-0.2168,1.0000,0.0018,0.2345,10.0908,1.9667,17.6333,22.0148,-0.0264,2.0488
gbpusd+audusd+usdjpy,prev_close,6,0.1500,lon17,40,3117,0.4206,-0.3240,-45.1992,0.2764,-0.1595,1.0000,-0.0369,0.2345,10.0908,4.1033,17.8167,26.3849,-0.4856,2.0488
gbpusd+audusd+usdjpy,prev_close,6,0.1500,ny11,0,3117,0.5018,-0.7222,-45.1606,0.2764,-0.4201,1.0000,-0.0516,0.2358,10.0908,12.8333,16.9833,32.0150,-0.8931,2.0488
gbpusd+audusd+usdjpy,prev_close,6,0.1500,ny11,25,3117,0.3484,-0.2493,-45.1885,0.2764,-0.2617,1.0000,-0.0284,0.2348,10.0908,1.2667,16.1167,18.8216,-0.3908,2.0488
gbpusd+audusd+usdjpy,prev_close,6,0.1500,ny11,30,3117,0.3866,-0.0847,-45.2019,0.2764,-0.2081,1.0000,-0.0108,0.2345,10.0908,1.9667,16.6167,22.1193,-0.1181,2.0488
gbpusd+audusd+usdjpy,prev_close,6,0.1500,ny11,40,3117,0.4267,-0.3620,-45.2000,0.2764,-0.1630,1.0000,-0.0385,0.2345,10.0908,4.1033,16.8000,25.8041,-0.5256,2.0488
gbpusd+audusd+usdjpy,prev_close,6,0.1500,ny1655,0,3117,0.4934,-0.9981,-45.0926,0.2764,-0.3808,1.0000,-0.0703,0.2387,10.0908,18.7667,22.9000,33.8670,-1.1064,2.0488
gbpusd+audusd+usdjpy,prev_close,6,0.1500,ny1655,25,3117,0.3227,-0.4536,-45.1538,0.2764,-0.3044,1.0000,-0.0529,0.2359,10.0908,1.2667,21.8733,18.1865,-0.5765,2.0488
gbpusd+audusd+usdjpy,prev_close,6,0.1500,ny1655,30,3117,0.3635,-0.3029,-45.1696,0.2764,-0.2829,1.0000,-0.0373,0.2356,10.0908,1.9667,22.3333,22.6899,-0.3159,2.0488
gbpusd+audusd+usdjpy,prev_close,6,0.1500,ny1655,40,3117,0.4090,-0.7226,-45.1560,0.2764,-0.2442,1.0000,-0.0697,0.2361,10.0908,4.1033,22.6500,26.8426,-0.8997,2.0488
gbpusd+audusd+usdjpy,prev_close,6,0.2000,lon17,0,1959,0.4972,0.7417,-44.8571,0.3163,-0.2111,1.0000,0.0789,0.2511,6.3420,13.7667,20.0000,32.4846,0.5899,3.5938
gbpusd+audusd+usdjpy,prev_close,6,0.2000,lon17,25,1959,0.3359,0.1595,-44.9045,0.3163,-0.2960,1.0000,0.0182,0.2493,6.3420,0.9500,17.5833,19.2010,-0.2688,3.5938
gbpusd+audusd+usdjpy,prev_close,6,0.2000,lon17,30,1959,0.3737,0.1277,-44.9228,0.3163,-0.2359,1.0000,0.0161,0.2488,6.3420,1.4000,17.7367,22.5247,-0.1169,3.5938
gbpusd+audusd+usdjpy,prev_close,6,0.2000,lon17,40,1959,0.4140,-0.0236,-44.9031,0.3163,-0.1142,1.0000,-0.0021,0.2491,6.3420,3.0167,17.9367,27.0291,-0.4096,3.5938
gbpusd+audusd+usdjpy,prev_close,6,0.2000,ny11,0,1959,0.4952,0.1285,-44.8615,0.3163,-0.3423,1.0000,0.0102,0.2511,6.3420,12.7333,19.9500,32.0564,-0.1272,3.5938
gbpusd+audusd+usdjpy,prev_close,6,0.2000,ny11,25,1959,0.3389,0.1169,-44.9067,0.3163,-0.3185,1.0000,0.0137,0.2493,6.3420,0.9333,16.5667,19.1597,-0.3487,3.5938
gbpusd+audusd+usdjpy,prev_close,6,0.2000,ny11,30,1959,0.3716,0.0767,-44.9247,0.3163,-0.2597,1.0000,0.0085,0.2488,6.3420,1.3800,16.7033,22.4012,-0.1788,3.5938
gbpusd+audusd+usdjpy,prev_close,6,0.2000,ny11,40,1959,0.4099,-0.0311,-44.9050,0.3163,-0.1627,1.0000,-0.0030,0.2491,6.3420,3.0167,16.9033,26.1570,-0.4798,3.5938
gbpusd+audusd+usdjpy,prev_close,6,0.2000,ny1655,0,1959,0.5013,0.3107,-44.8367,0.3163,-0.1500,1.0000,0.0238,0.2532,6.3420,18.6833,23.7333,34.5184,0.1523,3.5938
gbpusd+audusd+usdjpy,prev_close,6,0.2000,ny1655,25,1959,0.3180,-0.1879,-44.8916,0.3163,-0.2885,1.0000,-0.0192,0.2496,6.3420,0.9500,22.2000,18.4752,-0.6515,3.5938
gbpusd+audusd+usdjpy,prev_close,6,0.2000,ny1655,30,1959,0.3558,-0.1030,-44.9067,0.3163,-0.2333,1.0000,-0.0098,0.2494,6.3420,1.4000,22.5333,22.8055,-0.3881,3.5938
gbpusd+audusd+usdjpy,prev_close,6,0.2000,ny1655,40,1959,0.3997,-0.5002,-44.8928,0.3163,-0.1419,1.0000,-0.0358,0.2495,6.3420,3.0333,22.7000,26.6158,-0.9482,3.5938
gbpusd+audusd+usdjpy,prev_close,6,0.3000,lon17,0,906,0.5110,1.9706,-43.5383,0.3733,-0.2271,1.0000,0.1435,0.2830,2.9330,13.7833,23.7500,35.5028,1.5993,8.7143
gbpusd+audusd+usdjpy,prev_close,6,0.3000,lon17,25,906,0.3433,1.7676,-43.5700,0.3733,-0.1498,1.0000,0.2218,0.2808,2.9330,0.8333,17.9833,19.0691,1.3699,8.7143
gbpusd+audusd+usdjpy,prev_close,6,0.3000,lon17,30,906,0.3731,1.2688,-43.5813,0.3733,-0.0980,1.0000,0.1293,0.2797,2.9330,1.1750,21.0417,21.6218,0.8015,8.7143
gbpusd+audusd+usdjpy,prev_close,6,0.3000,lon17,40,906,0.4128,0.9950,-43.5672,0.3733,-0.2154,1.0000,0.0768,0.2802,2.9330,2.6000,22.3667,26.0915,0.5521,8.7143
gbpusd+audusd+usdjpy,prev_close,6,0.3000,ny11,0,906,0.5132,1.2784,-43.5442,0.3733,-0.2965,1.0000,0.0704,0.2830,2.9330,12.7000,23.7500,35.4283,0.9705,8.7143
gbpusd+audusd+usdjpy,prev_close,6,0.3000,ny11,25,906,0.3444,1.1630,-43.5700,0.3733,-0.2024,1.0000,0.1315,0.2808,2.9330,0.8333,17.7833,17.0607,0.7468,8.7143
gbpusd+audusd+usdjpy,prev_close,6,0.3000,ny11,30,906,0.3764,0.9087,-43.5813,0.3733,-0.1442,1.0000,0.0873,0.2797,2.9330,1.1750,21.0417,20.8501,0.3975,8.7143
gbpusd+audusd+usdjpy,prev_close,6,0.3000,ny11,40,906,0.4194,0.5256,-43.5690,0.3733,-0.2544,1.0000,0.0393,0.2802,2.9330,2.6000,22.3667,24.3902,0.0363,8.7143
gbpusd+audusd+usdjpy,prev_close,6,0.3000,ny1655,0,906,0.5155,3.0260,-43.4663,0.3733,-0.0913,1.0000,0.1279,0.2873,2.9330,18.6667,23.9667,37.8598,2.7942,8.7143
gbpusd+audusd+usdjpy,prev_close,6,0.3000,ny1655,25,906,0.3344,2.7115,-43.5485,0.3733,-0.0719,1.0000,0.3264,0.2813,2.9330,0.8333,22.6417,18.7976,2.4247,8.7143
gbpusd+audusd+usdjpy,prev_close,6,0.3000,ny1655,30,906,0.3631,2.1903,-43.5505,0.3733,-0.0408,1.0000,0.2098,0.2808,2.9330,1.1750,22.8833,21.5929,1.7374,8.7143
gbpusd+audusd+usdjpy,prev_close,6,0.3000,ny1655,40,906,0.4062,1.9621,-43.5330,0.3733,-0.1508,1.0000,0.1347,0.2813,2.9330,2.6000,23.2250,25.9957,1.5030,8.7143
gbpusd+audusd+usdjpy,prev_close,6,0.4000,lon17,0,456,0.5000,-1.1913,-43.2779,0.2378,-0.0065,1.0000,-0.0360,0.3089,1.4762,13.7333,23.9000,38.5158,-2.0445,37.0000
gbpusd+audusd+usdjpy,prev_close,6,0.4000,lon17,25,456,0.3289,0.2779,-43.2881,0.2378,0.0552,1.0000,0.0160,0.3045,1.4762,0.4583,22.0750,19.5224,-0.1171,37.0000
gbpusd+audusd+usdjpy,prev_close,6,0.4000,lon17,30,456,0.3596,-0.2962,-43.3075,0.2378,0.1127,1.0000,-0.0165,0.3034,1.4762,0.8333,22.2917,21.3270,-0.7800,37.0000
gbpusd+audusd+usdjpy,prev_close,6,0.4000,lon17,40,456,0.3882,-2.0201,-43.2337,0.2378,0.0130,1.0000,-0.0709,0.3078,1.4762,1.4667,23.1000,26.9393,-2.6890,37.0000
gbpusd+audusd+usdjpy,prev_close,6,0.4000,ny11,0,456,0.4868,-1.5093,-43.2839,0.2378,-0.0666,1.0000,-0.0439,0.3089,1.4762,12.6167,23.9000,36.3945,-2.2316,37.0000
gbpusd+audusd+usdjpy,prev_close,6,0.4000,ny11,25,456,0.3268,0.0196,-43.2905,0.2378,0.0657,1.0000,0.0011,0.3045,1.4762,0.4583,21.5833,19.2546,-0.4189,37.0000
gbpusd+audusd+usdjpy,prev_close,6,0.4000,ny11,30,456,0.3596,-0.0919,-43.3094,0.2378,0.1083,1.0000,-0.0052,0.3034,1.4762,0.8333,22.2917,21.7950,-0.5300,37.0000
gbpusd+audusd+usdjpy,prev_close,6,0.4000,ny11,40,456,0.3904,-2.1309,-43.2381,0.2378,0.0065,1.0000,-0.0728,0.3078,1.4762,1.4667,23.1000,25.3318,-2.7206,37.0000
gbpusd+audusd+usdjpy,prev_close,6,0.4000,ny1655,0,456,0.4912,-0.5582,-43.2707,0.2378,0.0367,1.0000,-0.0103,0.3110,1.4762,18.5667,24.0000,41.9162,-1.1000,37.0000
gbpusd+audusd+usdjpy,prev_close,6,0.4000,ny1655,25,456,0.2961,0.3170,-43.3480,0.2378,0.0795,1.0000,0.0171,0.3024,1.4762,0.4583,22.8583,15.9377,-0.0662,37.0000
gbpusd+audusd+usdjpy,prev_close,6,0.4000,ny1655,30,456,0.3311,0.1417,-43.3678,0.2378,0.1252,1.0000,0.0073,0.3013,1.4762,0.8333,23.0333,20.7041,-0.4743,37.0000
gbpusd+audusd+usdjpy,prev_close,6,0.4000,ny1655,40,456,0.3640,-1.6391,-43.2831,0.2378,0.0186,1.0000,-0.0503,0.3056,1.4762,1.4667,23.4750,24.7607,-2.3450,37.0000
gbpusd+audusd+usdjpy,prev_close,8,0.1000,lon17,0,5124,0.4994,-0.6578,-46.2660,0.1835,-0.5613,1.0000,-0.0656,0.2102,16.5881,13.2667,17.9833,30.0004,-0.6356,1.2459
gbpusd+audusd+usdjpy,prev_close,8,0.1000,lon17,25,5124,0.3505,-0.7797,-46.3063,0.1835,-0.3931,1.0000,-0.0788,0.2092,16.5881,1.7000,17.1500,18.8411,-0.7591,1.2459
gbpusd+audusd+usdjpy,prev_close,8,0.1000,lon17,30,5124,0.3899,-0.5445,-46.3164,0.1835,-0.3861,1.0000,-0.0692,0.2090,16.5881,2.4717,17.4833,21.8249,-0.4635,1.2459
gbpusd+audusd+usdjpy,prev_close,8,0.1000,lon17,40,5124,0.4327,-0.7573,-46.3139,0.1835,-0.3740,1.0000,-0.0720,0.2090,16.5881,4.7383,17.7500,25.7176,-0.7198,1.2459
gbpusd+audusd+usdjpy,prev_close,8,0.1000,ny11,0,5124,0.4965,-0.7452,-46.2757,0.1835,-0.5652,1.0000,-0.0703,0.2099,16.5881,12.2333,16.9500,29.6087,-0.7690,1.2459
gbpusd+audusd+usdjpy,prev_close,8,0.1000,ny11,25,5124,0.3556,-0.6842,-46.3168,0.1835,-0.3960,1.0000,-0.0739,0.2089,16.5881,1.7000,15.9333,19.2645,-0.6421,1.2459
gbpusd+audusd+usdjpy,prev_close,8,0.1000,ny11,30,5124,0.3925,-0.4206,-46.3270,0.1835,-0.3800,1.0000,-0.0594,0.2087,16.5881,2.4717,16.2833,21.9429,-0.2993,1.2459
gbpusd+audusd+usdjpy,prev_close,8,0.1000,ny11,40,5124,0.4340,-0.5496,-46.3249,0.1835,-0.3408,1.0000,-0.0612,0.2087,16.5881,4.7383,16.6667,24.7222,-0.4747,1.2459
gbpusd+audusd+usdjpy,prev_close,8,0.1000,ny1655,0,5124,0.4899,-0.8720,-46.1985,0.1835,-0.4872,1.0000,-0.0797,0.2126,16.5881,18.1667,22.8833,31.5419,-0.8987,1.2459
gbpusd+audusd+usdjpy,prev_close,8,0.1000,ny1655,25,5124,0.3306,-0.8975,-46.2547,0.1835,-0.4201,1.0000,-0.0814,0.2108,16.5881,1.7000,21.7833,18.1611,-0.8640,1.2459
gbpusd+audusd+usdjpy,prev_close,8,0.1000,ny1655,30,5124,0.3665,-0.8200,-46.2632,0.1835,-0.3726,1.0000,-0.0776,0.2108,16.5881,2.4717,22.1500,21.8407,-0.7404,1.2459
gbpusd+audusd+usdjpy,prev_close,8,0.1000,ny1655,40,5124,0.4147,-1.0445,-46.2591,0.1835,-0.3901,1.0000,-0.0776,0.2108,16.5881,4.7383,22.5500,25.4537,-1.0355,1.2459
gbpusd+audusd+usdjpy,prev_close,8,0.1500,lon17,0,3651,0.4963,-0.0755,-45.8351,0.2289,-0.2712,1.0000,-0.0074,0.2190,11.8195,12.5833,17.9833,31.4119,-0.1389,1.7925
gbpusd+audusd+usdjpy,prev_close,8,0.1500,lon17,25,3651,0.3476,-0.1581,-45.8836,0.2289,-0.1880,1.0000,-0.0194,0.2175,11.8195,1.3667,16.9500,18.8171,-0.2985,1.7925
gbpusd+audusd+usdjpy,prev_close,8,0.1500,lon17,30,3651,0.3856,-0.0283,-45.8940,0.2289,-0.1287,1.0000,-0.0035,0.2173,11.8195,2.1167,17.4333,21.7859,-0.0965,1.7925
gbpusd+audusd+usdjpy,prev_close,8,0.1500,lon17,40,3651,0.4254,-0.3229,-45.8835,0.2289,-0.0520,1.0000,-0.0330,0.2176,11.8195,4.1667,17.7333,26.1867,-0.5185,1.7925
gbpusd+audusd+usdjpy,prev_close,8,0.1500,ny11,0,3651,0.5021,-0.5294,-45.8357,0.2289,-0.3272,1.0000,-0.0421,0.2190,11.8195,11.5833,16.9667,31.4866,-0.6348,1.7925
gbpusd+audusd+usdjpy,prev_close,8,0.1500,ny11,25,3651,0.3528,-0.2900,-45.8846,0.2289,-0.1934,1.0000,-0.0354,0.2175,11.8195,1.3667,15.7333,18.7948,-0.4032,1.7925
gbpusd+audusd+usdjpy,prev_close,8,0.1500,ny11,30,3651,0.3903,-0.1355,-45.8949,0.2289,-0.1196,1.0000,-0.0162,0.2173,11.8195,2.1167,16.1833,21.8306,-0.1589,1.7925
gbpusd+audusd+usdjpy,prev_close,8,0.1500,ny11,40,3651,0.4300,-0.3899,-45.8851,0.2289,-0.0599,1.0000,-0.0380,0.2176,11.8195,4.1667,16.6500,25.3580,-0.5455,1.7925
gbpusd+audusd+usdjpy,prev_close,8,0.1500,ny1655,0,3651,0.4925,-0.6486,-45.7808,0.2289,-0.3160,1.0000,-0.0537,0.2210,11.8195,17.5000,22.8833,33.1072,-0.7069,1.7925
gbpusd+audusd+usdjpy,prev_close,8,0.1500,ny1655,25,3651,0.3273,-0.3877,-45.8689,0.2289,-0.2541,1.0000,-0.0470,0.2180,11.8195,1.3667,21.3667,18.3020,-0.4850,1.7925
gbpusd+audusd+usdjpy,prev_close,8,0.1500,ny1655,30,3651,0.3670,-0.2439,-45.8803,0.2289,-0.2291,1.0000,-0.0277,0.2179,11.8195,2.1167,21.9000,22.3583,-0.2684,1.7925
gbpusd+audusd+usdjpy,prev_close,8,0.1500,ny1655,40,3651,0.4119,-0.5586,-45.8571,0.2289,-0.1686,1.0000,-0.0532,0.2185,11.8195,4.1667,22.4500,26.4433,-0.7207,1.7925
gbpusd+audusd+usdjpy,prev_close,8,0.2000,lon17,0,2487,0.5002,0.8726,-45.5311,0.2688,-0.1335,1.0000,0.0864,0.2286,8.0513,12.0433,18.6433,32.2733,0.9908,2.9592
gbpusd+audusd+usdjpy,prev_close,8,0.2000,lon17,25,2487,0.3478,0.4511,-45.6016,0.2688,-0.2149,1.0000,0.0631,0.2264,8.0513,1.1667,16.9500,20.2073,0.2883,2.9592
gbpusd+audusd+usdjpy,prev_close,8,0.2000,lon17,30,2487,0.3844,0.4208,-45.6146,0.2688,-0.1485,1.0000,0.0628,0.2262,8.0513,1.7667,17.5000,22.9029,0.3789,2.9592
gbpusd+audusd+usdjpy,prev_close,8,0.2000,lon17,40,2487,0.4250,0.3514,-45.5857,0.2688,-0.0614,1.0000,0.0394,0.2268,8.0513,3.3933,17.7400,26.8696,0.3062,2.9592
gbpusd+audusd+usdjpy,prev_close,8,0.2000,ny11,0,2487,0.4982,0.2516,-45.5314,0.2688,-0.2737,1.0000,0.0198,0.2286,8.0513,10.9700,16.9900,31.3618,0.2670,2.9592
gbpusd+audusd+usdjpy,prev_close,8,0.2000,ny11,25,2487,0.3506,0.2674,-45.6019,0.2688,-0.2650,1.0000,0.0347,0.2264,8.0513,1.1500,15.7333,19.9186,0.0751,2.9592
gbpusd+audusd+usdjpy,prev_close,8,0.2000,ny11,30,2487,0.3832,0.2279,-45.6146,0.2688,-0.1969,1.0000,0.0297,0.2262,8.0513,1.7667,16.4367,22.8631,0.1879,2.9592
gbpusd+audusd+usdjpy,prev_close,8,0.2000,ny11,40,2487,0.4218,0.2495,-45.5857,0.2688,-0.1271,1.0000,0.0276,0.2268,8.0513,3.3933,16.7000,26.5004,0.1674,2.9592
gbpusd+audusd+usdjpy,prev_close,8,0.2000,ny1655,0,2487,0.5030,0.1933,-45.5097,0.2688,-0.1274,1.0000,0.0126,0.2301,8.0513,16.9267,22.8900,33.2883,0.3053,2.9592
gbpusd+audusd+usdjpy,prev_close,8,0.2000,ny1655,25,2487,0.3305,-0.0190,-45.6125,0.2688,-0.2401,1.0000,-0.0023,0.2262,8.0513,1.1667,21.3167,19.2258,-0.2114,2.9592
gbpusd+audusd+usdjpy,prev_close,8,0.2000,ny1655,30,2487,0.3671,0.0226,-45.6151,0.2688,-0.2011,1.0000,0.0025,0.2264,8.0513,1.7933,21.9800,22.9348,-0.0235,2.9592
gbpusd+audusd+usdjpy,prev_close,8,0.2000,ny1655,40,2487,0.4117,-0.1879,-45.5906,0.2688,-0.1336,1.0000,-0.0171,0.2269,8.0513,3.4333,22.4833,26.2529,-0.2789,2.9592
gbpusd+audusd+usdjpy,prev_close,8,0.3000,lon17,0,1209,0.5079,1.3486,-44.5779,0.3549,-0.1166,1.0000,0.0899,0.2543,3.9139,12.0500,22.4500,33.9697,1.1852,8.0000
gbpusd+audusd+usdjpy,prev_close,8,0.3000,lon17,25,1209,0.3499,2.2550,-44.6136,0.3549,0.1133,1.0000,0.3672,0.2526,3.9139,0.9333,17.5567,19.6876,2.0165,8.0000
gbpusd+audusd+usdjpy,prev_close,8,0.3000,lon17,30,1209,0.3830,1.9685,-44.6259,0.3549,0.1238,1.0000,0.2090,0.2518,3.9139,1.5500,17.8200,22.5744,1.6858,8.0000
gbpusd+audusd+usdjpy,prev_close,8,0.3000,lon17,40,1209,0.4202,1.5975,-44.6090,0.3549,0.0004,1.0000,0.1783,0.2522,3.9139,2.9533,18.6833,25.9706,1.3022,8.0000
gbpusd+audusd+usdjpy,prev_close,8,0.3000,ny11,0,1209,0.5136,0.7955,-44.5818,0.3549,-0.1868,1.0000,0.0482,0.2543,3.9139,11.0500,22.4500,34.8945,0.6505,8.0000
gbpusd+audusd+usdjpy,prev_close,8,0.3000,ny11,25,1209,0.3524,1.8775,-44.6136,0.3549,0.0439,1.0000,0.2644,0.2526,3.9139,0.9333,16.6833,18.8836,1.6299,8.0000
gbpusd+audusd+usdjpy,prev_close,8,0.3000,ny11,30,1209,0.3871,1.7712,-44.6259,0.3549,0.0643,1.0000,0.2026,0.2518,3.9139,1.5500,16.9167,21.9970,1.4705,8.0000
gbpusd+audusd+usdjpy,prev_close,8,0.3000,ny11,40,1209,0.4268,1.2135,-44.6102,0.3549,-0.0661,1.0000,0.1276,0.2522,3.9139,2.9533,17.9833,25.0438,0.8757,8.0000
gbpusd+audusd+usdjpy,prev_close,8,0.3000,ny1655,0,1209,0.4971,1.1954,-44.5615,0.3549,-0.0504,1.0000,0.0495,0.2565,3.9139,16.9667,23.8500,36.4674,1.1933,8.0000
gbpusd+audusd+usdjpy,prev_close,8,0.3000,ny1655,25,1209,0.3325,2.5080,-44.6286,0.3549,0.1540,1.0000,0.2740,0.2523,3.9139,0.9333,22.0533,19.0424,2.3929,8.0000
gbpusd+audusd+usdjpy,prev_close,8,0.3000,ny1655,30,1209,0.3615,1.9962,-44.6317,0.3549,0.1485,1.0000,0.1625,0.2519,3.9139,1.5500,22.4500,21.6506,1.8068,8.0000
gbpusd+audusd+usdjpy,prev_close,8,0.3000,ny1655,40,1209,0.4012,1.3996,-44.6129,0.3549,0.0113,1.0000,0.1123,0.2524,3.9139,2.9533,22.6667,25.6921,1.1290,8.0000
gbpusd+audusd+usdjpy,prev_close,8,0.4000,lon17,0,588,0.4932,-1.4056,-43.4729,0.3685,-0.1296,1.0000,-0.0548,0.2957,1.9036,12.1167,23.8500,35.8578,-2.4128,24.5000
gbpusd+audusd+usdjpy,prev_close,8,0.4000,lon17,25,588,0.3197,-0.5729,-43.4611,0.3685,-0.0028,1.0000,-0.0346,0.2932,1.9036,0.5500,18.1733,18.4702,-1.0898,24.5000
gbpusd+audusd+usdjpy,prev_close,8,0.4000,lon17,30,588,0.3554,-0.7784,-43.4757,0.3685,0.0299,1.0000,-0.0487,0.2923,1.9036,0.9783,20.2000,20.3000,-1.3452,24.5000
gbpusd+audusd+usdjpy,prev_close,8,0.4000,lon17,40,588,0.3895,-2.0174,-43.4403,0.3685,-0.0665,1.0000,-0.0764,0.2949,1.9036,1.7067,21.8833,26.5100,-2.6723,24.5000
gbpusd+audusd+usdjpy,prev_close,8,0.4000,ny11,0,588,0.4779,-1.7628,-43.4796,0.3685,-0.1894,1.0000,-0.0668,0.2957,1.9036,10.9833,23.8500,34.5271,-2.7837,24.5000
gbpusd+audusd+usdjpy,prev_close,8,0.4000,ny11,25,588,0.3197,-0.4956,-43.4636,0.3685,0.0184,1.0000,-0.0286,0.2932,1.9036,0.5500,17.6517,18.2640,-1.1378,24.5000
gbpusd+audusd+usdjpy,prev_close,8,0.4000,ny11,30,588,0.3520,-0.5269,-43.4789,0.3685,0.0290,1.0000,-0.0297,0.2923,1.9036,0.9783,20.0000,20.9636,-1.1379,24.5000
gbpusd+audusd+usdjpy,prev_close,8,0.4000,ny11,40,588,0.3895,-2.0074,-43.4460,0.3685,-0.0710,1.0000,-0.0738,0.2949,1.9036,1.7067,20.9000,24.6376,-2.6939,24.5000
gbpusd+audusd+usdjpy,prev_close,8,0.4000,ny1655,0,588,0.4881,-1.0402,-43.5728,0.3685,-0.0344,1.0000,-0.0238,0.2972,1.9036,16.9833,23.9667,36.6117,-1.6908,24.5000
gbpusd+audusd+usdjpy,prev_close,8,0.4000,ny1655,25,588,0.2891,-0.6747,-43.5352,0.3685,-0.0103,1.0000,-0.0348,0.2923,1.9036,0.5500,22.6417,13.9141,-1.0575,24.5000
gbpusd+audusd+usdjpy,prev_close,8,0.4000,ny1655,30,588,0.3333,-0.3992,-43.5483,0.3685,0.0323,1.0000,-0.0219,0.2915,1.9036,0.9783,22.7667,18.6195,-0.9369,24.5000
gbpusd+audusd+usdjpy,prev_close,8,0.4000,ny1655,40,588,0.3724,-1.7792,-43.5073,0.3685,-0.0492,1.0000,-0.0592,0.2940,1.9036,1.7067,22.9400,24.1744,-2.3517,24.5000
gbpusd+audusd+usdjpy,prev_close,10,0.1000,lon17,0,5643,0.5045,-0.0943,-46.6302,0.1190,-0.5226,1.0000,-0.0134,0.2020,18.2683,11.2833,17.9500,29.1817,-0.0437,1.1168
gbpusd+audusd+usdjpy,prev_close,10,0.1000,lon17,25,5643,0.3599,-0.4057,-46.6721,0.1190,-0.3029,1.0000,-0.0536,0.2011,18.2683,1.6833,16.9333,18.9549,-0.3312,1.1168
gbpusd+audusd+usdjpy,prev_close,10,0.1000,lon17,30,5643,0.3991,-0.1191,-46.6806,0.1190,-0.3090,1.0000,-0.0216,0.2010,18.2683,2.4833,17.3167,21.7640,-0.0038,1.1168
gbpusd+audusd+usdjpy,prev_close,10,0.1000,lon17,40,5643,0.4402,-0.2564,-46.6782,0.1190,-0.3031,1.0000,-0.0352,0.2010,18.2683,4.7200,17.6833,25.3457,-0.1912,1.1168
gbpusd+audusd+usdjpy,prev_close,10,0.1000,ny11,0,5643,0.5020,-0.2032,-46.6391,0.1190,-0.5150,1.0000,-0.0246,0.2018,18.2683,10.2000,16.9167,28.7908,-0.1797,1.1168
gbpusd+audusd+usdjpy,prev_close,10,0.1000,ny11,25,5643,0.3649,-0.2910,-46.6821,0.1190,-0.3101,1.0000,-0.0424,0.2009,18.2683,1.6833,15.8333,19.3466,-0.1883,1.1168
gbpusd+audusd+usdjpy,prev_close,10,0.1000,ny11,30,5643,0.4014,0.0106,-46.6907,0.1190,-0.3088,1.0000,0.0023,0.2007,18.2683,2.4833,16.0333,21.8816,0.1748,1.1168
gbpusd+audusd+usdjpy,prev_close,10,0.1000,ny11,40,5643,0.4421,-0.0616,-46.6888,0.1190,-0.2756,1.0000,-0.0107,0.2007,18.2683,4.7200,16.5000,24.4461,0.0584,1.1168
gbpusd+audusd+usdjpy,prev_close,10,0.1000,ny1655,0,5643,0.4926,-0.3850,-46.5363,0.1190,-0.4354,1.0000,-0.0476,0.2048,18.2683,16.2000,22.8667,30.6363,-0.3868,1.1168
gbpusd+audusd+usdjpy,prev_close,10,0.1000,ny1655,25,5643,0.3383,-0.5354,-46.5982,0.1190,-0.3363,1.0000,-0.0622,0.2032,18.2683,1.6833,21.7000,18.1288,-0.4450,1.1168
gbpusd+audusd+usdjpy,prev_close,10,0.1000,ny1655,30,5643,0.3746,-0.3984,-46.6048,0.1190,-0.3079,1.0000,-0.0492,0.2031,18.2683,2.4833,21.9167,21.6973,-0.2817,1.1168
gbpusd+audusd+usdjpy,prev_close,10,0.1000,ny1655,40,5643,0.4214,-0.5732,-46.6009,0.1190,-0.3188,1.0000,-0.0556,0.2031,18.2683,4.7200,22.4133,25.0570,-0.5335,1.1168
gbpusd+audusd+usdjpy,prev_close,10,0.1500,lon17,0,4407,0.4924,-0.4256,-46.7185,0.1934,-0.2934,1.0000,-0.0408,0.1995,14.2670,10.1167,17.9333,30.2242,-0.4459,1.4930
gbpusd+audusd+usdjpy,prev_close,10,0.1500,lon17,25,4407,0.3515,-0.4304,-46.7825,0.1934,-0.1403,1.0000,-0.0555,0.1978,14.2670,1.3333,16.3833,18.5627,-0.4625,1.4930
gbpusd+audusd+usdjpy,prev_close,10,0.1500,lon17,30,4407,0.3862,-0.4950,-46.7889,0.1934,-0.0913,1.0000,-0.0633,0.1978,14.2670,2.0933,16.8733,21.3528,-0.5136,1.4930
gbpusd+audusd+usdjpy,prev_close,10,0.1500,lon17,40,4407,0.4268,-0.6348,-46.7783,0.1934,-0.0218,1.0000,-0.0714,0.1980,14.2670,4.1167,17.4833,25.5204,-0.7761,1.4930
gbpusd+audusd+usdjpy,prev_close,10,0.1500,ny11,0,4407,0.5015,-0.7370,-46.7305,0.1934,-0.3336,1.0000,-0.0581,0.1991,14.2670,9.0000,16.8633,29.9782,-0.7835,1.4930
gbpusd+audusd+usdjpy,prev_close,10,0.1500,ny11,25,4407,0.3608,-0.5086,-46.7824,0.1934,-0.1728,1.0000,-0.0611,0.1978,14.2670,1.3333,15.2833,18.7671,-0.5178,1.4930
gbpusd+audusd+usdjpy,prev_close,10,0.1500,ny11,30,4407,0.3948,-0.5524,-46.7887,0.1934,-0.1082,1.0000,-0.0645,0.1978,14.2670,2.0933,15.7167,21.5251,-0.5222,1.4930
gbpusd+audusd+usdjpy,prev_close,10,0.1500,ny11,40,4407,0.4348,-0.6334,-46.7787,0.1934,-0.0477,1.0000,-0.0688,0.1980,14.2670,4.1167,16.2467,24.8916,-0.7393,1.4930
gbpusd+audusd+usdjpy,prev_close,10,0.1500,ny1655,0,4407,0.4851,-0.9289,-46.6326,0.1934,-0.3119,1.0000,-0.0749,0.2018,14.2670,14.9833,22.7733,31.7728,-0.9372,1.4930
gbpusd+audusd+usdjpy,prev_close,10,0.1500,ny1655,25,4407,0.3311,-0.5767,-46.7474,0.1934,-0.1887,1.0000,-0.0708,0.1987,14.2670,1.3333,21.0000,18.1533,-0.5384,1.4930
gbpusd+audusd+usdjpy,prev_close,10,0.1500,ny1655,30,4407,0.3671,-0.6309,-46.7543,0.1934,-0.1736,1.0000,-0.0733,0.1988,14.2670,2.0933,21.3667,21.3669,-0.5798,1.4930
gbpusd+audusd+usdjpy,prev_close,10,0.1500,ny1655,40,4407,0.4118,-0.8381,-46.7375,0.1934,-0.1148,1.0000,-0.0846,0.1992,14.2670,4.1167,22.0333,25.2327,-0.9095,1.4930
gbpusd+audusd+usdjpy,prev_close,10,0.2000,lon17,0,3225,0.4958,0.6918,-46.6967,0.2427,-0.1444,1.0000,0.0860,0.2005,10.4404,9.7833,17.9167,30.6484,0.8027,2.1235
gbpusd+audusd+usdjpy,prev_close,10,0.2000,lon17,25,3225,0.3507,0.0219,-46.7673,0.2427,-0.1390,1.0000,0.0026,0.1988,10.4404,1.1833,16.2767,19.2258,-0.0945,2.1235
gbpusd+audusd+usdjpy,prev_close,10,0.2000,lon17,30,3225,0.3851,-0.0568,-46.7802,0.2427,-0.0885,1.0000,-0.0069,0.1986,10.4404,1.7733,16.6833,21.6333,-0.1146,2.1235
gbpusd+audusd+usdjpy,prev_close,10,0.2000,lon17,40,3225,0.4270,-0.0021,-46.7540,0.2427,-0.0085,1.0000,-0.0002,0.1991,10.4404,3.4500,17.3000,25.8354,-0.0589,2.1235
gbpusd+audusd+usdjpy,prev_close,10,0.2000,ny11,0,3225,0.4958,0.1862,-46.6966,0.2427,-0.2365,1.0000,0.0183,0.2005,10.4404,8.7500,16.8167,30.2168,0.1965,2.1235
gbpusd+audusd+usdjpy,prev_close,10,0.2000,ny11,25,3225,0.3566,-0.0989,-46.7692,0.2427,-0.1678,1.0000,-0.0113,0.1988,10.4404,1.1667,15.1000,19.2526,-0.2402,2.1235
gbpusd+audusd+usdjpy,prev_close,10,0.2000,ny11,30,3225,0.3879,-0.1864,-46.7819,0.2427,-0.1105,1.0000,-0.0217,0.1986,10.4404,1.7733,15.5000,21.9393,-0.2435,2.1235
gbpusd+audusd+usdjpy,prev_close,10,0.2000,ny11,40,3225,0.4276,-0.0173,-46.7557,0.2427,-0.0476,1.0000,-0.0020,0.1991,10.4404,3.4500,16.2167,24.8898,-0.1043,2.1235
gbpusd+audusd+usdjpy,prev_close,10,0.2000,ny1655,0,3225,0.4964,0.1414,-46.6363,0.2427,-0.1070,1.0000,0.0119,0.2022,10.4404,14.6667,22.7333,31.4419,0.2541,2.1235
gbpusd+audusd+usdjpy,prev_close,10,0.2000,ny1655,25,3225,0.3327,-0.4197,-46.7620,0.2427,-0.1463,1.0000,-0.0429,0.1990,10.4404,1.1833,20.7833,18.4177,-0.5253,2.1235
gbpusd+audusd+usdjpy,prev_close,10,0.2000,ny1655,30,3225,0.3690,-0.4338,-46.7633,0.2427,-0.1330,1.0000,-0.0437,0.1992,10.4404,1.8067,21.0967,21.7590,-0.4810,2.1235
gbpusd+audusd+usdjpy,prev_close,10,0.2000,ny1655,40,3225,0.4146,-0.4928,-46.7349,0.2427,-0.0902,1.0000,-0.0485,0.1996,10.4404,3.5000,21.6833,25.2892,-0.5558,2.1235
gbpusd+audusd+usdjpy,prev_close,10,0.3000,lon17,0,1644,0.5012,0.5756,-45.3535,0.3280,-0.1753,1.0000,0.0479,0.2299,5.3222,9.7267,18.9500,31.5100,0.5733,4.4800
gbpusd+audusd+usdjpy,prev_close,10,0.3000,lon17,25,1644,0.3546,1.3679,-45.3964,0.3280,-0.0260,1.0000,0.2046,0.2284,5.3222,0.9717,16.6250,19.2100,1.4675,4.4800
gbpusd+audusd+usdjpy,prev_close,10,0.3000,lon17,30,1644,0.3863,0.9845,-45.4102,0.3280,-0.0481,1.0000,0.1115,0.2278,5.3222,1.5550,17.0500,21.7950,1.0734,4.4800
gbpusd+audusd+usdjpy,prev_close,10,0.3000,lon17,40,1644,0.4227,0.6597,-45.3959,0.3280,-0.1334,1.0000,0.0732,0.2281,5.3222,2.7383,17.6833,25.0738,0.6845,4.4800
gbpusd+audusd+usdjpy,prev_close,10,0.3000,ny11,0,1644,0.5024,-0.2305,-45.3545,0.3280,-0.3168,1.0000,-0.0178,0.2299,5.3222,8.6367,18.5183,32.1984,-0.3960,4.4800
gbpusd+audusd+usdjpy,prev_close,10,0.3000,ny11,25,1644,0.3571,1.2014,-45.3964,0.3280,-0.1163,1.0000,0.1610,0.2284,5.3222,0.9717,15.3667,18.9343,1.2114,4.4800
gbpusd+audusd+usdjpy,prev_close,10,0.3000,ny11,30,1644,0.3899,0.9556,-45.4102,0.3280,-0.1283,1.0000,0.1156,0.2278,5.3222,1.5550,16.1867,21.4971,0.9366,4.4800
gbpusd+audusd+usdjpy,prev_close,10,0.3000,ny11,40,1644,0.4276,0.5175,-45.3962,0.3280,-0.2084,1.0000,0.0550,0.2281,5.3222,2.7383,16.7450,24.4574,0.4181,4.4800
gbpusd+audusd+usdjpy,prev_close,10,0.3000,ny1655,0,1644,0.4884,0.4920,-45.3226,0.3280,-0.0677,1.0000,0.0295,0.2319,5.3222,14.5533,23.1117,33.5763,0.5858,4.4800
gbpusd+audusd+usdjpy,prev_close,10,0.3000,ny1655,25,1644,0.3339,1.4152,-45.4055,0.3280,0.0334,1.0000,0.1631,0.2283,5.3222,0.9717,20.9117,18.9031,1.6394,4.4800
gbpusd+audusd+usdjpy,prev_close,10,0.3000,ny1655,30,1644,0.3619,0.7840,-45.4102,0.3280,-0.0044,1.0000,0.0647,0.2280,5.3222,1.5550,21.3067,21.6344,0.9611,4.4800
gbpusd+audusd+usdjpy,prev_close,10,0.3000,ny1655,40,1644,0.4027,0.3730,-45.3919,0.3280,-0.0989,1.0000,0.0296,0.2284,5.3222,2.7383,22.0233,24.5353,0.4385,4.4800
gbpusd+audusd+usdjpy,prev_close,10,0.4000,lon17,0,831,0.4813,-3.3024,-44.2258,0.3237,-0.2989,1.0000,-0.0918,0.2580,2.6902,9.7333,22.2667,34.3095,-3.7602,6.4000
gbpusd+audusd+usdjpy,prev_close,10,0.4000,lon17,25,831,0.3213,-1.4309,-44.2448,0.3237,-0.0651,1.0000,-0.0812,0.2562,2.6902,0.5500,17.7833,18.1865,-1.6568,6.4000
gbpusd+audusd+usdjpy,prev_close,10,0.4000,lon17,30,831,0.3598,-1.0296,-44.2585,0.3237,-0.0636,1.0000,-0.0750,0.2556,2.6902,0.9833,17.9167,20.4959,-1.2499,6.4000
gbpusd+audusd+usdjpy,prev_close,10,0.4000,lon17,40,831,0.3911,-2.5019,-44.2129,0.3237,-0.1718,1.0000,-0.0954,0.2574,2.6902,1.6833,18.6167,25.9706,-2.8573,6.4000
gbpusd+audusd+usdjpy,prev_close,10,0.4000,ny11,0,831,0.4669,-3.3473,-44.2273,0.3237,-0.3348,1.0000,-0.0882,0.2580,2.6902,8.6833,22.2667,33.4772,-3.7375,6.4000
gbpusd+audusd+usdjpy,prev_close,10,0.4000,ny11,25,831,0.3201,-1.2878,-44.2455,0.3237,-0.0755,1.0000,-0.0706,0.2562,2.6902,0.5500,16.8167,19.1267,-1.5960,6.4000
gbpusd+audusd+usdjpy,prev_close,10,0.4000,ny11,30,831,0.3550,-0.7669,-44.2592,0.3237,-0.0853,1.0000,-0.0554,0.2556,2.6902,0.9833,16.9167,21.0295,-1.0184,6.4000
gbpusd+audusd+usdjpy,prev_close,10,0.4000,ny11,40,831,0.3863,-2.3822,-44.2140,0.3237,-0.1977,1.0000,-0.0892,0.2574,2.6902,1.6833,17.9667,24.4831,-2.7724,6.4000
gbpusd+audusd+usdjpy,prev_close,10,0.4000,ny1655,0,831,0.4705,-3.4986,-44.2748,0.3237,-0.2229,1.0000,-0.0830,0.2594,2.6902,14.6333,23.8000,34.4854,-3.7939,6.4000
gbpusd+audusd+usdjpy,prev_close,10,0.4000,ny1655,25,831,0.2924,-1.8938,-44.2957,0.3237,-0.1329,1.0000,-0.0851,0.2556,2.6902,0.5500,21.2333,14.2028,-2.0764,6.4000
gbpusd+audusd+usdjpy,prev_close,10,0.4000,ny1655,30,831,0.3357,-1.1335,-44.3088,0.3237,-0.1171,1.0000,-0.0696,0.2550,2.6902,0.9833,22.2667,19.2045,-1.4279,6.4000
gbpusd+audusd+usdjpy,prev_close,10,0.4000,ny1655,40,831,0.3718,-2.7450,-44.2587,0.3237,-0.2018,1.0000,-0.0904,0.2570,2.6902,1.6833,22.5667,24.2925,-3.0833,6.4000
gbpusd+nzdusd+usdjpy,day_open,6,0.1000,lon17,0,4659,0.4851,-1.5562,-46.2181,0.2693,-0.4517,1.0000,-0.1036,0.2138,15.0828,14.1333,17.9500,29.2668,-1.3638,1.3354
gbpusd+nzdusd+usdjpy,day_open,6,0.1000,lon17,25,4659,0.3408,-1.3078,-46.2870,0.2693,-0.3557,1.0000,-0.1004,0.2120,15.0828,1.6167,17.2000,17.6669,-1.0378,1.3354
gbpusd+nzdusd+usdjpy,day_open,6,0.1000,lon17,30,4659,0.3763,-1.4036,-46.2909,0.2693,-0.3062,1.0000,-0.1037,0.2116,15.0828,2.3500,17.4667,20.7846,-1.1018,1.3354
gbpusd+nzdusd+usdjpy,day_open,6,0.1000,lon17,40,4659,0.4203,-1.6014,-46.2658,0.2693,-0.3811,1.0000,-0.1094,0.2123,15.0828,5.2333,17.7200,24.1057,-1.3033,1.3354
gbpusd+nzdusd+usdjpy,day_open,6,0.1000,ny11,0,4659,0.4904,-1.6665,-46.2267,0.2693,-0.4631,1.0000,-0.0982,0.2135,15.0828,13.1167,16.9000,29.0463,-1.5517,1.3354
gbpusd+nzdusd+usdjpy,day_open,6,0.1000,ny11,25,4659,0.3505,-1.2423,-46.2969,0.2693,-0.3845,1.0000,-0.1028,0.2116,15.0828,1.6167,16.1167,17.7455,-0.9667,1.3354
gbpusd+nzdusd+usdjpy,day_open,6,0.1000,ny11,30,4659,0.3853,-1.1988,-46.3008,0.2693,-0.3181,1.0000,-0.1025,0.2113,15.0828,2.3500,16.3033,20.8349,-0.8670,1.3354
gbpusd+nzdusd+usdjpy,day_open,6,0.1000,ny11,40,4659,0.4271,-1.3435,-46.2757,0.2693,-0.3505,1.0000,-0.1062,0.2120,15.0828,5.2333,16.6500,24.0276,-1.0486,1.3354
gbpusd+nzdusd+usdjpy,day_open,6,0.1000,ny1655,0,4659,0.4883,-1.3132,-46.1742,0.2693,-0.4117,1.0000,-0.0881,0.2159,15.0828,19.0500,22.8000,31.1529,-1.0869,1.3354
gbpusd+nzdusd+usdjpy,day_open,6,0.1000,ny1655,25,4659,0.3301,-1.1890,-46.2715,0.2693,-0.3390,1.0000,-0.0910,0.2129,15.0828,1.6167,21.9167,17.3554,-0.9199,1.3354
gbpusd+nzdusd+usdjpy,day_open,6,0.1000,ny1655,30,4659,0.3672,-1.3526,-46.2753,0.2693,-0.3227,1.0000,-0.0941,0.2126,15.0828,2.3500,22.1500,20.9716,-1.0601,1.3354
gbpusd+nzdusd+usdjpy,day_open,6,0.1000,ny1655,40,4659,0.4145,-1.6828,-46.2344,0.2693,-0.3992,1.0000,-0.0988,0.2137,15.0828,5.2333,22.5000,24.5725,-1.3618,1.3354
gbpusd+nzdusd+usdjpy,day_open,6,0.1500,lon17,0,3135,0.4922,-1.1719,-45.7406,0.3124,-0.3864,1.0000,-0.0716,0.2225,10.1491,13.9167,17.8333,30.3085,-0.8756,1.9222
gbpusd+nzdusd+usdjpy,day_open,6,0.1500,lon17,25,3135,0.3372,-1.4333,-45.8037,0.3124,-0.2667,1.0000,-0.0987,0.2206,10.1491,1.3333,16.5833,17.1473,-1.2154,1.9222
gbpusd+nzdusd+usdjpy,day_open,6,0.1500,lon17,30,3135,0.3758,-1.3932,-45.8129,0.3124,-0.2465,1.0000,-0.0989,0.2202,10.1491,2.0333,16.9167,20.6691,-1.0769,1.9222
gbpusd+nzdusd+usdjpy,day_open,6,0.1500,lon17,40,3135,0.4226,-1.5099,-45.7781,0.3124,-0.3054,1.0000,-0.0982,0.2214,10.1491,4.4900,17.2167,24.9866,-1.2405,1.9222
gbpusd+nzdusd+usdjpy,day_open,6,0.1500,ny11,0,3135,0.4884,-1.8474,-45.7548,0.3124,-0.4306,1.0000,-0.0930,0.2220,10.1491,12.9000,16.7667,30.7879,-1.6740,1.9222
gbpusd+nzdusd+usdjpy,day_open,6,0.1500,ny11,25,3135,0.3400,-1.5111,-45.8183,0.3124,-0.2773,1.0000,-0.0954,0.2201,10.1491,1.3333,15.4500,17.7247,-1.2685,1.9222
gbpusd+nzdusd+usdjpy,day_open,6,0.1500,ny11,30,3135,0.3770,-1.4102,-45.8275,0.3124,-0.2567,1.0000,-0.0900,0.2198,10.1491,2.0333,15.7833,21.4377,-1.0859,1.9222
gbpusd+nzdusd+usdjpy,day_open,6,0.1500,ny11,40,3135,0.4195,-1.5333,-45.7926,0.3124,-0.2700,1.0000,-0.0900,0.2209,10.1491,4.4900,16.2000,24.1591,-1.2618,1.9222
gbpusd+nzdusd+usdjpy,day_open,6,0.1500,ny1655,0,3135,0.4931,-1.2997,-45.7456,0.3124,-0.2708,1.0000,-0.0712,0.2231,10.1491,18.8167,22.6167,32.0547,-1.0075,1.9222
gbpusd+nzdusd+usdjpy,day_open,6,0.1500,ny1655,25,3135,0.3231,-1.4900,-45.8086,0.3124,-0.2714,1.0000,-0.0989,0.2208,10.1491,1.3333,21.2433,16.5122,-1.3216,1.9222
gbpusd+nzdusd+usdjpy,day_open,6,0.1500,ny1655,30,3135,0.3633,-1.5690,-45.8261,0.3124,-0.2686,1.0000,-0.0998,0.2203,10.1491,2.0333,21.5167,20.1495,-1.2786,1.9222
gbpusd+nzdusd+usdjpy,day_open,6,0.1500,ny1655,40,3135,0.4105,-1.8312,-45.7890,0.3124,-0.3203,1.0000,-0.1018,0.2215,10.1491,4.4900,21.9467,24.5725,-1.5799,1.9222
gbpusd+nzdusd+usdjpy,day_open,6,0.2000,lon17,0,1968,0.4837,-1.2512,-46.2116,0.3136,-0.1538,1.0000,-0.0785,0.2157,6.3711,13.6667,17.6500,30.8019,-1.0768,2.7609
gbpusd+nzdusd+usdjpy,day_open,6,0.2000,lon17,25,1968,0.3359,-1.2821,-46.3237,0.3136,-0.0849,1.0000,-0.0888,0.2126,6.3711,1.1333,16.2167,18.0422,-0.9280,2.7609
gbpusd+nzdusd+usdjpy,day_open,6,0.2000,lon17,30,1968,0.3704,-1.4425,-46.3283,0.3136,-0.1459,1.0000,-0.0951,0.2126,6.3711,1.6783,16.5833,20.9578,-1.1626,2.7609
gbpusd+nzdusd+usdjpy,day_open,6,0.2000,lon17,40,1968,0.4090,-2.0398,-46.2827,0.3136,-0.1901,1.0000,-0.1055,0.2139,6.3711,3.5950,16.9167,24.9219,-1.7347,2.7609
gbpusd+nzdusd+usdjpy,day_open,6,0.2000,ny11,0,1968,0.4837,-1.6723,-46.2156,0.3136,-0.2829,1.0000,-0.1003,0.2157,6.3711,12.6500,16.4500,31.2162,-1.6195,2.7609
gbpusd+nzdusd+usdjpy,day_open,6,0.2000,ny11,25,1968,0.3349,-1.3359,-46.3237,0.3136,-0.1177,1.0000,-0.0929,0.2126,6.3711,1.1333,15.0667,17.9571,-0.9635,2.7609
gbpusd+nzdusd+usdjpy,day_open,6,0.2000,ny11,30,1968,0.3689,-1.3657,-46.3283,0.3136,-0.1681,1.0000,-0.0921,0.2126,6.3711,1.6783,15.3050,21.1139,-1.0828,2.7609
gbpusd+nzdusd+usdjpy,day_open,6,0.2000,ny11,40,1968,0.4085,-1.9129,-46.2827,0.3136,-0.1981,1.0000,-0.1028,0.2139,6.3711,3.5950,15.7883,24.1424,-1.6354,2.7609
gbpusd+nzdusd+usdjpy,day_open,6,0.2000,ny1655,0,1968,0.4878,-1.8824,-46.1649,0.3136,-0.1663,1.0000,-0.0892,0.2180,6.3711,18.5667,22.3667,33.1380,-1.6558,2.7609
gbpusd+nzdusd+usdjpy,day_open,6,0.2000,ny1655,25,1968,0.3191,-1.5212,-46.2880,0.3136,-0.1639,1.0000,-0.0899,0.2139,6.3711,1.1333,20.8333,16.9064,-1.2516,2.7609
gbpusd+nzdusd+usdjpy,day_open,6,0.2000,ny1655,30,1968,0.3562,-1.7671,-46.3081,0.3136,-0.2018,1.0000,-0.0966,0.2138,6.3711,1.6783,21.0667,21.0457,-1.4739,2.7609
gbpusd+nzdusd+usdjpy,day_open,6,0.2000,ny1655,40,1968,0.3989,-2.5518,-46.2633,0.3136,-0.2356,1.0000,-0.1052,0.2151,6.3711,3.5950,21.5983,23.8472,-2.2613,2.7609
gbpusd+nzdusd+usdjpy,day_open,6,0.3000,lon17,0,768,0.4805,1.0201,-45.6985,0.3762,-0.3833,1.0000,0.0404,0.2265,2.4863,13.7000,17.2000,34.3849,0.6667,6.6000
gbpusd+nzdusd+usdjpy,day_open,6,0.3000,lon17,25,768,0.3138,-0.4898,-45.7515,0.3762,-0.3303,1.0000,-0.0225,0.2252,2.4863,0.7833,15.8767,16.9567,-0.3734,6.6000
gbpusd+nzdusd+usdjpy,day_open,6,0.3000,lon17,30,768,0.3359,-1.0584,-45.7515,0.3762,-0.3570,1.0000,-0.0422,0.2252,2.4863,1.1333,15.9500,18.0999,-0.8516,6.6000
gbpusd+nzdusd+usdjpy,day_open,6,0.3000,lon17,40,768,0.3711,-2.2341,-45.7153,0.3762,-0.4992,1.0000,-0.0721,0.2265,2.4863,2.4917,16.4667,23.5051,-2.0219,6.6000
gbpusd+nzdusd+usdjpy,day_open,6,0.3000,ny11,0,768,0.4779,0.4714,-45.7131,0.3762,-0.4016,1.0000,0.0175,0.2265,2.4863,12.6000,16.0333,34.6686,0.1897,6.6000
gbpusd+nzdusd+usdjpy,day_open,6,0.3000,ny11,25,768,0.3203,-0.5197,-45.7515,0.3762,-0.2992,1.0000,-0.0236,0.2252,2.4863,0.7833,14.9000,17.0677,-0.5371,6.6000
gbpusd+nzdusd+usdjpy,day_open,6,0.3000,ny11,30,768,0.3438,-1.0223,-45.7515,0.3762,-0.3290,1.0000,-0.0395,0.2252,2.4863,1.1333,14.9333,18.3167,-0.9951,6.6000
gbpusd+nzdusd+usdjpy,day_open,6,0.3000,ny11,40,768,0.3724,-2.5370,-45.7202,0.3762,-0.4621,1.0000,-0.0741,0.2265,2.4863,2.4917,15.0333,23.5272,-2.4577,6.6000
gbpusd+nzdusd+usdjpy,day_open,6,0.3000,ny1655,0,768,0.4688,0.3493,-45.5308,0.3762,-0.2828,1.0000,0.0131,0.2333,2.4863,18.5167,22.0667,36.1803,0.2174,6.6000
gbpusd+nzdusd+usdjpy,day_open,6,0.3000,ny1655,25,768,0.2917,-0.3671,-45.7163,0.3762,-0.2728,1.0000,-0.0142,0.2268,2.4863,0.7833,20.7833,12.7883,-0.2600,6.6000
gbpusd+nzdusd+usdjpy,day_open,6,0.3000,ny1655,30,768,0.3164,-1.0023,-45.7163,0.3762,-0.2811,1.0000,-0.0319,0.2268,2.4863,1.1333,20.8500,15.6751,-0.6939,6.6000
gbpusd+nzdusd+usdjpy,day_open,6,0.3000,ny1655,40,768,0.3503,-2.4814,-45.6682,0.3762,-0.4279,1.0000,-0.0675,0.2281,2.4863,2.4917,21.0000,22.8750,-2.2319,6.6000
gbpusd+nzdusd+usdjpy,day_open,6,0.4000,lon17,0,330,0.4879,2.6795,-43.8800,0.3277,-0.1437,1.0000,0.0893,0.2589,1.0683,13.7483,17.0367,33.7633,2.7421,36.0000
gbpusd+nzdusd+usdjpy,day_open,6,0.4000,lon17,25,330,0.2758,-2.9136,-43.9201,0.3277,-0.1559,1.0000,-0.0916,0.2589,1.0683,0.3333,15.2167,15.2132,-2.6076,36.0000
gbpusd+nzdusd+usdjpy,day_open,6,0.4000,lon17,30,330,0.3000,-3.8458,-43.9201,0.3277,-0.1538,1.0000,-0.0979,0.2589,1.0683,0.4650,15.4533,17.8173,-3.3615,36.0000
gbpusd+nzdusd+usdjpy,day_open,6,0.4000,lon17,40,330,0.3394,-3.8790,-43.8927,0.3277,-0.2222,1.0000,-0.0973,0.2589,1.0683,1.0617,15.9000,23.0189,-4.0588,36.0000
gbpusd+nzdusd+usdjpy,day_open,6,0.4000,ny11,0,330,0.4879,1.8156,-43.9201,0.3277,-0.2942,1.0000,0.0448,0.2589,1.0683,12.7300,15.3350,33.1303,2.0967,36.0000
gbpusd+nzdusd+usdjpy,day_open,6,0.4000,ny11,25,330,0.2909,-2.7029,-43.9201,0.3277,-0.2499,1.0000,-0.0699,0.2589,1.0683,0.3333,14.1850,16.4421,-2.5982,36.0000
gbpusd+nzdusd+usdjpy,day_open,6,0.4000,ny11,30,330,0.3152,-3.7425,-43.9201,0.3277,-0.2480,1.0000,-0.0811,0.2589,1.0683,0.4650,14.7333,17.5932,-3.3882,36.0000
gbpusd+nzdusd+usdjpy,day_open,6,0.4000,ny11,40,330,0.3606,-4.0246,-43.9201,0.3277,-0.3207,1.0000,-0.0867,0.2589,1.0683,1.0617,14.8667,22.1641,-4.1658,36.0000
gbpusd+nzdusd+usdjpy,day_open,6,0.4000,ny1655,0,330,0.5061,4.0793,-43.7061,0.3277,-0.0922,1.0000,0.0817,0.2646,1.0683,18.6467,21.3067,36.8182,3.6915,36.0000
gbpusd+nzdusd+usdjpy,day_open,6,0.4000,ny1655,25,330,0.2515,-2.7408,-43.8800,0.3277,-0.2063,1.0000,-0.0783,0.2589,1.0683,0.3333,20.1000,10.1036,-2.8176,36.0000
gbpusd+nzdusd+usdjpy,day_open,6,0.4000,ny1655,30,330,0.2788,-3.7863,-43.8564,0.3277,-0.1938,1.0000,-0.0900,0.2589,1.0683,0.4650,20.6350,12.9904,-3.6906,36.0000
gbpusd+nzdusd+usdjpy,day_open,6,0.4000,ny1655,40,330,0.3303,-3.1481,-43.8355,0.3277,-0.2914,1.0000,-0.0730,0.2589,1.0683,1.0617,20.7917,18.8216,-3.7609,36.0000
gbpusd+nzdusd+usdjpy,day_open,8,0.1000,lon17,0,5154,0.4853,-1.4802,-46.5416,0.2455,-0.4624,1.0000,-0.0958,0.2055,16.6853,13.2167,17.9500,28.8920,-1.2240,1.2486
gbpusd+nzdusd+usdjpy,day_open,8,0.1000,lon17,25,5154,0.3452,-1.2992,-46.6277,0.2455,-0.3422,1.0000,-0.0957,0.2033,16.6853,1.7167,17.1333,17.9747,-0.9820,1.2486
gbpusd+nzdusd+usdjpy,day_open,8,0.1000,lon17,30,5154,0.3799,-1.4470,-46.6247,0.2455,-0.2892,1.0000,-0.1016,0.2032,16.6853,2.5000,17.3500,20.8399,-1.1156,1.2486
gbpusd+nzdusd+usdjpy,day_open,8,0.1000,lon17,40,5154,0.4226,-1.6874,-46.6004,0.2455,-0.3674,1.0000,-0.1044,0.2038,16.6853,5.1217,17.6833,23.9611,-1.3782,1.2486
gbpusd+nzdusd+usdjpy,day_open,8,0.1000,ny11,0,5154,0.4915,-1.6139,-46.5509,0.2455,-0.4735,1.0000,-0.0956,0.2052,16.6853,12.2000,16.8833,28.5610,-1.4344,1.2486
gbpusd+nzdusd+usdjpy,day_open,8,0.1000,ny11,25,5154,0.3547,-1.2109,-46.6383,0.2455,-0.3703,1.0000,-0.0980,0.2030,16.6853,1.7167,16.0000,17.8979,-0.8947,1.2486
gbpusd+nzdusd+usdjpy,day_open,8,0.1000,ny11,30,5154,0.3882,-1.2306,-46.6353,0.2455,-0.2985,1.0000,-0.0999,0.2029,16.6853,2.5000,16.2167,20.8976,-0.8772,1.2486
gbpusd+nzdusd+usdjpy,day_open,8,0.1000,ny11,40,5154,0.4292,-1.4323,-46.6114,0.2455,-0.3384,1.0000,-0.1044,0.2035,16.6853,5.1217,16.6000,23.9435,-1.1292,1.2486
gbpusd+nzdusd+usdjpy,day_open,8,0.1000,ny1655,0,5154,0.4866,-1.3274,-46.4721,0.2455,-0.4196,1.0000,-0.0811,0.2079,16.6853,18.1383,22.7500,30.5752,-1.0721,1.2486
gbpusd+nzdusd+usdjpy,day_open,8,0.1000,ny1655,25,5154,0.3329,-1.2003,-46.5985,0.2455,-0.3178,1.0000,-0.0854,0.2044,16.6853,1.7167,21.7783,17.4994,-0.8866,1.2486
gbpusd+nzdusd+usdjpy,day_open,8,0.1000,ny1655,30,5154,0.3698,-1.4123,-46.5954,0.2455,-0.3049,1.0000,-0.0925,0.2044,16.6853,2.5000,22.0667,20.9433,-1.0899,1.2486
gbpusd+nzdusd+usdjpy,day_open,8,0.1000,ny1655,40,5154,0.4158,-1.7941,-46.5515,0.2455,-0.3807,1.0000,-0.1001,0.2055,16.6853,5.1217,22.4000,24.3267,-1.4617,1.2486
gbpusd+nzdusd+usdjpy,day_open,8,0.1500,lon17,0,3654,0.4929,-1.2023,-46.2013,0.3145,-0.2412,1.0000,-0.0740,0.2089,11.8293,12.6050,17.8000,29.5134,-0.8919,1.7870
gbpusd+nzdusd+usdjpy,day_open,8,0.1500,lon17,25,3654,0.3443,-1.2264,-46.2930,0.3145,-0.1094,1.0000,-0.0906,0.2065,11.8293,1.4667,16.4333,17.5492,-0.9630,1.7870
gbpusd+nzdusd+usdjpy,day_open,8,0.1500,lon17,30,3654,0.3820,-1.2155,-46.2928,0.3145,-0.0700,1.0000,-0.0897,0.2065,11.8293,2.2550,16.7450,20.6795,-0.8915,1.7870
gbpusd+nzdusd+usdjpy,day_open,8,0.1500,lon17,40,3654,0.4264,-1.4064,-46.2571,0.3145,-0.1067,1.0000,-0.0920,0.2074,11.8293,4.2717,17.1400,24.8021,-1.1267,1.7870
gbpusd+nzdusd+usdjpy,day_open,8,0.1500,ny11,0,3654,0.4912,-1.7274,-46.2159,0.3145,-0.2885,1.0000,-0.0912,0.2085,11.8293,11.4717,16.7117,29.8326,-1.5085,1.7870
gbpusd+nzdusd+usdjpy,day_open,8,0.1500,ny11,25,3654,0.3487,-1.2404,-46.3085,0.3145,-0.1355,1.0000,-0.0913,0.2061,11.8293,1.4667,15.2833,17.9457,-0.9498,1.7870
gbpusd+nzdusd+usdjpy,day_open,8,0.1500,ny11,30,3654,0.3853,-1.1444,-46.3083,0.3145,-0.0915,1.0000,-0.0877,0.2061,11.8293,2.2550,15.6117,21.4282,-0.8025,1.7870
gbpusd+nzdusd+usdjpy,day_open,8,0.1500,ny11,40,3654,0.4258,-1.3145,-46.2731,0.3145,-0.0879,1.0000,-0.0902,0.2070,11.8293,4.2717,16.0000,24.1751,-1.0313,1.7870
gbpusd+nzdusd+usdjpy,day_open,8,0.1500,ny1655,0,3654,0.4951,-1.1561,-46.2000,0.3145,-0.1576,1.0000,-0.0666,0.2097,11.8293,17.4667,22.5333,31.5574,-0.8551,1.7870
gbpusd+nzdusd+usdjpy,day_open,8,0.1500,ny1655,25,3654,0.3314,-1.1853,-46.2976,0.3145,-0.1063,1.0000,-0.0857,0.2067,11.8293,1.4667,21.0667,17.0744,-0.9978,1.7870
gbpusd+nzdusd+usdjpy,day_open,8,0.1500,ny1655,30,3654,0.3711,-1.2712,-46.3044,0.3145,-0.0896,1.0000,-0.0862,0.2066,11.8293,2.2550,21.3500,20.7720,-0.9899,1.7870
gbpusd+nzdusd+usdjpy,day_open,8,0.1500,ny1655,40,3654,0.4174,-1.5192,-46.2643,0.3145,-0.1288,1.0000,-0.0872,0.2076,11.8293,4.2717,21.7500,24.5058,-1.2469,1.7870
gbpusd+nzdusd+usdjpy,day_open,8,0.2000,lon17,0,2412,0.4905,-0.6565,-46.4106,0.3936,-0.1312,1.0000,-0.0456,0.2052,7.8085,12.3167,17.4833,30.5301,-0.4371,2.5862
gbpusd+nzdusd+usdjpy,day_open,8,0.2000,lon17,25,2412,0.3420,-0.8713,-46.5402,0.3936,0.0558,1.0000,-0.0692,0.2023,7.8085,1.2167,15.9500,17.7563,-0.6337,2.5862
gbpusd+nzdusd+usdjpy,day_open,8,0.2000,lon17,30,2412,0.3789,-0.9057,-46.5415,0.3936,-0.0055,1.0000,-0.0708,0.2023,7.8085,2.0183,16.2667,20.9578,-0.6810,2.5862
gbpusd+nzdusd+usdjpy,day_open,8,0.2000,lon17,40,2412,0.4192,-1.2957,-46.4898,0.3936,-0.0841,1.0000,-0.0839,0.2036,7.8085,3.6367,16.7483,24.9984,-0.9694,2.5862
gbpusd+nzdusd+usdjpy,day_open,8,0.2000,ny11,0,2412,0.4896,-0.9837,-46.4095,0.3936,-0.2515,1.0000,-0.0683,0.2052,7.8085,11.2667,16.3500,30.9568,-0.8765,2.5862
gbpusd+nzdusd+usdjpy,day_open,8,0.2000,ny11,25,2412,0.3433,-0.8481,-46.5400,0.3936,0.0003,1.0000,-0.0705,0.2023,7.8085,1.2167,14.9167,18.1338,-0.5756,2.5862
gbpusd+nzdusd+usdjpy,day_open,8,0.2000,ny11,30,2412,0.3794,-0.8024,-46.5413,0.3936,-0.0554,1.0000,-0.0680,0.2023,7.8085,2.0183,15.1167,21.2554,-0.5774,2.5862
gbpusd+nzdusd+usdjpy,day_open,8,0.2000,ny11,40,2412,0.4187,-1.1011,-46.4893,0.3936,-0.1148,1.0000,-0.0771,0.2036,7.8085,3.6367,15.5650,24.5207,-0.8102,2.5862
gbpusd+nzdusd+usdjpy,day_open,8,0.2000,ny1655,0,2412,0.4880,-1.3353,-46.3833,0.3936,-0.1733,1.0000,-0.0739,0.2066,7.8085,17.1833,22.2500,32.7324,-1.0552,2.5862
gbpusd+nzdusd+usdjpy,day_open,8,0.2000,ny1655,25,2412,0.3242,-1.1729,-46.5239,0.3936,-0.0658,1.0000,-0.0782,0.2029,7.8085,1.2167,20.6483,16.9641,-0.9659,2.5862
gbpusd+nzdusd+usdjpy,day_open,8,0.2000,ny1655,30,2412,0.3619,-1.2778,-46.5339,0.3936,-0.1051,1.0000,-0.0823,0.2029,7.8085,2.0183,20.8667,21.5257,-1.0039,2.5862
gbpusd+nzdusd+usdjpy,day_open,8,0.2000,ny1655,40,2412,0.4059,-1.9116,-46.4816,0.3936,-0.1867,1.0000,-0.0947,0.2042,7.8085,3.6367,21.1817,24.9498,-1.5637,2.5862
gbpusd+nzdusd+usdjpy,day_open,8,0.3000,lon17,0,1116,0.4875,0.5823,-46.6052,0.3768,-0.2338,1.0000,0.0292,0.2043,3.6129,11.9500,17.0833,32.2119,0.3818,5.4706
gbpusd+nzdusd+usdjpy,day_open,8,0.3000,lon17,25,1116,0.3360,-0.4591,-46.7370,0.3768,-0.2178,1.0000,-0.0221,0.2007,3.6129,1.0333,15.5333,17.4490,-0.3513,5.4706
gbpusd+nzdusd+usdjpy,day_open,8,0.3000,lon17,30,1116,0.3611,-0.7186,-46.7469,0.3768,-0.2325,1.0000,-0.0319,0.2007,3.6129,1.4667,15.7167,19.6348,-0.5409,5.4706
gbpusd+nzdusd+usdjpy,day_open,8,0.3000,lon17,40,1116,0.3952,-1.8076,-46.6404,0.3768,-0.3627,1.0000,-0.0616,0.2038,3.6129,2.8667,15.9500,23.8085,-1.6566,5.4706
gbpusd+nzdusd+usdjpy,day_open,8,0.3000,ny11,0,1116,0.4803,0.0813,-46.6149,0.3768,-0.2982,1.0000,0.0037,0.2043,3.6129,10.8500,15.8333,33.4736,-0.2481,5.4706
gbpusd+nzdusd+usdjpy,day_open,8,0.3000,ny11,25,1116,0.3360,-0.2195,-46.7370,0.3768,-0.1760,1.0000,-0.0110,0.2007,3.6129,1.0333,14.5500,17.4071,-0.2292,5.4706
gbpusd+nzdusd+usdjpy,day_open,8,0.3000,ny11,30,1116,0.3629,-0.3409,-46.7469,0.3768,-0.1821,1.0000,-0.0159,0.2007,3.6129,1.4667,14.7417,20.2650,-0.3117,5.4706
gbpusd+nzdusd+usdjpy,day_open,8,0.3000,ny11,40,1116,0.3925,-1.6613,-46.6437,0.3768,-0.3280,1.0000,-0.0558,0.2038,3.6129,2.8667,14.9250,24.2646,-1.6198,5.4706
gbpusd+nzdusd+usdjpy,day_open,8,0.3000,ny1655,0,1116,0.4794,-0.5361,-46.5901,0.3768,-0.2238,1.0000,-0.0200,0.2065,3.6129,16.8333,21.7667,34.4710,-0.6345,5.4706
gbpusd+nzdusd+usdjpy,day_open,8,0.3000,ny1655,25,1116,0.3118,-0.7035,-46.7548,0.3768,-0.2435,1.0000,-0.0259,0.2010,3.6129,1.0333,20.3083,15.0256,-0.4964,5.4706
gbpusd+nzdusd+usdjpy,day_open,8,0.3000,ny1655,30,1116,0.3396,-1.1002,-46.7663,0.3768,-0.2457,1.0000,-0.0343,0.2011,3.6129,1.4667,20.4667,18.0422,-0.7263,5.4706
gbpusd+nzdusd+usdjpy,day_open,8,0.3000,ny1655,40,1116,0.3790,-2.3295,-46.6713,0.3768,-0.3721,1.0000,-0.0608,0.2038,3.6129,2.8667,20.8167,23.6150,-2.0674,5.4706
gbpusd+nzdusd+usdjpy,day_open,8,0.4000,lon17,0,492,0.4959,1.8011,-45.1957,0.2367,-0.2742,1.0000,0.1151,0.2408,1.5928,11.5500,16.7833,32.6210,1.5356,7.2857
gbpusd+nzdusd+usdjpy,day_open,8,0.4000,lon17,25,492,0.2886,-3.4665,-45.2484,0.2367,-0.2075,1.0000,-0.1072,0.2387,1.5928,0.4667,15.0417,16.2742,-3.3350,7.2857
gbpusd+nzdusd+usdjpy,day_open,8,0.4000,lon17,30,492,0.3232,-3.4448,-45.2249,0.2367,-0.2824,1.0000,-0.1066,0.2397,1.5928,0.7233,15.1833,19.4423,-3.2642,7.2857
gbpusd+nzdusd+usdjpy,day_open,8,0.4000,lon17,40,492,0.3618,-3.5164,-45.1974,0.2367,-0.3532,1.0000,-0.1097,0.2408,1.5928,1.4367,15.7317,23.5331,-3.9756,7.2857
gbpusd+nzdusd+usdjpy,day_open,8,0.4000,ny11,0,492,0.4898,1.3596,-45.2019,0.2367,-0.3812,1.0000,0.0652,0.2408,1.5928,10.5167,15.3167,30.8476,1.1315,7.2857
gbpusd+nzdusd+usdjpy,day_open,8,0.4000,ny11,25,492,0.2988,-3.1978,-45.2484,0.2367,-0.2817,1.0000,-0.0928,0.2387,1.5928,0.4667,13.9633,17.0464,-3.3297,7.2857
gbpusd+nzdusd+usdjpy,day_open,8,0.4000,ny11,30,492,0.3313,-3.4580,-45.2249,0.2367,-0.3672,1.0000,-0.0962,0.2397,1.5928,0.7233,14.3200,19.2030,-3.4915,7.2857
gbpusd+nzdusd+usdjpy,day_open,8,0.4000,ny11,40,492,0.3740,-3.7052,-45.2019,0.2367,-0.4491,1.0000,-0.1042,0.2408,1.5928,1.4367,14.7333,22.4012,-4.2870,7.2857
gbpusd+nzdusd+usdjpy,day_open,8,0.4000,ny1655,0,492,0.4980,2.1396,-45.1114,0.2367,-0.1800,1.0000,0.0696,0.2476,1.5928,16.4333,21.2667,32.7873,1.9691,7.2857
gbpusd+nzdusd+usdjpy,day_open,8,0.4000,ny1655,25,492,0.2663,-3.5725,-45.2584,0.2367,-0.2303,1.0000,-0.0967,0.2397,1.5928,0.4667,19.9583,12.2529,-3.6315,7.2857
gbpusd+nzdusd+usdjpy,day_open,8,0.4000,ny1655,30,492,0.2988,-3.9550,-45.2319,0.2367,-0.3041,1.0000,-0.1030,0.2408,1.5928,0.7233,20.2983,16.4147,-3.9821,7.2857
gbpusd+nzdusd+usdjpy,day_open,8,0.4000,ny1655,40,492,0.3496,-3.7107,-45.2046,0.2367,-0.3906,1.0000,-0.1060,0.2418,1.5928,1.4367,20.6500,19.7652,-4.3455,7.2857
gbpusd+nzdusd+usdjpy,day_open,10,0.1000,lon17,0,5667,0.4904,-0.9527,-46.6093,0.1420,-0.4839,1.0000,-0.0853,0.2035,18.3460,11.4600,17.9167,27.9902,-0.6903,1.0977
gbpusd+nzdusd+usdjpy,day_open,10,0.1000,lon17,25,5667,0.3552,-0.9800,-46.6791,0.1420,-0.3361,1.0000,-0.0850,0.2018,18.3460,1.7333,17.0000,18.0557,-0.6550,1.0977
gbpusd+nzdusd+usdjpy,day_open,10,0.1000,lon17,30,5667,0.3896,-1.0257,-46.6809,0.1420,-0.2971,1.0000,-0.0902,0.2016,18.3460,2.5667,17.2400,20.7846,-0.6884,1.0977
gbpusd+nzdusd+usdjpy,day_open,10,0.1000,lon17,40,5667,0.4314,-1.1277,-46.6680,0.1420,-0.3828,1.0000,-0.0941,0.2020,18.3460,5.2100,17.6333,23.6992,-0.8220,1.0977
gbpusd+nzdusd+usdjpy,day_open,10,0.1000,ny11,0,5667,0.4983,-1.0754,-46.6183,0.1420,-0.4876,1.0000,-0.0850,0.2033,18.3460,10.3767,16.8500,27.9600,-0.8705,1.0977
gbpusd+nzdusd+usdjpy,day_open,10,0.1000,ny11,25,5667,0.3656,-0.9145,-46.6890,0.1420,-0.3596,1.0000,-0.0859,0.2015,18.3460,1.7333,15.9000,18.0133,-0.5882,1.0977
gbpusd+nzdusd+usdjpy,day_open,10,0.1000,ny11,30,5667,0.3990,-0.8489,-46.6908,0.1420,-0.3050,1.0000,-0.0864,0.2013,18.3460,2.5667,16.1667,20.8423,-0.4866,1.0977
gbpusd+nzdusd+usdjpy,day_open,10,0.1000,ny11,40,5667,0.4394,-0.9106,-46.6784,0.1420,-0.3502,1.0000,-0.0897,0.2017,18.3460,5.2100,16.5233,23.6282,-0.6039,1.0977
gbpusd+nzdusd+usdjpy,day_open,10,0.1000,ny1655,0,5667,0.4895,-0.9075,-46.5207,0.1420,-0.4082,1.0000,-0.0722,0.2063,18.3460,16.3167,22.7333,30.0708,-0.6399,1.0977
gbpusd+nzdusd+usdjpy,day_open,10,0.1000,ny1655,25,5667,0.3407,-0.9606,-46.6403,0.1420,-0.2845,1.0000,-0.0767,0.2030,18.3460,1.7333,21.6667,17.8401,-0.6411,1.0977
gbpusd+nzdusd+usdjpy,day_open,10,0.1000,ny1655,30,5667,0.3774,-1.0476,-46.6382,0.1420,-0.2841,1.0000,-0.0823,0.2030,18.3460,2.5667,21.8967,21.0155,-0.7191,1.0977
gbpusd+nzdusd+usdjpy,day_open,10,0.1000,ny1655,40,5667,0.4226,-1.3006,-46.6074,0.1420,-0.3636,1.0000,-0.0921,0.2038,18.3460,5.2100,22.2667,23.9216,-0.9658,1.0977
gbpusd+nzdusd+usdjpy,day_open,10,0.1500,lon17,0,4374,0.4867,-1.6055,-46.6425,0.2632,-0.1700,1.0000,-0.0908,0.2006,14.1601,10.2933,17.7333,28.3471,-1.3507,1.5362
gbpusd+nzdusd+usdjpy,day_open,10,0.1500,lon17,25,4374,0.3455,-1.5403,-46.7571,0.2632,0.0102,1.0000,-0.1007,0.1976,14.1601,1.4333,16.2333,17.2512,-1.2730,1.5362
gbpusd+nzdusd+usdjpy,day_open,10,0.1500,lon17,30,4374,0.3816,-1.5791,-46.7547,0.2632,0.0464,1.0000,-0.0999,0.1978,14.1601,2.2050,16.5500,20.0579,-1.3007,1.5362
gbpusd+nzdusd+usdjpy,day_open,10,0.1500,lon17,40,4374,0.4255,-1.7236,-46.7234,0.2632,0.0128,1.0000,-0.0994,0.1986,14.1601,4.1483,17.0000,24.0227,-1.4793,1.5362
gbpusd+nzdusd+usdjpy,day_open,10,0.1500,ny11,0,4374,0.4870,-2.0996,-46.6557,0.2632,-0.2221,1.0000,-0.0993,0.2003,14.1601,9.2217,16.6833,28.4017,-1.9239,1.5362
gbpusd+nzdusd+usdjpy,day_open,10,0.1500,ny11,25,4374,0.3516,-1.5790,-46.7711,0.2632,-0.0375,1.0000,-0.1038,0.1973,14.1601,1.4333,15.1500,17.7168,-1.2850,1.5362
gbpusd+nzdusd+usdjpy,day_open,10,0.1500,ny11,30,4374,0.3864,-1.5622,-46.7685,0.2632,0.0069,1.0000,-0.1027,0.1974,14.1601,2.2050,15.4733,20.7962,-1.2591,1.5362
gbpusd+nzdusd+usdjpy,day_open,10,0.1500,ny11,40,4374,0.4268,-1.6445,-46.7378,0.2632,0.0146,1.0000,-0.1007,0.1982,14.1601,4.1483,15.9167,23.5928,-1.3894,1.5362
gbpusd+nzdusd+usdjpy,day_open,10,0.1500,ny1655,0,4374,0.4877,-1.6322,-46.5988,0.2632,-0.0636,1.0000,-0.0871,0.2020,14.1601,15.1500,22.4333,30.4055,-1.4013,1.5362
gbpusd+nzdusd+usdjpy,day_open,10,0.1500,ny1655,25,4374,0.3336,-1.4459,-46.7366,0.2632,0.0265,1.0000,-0.0949,0.1983,14.1601,1.4333,20.8667,16.5701,-1.2482,1.5362
gbpusd+nzdusd+usdjpy,day_open,10,0.1500,ny1655,30,4374,0.3720,-1.5799,-46.7402,0.2632,0.0264,1.0000,-0.0953,0.1983,14.1601,2.2050,21.0833,20.0852,-1.3178,1.5362
gbpusd+nzdusd+usdjpy,day_open,10,0.1500,ny1655,40,4374,0.4170,-1.8087,-46.7024,0.2632,-0.0062,1.0000,-0.0950,0.1992,14.1601,4.1483,21.4283,23.7808,-1.5559,1.5362
gbpusd+nzdusd+usdjpy,day_open,10,0.2000,lon17,0,3234,0.4895,-0.4307,-47.3991,0.3404,-0.1977,1.0000,-0.0357,0.1851,10.4696,9.7833,17.2833,29.0843,-0.1926,1.9348
gbpusd+nzdusd+usdjpy,day_open,10,0.2000,lon17,25,3234,0.3488,-0.8560,-47.5590,0.3404,0.0944,1.0000,-0.0686,0.1818,10.4696,1.3167,15.7283,17.9696,-0.6166,1.9348
gbpusd+nzdusd+usdjpy,day_open,10,0.2000,lon17,30,3234,0.3840,-0.8289,-47.5393,0.3404,0.0249,1.0000,-0.0675,0.1823,10.4696,1.9833,16.0500,20.8623,-0.6313,1.9348
gbpusd+nzdusd+usdjpy,day_open,10,0.2000,lon17,40,3234,0.4252,-1.0851,-47.4676,0.3404,-0.0808,1.0000,-0.0760,0.1838,10.4696,3.5883,16.5333,24.4481,-0.8049,1.9348
gbpusd+nzdusd+usdjpy,day_open,10,0.2000,ny11,0,3234,0.4898,-0.7317,-47.3999,0.3404,-0.2675,1.0000,-0.0614,0.1851,10.4696,8.7333,16.2117,28.7034,-0.5893,1.9348
gbpusd+nzdusd+usdjpy,day_open,10,0.2000,ny11,25,3234,0.3544,-0.8131,-47.5608,0.3404,0.0446,1.0000,-0.0688,0.1818,10.4696,1.3167,14.7000,18.1865,-0.5399,1.9348
gbpusd+nzdusd+usdjpy,day_open,10,0.2000,ny11,30,3234,0.3893,-0.6948,-47.5410,0.3404,-0.0139,1.0000,-0.0626,0.1823,10.4696,1.9833,14.9833,21.0595,-0.4833,1.9348
gbpusd+nzdusd+usdjpy,day_open,10,0.2000,ny11,40,3234,0.4276,-0.9375,-47.4691,0.3404,-0.0879,1.0000,-0.0712,0.1838,10.4696,3.5883,15.2667,24.0080,-0.6793,1.9348
gbpusd+nzdusd+usdjpy,day_open,10,0.2000,ny1655,0,3234,0.4836,-1.1521,-47.3366,0.3404,-0.2027,1.0000,-0.0667,0.1867,10.4696,14.6667,21.9617,30.8613,-0.8618,1.9348
gbpusd+nzdusd+usdjpy,day_open,10,0.2000,ny1655,25,3234,0.3296,-1.3306,-47.5268,0.3404,-0.0086,1.0000,-0.0833,0.1827,10.4696,1.3167,20.3500,16.9641,-1.1145,1.9348
gbpusd+nzdusd+usdjpy,day_open,10,0.2000,ny1655,30,3234,0.3661,-1.4033,-47.5141,0.3404,-0.0690,1.0000,-0.0852,0.1831,10.4696,1.9833,20.6000,20.6734,-1.1465,1.9348
gbpusd+nzdusd+usdjpy,day_open,10,0.2000,ny1655,40,3234,0.4113,-1.8080,-47.4359,0.3404,-0.1853,1.0000,-0.0911,0.1847,10.4696,3.5883,20.8500,23.7868,-1.4486,1.9348
gbpusd+nzdusd+usdjpy,day_open,10,0.3000,lon17,0,1590,0.4849,0.0812,-47.9720,0.2648,-0.1984,1.0000,0.0050,0.1745,5.1474,9.6833,16.8183,30.7906,0.1325,3.6250
gbpusd+nzdusd+usdjpy,day_open,10,0.3000,lon17,25,1590,0.3440,-0.5469,-48.1189,0.2648,-0.1043,1.0000,-0.0301,0.1720,5.1474,0.9667,15.0533,17.5514,-0.3521,3.6250
gbpusd+nzdusd+usdjpy,day_open,10,0.3000,lon17,30,1590,0.3711,-0.6572,-48.1248,0.2648,-0.1311,1.0000,-0.0358,0.1720,5.1474,1.4300,15.3500,19.7460,-0.3621,3.6250
gbpusd+nzdusd+usdjpy,day_open,10,0.3000,lon17,40,1590,0.4038,-1.7017,-47.9997,0.2648,-0.2853,1.0000,-0.0722,0.1742,5.1474,2.7483,15.7833,23.8425,-1.4070,3.6250
gbpusd+nzdusd+usdjpy,day_open,10,0.3000,ny11,0,1590,0.4805,-0.3248,-47.9714,0.2648,-0.2850,1.0000,-0.0166,0.1745,5.1474,8.6333,15.4850,31.2898,-0.5015,3.6250
gbpusd+nzdusd+usdjpy,day_open,10,0.3000,ny11,25,1590,0.3465,-0.3889,-48.1189,0.2648,-0.1165,1.0000,-0.0220,0.1720,5.1474,0.9667,14.1167,17.8583,-0.3222,3.6250
gbpusd+nzdusd+usdjpy,day_open,10,0.3000,ny11,30,1590,0.3761,-0.3504,-48.1248,0.2648,-0.1158,1.0000,-0.0200,0.1720,5.1474,1.4300,14.4000,20.3227,-0.2058,3.6250
gbpusd+nzdusd+usdjpy,day_open,10,0.3000,ny11,40,1590,0.4063,-1.4541,-47.9995,0.2648,-0.2781,1.0000,-0.0625,0.1742,5.1474,2.7483,14.7833,24.1576,-1.3004,3.6250
gbpusd+nzdusd+usdjpy,day_open,10,0.3000,ny1655,0,1590,0.4799,-0.3480,-47.9750,0.2648,-0.2096,1.0000,-0.0191,0.1752,5.1474,14.5500,21.2667,31.7033,-0.1778,3.6250
gbpusd+nzdusd+usdjpy,day_open,10,0.3000,ny1655,25,1590,0.3220,-0.6782,-48.1584,0.2648,-0.1690,1.0000,-0.0303,0.1716,5.1474,0.9667,19.5850,15.7705,-0.3155,3.6250
gbpusd+nzdusd+usdjpy,day_open,10,0.3000,ny1655,30,1590,0.3491,-1.0328,-48.1635,0.2648,-0.1868,1.0000,-0.0399,0.1716,5.1474,1.4300,19.9867,19.0238,-0.5113,3.6250
gbpusd+nzdusd+usdjpy,day_open,10,0.3000,ny1655,40,1590,0.3893,-2.0760,-48.0702,0.2648,-0.3377,1.0000,-0.0679,0.1732,5.1474,2.7483,20.3833,23.5738,-1.6043,3.6250
gbpusd+nzdusd+usdjpy,day_open,10,0.4000,lon17,0,756,0.4788,-1.3488,-46.7530,0.3715,-0.4093,1.0000,-0.0564,0.1984,2.4474,9.4333,16.2667,33.1524,-1.2942,5.4167
gbpusd+nzdusd+usdjpy,day_open,10,0.4000,lon17,25,756,0.3069,-3.0726,-46.8485,0.3715,-0.2725,1.0000,-0.1062,0.1964,2.4474,0.5583,14.6000,16.6566,-2.3761,5.4167
gbpusd+nzdusd+usdjpy,day_open,10,0.4000,lon17,30,756,0.3386,-3.4213,-46.8155,0.3715,-0.3416,1.0000,-0.1067,0.1971,2.4474,0.8583,14.9167,19.3846,-2.7098,5.4167
gbpusd+nzdusd+usdjpy,day_open,10,0.4000,lon17,40,756,0.3796,-3.2885,-46.7877,0.3715,-0.4837,1.0000,-0.1047,0.1978,2.4474,1.7500,15.1167,22.5484,-3.2045,5.4167
gbpusd+nzdusd+usdjpy,day_open,10,0.4000,ny11,0,756,0.4656,-1.8564,-46.7593,0.3715,-0.4786,1.0000,-0.0801,0.1984,2.4474,8.4333,15.0667,32.2142,-1.9057,5.4167
gbpusd+nzdusd+usdjpy,day_open,10,0.4000,ny11,25,756,0.3095,-3.0433,-46.8485,0.3715,-0.3315,1.0000,-0.0968,0.1964,2.4474,0.5583,13.7083,17.3719,-2.6030,5.4167
gbpusd+nzdusd+usdjpy,day_open,10,0.4000,ny11,30,756,0.3386,-3.4286,-46.8155,0.3715,-0.4005,1.0000,-0.1007,0.1971,2.4474,0.8583,13.9000,19.4101,-2.9704,5.4167
gbpusd+nzdusd+usdjpy,day_open,10,0.4000,ny11,40,756,0.3770,-3.5449,-46.7917,0.3715,-0.5263,1.0000,-0.1079,0.1978,2.4474,1.7500,14.1167,22.4301,-3.5522,5.4167
gbpusd+nzdusd+usdjpy,day_open,10,0.4000,ny1655,0,756,0.4709,-1.3661,-46.6067,0.3715,-0.3121,1.0000,-0.0524,0.2032,2.4474,14.3500,21.1333,32.4042,-1.3583,5.4167
gbpusd+nzdusd+usdjpy,day_open,10,0.4000,ny1655,25,756,0.2778,-2.8493,-46.8438,0.3715,-0.2542,1.0000,-0.0921,0.1972,2.4474,0.5583,19.3667,12.3145,-2.1765,5.4167
gbpusd+nzdusd+usdjpy,day_open,10,0.4000,ny1655,30,756,0.3069,-3.5638,-46.7981,0.3715,-0.3400,1.0000,-0.0997,0.1979,2.4474,0.8583,19.7417,17.3707,-2.8907,5.4167
gbpusd+nzdusd+usdjpy,day_open,10,0.4000,ny1655,40,756,0.3598,-3.1382,-46.7698,0.3715,-0.5155,1.0000,-0.0998,0.1987,2.4474,1.7500,19.9667,20.7621,-3.1630,5.4167
gbpusd+nzdusd+usdjpy,prev_close,6,0.1000,lon17,0,4761,0.4886,-0.9614,-45.8772,0.2714,-0.5015,1.0000,-0.0992,0.2215,15.4130,14.2000,18.0000,29.5249,-0.8951,1.3395
gbpusd+nzdusd+usdjpy,prev_close,6,0.1000,lon17,25,4761,0.3472,-0.8027,-45.9202,0.2714,-0.3509,1.0000,-0.0806,0.2204,15.4130,1.6333,17.5333,18.2168,-0.6444,1.3395
gbpusd+nzdusd+usdjpy,prev_close,6,0.1000,lon17,30,4761,0.3825,-0.7824,-45.9294,0.2714,-0.3202,1.0000,-0.0808,0.2202,15.4130,2.5167,17.7500,20.8423,-0.5919,1.3395
gbpusd+nzdusd+usdjpy,prev_close,6,0.1000,lon17,40,4761,0.4243,-0.9872,-45.9101,0.2714,-0.3340,1.0000,-0.0870,0.2204,15.4130,5.2833,17.8833,24.3606,-0.8435,1.3395
gbpusd+nzdusd+usdjpy,prev_close,6,0.1000,ny11,0,4761,0.4898,-1.2225,-45.8837,0.2714,-0.5068,1.0000,-0.0948,0.2212,15.4130,13.1833,16.9833,29.2418,-1.2299,1.3395
gbpusd+nzdusd+usdjpy,prev_close,6,0.1000,ny11,25,4761,0.3512,-0.8076,-45.9288,0.2714,-0.3935,1.0000,-0.0813,0.2201,15.4130,1.6333,16.3833,18.4752,-0.6426,1.3395
gbpusd+nzdusd+usdjpy,prev_close,6,0.1000,ny11,30,4761,0.3865,-0.6735,-45.9380,0.2714,-0.3413,1.0000,-0.0755,0.2199,15.4130,2.5167,16.7333,21.3277,-0.4553,1.3395
gbpusd+nzdusd+usdjpy,prev_close,6,0.1000,ny11,40,4761,0.4258,-0.9039,-45.9187,0.2714,-0.3062,1.0000,-0.0819,0.2201,15.4130,5.2333,16.8167,24.2682,-0.7468,1.3395
gbpusd+nzdusd+usdjpy,prev_close,6,0.1000,ny1655,0,4761,0.4896,-1.0113,-45.7955,0.2714,-0.4145,1.0000,-0.0843,0.2245,15.4130,19.1000,22.9167,31.1515,-0.9871,1.3395
gbpusd+nzdusd+usdjpy,prev_close,6,0.1000,ny1655,25,4761,0.3327,-0.7888,-45.8698,0.2714,-0.3354,1.0000,-0.0732,0.2221,15.4130,1.6333,22.2000,17.6669,-0.6381,1.3395
gbpusd+nzdusd+usdjpy,prev_close,6,0.1000,ny1655,30,4761,0.3701,-0.9006,-45.8896,0.2714,-0.3387,1.0000,-0.0790,0.2217,15.4130,2.5167,22.6333,21.0733,-0.7524,1.3395
gbpusd+nzdusd+usdjpy,prev_close,6,0.1000,ny1655,40,4761,0.4142,-1.3092,-45.8520,0.2714,-0.3532,1.0000,-0.0866,0.2225,15.4130,5.2833,22.7500,24.7243,-1.1674,1.3395
gbpusd+nzdusd+usdjpy,prev_close,6,0.1500,lon17,0,3246,0.4935,-1.2951,-45.6329,0.3053,-0.4452,1.0000,-0.0980,0.2292,10.5084,13.9667,18.3833,30.8019,-1.1970,1.9770
gbpusd+nzdusd+usdjpy,prev_close,6,0.1500,lon17,25,3246,0.3410,-1.0236,-45.7077,0.3053,-0.2264,1.0000,-0.0943,0.2272,10.5084,1.3167,17.2000,17.9239,-1.0770,1.9770
gbpusd+nzdusd+usdjpy,prev_close,6,0.1500,lon17,30,3246,0.3780,-1.2040,-45.7101,0.3053,-0.2578,1.0000,-0.0980,0.2270,10.5084,2.0833,17.7000,20.7991,-1.1483,1.9770
gbpusd+nzdusd+usdjpy,prev_close,6,0.1500,lon17,40,3246,0.4202,-1.6208,-45.6822,0.3053,-0.3319,1.0000,-0.1056,0.2277,10.5084,4.3583,17.8167,24.8048,-1.6718,1.9770
gbpusd+nzdusd+usdjpy,prev_close,6,0.1500,ny11,0,3246,0.4941,-1.5932,-45.6332,0.3053,-0.4445,1.0000,-0.1045,0.2292,10.5084,12.9500,16.9833,30.9841,-1.5874,1.9770
gbpusd+nzdusd+usdjpy,prev_close,6,0.1500,ny11,25,3246,0.3472,-0.8807,-45.7079,0.3053,-0.2218,1.0000,-0.0947,0.2272,10.5084,1.3167,16.1667,18.1780,-0.9167,1.9770
gbpusd+nzdusd+usdjpy,prev_close,6,0.1500,ny11,30,3246,0.3817,-1.0353,-45.7102,0.3053,-0.2422,1.0000,-0.0983,0.2270,10.5084,2.0833,16.6833,21.2754,-0.9631,1.9770
gbpusd+nzdusd+usdjpy,prev_close,6,0.1500,ny11,40,3246,0.4211,-1.4702,-45.6823,0.3053,-0.2681,1.0000,-0.1051,0.2277,10.5084,4.3583,16.8000,24.0144,-1.5094,1.9770
gbpusd+nzdusd+usdjpy,prev_close,6,0.1500,ny1655,0,3246,0.4941,-1.5654,-45.6260,0.3053,-0.3018,1.0000,-0.0967,0.2304,10.5084,18.8667,22.9000,32.4108,-1.5111,1.9770
gbpusd+nzdusd+usdjpy,prev_close,6,0.1500,ny1655,25,3246,0.3269,-1.1075,-45.7073,0.3053,-0.1925,1.0000,-0.0897,0.2274,10.5084,1.3167,21.9083,17.3390,-1.2375,1.9770
gbpusd+nzdusd+usdjpy,prev_close,6,0.1500,ny1655,30,3246,0.3644,-1.4557,-45.7253,0.3053,-0.2297,1.0000,-0.0968,0.2270,10.5084,2.0833,22.3750,21.2435,-1.4357,1.9770
gbpusd+nzdusd+usdjpy,prev_close,6,0.1500,ny1655,40,3246,0.4085,-2.0162,-45.6873,0.3053,-0.3101,1.0000,-0.1045,0.2280,10.5084,4.3583,22.6583,24.7138,-2.1012,1.9770
gbpusd+nzdusd+usdjpy,prev_close,6,0.2000,lon17,0,2133,0.4843,-1.1960,-45.5400,0.3354,-0.2533,1.0000,-0.0685,0.2391,6.9053,13.7000,19.6167,31.1867,-1.3572,3.2821
gbpusd+nzdusd+usdjpy,prev_close,6,0.2000,lon17,25,2133,0.3315,-0.8608,-45.6058,0.3354,-0.1287,1.0000,-0.0724,0.2370,6.9053,1.1167,17.3133,18.8794,-0.9514,3.2821
gbpusd+nzdusd+usdjpy,prev_close,6,0.2000,lon17,30,2133,0.3680,-0.9978,-45.6225,0.3354,-0.1624,1.0000,-0.0771,0.2365,6.9053,1.6667,17.8167,21.0733,-1.0709,3.2821
gbpusd+nzdusd+usdjpy,prev_close,6,0.2000,lon17,40,2133,0.4051,-1.8170,-45.5907,0.3354,-0.2475,1.0000,-0.1122,0.2372,6.9053,3.4333,17.9500,24.7756,-1.9711,3.2821
gbpusd+nzdusd+usdjpy,prev_close,6,0.2000,ny11,0,2133,0.4866,-1.7141,-45.5469,0.3354,-0.3531,1.0000,-0.1007,0.2391,6.9053,12.6667,18.0000,31.2264,-1.9976,3.2821
gbpusd+nzdusd+usdjpy,prev_close,6,0.2000,ny11,25,2133,0.3329,-1.0127,-45.6093,0.3354,-0.1646,1.0000,-0.0892,0.2370,6.9053,1.1000,16.2167,18.3124,-1.0994,3.2821
gbpusd+nzdusd+usdjpy,prev_close,6,0.2000,ny11,30,2133,0.3694,-1.0636,-45.6258,0.3354,-0.1848,1.0000,-0.0875,0.2365,6.9053,1.6667,16.8000,21.1888,-1.1421,3.2821
gbpusd+nzdusd+usdjpy,prev_close,6,0.2000,ny11,40,2133,0.4069,-1.8776,-45.5949,0.3354,-0.2550,1.0000,-0.1143,0.2372,6.9053,3.4333,16.9167,24.3011,-2.0509,3.2821
gbpusd+nzdusd+usdjpy,prev_close,6,0.2000,ny1655,0,2133,0.4848,-1.4752,-45.5114,0.3354,-0.2093,1.0000,-0.0726,0.2413,6.9053,18.6000,23.1333,33.0579,-1.6131,3.2821
gbpusd+nzdusd+usdjpy,prev_close,6,0.2000,ny1655,25,2133,0.3179,-0.9248,-45.5634,0.3354,-0.1250,1.0000,-0.0751,0.2384,6.9053,1.1167,21.8000,17.6669,-1.1391,3.2821
gbpusd+nzdusd+usdjpy,prev_close,6,0.2000,ny1655,30,2133,0.3549,-1.1282,-45.6094,0.3354,-0.1640,1.0000,-0.0797,0.2376,6.9053,1.6833,22.6000,21.0758,-1.2617,3.2821
gbpusd+nzdusd+usdjpy,prev_close,6,0.2000,ny1655,40,2133,0.3943,-2.0954,-45.5745,0.3354,-0.2560,1.0000,-0.1093,0.2384,6.9053,3.4867,22.7133,24.3208,-2.2647,3.2821
gbpusd+nzdusd+usdjpy,prev_close,6,0.3000,lon17,0,960,0.5031,1.2558,-44.6166,0.3331,-0.3000,1.0000,0.0591,0.2640,3.1078,13.7150,23.4217,34.8457,0.8158,7.2222
gbpusd+nzdusd+usdjpy,prev_close,6,0.3000,lon17,25,960,0.3354,0.7927,-44.6756,0.3331,-0.2462,1.0000,0.0532,0.2609,3.1078,0.8633,17.7917,18.9082,0.6964,7.2222
gbpusd+nzdusd+usdjpy,prev_close,6,0.3000,lon17,30,960,0.3667,0.4241,-44.6639,0.3331,-0.2531,1.0000,0.0310,0.2609,3.1078,1.2167,18.8183,20.8336,0.2978,7.2222
gbpusd+nzdusd+usdjpy,prev_close,6,0.3000,lon17,40,960,0.4010,-0.5019,-44.6185,0.3331,-0.3421,1.0000,-0.0271,0.2619,3.1078,2.7150,21.0000,25.2649,-0.5540,7.2222
gbpusd+nzdusd+usdjpy,prev_close,6,0.3000,ny11,0,960,0.4979,0.8446,-44.6256,0.3331,-0.3217,1.0000,0.0385,0.2640,3.1078,12.6667,23.4217,34.8087,0.4417,7.2222
gbpusd+nzdusd+usdjpy,prev_close,6,0.3000,ny11,25,960,0.3448,0.7867,-44.6756,0.3331,-0.2242,1.0000,0.0541,0.2609,3.1078,0.8633,16.7683,19.3412,0.6091,7.2222
gbpusd+nzdusd+usdjpy,prev_close,6,0.3000,ny11,30,960,0.3750,0.4129,-44.6639,0.3331,-0.2419,1.0000,0.0307,0.2609,3.1078,1.2167,17.8500,21.6795,0.2302,7.2222
gbpusd+nzdusd+usdjpy,prev_close,6,0.3000,ny11,40,960,0.4052,-0.7052,-44.6214,0.3331,-0.3259,1.0000,-0.0333,0.2619,3.1078,2.7150,21.0000,24.3446,-0.7727,7.2222
gbpusd+nzdusd+usdjpy,prev_close,6,0.3000,ny1655,0,960,0.5000,1.5762,-44.6130,0.3331,-0.1901,1.0000,0.0618,0.2664,3.1078,18.6133,23.9500,36.7319,1.2753,7.2222
gbpusd+nzdusd+usdjpy,prev_close,6,0.3000,ny1655,25,960,0.3240,1.5562,-44.7011,0.3331,-0.1739,1.0000,0.0887,0.2606,3.1078,0.8633,22.3883,16.3680,1.3716,7.2222
gbpusd+nzdusd+usdjpy,prev_close,6,0.3000,ny1655,30,960,0.3563,1.0547,-44.6780,0.3331,-0.1849,1.0000,0.0572,0.2611,3.1078,1.2167,22.7000,19.3060,0.9343,7.2222
gbpusd+nzdusd+usdjpy,prev_close,6,0.3000,ny1655,40,960,0.3906,-0.2396,-44.6300,0.3331,-0.2944,1.0000,-0.0114,0.2622,3.1078,2.7150,22.8683,24.2600,-0.2350,7.2222
gbpusd+nzdusd+usdjpy,prev_close,6,0.4000,lon17,0,459,0.4837,-0.9870,-43.4005,0.3318,-0.1555,1.0000,-0.0265,0.2906,1.4859,13.9667,23.9833,37.5998,-1.4499,17.5000
gbpusd+nzdusd+usdjpy,prev_close,6,0.4000,lon17,25,459,0.2985,-2.3151,-43.4595,0.3318,-0.3469,1.0000,-0.0878,0.2852,1.4859,0.4433,23.1000,18.3597,-2.1675,17.5000
gbpusd+nzdusd+usdjpy,prev_close,6,0.4000,lon17,30,459,0.3246,-3.7145,-43.4408,0.3318,-0.3228,1.0000,-0.0988,0.2852,1.4859,0.8600,23.8333,21.2465,-3.6978,17.5000
gbpusd+nzdusd+usdjpy,prev_close,6,0.4000,lon17,40,459,0.3617,-4.4082,-43.3629,0.3318,-0.2155,1.0000,-0.1068,0.2884,1.4859,1.5200,23.8867,25.6921,-4.7362,17.5000
gbpusd+nzdusd+usdjpy,prev_close,6,0.4000,ny11,0,459,0.4771,-1.2747,-43.4070,0.3318,-0.2563,1.0000,-0.0342,0.2906,1.4859,12.9000,23.9833,36.6435,-1.5357,17.5000
gbpusd+nzdusd+usdjpy,prev_close,6,0.4000,ny11,25,459,0.3072,-1.8172,-43.4605,0.3318,-0.3524,1.0000,-0.0670,0.2852,1.4859,0.4433,23.1000,18.5866,-1.7044,17.5000
gbpusd+nzdusd+usdjpy,prev_close,6,0.4000,ny11,30,459,0.3312,-2.9519,-43.4421,0.3318,-0.3628,1.0000,-0.0832,0.2852,1.4859,0.8600,23.8333,21.2465,-2.7834,17.5000
gbpusd+nzdusd+usdjpy,prev_close,6,0.4000,ny11,40,459,0.3725,-3.7880,-43.3666,0.3318,-0.2561,1.0000,-0.0930,0.2884,1.4859,1.5200,23.8867,25.1285,-3.8283,17.5000
gbpusd+nzdusd+usdjpy,prev_close,6,0.4000,ny1655,0,459,0.4880,0.8064,-43.2696,0.3318,-0.0686,1.0000,0.0267,0.2948,1.4859,18.8167,24.0000,39.3196,0.3475,17.5000
gbpusd+nzdusd+usdjpy,prev_close,6,0.4000,ny1655,25,459,0.2810,-1.5879,-43.4464,0.3318,-0.3586,1.0000,-0.0669,0.2852,1.4859,0.4433,23.1300,14.9430,-1.7072,17.5000
gbpusd+nzdusd+usdjpy,prev_close,6,0.4000,ny1655,30,459,0.3028,-3.3569,-43.4276,0.3318,-0.3398,1.0000,-0.0901,0.2852,1.4859,0.8600,23.8433,18.3020,-3.6068,17.5000
gbpusd+nzdusd+usdjpy,prev_close,6,0.4000,ny1655,40,459,0.3486,-3.6351,-43.3495,0.3318,-0.2365,1.0000,-0.0962,0.2884,1.4859,1.5200,23.9000,25.4749,-4.2525,17.5000
gbpusd+nzdusd+usdjpy,prev_close,8,0.1000,lon17,0,5214,0.4889,-0.9551,-46.2332,0.2364,-0.4990,1.0000,-0.0924,0.2123,16.8795,13.2383,17.9833,28.9783,-0.8235,1.2881
gbpusd+nzdusd+usdjpy,prev_close,8,0.1000,lon17,25,5214,0.3491,-0.8976,-46.2755,0.2364,-0.3104,1.0000,-0.0812,0.2114,16.8795,1.7667,17.3117,18.3597,-0.7139,1.2881
gbpusd+nzdusd+usdjpy,prev_close,8,0.1000,lon17,30,5214,0.3845,-0.8889,-46.2845,0.2364,-0.2843,1.0000,-0.0818,0.2112,16.8795,2.6550,17.6950,20.8784,-0.6797,1.2881
gbpusd+nzdusd+usdjpy,prev_close,8,0.1000,lon17,40,5214,0.4264,-1.0671,-46.2660,0.2364,-0.2896,1.0000,-0.0861,0.2114,16.8795,5.2333,17.8333,24.3142,-0.8882,1.2881
gbpusd+nzdusd+usdjpy,prev_close,8,0.1000,ny11,0,5214,0.4900,-1.2414,-46.2412,0.2364,-0.5063,1.0000,-0.0919,0.2120,16.8795,12.2167,16.9667,28.5880,-1.1999,1.2881
gbpusd+nzdusd+usdjpy,prev_close,8,0.1000,ny11,25,5214,0.3548,-0.8931,-46.2851,0.2364,-0.3638,1.0000,-0.0816,0.2111,16.8795,1.7667,16.1667,18.4494,-0.7155,1.2881
gbpusd+nzdusd+usdjpy,prev_close,8,0.1000,ny11,30,5214,0.3893,-0.7911,-46.2941,0.2364,-0.3111,1.0000,-0.0770,0.2109,16.8795,2.6550,16.5783,21.2721,-0.5687,1.2881
gbpusd+nzdusd+usdjpy,prev_close,8,0.1000,ny11,40,5214,0.4283,-1.0013,-46.2760,0.2364,-0.2670,1.0000,-0.0823,0.2111,16.8795,5.1717,16.7667,24.0511,-0.8242,1.2881
gbpusd+nzdusd+usdjpy,prev_close,8,0.1000,ny1655,0,5214,0.4885,-1.0569,-46.1502,0.2364,-0.4000,1.0000,-0.0805,0.2151,16.8795,18.1500,22.9000,30.4768,-1.0011,1.2881
gbpusd+nzdusd+usdjpy,prev_close,8,0.1000,ny1655,25,5214,0.3347,-0.9032,-46.2250,0.2364,-0.2839,1.0000,-0.0751,0.2129,16.8795,1.7667,22.0617,17.8343,-0.7312,1.2881
gbpusd+nzdusd+usdjpy,prev_close,8,0.1000,ny1655,30,5214,0.3725,-1.0159,-46.2441,0.2364,-0.2889,1.0000,-0.0798,0.2125,16.8795,2.6550,22.4183,21.1310,-0.8510,1.2881
gbpusd+nzdusd+usdjpy,prev_close,8,0.1000,ny1655,40,5214,0.4166,-1.3720,-46.2072,0.2364,-0.2969,1.0000,-0.0858,0.2133,16.8795,5.2333,22.6833,24.4407,-1.1987,1.2881
gbpusd+nzdusd+usdjpy,prev_close,8,0.1500,lon17,0,3795,0.4972,-0.9347,-46.1292,0.3118,-0.3490,1.0000,-0.0917,0.2126,12.2857,12.5667,17.9833,29.7888,-0.8228,1.7757
gbpusd+nzdusd+usdjpy,prev_close,8,0.1500,lon17,25,3795,0.3513,-0.6495,-46.2001,0.3118,-0.1098,1.0000,-0.0654,0.2109,12.2857,1.4500,16.9167,17.7247,-0.6274,1.7757
gbpusd+nzdusd+usdjpy,prev_close,8,0.1500,lon17,30,3795,0.3874,-0.8620,-46.2038,0.3118,-0.1321,1.0000,-0.0862,0.2108,12.2857,2.2833,17.2833,20.6558,-0.7455,1.7757
gbpusd+nzdusd+usdjpy,prev_close,8,0.1500,lon17,40,3795,0.4285,-1.2380,-46.1773,0.3118,-0.1856,1.0000,-0.0914,0.2113,12.2857,4.2233,17.7167,24.4439,-1.2392,1.7757
gbpusd+nzdusd+usdjpy,prev_close,8,0.1500,ny11,0,3795,0.4986,-1.1562,-46.1285,0.3118,-0.3540,1.0000,-0.0951,0.2126,12.2857,11.4667,16.9667,30.3541,-1.1126,1.7757
gbpusd+nzdusd+usdjpy,prev_close,8,0.1500,ny11,25,3795,0.3578,-0.4604,-46.2004,0.3118,-0.1183,1.0000,-0.0560,0.2109,12.2857,1.4500,15.8667,18.2443,-0.4068,1.7757
gbpusd+nzdusd+usdjpy,prev_close,8,0.1500,ny11,30,3795,0.3910,-0.6333,-46.2041,0.3118,-0.1278,1.0000,-0.0787,0.2108,12.2857,2.2833,16.2167,21.1888,-0.4913,1.7757
gbpusd+nzdusd+usdjpy,prev_close,8,0.1500,ny11,40,3795,0.4300,-1.0033,-46.1782,0.3118,-0.1329,1.0000,-0.0853,0.2113,12.2857,4.2233,16.6933,23.7830,-0.9772,1.7757
gbpusd+nzdusd+usdjpy,prev_close,8,0.1500,ny1655,0,3795,0.4980,-1.0577,-46.0970,0.3118,-0.2317,1.0000,-0.0864,0.2143,12.2857,17.4500,22.8833,31.7851,-0.9964,1.7757
gbpusd+nzdusd+usdjpy,prev_close,8,0.1500,ny1655,25,3795,0.3378,-0.6882,-46.1879,0.3118,-0.0872,1.0000,-0.0620,0.2114,12.2857,1.4500,21.6100,17.4360,-0.7530,1.7757
gbpusd+nzdusd+usdjpy,prev_close,8,0.1500,ny1655,30,3795,0.3742,-1.0323,-46.2048,0.3118,-0.1177,1.0000,-0.0857,0.2111,12.2857,2.2833,22.1000,21.1310,-0.9684,1.7757
gbpusd+nzdusd+usdjpy,prev_close,8,0.1500,ny1655,40,3795,0.4190,-1.5103,-46.1672,0.3118,-0.1873,1.0000,-0.0905,0.2120,12.2857,4.2233,22.4667,24.3642,-1.5400,1.7757
gbpusd+nzdusd+usdjpy,prev_close,8,0.2000,lon17,0,2595,0.4933,-0.4486,-45.6903,0.3573,-0.1718,1.0000,-0.0312,0.2266,8.4009,12.3167,18.2167,30.7053,-0.4921,2.5862
gbpusd+nzdusd+usdjpy,prev_close,8,0.2000,lon17,25,2595,0.3418,-0.6395,-45.7595,0.3573,-0.0153,1.0000,-0.0493,0.2245,8.4009,1.2167,16.8167,18.7240,-0.7380,2.5862
gbpusd+nzdusd+usdjpy,prev_close,8,0.2000,lon17,30,2595,0.3807,-0.6245,-45.7721,0.3573,-0.0592,1.0000,-0.0464,0.2243,8.4009,1.9400,17.6033,21.4197,-0.6627,2.5862
gbpusd+nzdusd+usdjpy,prev_close,8,0.2000,lon17,40,2595,0.4204,-1.0726,-45.7415,0.3573,-0.1435,1.0000,-0.0780,0.2250,8.4009,3.7067,17.7833,25.0316,-1.1379,2.5862
gbpusd+nzdusd+usdjpy,prev_close,8,0.2000,ny11,0,2595,0.4933,-0.9205,-45.6887,0.3573,-0.2775,1.0000,-0.0611,0.2266,8.4009,11.2333,16.9667,30.9961,-1.0686,2.5862
gbpusd+nzdusd+usdjpy,prev_close,8,0.2000,ny11,25,2595,0.3430,-0.7241,-45.7589,0.3573,-0.0575,1.0000,-0.0590,0.2245,8.4009,1.2000,15.5433,18.9371,-0.8007,2.5862
gbpusd+nzdusd+usdjpy,prev_close,8,0.2000,ny11,30,2595,0.3815,-0.6661,-45.7714,0.3573,-0.0885,1.0000,-0.0523,0.2243,8.4009,1.9400,16.2833,21.7673,-0.7056,2.5862
gbpusd+nzdusd+usdjpy,prev_close,8,0.2000,ny11,40,2595,0.4197,-1.0587,-45.7403,0.3573,-0.1671,1.0000,-0.0826,0.2250,8.4009,3.7067,16.7333,24.7148,-1.1317,2.5862
gbpusd+nzdusd+usdjpy,prev_close,8,0.2000,ny1655,0,2595,0.4882,-0.7971,-45.6418,0.3573,-0.1735,1.0000,-0.0471,0.2285,8.4009,17.1833,22.8833,32.4857,-0.8071,2.5862
gbpusd+nzdusd+usdjpy,prev_close,8,0.2000,ny1655,25,2595,0.3252,-0.8854,-45.7139,0.3573,-0.0637,1.0000,-0.0667,0.2256,8.4009,1.2167,21.2733,18.3020,-1.0705,2.5862
gbpusd+nzdusd+usdjpy,prev_close,8,0.2000,ny1655,30,2595,0.3638,-0.8696,-45.7465,0.3573,-0.1084,1.0000,-0.0603,0.2253,8.4009,1.9733,22.0167,21.9081,-0.9420,2.5862
gbpusd+nzdusd+usdjpy,prev_close,8,0.2000,ny1655,40,2595,0.4058,-1.4926,-45.7135,0.3573,-0.2143,1.0000,-0.0987,0.2260,8.4009,3.7567,22.5667,25.1548,-1.5416,2.5862
gbpusd+nzdusd+usdjpy,prev_close,8,0.3000,lon17,0,1284,0.5016,0.5280,-45.5846,0.3261,-0.2096,1.0000,0.0246,0.2336,4.1567,12.0600,21.5367,32.5803,0.2206,6.3333
gbpusd+nzdusd+usdjpy,prev_close,8,0.3000,lon17,25,1284,0.3474,0.4700,-45.6693,0.3261,-0.1763,1.0000,0.0301,0.2313,4.1567,1.0383,17.2167,18.3597,0.5005,6.3333
gbpusd+nzdusd+usdjpy,prev_close,8,0.3000,lon17,30,1284,0.3777,0.1638,-45.6541,0.3261,-0.1890,1.0000,0.0105,0.2313,4.1567,1.6500,17.7783,20.8336,0.1516,6.3333
gbpusd+nzdusd+usdjpy,prev_close,8,0.3000,lon17,40,1284,0.4104,-0.9797,-45.6040,0.3261,-0.2772,1.0000,-0.0444,0.2321,4.1567,3.0150,17.9950,25.2649,-0.9454,6.3333
gbpusd+nzdusd+usdjpy,prev_close,8,0.3000,ny11,0,1284,0.4922,0.0396,-45.5936,0.3261,-0.2731,1.0000,0.0019,0.2336,4.1567,10.9883,20.9150,33.0372,-0.3284,6.3333
gbpusd+nzdusd+usdjpy,prev_close,8,0.3000,ny11,25,1284,0.3544,0.6199,-45.6693,0.3261,-0.1489,1.0000,0.0420,0.2313,4.1567,1.0383,16.2667,18.6070,0.5789,6.3333
gbpusd+nzdusd+usdjpy,prev_close,8,0.3000,ny11,30,1284,0.3840,0.3814,-45.6541,0.3261,-0.1627,1.0000,0.0258,0.2313,4.1567,1.6500,16.7617,20.6327,0.3247,6.3333
gbpusd+nzdusd+usdjpy,prev_close,8,0.3000,ny11,40,1284,0.4120,-0.8954,-45.6069,0.3261,-0.2530,1.0000,-0.0385,0.2321,4.1567,3.0150,16.9500,24.5855,-0.8747,6.3333
gbpusd+nzdusd+usdjpy,prev_close,8,0.3000,ny1655,0,1284,0.4938,0.0998,-45.5805,0.3261,-0.1629,1.0000,0.0038,0.2356,4.1567,16.9217,23.7450,34.5542,-0.1838,6.3333
gbpusd+nzdusd+usdjpy,prev_close,8,0.3000,ny1655,25,1284,0.3310,0.7213,-45.6944,0.3261,-0.1653,1.0000,0.0409,0.2312,4.1567,1.0383,21.6450,16.6143,0.7614,6.3333
gbpusd+nzdusd+usdjpy,prev_close,8,0.3000,ny1655,30,1284,0.3637,0.2381,-45.6702,0.3261,-0.1797,1.0000,0.0125,0.2316,4.1567,1.6500,22.1833,19.6010,0.3277,6.3333
gbpusd+nzdusd+usdjpy,prev_close,8,0.3000,ny1655,40,1284,0.3972,-1.1849,-45.6181,0.3261,-0.2775,1.0000,-0.0428,0.2324,4.1567,3.0150,22.4667,24.3479,-1.0461,6.3333
gbpusd+nzdusd+usdjpy,prev_close,8,0.4000,lon17,0,624,0.4888,-0.7611,-44.6222,0.3090,-0.1857,1.0000,-0.0251,0.2619,2.0201,11.8383,23.9117,34.3142,-1.2577,6.0000
gbpusd+nzdusd+usdjpy,prev_close,8,0.4000,lon17,25,624,0.3061,-2.4508,-44.6792,0.3090,-0.3592,1.0000,-0.0950,0.2579,2.0201,0.6767,18.5733,16.6854,-2.3292,6.0000
gbpusd+nzdusd+usdjpy,prev_close,8,0.4000,lon17,30,624,0.3333,-3.4785,-44.6689,0.3090,-0.3510,1.0000,-0.1022,0.2579,2.0201,1.0083,21.0000,19.8320,-3.5595,6.0000
gbpusd+nzdusd+usdjpy,prev_close,8,0.4000,lon17,40,624,0.3686,-4.2070,-44.5992,0.3090,-0.2608,1.0000,-0.1056,0.2603,2.0201,1.7217,22.3167,25.1794,-4.7131,6.0000
gbpusd+nzdusd+usdjpy,prev_close,8,0.4000,ny11,0,624,0.4824,-1.0237,-44.6147,0.3090,-0.2801,1.0000,-0.0331,0.2619,2.0201,10.8100,23.9117,32.4595,-1.4506,6.0000
gbpusd+nzdusd+usdjpy,prev_close,8,0.4000,ny11,25,624,0.3125,-2.1036,-44.6761,0.3090,-0.3881,1.0000,-0.0828,0.2579,2.0201,0.6767,16.9667,18.0684,-2.1095,6.0000
gbpusd+nzdusd+usdjpy,prev_close,8,0.4000,ny11,30,624,0.3381,-3.0791,-44.6624,0.3090,-0.4055,1.0000,-0.0937,0.2579,2.0201,1.0083,20.3500,20.5343,-3.1337,6.0000
gbpusd+nzdusd+usdjpy,prev_close,8,0.4000,ny11,40,624,0.3766,-3.9382,-44.5904,0.3090,-0.3303,1.0000,-0.1044,0.2603,2.0201,1.7217,22.3167,24.4405,-4.3364,6.0000
gbpusd+nzdusd+usdjpy,prev_close,8,0.4000,ny1655,0,624,0.4792,0.0551,-44.5832,0.3090,-0.0951,1.0000,0.0020,0.2649,2.0201,16.7267,23.9833,34.1994,-0.3768,6.0000
gbpusd+nzdusd+usdjpy,prev_close,8,0.4000,ny1655,25,624,0.2869,-1.9570,-44.6753,0.3090,-0.3535,1.0000,-0.0812,0.2587,2.0201,0.6767,22.3900,12.6319,-1.9210,6.0000
gbpusd+nzdusd+usdjpy,prev_close,8,0.4000,ny1655,30,624,0.3077,-3.5406,-44.6642,0.3090,-0.3551,1.0000,-0.0954,0.2587,2.0201,1.0083,22.8633,17.4400,-3.7200,6.0000
gbpusd+nzdusd+usdjpy,prev_close,8,0.4000,ny1655,40,624,0.3494,-4.1444,-44.6236,0.3090,-0.2756,1.0000,-0.0996,0.2603,2.0201,1.7217,23.2500,23.3274,-4.7785,6.0000
gbpusd+nzdusd+usdjpy,prev_close,10,0.1000,lon17,0,5676,0.4903,-0.7132,-46.4385,0.1364,-0.4863,1.0000,-0.0864,0.2072,18.3752,11.5333,17.9667,28.1996,-0.5049,1.0977
gbpusd+nzdusd+usdjpy,prev_close,10,0.1000,lon17,25,5676,0.3557,-0.7510,-46.4794,0.1364,-0.2821,1.0000,-0.0799,0.2063,18.3752,1.7833,17.1500,18.2449,-0.4841,1.0977
gbpusd+nzdusd+usdjpy,prev_close,10,0.1000,lon17,30,5676,0.3902,-0.7071,-46.4879,0.1364,-0.2578,1.0000,-0.0776,0.2061,18.3752,2.6667,17.5167,20.7803,-0.4368,1.0977
gbpusd+nzdusd+usdjpy,prev_close,10,0.1000,lon17,40,5676,0.4313,-0.8034,-46.4704,0.1364,-0.2771,1.0000,-0.0814,0.2063,18.3752,5.2583,17.7500,23.9377,-0.5563,1.0977
gbpusd+nzdusd+usdjpy,prev_close,10,0.1000,ny11,0,5676,0.4942,-0.9971,-46.4467,0.1364,-0.4803,1.0000,-0.0869,0.2069,18.3752,10.4833,16.9333,28.0015,-0.8732,1.0977
gbpusd+nzdusd+usdjpy,prev_close,10,0.1000,ny11,25,5676,0.3635,-0.7424,-46.4889,0.1364,-0.3260,1.0000,-0.0792,0.2060,18.3752,1.7833,16.0167,18.4205,-0.4834,1.0977
gbpusd+nzdusd+usdjpy,prev_close,10,0.1000,ny11,30,5676,0.3968,-0.6224,-46.4974,0.1364,-0.2795,1.0000,-0.0714,0.2059,18.3752,2.6667,16.3500,21.0441,-0.3406,1.0977
gbpusd+nzdusd+usdjpy,prev_close,10,0.1000,ny11,40,5676,0.4355,-0.7420,-46.4803,0.1364,-0.2479,1.0000,-0.0753,0.2060,18.3752,5.2333,16.7333,23.7580,-0.5000,1.0977
gbpusd+nzdusd+usdjpy,prev_close,10,0.1000,ny1655,0,5676,0.4894,-0.8188,-46.3505,0.1364,-0.3766,1.0000,-0.0768,0.2100,18.3752,16.4000,22.8833,30.0518,-0.6569,1.0977
gbpusd+nzdusd+usdjpy,prev_close,10,0.1000,ny1655,25,5676,0.3409,-0.7531,-46.4284,0.1364,-0.2480,1.0000,-0.0736,0.2078,18.3752,1.7833,21.8667,17.8529,-0.4867,1.0977
gbpusd+nzdusd+usdjpy,prev_close,10,0.1000,ny1655,30,5676,0.3779,-0.8028,-46.4466,0.1364,-0.2657,1.0000,-0.0759,0.2074,18.3752,2.6667,22.1500,21.0444,-0.5677,1.0977
gbpusd+nzdusd+usdjpy,prev_close,10,0.1000,ny1655,40,5676,0.4216,-1.0790,-46.4115,0.1364,-0.2853,1.0000,-0.0830,0.2081,18.3752,5.2583,22.6333,24.1281,-0.8142,1.0977
gbpusd+nzdusd+usdjpy,prev_close,10,0.1500,lon17,0,4482,0.4880,-1.2465,-46.6493,0.2669,-0.3392,1.0000,-0.0922,0.2025,14.5098,10.1833,17.9333,28.3475,-1.1891,1.5515
gbpusd+nzdusd+usdjpy,prev_close,10,0.1500,lon17,25,4482,0.3512,-0.9258,-46.7020,0.2669,-0.0605,1.0000,-0.0915,0.2012,14.5098,1.4333,16.5167,17.5559,-0.8539,1.5515
gbpusd+nzdusd+usdjpy,prev_close,10,0.1500,lon17,30,4482,0.3853,-1.1475,-46.7116,0.2669,-0.0980,1.0000,-0.1022,0.2010,14.5098,2.2500,16.9500,20.3657,-1.0432,1.5515
gbpusd+nzdusd+usdjpy,prev_close,10,0.1500,lon17,40,4482,0.4261,-1.4322,-46.6940,0.2669,-0.1533,1.0000,-0.1052,0.2014,14.5098,4.1683,17.3167,23.4777,-1.4061,1.5515
gbpusd+nzdusd+usdjpy,prev_close,10,0.1500,ny11,0,4482,0.4938,-1.4292,-46.6491,0.2669,-0.3249,1.0000,-0.1015,0.2025,14.5098,9.1000,16.8333,28.5902,-1.4191,1.5515
gbpusd+nzdusd+usdjpy,prev_close,10,0.1500,ny11,25,4482,0.3603,-0.7759,-46.7025,0.2669,-0.0754,1.0000,-0.0891,0.2012,14.5098,1.4333,15.4833,17.9930,-0.6858,1.5515
gbpusd+nzdusd+usdjpy,prev_close,10,0.1500,ny11,30,4482,0.3918,-0.9642,-46.7120,0.2669,-0.0973,1.0000,-0.1024,0.2010,14.5098,2.2500,15.9000,20.9181,-0.8395,1.5515
gbpusd+nzdusd+usdjpy,prev_close,10,0.1500,ny11,40,4482,0.4320,-1.1698,-46.6949,0.2669,-0.1038,1.0000,-0.1032,0.2014,14.5098,4.1683,16.2667,23.3040,-1.1212,1.5515
gbpusd+nzdusd+usdjpy,prev_close,10,0.1500,ny1655,0,4482,0.4897,-1.4368,-46.5833,0.2669,-0.2363,1.0000,-0.0996,0.2045,14.5098,15.0167,22.8000,30.6315,-1.4510,1.5515
gbpusd+nzdusd+usdjpy,prev_close,10,0.1500,ny1655,25,4482,0.3394,-0.8918,-46.6704,0.2669,-0.0546,1.0000,-0.0884,0.2021,14.5098,1.4333,21.1000,17.4256,-0.9031,1.5515
gbpusd+nzdusd+usdjpy,prev_close,10,0.1500,ny1655,30,4482,0.3742,-1.2525,-46.6919,0.2669,-0.1035,1.0000,-0.1055,0.2017,14.5098,2.2500,21.6833,20.6426,-1.1847,1.5515
gbpusd+nzdusd+usdjpy,prev_close,10,0.1500,ny1655,40,4482,0.4183,-1.6558,-46.6615,0.2669,-0.1772,1.0000,-0.1065,0.2023,14.5098,4.1683,22.1167,23.7989,-1.6507,1.5515
gbpusd+nzdusd+usdjpy,prev_close,10,0.2000,lon17,0,3348,0.4955,-0.1087,-46.6187,0.3002,-0.2658,1.0000,-0.0102,0.2030,10.8386,9.8167,17.9333,29.2226,-0.1767,1.9231
gbpusd+nzdusd+usdjpy,prev_close,10,0.2000,lon17,25,3348,0.3533,-0.4008,-46.6858,0.3002,0.0128,1.0000,-0.0415,0.2013,10.8386,1.2833,16.2333,18.7165,-0.4726,1.9231
gbpusd+nzdusd+usdjpy,prev_close,10,0.2000,lon17,30,3348,0.3892,-0.4226,-46.6967,0.3002,-0.0620,1.0000,-0.0395,0.2012,10.8386,1.9167,16.8500,21.2511,-0.4892,1.9231
gbpusd+nzdusd+usdjpy,prev_close,10,0.2000,lon17,40,3348,0.4289,-0.7774,-46.6680,0.3002,-0.1669,1.0000,-0.0694,0.2018,10.8386,3.5833,17.2833,24.4251,-0.8840,1.9231
gbpusd+nzdusd+usdjpy,prev_close,10,0.2000,ny11,0,3348,0.4955,-0.5307,-46.6179,0.3002,-0.3489,1.0000,-0.0438,0.2030,10.8386,8.7833,16.8833,28.5870,-0.6713,1.9231
gbpusd+nzdusd+usdjpy,prev_close,10,0.2000,ny11,25,3348,0.3572,-0.4398,-46.6871,0.3002,-0.0278,1.0000,-0.0477,0.2013,10.8386,1.2667,15.0333,18.7647,-0.4771,1.9231
gbpusd+nzdusd+usdjpy,prev_close,10,0.2000,ny11,30,3348,0.3931,-0.3959,-46.6978,0.3002,-0.0934,1.0000,-0.0389,0.2012,10.8386,1.9167,15.6167,21.4714,-0.4384,1.9231
gbpusd+nzdusd+usdjpy,prev_close,10,0.2000,ny11,40,3348,0.4298,-0.7252,-46.6683,0.3002,-0.1710,1.0000,-0.0689,0.2018,10.8386,3.5833,16.1883,24.2035,-0.8174,1.9231
gbpusd+nzdusd+usdjpy,prev_close,10,0.2000,ny1655,0,3348,0.4866,-0.6160,-46.5282,0.3002,-0.2698,1.0000,-0.0467,0.2056,10.8386,14.7000,22.7333,30.8666,-0.6561,1.9231
gbpusd+nzdusd+usdjpy,prev_close,10,0.2000,ny1655,25,3348,0.3339,-0.7950,-46.6207,0.3002,-0.0559,1.0000,-0.0752,0.2029,10.8386,1.2833,20.8500,17.9267,-0.9218,1.9231
gbpusd+nzdusd+usdjpy,prev_close,10,0.2000,ny1655,30,3348,0.3698,-0.8537,-46.6470,0.3002,-0.1424,1.0000,-0.0691,0.2026,10.8386,1.9450,21.2000,21.1323,-0.9182,1.9231
gbpusd+nzdusd+usdjpy,prev_close,10,0.2000,ny1655,40,3348,0.4128,-1.3267,-46.6142,0.3002,-0.2877,1.0000,-0.1029,0.2033,10.8386,3.6517,21.8000,24.0290,-1.3590,1.9231
gbpusd+nzdusd+usdjpy,prev_close,10,0.3000,lon17,0,1743,0.5026,1.1442,-46.7147,0.2748,-0.1896,1.0000,0.0774,0.2022,5.6427,9.6500,18.3833,31.0947,1.2536,3.5758
gbpusd+nzdusd+usdjpy,prev_close,10,0.3000,lon17,25,1743,0.3580,1.0305,-46.8190,0.2748,-0.0783,1.0000,0.0802,0.1999,5.6427,0.9667,16.3833,18.8794,1.3151,3.5758
gbpusd+nzdusd+usdjpy,prev_close,10,0.3000,lon17,30,1743,0.3884,0.8553,-46.8096,0.2748,-0.1243,1.0000,0.0733,0.1999,5.6427,1.6167,16.9767,21.2368,1.1289,3.5758
gbpusd+nzdusd+usdjpy,prev_close,10,0.3000,lon17,40,1743,0.4217,-0.0950,-46.7545,0.2748,-0.2386,1.0000,-0.0067,0.2008,5.6427,2.8000,17.4667,25.1285,0.2308,3.5758
gbpusd+nzdusd+usdjpy,prev_close,10,0.3000,ny11,0,1743,0.5003,0.6292,-46.7151,0.2748,-0.2871,1.0000,0.0399,0.2022,5.6427,8.6333,17.8167,31.4198,0.5768,3.5758
gbpusd+nzdusd+usdjpy,prev_close,10,0.3000,ny11,25,1743,0.3666,1.0556,-46.8190,0.2748,-0.1032,1.0000,0.0874,0.1999,5.6427,0.9667,15.0833,18.9371,1.2361,3.5758
gbpusd+nzdusd+usdjpy,prev_close,10,0.3000,ny11,30,1743,0.3982,0.9978,-46.8096,0.2748,-0.1435,1.0000,0.0952,0.1999,5.6427,1.6167,15.9800,21.2465,1.1879,3.5758
gbpusd+nzdusd+usdjpy,prev_close,10,0.3000,ny11,40,1743,0.4291,-0.0385,-46.7546,0.2748,-0.2556,1.0000,-0.0029,0.2008,5.6427,2.8000,16.4500,24.3787,0.2216,3.5758
gbpusd+nzdusd+usdjpy,prev_close,10,0.3000,ny1655,0,1743,0.4968,0.9818,-46.6777,0.2748,-0.1533,1.0000,0.0513,0.2038,5.6427,14.5500,22.8500,32.2863,1.1141,3.5758
gbpusd+nzdusd+usdjpy,prev_close,10,0.3000,ny1655,25,1743,0.3408,1.1378,-46.8313,0.2748,-0.1054,1.0000,0.0842,0.1998,5.6427,0.9667,20.7567,17.9862,1.4714,3.5758
gbpusd+nzdusd+usdjpy,prev_close,10,0.3000,ny1655,30,1743,0.3718,0.7422,-46.8091,0.2748,-0.1423,1.0000,0.0526,0.2002,5.6427,1.6167,20.9167,20.3066,1.1337,3.5758
gbpusd+nzdusd+usdjpy,prev_close,10,0.3000,ny1655,40,1743,0.4085,-0.3981,-46.7503,0.2748,-0.2543,1.0000,-0.0226,0.2011,5.6427,2.8000,21.7300,24.3642,0.0707,3.5758
gbpusd+nzdusd+usdjpy,prev_close,10,0.4000,lon17,0,903,0.4806,-2.4856,-45.1067,0.3318,-0.3431,1.0000,-0.0654,0.2408,2.9233,9.5833,22.0000,34.0982,-2.6466,5.0000
gbpusd+nzdusd+usdjpy,prev_close,10,0.4000,lon17,25,903,0.3200,-2.2276,-45.1670,0.3318,-0.3618,1.0000,-0.0953,0.2380,2.9233,0.7867,16.3500,16.9741,-1.6683,5.0000
gbpusd+nzdusd+usdjpy,prev_close,10,0.4000,lon17,30,903,0.3499,-3.1268,-45.1563,0.3318,-0.3639,1.0000,-0.1027,0.2380,2.9233,1.0867,17.1600,19.9186,-2.7677,5.0000
gbpusd+nzdusd+usdjpy,prev_close,10,0.4000,lon17,40,903,0.3854,-3.8509,-45.0941,0.3318,-0.3447,1.0000,-0.1074,0.2397,2.9233,1.9367,17.7500,24.3317,-3.9756,5.0000
gbpusd+nzdusd+usdjpy,prev_close,10,0.4000,ny11,0,903,0.4707,-2.7186,-45.1096,0.3318,-0.4064,1.0000,-0.0733,0.2408,2.9233,8.5667,22.0000,32.8741,-2.9736,5.0000
gbpusd+nzdusd+usdjpy,prev_close,10,0.4000,ny11,25,903,0.3234,-1.9723,-45.1677,0.3318,-0.3774,1.0000,-0.0783,0.2380,2.9233,0.7867,15.2167,18.3597,-1.5499,5.0000
gbpusd+nzdusd+usdjpy,prev_close,10,0.4000,ny11,30,903,0.3511,-2.6697,-45.1574,0.3318,-0.4035,1.0000,-0.0903,0.2380,2.9233,1.0867,16.4767,21.2465,-2.3806,5.0000
gbpusd+nzdusd+usdjpy,prev_close,10,0.4000,ny11,40,903,0.3843,-3.6627,-45.0963,0.3318,-0.4001,1.0000,-0.1087,0.2397,2.9233,1.9367,16.7667,25.0025,-3.7515,5.0000
gbpusd+nzdusd+usdjpy,prev_close,10,0.4000,ny1655,0,903,0.4629,-1.8641,-45.1503,0.3318,-0.2258,1.0000,-0.0582,0.2416,2.9233,14.4333,23.8833,32.7115,-2.0423,5.0000
gbpusd+nzdusd+usdjpy,prev_close,10,0.4000,ny1655,25,903,0.2924,-1.7907,-45.2149,0.3318,-0.3548,1.0000,-0.0803,0.2376,2.9233,0.7867,20.7000,14.9430,-1.1693,5.0000
gbpusd+nzdusd+usdjpy,prev_close,10,0.4000,ny1655,30,903,0.3156,-3.1561,-45.2036,0.3318,-0.3746,1.0000,-0.1005,0.2376,2.9233,1.0867,21.2533,18.3020,-2.7240,5.0000
gbpusd+nzdusd+usdjpy,prev_close,10,0.4000,ny1655,40,903,0.3588,-3.5651,-45.1643,0.3318,-0.3529,1.0000,-0.1021,0.2389,2.9233,1.9367,22.2733,25.1110,-3.7414,5.0000
