cond,kind,X,stop,trio,trades,win,bp,weekday_loglik,timing,pnl_corr,paired,ret_dd,mon_share,per_pair_month,ratio_2022_2021,scratch,stopped,grp1,grp2,grp3,hold_p50
h1_move,pct,0.1500,25,eurusd+gbpusd+audusd,4299,0.3438,-2.2721,-47.8012,0.0533,0.0575,0.3996,-0.1097,0.1754,13.9173,1.4277,0.1044,0.5529,0.7672,0.1792,0.0536,8.0000
h1_move,pct,0.1500,25,eurusd+gbpusd+nzdusd,4330,0.3430,-3.1354,-47.5632,0.0981,0.0427,0.4014,-0.1164,0.1795,14.0177,1.3857,0.1176,0.5418,0.7690,0.1714,0.0596,8.2500
h1_move,pct,0.1500,25,eurusd+gbpusd+usdjpy,3822,0.3082,-2.8064,-47.4754,0.1419,0.1117,0.3653,-0.1137,0.1803,12.3731,1.6585,0.0793,0.6196,0.7906,0.1662,0.0433,5.1750
h1_move,pct,0.1500,25,eurusd+audusd+nzdusd,4359,0.3778,-2.9336,-47.9050,0.1255,-0.0855,0.5178,-0.1130,0.1740,14.1116,1.3445,0.1549,0.4664,0.6703,0.2614,0.0683,9.4667
h1_move,pct,0.1500,25,eurusd+audusd+usdjpy,3851,0.3480,-2.5805,-47.8643,0.1693,-0.0499,0.3391,-0.1078,0.1742,12.4670,1.5850,0.1218,0.5336,0.8054,0.1647,0.0299,8.2500
h1_move,pct,0.1500,25,eurusd+nzdusd+usdjpy,3882,0.3470,-3.5410,-47.5929,0.2219,-0.0482,0.3346,-0.1170,0.1787,12.5674,1.5332,0.1363,0.5214,0.8100,0.1589,0.0311,8.2500
h1_move,pct,0.1500,25,gbpusd+audusd+nzdusd,4715,0.3559,-3.0715,-47.8122,0.0649,0.0320,0.5052,-0.1147,0.1766,15.2641,1.2264,0.1353,0.5065,0.6823,0.2471,0.0707,9.0000
h1_move,pct,0.1500,25,gbpusd+audusd+usdjpy,4207,0.3259,-2.7649,-47.7623,0.1366,0.0998,0.3254,-0.1109,0.1770,13.6195,1.4106,0.1027,0.5729,0.8132,0.1588,0.0280,7.2833
h1_move,pct,0.1500,25,gbpusd+nzdusd+usdjpy,4238,0.3252,-3.6433,-47.5214,0.1869,0.0857,0.3233,-0.1163,0.1812,13.7199,1.3674,0.1161,0.5613,0.8148,0.1589,0.0263,7.5250
h1_move,pct,0.1500,25,audusd+nzdusd+usdjpy,4267,0.3609,-3.4338,-47.8721,0.2054,-0.0484,0.4978,-0.1137,0.1756,13.8137,1.3259,0.1542,0.4842,0.6823,0.2687,0.0490,9.2500
h1_move,pct,0.1500,30,eurusd+gbpusd+audusd,4299,0.3794,-2.1075,-47.7629,0.0533,0.0333,0.3996,-0.1075,0.1761,13.9173,1.4277,0.1198,0.4759,0.7672,0.1792,0.0536,9.2500
h1_move,pct,0.1500,30,eurusd+gbpusd+nzdusd,4330,0.3744,-3.2894,-47.5636,0.0981,0.0061,0.4014,-0.1169,0.1800,14.0177,1.3857,0.1314,0.4658,0.7690,0.1714,0.0596,9.2500
h1_move,pct,0.1500,30,eurusd+gbpusd+usdjpy,3822,0.3475,-2.5223,-47.5285,0.1419,0.0583,0.3653,-0.1122,0.1799,12.3731,1.6585,0.0947,0.5437,0.7906,0.1662,0.0433,7.8750
h1_move,pct,0.1500,30,eurusd+audusd+nzdusd,4359,0.4024,-3.3066,-47.7230,0.1255,-0.1006,0.5178,-0.1138,0.1771,14.1116,1.3445,0.1707,0.3882,0.6703,0.2614,0.0683,11.2500
h1_move,pct,0.1500,30,eurusd+audusd+usdjpy,3851,0.3794,-2.5475,-47.7130,0.1693,-0.0963,0.3391,-0.1069,0.1766,12.4670,1.5850,0.1394,0.4552,0.8054,0.1647,0.0299,9.2500
h1_move,pct,0.1500,30,eurusd+nzdusd+usdjpy,3882,0.3738,-3.8624,-47.4901,0.2219,-0.0883,0.3346,-0.1172,0.1809,12.5674,1.5332,0.1522,0.4441,0.8100,0.1589,0.0311,9.2500
h1_move,pct,0.1500,30,gbpusd+audusd+nzdusd,4715,0.3826,-3.3948,-47.8230,0.0649,-0.0270,0.5052,-0.1140,0.1764,15.2641,1.2264,0.1474,0.4324,0.6823,0.2471,0.0707,10.2500
h1_move,pct,0.1500,30,gbpusd+audusd+usdjpy,4207,0.3592,-2.7106,-47.8236,0.1366,0.0085,0.3254,-0.1083,0.1759,13.6195,1.4106,0.1160,0.4992,0.8132,0.1588,0.0280,8.3833
h1_move,pct,0.1500,30,gbpusd+nzdusd+usdjpy,4238,0.3542,-3.9138,-47.6189,0.1869,-0.0129,0.3233,-0.1166,0.1799,13.7199,1.3674,0.1279,0.4887,0.8148,0.1589,0.0263,8.8083
h1_move,pct,0.1500,30,audusd+nzdusd+usdjpy,4267,0.3829,-3.9271,-47.7847,0.2054,-0.1297,0.4978,-0.1134,0.1769,13.8137,1.3259,0.1680,0.4092,0.6823,0.2687,0.0490,11.2500
h1_move,pct,0.1500,40,eurusd+gbpusd+audusd,4299,0.4143,-2.8129,-47.6506,0.0533,-0.0627,0.3996,-0.1101,0.1782,13.9173,1.4277,0.1419,0.3536,0.7672,0.1792,0.0536,11.2500
h1_move,pct,0.1500,40,eurusd+gbpusd+nzdusd,4330,0.4097,-3.5754,-47.5504,0.0981,-0.0254,0.4014,-0.1168,0.1803,14.0177,1.3857,0.1540,0.3367,0.7690,0.1714,0.0596,12.0000
h1_move,pct,0.1500,40,eurusd+gbpusd+usdjpy,3822,0.3885,-3.1204,-47.4666,0.1419,-0.0219,0.3653,-0.1130,0.1814,12.3731,1.6585,0.1156,0.4288,0.7906,0.1662,0.0433,9.2500
h1_move,pct,0.1500,40,eurusd+audusd+nzdusd,4359,0.4267,-3.7136,-47.5881,0.1255,-0.1106,0.5178,-0.1143,0.1792,14.1116,1.3445,0.1909,0.2553,0.6703,0.2614,0.0683,13.2500
h1_move,pct,0.1500,40,eurusd+audusd+usdjpy,3851,0.4079,-3.2803,-47.5112,0.1693,-0.1421,0.3391,-0.1093,0.1802,12.4670,1.5850,0.1576,0.3360,0.8054,0.1647,0.0299,12.2500
h1_move,pct,0.1500,40,eurusd+nzdusd+usdjpy,3882,0.4029,-4.1270,-47.4011,0.2219,-0.0831,0.3346,-0.1167,0.1825,12.5674,1.5332,0.1710,0.3174,0.8100,0.1589,0.0311,12.2500
h1_move,pct,0.1500,40,gbpusd+audusd+nzdusd,4715,0.4136,-3.7448,-47.7026,0.0649,-0.0597,0.5052,-0.1151,0.1784,15.2641,1.2264,0.1705,0.3043,0.6823,0.2471,0.0707,12.2500
h1_move,pct,0.1500,40,gbpusd+audusd+usdjpy,4207,0.3948,-3.3518,-47.6444,0.1366,-0.0757,0.3254,-0.1113,0.1792,13.6195,1.4106,0.1376,0.3841,0.8132,0.1588,0.0280,11.2500
h1_move,pct,0.1500,40,gbpusd+nzdusd+usdjpy,4238,0.3903,-4.1269,-47.5431,0.1869,-0.0327,0.3233,-0.1165,0.1813,13.7199,1.3674,0.1501,0.3667,0.8148,0.1589,0.0263,11.2500
h1_move,pct,0.1500,40,audusd+nzdusd+usdjpy,4267,0.4078,-4.2644,-47.5820,0.2054,-0.1315,0.4978,-0.1145,0.1803,13.8137,1.3259,0.1877,0.2833,0.6823,0.2687,0.0490,13.2500
h1_move,pct,0.2000,25,eurusd+gbpusd+audusd,2854,0.3357,-2.4787,-48.1542,0.1185,-0.1947,0.3900,-0.1061,0.1679,9.2394,2.0808,0.1009,0.5701,0.7758,0.1634,0.0608,7.0000
h1_move,pct,0.2000,25,eurusd+gbpusd+nzdusd,2933,0.3437,-2.8290,-47.8906,0.1215,-0.1578,0.3928,-0.1123,0.1728,9.4951,1.9632,0.1149,0.5418,0.7752,0.1593,0.0656,7.9167
h1_move,pct,0.2000,25,eurusd+gbpusd+usdjpy,2516,0.2961,-2.5781,-47.9447,0.2043,-0.0613,0.3339,-0.1050,0.1709,8.1452,2.6348,0.0684,0.6403,0.8103,0.1461,0.0436,4.4000
h1_move,pct,0.2000,25,eurusd+audusd+nzdusd,2949,0.3730,-3.3183,-48.1289,0.1442,-0.3093,0.5409,-0.1129,0.1673,9.5469,1.8516,0.1550,0.4730,0.6456,0.2752,0.0792,8.5000
h1_move,pct,0.2000,25,eurusd+audusd+usdjpy,2532,0.3306,-3.1496,-48.2359,0.2109,-0.2878,0.3440,-0.1082,0.1645,8.1970,2.3565,0.1153,0.5596,0.8043,0.1557,0.0400,7.6583
h1_move,pct,0.2000,25,eurusd+nzdusd+usdjpy,2611,0.3397,-3.5228,-47.9299,0.2323,-0.2791,0.3432,-0.1136,0.1702,8.4527,2.2018,0.1306,0.5282,0.8031,0.1581,0.0388,8.2500
h1_move,pct,0.2000,25,gbpusd+audusd+nzdusd,3288,0.3549,-3.2295,-48.0827,0.0955,-0.2639,0.5091,-0.1128,0.1702,10.6444,1.5866,0.1335,0.5146,0.6781,0.2400,0.0820,8.2500
h1_move,pct,0.2000,25,gbpusd+audusd+usdjpy,2871,0.3149,-3.0679,-48.1600,0.1794,-0.2503,0.3239,-0.1089,0.1681,9.2944,1.9053,0.0954,0.5970,0.8126,0.1577,0.0297,6.2333
h1_move,pct,0.2000,25,gbpusd+nzdusd+usdjpy,2950,0.3234,-3.4004,-47.9028,0.1888,-0.2192,0.3136,-0.1137,0.1730,9.5502,1.7971,0.1095,0.5681,0.8195,0.1506,0.0300,6.8500
h1_move,pct,0.2000,25,audusd+nzdusd+usdjpy,2966,0.3527,-3.8838,-48.1402,0.1967,-0.3553,0.5037,-0.1140,0.1676,9.6020,1.7070,0.1494,0.4997,0.6760,0.2633,0.0607,8.2500
h1_move,pct,0.2000,30,eurusd+gbpusd+audusd,2854,0.3711,-2.3518,-48.0188,0.1185,-0.2450,0.3900,-0.1072,0.1704,9.2394,2.0808,0.1160,0.4930,0.7758,0.1634,0.0608,8.2500
h1_move,pct,0.2000,30,eurusd+gbpusd+nzdusd,2933,0.3723,-3.1930,-47.8762,0.1215,-0.2057,0.3928,-0.1137,0.1734,9.4951,1.9632,0.1285,0.4674,0.7752,0.1593,0.0656,8.2500
h1_move,pct,0.2000,30,eurusd+gbpusd+usdjpy,2516,0.3351,-2.4508,-47.9800,0.2043,-0.1888,0.3339,-0.1058,0.1708,8.1452,2.6348,0.0827,0.5672,0.8103,0.1461,0.0436,6.6417
h1_move,pct,0.2000,30,eurusd+audusd+nzdusd,2949,0.3964,-3.7361,-47.8427,0.1442,-0.3253,0.5409,-0.1145,0.1722,9.5469,1.8516,0.1692,0.3947,0.6456,0.2752,0.0792,10.2500
h1_move,pct,0.2000,30,eurusd+audusd+usdjpy,2532,0.3633,-3.0880,-47.9503,0.2109,-0.3521,0.3440,-0.1092,0.1694,8.1970,2.3565,0.1303,0.4818,0.8043,0.1557,0.0400,8.2500
h1_move,pct,0.2000,30,eurusd+nzdusd+usdjpy,2611,0.3650,-4.0107,-47.7892,0.2323,-0.3530,0.3432,-0.1150,0.1728,8.4527,2.2018,0.1440,0.4535,0.8031,0.1581,0.0388,8.2500
h1_move,pct,0.2000,30,gbpusd+audusd+nzdusd,3288,0.3817,-3.5336,-48.0464,0.0955,-0.2994,0.5091,-0.1141,0.1707,10.6444,1.5866,0.1475,0.4398,0.6781,0.2400,0.0820,9.2500
h1_move,pct,0.2000,30,gbpusd+audusd+usdjpy,2871,0.3504,-2.9327,-48.1659,0.1794,-0.3290,0.3239,-0.1098,0.1680,9.2944,1.9053,0.1101,0.5232,0.8126,0.1577,0.0297,8.2500
h1_move,pct,0.2000,30,gbpusd+nzdusd+usdjpy,2950,0.3522,-3.7535,-48.0198,0.1888,-0.3062,0.3136,-0.1149,0.1710,9.5502,1.7971,0.1227,0.4969,0.8195,0.1506,0.0300,8.2500
h1_move,pct,0.2000,30,audusd+nzdusd+usdjpy,2966,0.3763,-4.2904,-47.9893,0.1967,-0.3998,0.5037,-0.1154,0.1698,9.6020,1.7070,0.1632,0.4245,0.6760,0.2633,0.0607,9.4833
h1_move,pct,0.2000,40,eurusd+gbpusd+audusd,2854,0.4068,-3.2267,-47.8599,0.1185,-0.2341,0.3900,-0.1112,0.1733,9.2394,2.0808,0.1402,0.3760,0.7758,0.1634,0.0608,10.2500
h1_move,pct,0.2000,40,eurusd+gbpusd+nzdusd,2933,0.4081,-3.5263,-47.7102,0.1215,-0.1733,0.3928,-0.1121,0.1763,9.4951,1.9632,0.1531,0.3447,0.7752,0.1593,0.0656,10.2500
h1_move,pct,0.2000,40,eurusd+gbpusd+usdjpy,2516,0.3784,-3.1793,-47.8482,0.2043,-0.1957,0.3339,-0.1089,0.1732,8.1452,2.6348,0.1077,0.4551,0.8103,0.1461,0.0436,8.2500
h1_move,pct,0.2000,40,eurusd+audusd+nzdusd,2949,0.4218,-4.2924,-47.6214,0.1442,-0.2919,0.5409,-0.1152,0.1759,9.5469,1.8516,0.1913,0.2696,0.6456,0.2752,0.0792,12.2500
h1_move,pct,0.2000,40,eurusd+audusd+usdjpy,2532,0.3945,-4.0738,-47.7517,0.2109,-0.3411,0.3440,-0.1121,0.1728,8.1970,2.3565,0.1524,0.3669,0.8043,0.1557,0.0400,10.2500
h1_move,pct,0.2000,40,eurusd+nzdusd+usdjpy,2611,0.3964,-4.3847,-47.5826,0.2323,-0.3182,0.3432,-0.1139,0.1762,8.4527,2.2018,0.1666,0.3321,0.8031,0.1581,0.0388,10.9500
h1_move,pct,0.2000,40,gbpusd+audusd+nzdusd,3288,0.4127,-4.0270,-47.8415,0.0955,-0.3157,0.5091,-0.1150,0.1739,10.6444,1.5866,0.1724,0.3187,0.6781,0.2400,0.0820,12.2500
h1_move,pct,0.2000,40,gbpusd+audusd+usdjpy,2871,0.3873,-3.7956,-47.9860,0.1794,-0.3630,0.3239,-0.1131,0.1708,9.2944,1.9053,0.1355,0.4117,0.8126,0.1577,0.0297,9.2667
h1_move,pct,0.2000,40,gbpusd+nzdusd+usdjpy,2950,0.3892,-4.0782,-47.8306,0.1888,-0.3403,0.3136,-0.1135,0.1739,9.5502,1.7971,0.1485,0.3797,0.8195,0.1506,0.0300,10.2500
h1_move,pct,0.2000,40,audusd+nzdusd+usdjpy,2966,0.4029,-4.8370,-47.7456,0.1967,-0.4040,0.5037,-0.1157,0.1735,9.6020,1.7070,0.1864,0.3048,0.6760,0.2633,0.0607,12.2500
h1_move,pct,0.3000,25,eurusd+gbpusd+audusd,1208,0.3171,-3.8121,-48.0937,0.1442,-0.2473,0.3733,-0.1088,0.1627,3.9107,4.2083,0.0877,0.5977,0.7934,0.1267,0.0799,5.1917
h1_move,pct,0.3000,25,eurusd+gbpusd+nzdusd,1205,0.3328,-3.6705,-48.1749,0.1873,-0.3780,0.3884,-0.1069,0.1619,3.9010,3.6341,0.1021,0.5784,0.7773,0.1427,0.0800,5.7500
h1_move,pct,0.3000,25,eurusd+gbpusd+usdjpy,1056,0.2737,-3.9887,-47.5692,0.3074,-0.2623,0.3305,-0.1073,0.1686,3.4186,5.8636,0.0530,0.6780,0.8192,0.1221,0.0587,2.3167
h1_move,pct,0.3000,25,eurusd+audusd+nzdusd,1242,0.3631,-3.6378,-48.4893,0.1475,-0.2895,0.5684,-0.1013,0.1587,4.0208,3.2626,0.1377,0.5081,0.6301,0.2434,0.1265,8.2500
h1_move,pct,0.3000,25,eurusd+audusd+usdjpy,1093,0.3102,-3.9408,-47.9232,0.2279,-0.1949,0.3687,-0.1035,0.1647,3.5384,4.6393,0.0952,0.5947,0.7888,0.1470,0.0642,5.3500
h1_move,pct,0.3000,25,eurusd+nzdusd+usdjpy,1090,0.3275,-3.7846,-48.0139,0.2699,-0.3431,0.3835,-0.1009,0.1639,3.5287,3.9155,0.1110,0.5734,0.7792,0.1547,0.0661,5.9833
h1_move,pct,0.3000,25,gbpusd+audusd+nzdusd,1382,0.3459,-3.7091,-48.6991,0.0705,-0.2865,0.5152,-0.1072,0.1575,4.4740,2.8407,0.1143,0.5485,0.6767,0.2190,0.1043,7.0833
h1_move,pct,0.3000,25,gbpusd+audusd+usdjpy,1233,0.2968,-3.9862,-48.2039,0.1844,-0.2082,0.3058,-0.1099,0.1626,3.9916,3.7467,0.0738,0.6302,0.8292,0.1244,0.0464,4.0000
h1_move,pct,0.3000,25,gbpusd+nzdusd+usdjpy,1230,0.3122,-3.8479,-48.2960,0.2090,-0.3358,0.3252,-0.1078,0.1619,3.9819,3.2471,0.0878,0.6114,0.8141,0.1357,0.0503,4.2250
h1_move,pct,0.3000,25,audusd+nzdusd+usdjpy,1267,0.3425,-3.8107,-48.6005,0.1674,-0.2601,0.5375,-0.1024,0.1587,4.1017,2.9510,0.1231,0.5414,0.6462,0.2662,0.0876,7.4333
h1_move,pct,0.3000,30,eurusd+gbpusd+audusd,1208,0.3518,-4.0049,-47.8465,0.1442,-0.2533,0.3733,-0.1099,0.1668,3.9107,4.2083,0.1035,0.5240,0.7934,0.1267,0.0799,8.1333
h1_move,pct,0.3000,30,eurusd+gbpusd+nzdusd,1205,0.3635,-4.1163,-47.9573,0.1873,-0.3989,0.3884,-0.1111,0.1658,3.9010,3.6341,0.1145,0.5104,0.7773,0.1427,0.0800,8.2500
h1_move,pct,0.3000,30,eurusd+gbpusd+usdjpy,1056,0.3144,-3.7938,-47.3535,0.3074,-0.3457,0.3305,-0.1081,0.1725,3.4186,5.8636,0.0682,0.6108,0.8192,0.1221,0.0587,4.0083
h1_move,pct,0.3000,30,eurusd+audusd+nzdusd,1242,0.3849,-4.5390,-48.2700,0.1475,-0.2952,0.5684,-0.1041,0.1625,4.0208,3.2626,0.1481,0.4380,0.6301,0.2434,0.1265,8.2500
h1_move,pct,0.3000,30,eurusd+audusd+usdjpy,1093,0.3403,-4.2850,-47.7061,0.2279,-0.2243,0.3687,-0.1039,0.1685,3.5384,4.6393,0.1080,0.5252,0.7888,0.1470,0.0642,8.0000
h1_move,pct,0.3000,30,eurusd+nzdusd+usdjpy,1090,0.3532,-4.4089,-47.8343,0.2699,-0.4049,0.3835,-0.1045,0.1673,3.5287,3.9155,0.1202,0.5101,0.7792,0.1547,0.0661,8.2500
h1_move,pct,0.3000,30,gbpusd+audusd+nzdusd,1382,0.3690,-4.4947,-48.5930,0.0705,-0.3164,0.5152,-0.1089,0.1594,4.4740,2.8407,0.1281,0.4834,0.6767,0.2190,0.1043,8.2500
h1_move,pct,0.3000,30,gbpusd+audusd+usdjpy,1233,0.3277,-4.2642,-48.1066,0.1844,-0.2716,0.3058,-0.1107,0.1643,3.9916,3.7467,0.0900,0.5661,0.8292,0.1244,0.0464,6.3000
h1_move,pct,0.3000,30,gbpusd+nzdusd+usdjpy,1230,0.3390,-4.3739,-48.2303,0.2090,-0.4024,0.3252,-0.1107,0.1633,3.9819,3.2471,0.1008,0.5528,0.8141,0.1357,0.0503,6.8583
h1_move,pct,0.3000,30,audusd+nzdusd+usdjpy,1267,0.3607,-4.7807,-48.5396,0.1674,-0.3115,0.5375,-0.1045,0.1601,4.1017,2.9510,0.1342,0.4807,0.6462,0.2662,0.0876,8.2500
h1_move,pct,0.3000,40,eurusd+gbpusd+audusd,1208,0.3932,-4.5440,-47.6337,0.1442,-0.2186,0.3733,-0.1079,0.1711,3.9107,4.2083,0.1233,0.4098,0.7934,0.1267,0.0799,8.2500
h1_move,pct,0.3000,40,eurusd+gbpusd+nzdusd,1205,0.4050,-4.2282,-47.5899,0.1873,-0.3735,0.3884,-0.1094,0.1717,3.9010,3.6341,0.1361,0.3851,0.7773,0.1427,0.0800,8.2667
h1_move,pct,0.3000,40,eurusd+gbpusd+usdjpy,1056,0.3674,-4.0575,-47.1456,0.3074,-0.2708,0.3305,-0.1085,0.1764,3.4186,5.8636,0.0928,0.4962,0.8192,0.1221,0.0587,8.2500
h1_move,pct,0.3000,40,eurusd+audusd+nzdusd,1242,0.4147,-4.6308,-47.7849,0.1475,-0.2809,0.5684,-0.1051,0.1703,4.0208,3.2626,0.1707,0.3116,0.6301,0.2434,0.1265,10.0000
h1_move,pct,0.3000,40,eurusd+audusd+usdjpy,1093,0.3797,-4.5208,-47.3749,0.2279,-0.2033,0.3687,-0.1030,0.1746,3.5384,4.6393,0.1336,0.4090,0.7888,0.1470,0.0642,8.2500
h1_move,pct,0.3000,40,eurusd+nzdusd+usdjpy,1090,0.3927,-4.1715,-47.3199,0.2699,-0.3657,0.3835,-0.1028,0.1752,3.5287,3.9155,0.1477,0.3817,0.7792,0.1547,0.0661,8.2500
h1_move,pct,0.3000,40,gbpusd+audusd+nzdusd,1382,0.4067,-4.5858,-48.1649,0.0705,-0.3159,0.5152,-0.1084,0.1656,4.4740,2.8407,0.1520,0.3546,0.6767,0.2190,0.1043,9.2500
h1_move,pct,0.3000,40,gbpusd+audusd+usdjpy,1233,0.3747,-4.4828,-47.8217,0.1844,-0.2478,0.3058,-0.1081,0.1689,3.9916,3.7467,0.1168,0.4461,0.8292,0.1244,0.0464,8.2500
h1_move,pct,0.3000,40,gbpusd+nzdusd+usdjpy,1230,0.3862,-4.1732,-47.7801,0.2090,-0.3866,0.3252,-0.1087,0.1694,3.9819,3.2471,0.1293,0.4220,0.8141,0.1357,0.0503,8.2500
h1_move,pct,0.3000,40,audusd+nzdusd+usdjpy,1267,0.3962,-4.5695,-47.9716,0.1674,-0.3131,0.5375,-0.1035,0.1681,4.1017,2.9510,0.1634,0.3489,0.6462,0.2662,0.0876,9.2500
h1_move,pct,0.4000,25,eurusd+gbpusd+audusd,551,0.2976,-4.6234,-48.4763,0.2214,-0.3528,0.4065,-0.1142,0.1566,1.7838,9.1765,0.0835,0.6316,0.7733,0.1384,0.0883,3.4333
h1_move,pct,0.4000,25,eurusd+gbpusd+nzdusd,556,0.3237,-4.3080,-48.2173,0.2227,-0.4351,0.4353,-0.1146,0.1562,1.8000,8.7778,0.1007,0.6043,0.7482,0.1574,0.0944,4.7000
h1_move,pct,0.4000,25,eurusd+gbpusd+usdjpy,495,0.2505,-5.1700,-47.2546,0.4001,-0.3864,0.3394,-0.1134,0.1713,1.6025,22.3333,0.0525,0.7010,0.8203,0.1063,0.0734,2.0333
h1_move,pct,0.4000,25,eurusd+audusd+nzdusd,573,0.3578,-4.0572,-48.2290,0.1086,-0.3210,0.6318,-0.0920,0.1605,1.8550,5.1935,0.1291,0.5462,0.5596,0.2936,0.1468,7.4000
h1_move,pct,0.4000,25,eurusd+audusd+usdjpy,512,0.2910,-4.8607,-47.3239,0.1827,-0.1829,0.3809,-0.0998,0.1756,1.6575,7.2105,0.0859,0.6328,0.7879,0.1313,0.0808,3.3750
h1_move,pct,0.4000,25,eurusd+nzdusd+usdjpy,517,0.3191,-4.5193,-47.0598,0.1855,-0.3433,0.4023,-0.0998,0.1750,1.6737,6.9500,0.1044,0.6035,0.7673,0.1432,0.0895,4.7167
h1_move,pct,0.4000,25,gbpusd+audusd+nzdusd,633,0.3365,-4.4646,-48.3914,0.1951,-0.2754,0.5624,-0.0976,0.1592,2.0492,5.7667,0.1058,0.5861,0.6424,0.2259,0.1318,5.7833
h1_move,pct,0.4000,25,gbpusd+audusd+usdjpy,572,0.2745,-5.2272,-47.5662,0.3053,-0.1989,0.3252,-0.1091,0.1726,1.8518,8.2778,0.0647,0.6678,0.8261,0.1043,0.0696,2.7000
h1_move,pct,0.4000,25,gbpusd+nzdusd+usdjpy,577,0.2998,-4.9181,-47.3091,0.3075,-0.3158,0.3484,-0.1079,0.1721,1.8679,7.9474,0.0815,0.6412,0.8070,0.1206,0.0724,3.1333
h1_move,pct,0.4000,25,audusd+nzdusd+usdjpy,594,0.3333,-4.6587,-47.3905,0.1324,-0.2032,0.5909,-0.0905,0.1757,1.9230,4.8125,0.1094,0.5842,0.5918,0.3010,0.1071,5.8333
h1_move,pct,0.4000,30,eurusd+gbpusd+audusd,551,0.3321,-4.7015,-48.0142,0.2214,-0.3978,0.4065,-0.1139,0.1639,1.7838,9.1765,0.0926,0.5590,0.7733,0.1384,0.0883,6.3000
h1_move,pct,0.4000,30,eurusd+gbpusd+nzdusd,556,0.3507,-5.3425,-47.7971,0.2227,-0.4598,0.4353,-0.1160,0.1634,1.8000,8.7778,0.1079,0.5432,0.7482,0.1574,0.0944,7.8917
h1_move,pct,0.4000,30,eurusd+gbpusd+usdjpy,495,0.2909,-4.7034,-46.8083,0.4001,-0.4185,0.3394,-0.1143,0.1794,1.6025,22.3333,0.0586,0.6384,0.8203,0.1063,0.0734,3.1500
h1_move,pct,0.4000,30,eurusd+audusd+nzdusd,573,0.3787,-5.4702,-47.8236,0.1086,-0.3195,0.6318,-0.0998,0.1675,1.8550,5.1935,0.1361,0.4764,0.5596,0.2936,0.1468,8.2500
h1_move,pct,0.4000,30,eurusd+audusd+usdjpy,512,0.3242,-4.8675,-46.8845,0.1827,-0.2311,0.3809,-0.1028,0.1834,1.6575,7.2105,0.0918,0.5605,0.7879,0.1313,0.0808,6.5500
h1_move,pct,0.4000,30,eurusd+nzdusd+usdjpy,517,0.3443,-5.5553,-46.6714,0.1855,-0.3831,0.4023,-0.1050,0.1827,1.6737,6.9500,0.1083,0.5435,0.7673,0.1432,0.0895,7.8833
h1_move,pct,0.4000,30,gbpusd+audusd+nzdusd,633,0.3539,-5.8363,-48.2710,0.1951,-0.3085,0.5624,-0.1054,0.1616,2.0492,5.7667,0.1137,0.5292,0.6424,0.2259,0.1318,8.0667
h1_move,pct,0.4000,30,gbpusd+audusd+usdjpy,572,0.3024,-5.3359,-47.4152,0.3053,-0.2733,0.3252,-0.1113,0.1752,1.8518,8.2778,0.0717,0.6101,0.8261,0.1043,0.0696,4.6833
h1_move,pct,0.4000,30,gbpusd+nzdusd+usdjpy,577,0.3206,-5.9481,-47.1986,0.3075,-0.3599,0.3484,-0.1101,0.1747,1.8679,7.9474,0.0867,0.5945,0.8070,0.1206,0.0724,5.0500
h1_move,pct,0.4000,30,audusd+nzdusd+usdjpy,594,0.3485,-6.0540,-47.2750,0.1324,-0.2494,0.5909,-0.0971,0.1783,1.9230,4.8125,0.1145,0.5286,0.5918,0.3010,0.1071,8.0000
h1_move,pct,0.4000,40,eurusd+gbpusd+audusd,551,0.3811,-4.9658,-47.7171,0.2214,-0.3720,0.4065,-0.1116,0.1696,1.7838,9.1765,0.1071,0.4410,0.7733,0.1384,0.0883,8.2500
h1_move,pct,0.4000,40,eurusd+gbpusd+nzdusd,556,0.4047,-5.0494,-47.1901,0.2227,-0.4892,0.4353,-0.1114,0.1735,1.8000,8.7778,0.1349,0.4083,0.7482,0.1574,0.0944,8.2500
h1_move,pct,0.4000,40,eurusd+gbpusd+usdjpy,495,0.3535,-4.3502,-46.3877,0.4001,-0.3869,0.3394,-0.1102,0.1877,1.6025,22.3333,0.0747,0.5293,0.8203,0.1063,0.0734,7.4667
h1_move,pct,0.4000,40,eurusd+audusd+nzdusd,573,0.4136,-5.7018,-47.1456,0.1086,-0.3296,0.6318,-0.1000,0.1792,1.8550,5.1935,0.1623,0.3386,0.5596,0.2936,0.1468,8.2500
h1_move,pct,0.4000,40,eurusd+audusd+usdjpy,512,0.3652,-5.1035,-46.3911,0.1827,-0.2341,0.3809,-0.1026,0.1935,1.6575,7.2105,0.1074,0.4473,0.7879,0.1313,0.0808,8.2500
h1_move,pct,0.4000,40,eurusd+nzdusd+usdjpy,517,0.3907,-5.1921,-45.8918,0.1855,-0.3842,0.4023,-0.1039,0.1975,1.6737,6.9500,0.1373,0.4120,0.7673,0.1432,0.0895,8.2500
h1_move,pct,0.4000,40,gbpusd+audusd+nzdusd,633,0.4028,-5.8006,-47.7848,0.1951,-0.3220,0.5624,-0.1027,0.1688,2.0492,5.7667,0.1438,0.3918,0.6424,0.2259,0.1318,8.2500
h1_move,pct,0.4000,40,gbpusd+audusd+usdjpy,572,0.3584,-5.2757,-47.0932,0.3053,-0.2709,0.3252,-0.1055,0.1806,1.8518,8.2778,0.0927,0.4948,0.8261,0.1043,0.0696,8.2500
h1_move,pct,0.4000,40,gbpusd+nzdusd+usdjpy,577,0.3813,-5.3535,-46.6088,0.3075,-0.3732,0.3484,-0.1065,0.1842,1.8679,7.9474,0.1196,0.4627,0.8070,0.1206,0.0724,8.2500
h1_move,pct,0.4000,40,audusd+nzdusd+usdjpy,594,0.3906,-5.9741,-46.6045,0.1324,-0.2624,0.5909,-0.0952,0.1894,1.9230,4.8125,0.1465,0.3939,0.5918,0.3010,0.1071,8.2500
h1_move,pct,0.6000,25,eurusd+gbpusd+audusd,167,0.2635,-8.5799,-46.1499,-0.0516,-0.1476,0.4790,-0.1044,0.1947,0.5406,17.3333,0.0838,0.6766,0.7373,0.1102,0.1525,2.1000
h1_move,pct,0.6000,25,eurusd+gbpusd+nzdusd,160,0.2875,-5.5635,-45.8977,0.0031,-0.1467,0.5000,-0.0982,0.1938,0.5180,25.0000,0.0813,0.6500,0.7207,0.1171,0.1622,2.1583
h1_move,pct,0.6000,25,eurusd+gbpusd+usdjpy,157,0.1975,-7.6191,-46.7128,0.2520,-0.1114,0.3694,-0.1177,0.1785,0.5083,49.0000,0.0510,0.7707,0.8017,0.0992,0.0992,1.0000
h1_move,pct,0.6000,25,eurusd+audusd+nzdusd,164,0.3415,-6.3765,-46.6536,0.0837,-0.0697,0.7317,-0.0835,0.1861,0.5309,9.2000,0.1037,0.5854,0.4516,0.3333,0.2151,4.1667
h1_move,pct,0.6000,25,eurusd+audusd+usdjpy,161,0.2547,-8.3962,-47.5256,0.2252,-0.0982,0.4658,-0.1018,0.1710,0.5212,11.2500,0.0745,0.7019,0.7130,0.1739,0.1130,1.9667
h1_move,pct,0.6000,25,eurusd+nzdusd+usdjpy,154,0.2792,-5.2539,-47.4113,0.3643,-0.0987,0.5000,-0.0957,0.1691,0.4986,14.3333,0.0714,0.6753,0.6822,0.1963,0.1215,1.9833
h1_move,pct,0.6000,25,gbpusd+audusd+nzdusd,190,0.3053,-7.0267,-46.5552,-0.0071,-0.1503,0.6421,-0.0878,0.1843,0.6151,10.6000,0.1000,0.6105,0.5739,0.2000,0.2261,3.1083
h1_move,pct,0.6000,25,gbpusd+audusd+usdjpy,187,0.2299,-8.7760,-47.2737,0.1873,-0.1347,0.4492,-0.1027,0.1713,0.6054,13.0000,0.0749,0.7112,0.7372,0.1606,0.1022,1.6667
h1_move,pct,0.6000,25,gbpusd+nzdusd+usdjpy,180,0.2500,-6.1024,-47.1788,0.3438,-0.1925,0.4556,-0.0980,0.1697,0.5827,16.6667,0.0722,0.6889,0.7328,0.1603,0.1069,1.7417
h1_move,pct,0.6000,25,audusd+nzdusd+usdjpy,184,0.2989,-6.8153,-47.8814,0.3157,-0.1102,0.6467,-0.0855,0.1633,0.5957,7.6667,0.0924,0.6304,0.5536,0.2500,0.1964,2.9750
h1_move,pct,0.6000,30,eurusd+gbpusd+audusd,167,0.2994,-9.3980,-45.6876,-0.0516,-0.1834,0.4790,-0.1057,0.2036,0.5406,17.3333,0.0898,0.5928,0.7373,0.1102,0.1525,3.3500
h1_move,pct,0.6000,30,eurusd+gbpusd+nzdusd,160,0.3250,-5.6546,-45.7515,0.0031,-0.2679,0.5000,-0.0983,0.1969,0.5180,25.0000,0.0813,0.5875,0.7207,0.1171,0.1622,3.2333
h1_move,pct,0.6000,30,eurusd+gbpusd+usdjpy,157,0.2357,-8.4251,-46.1506,0.2520,-0.1900,0.3694,-0.1179,0.1880,0.5083,49.0000,0.0510,0.7134,0.8017,0.0992,0.0992,1.7167
h1_move,pct,0.6000,30,eurusd+audusd+nzdusd,164,0.3659,-7.3688,-46.4848,0.0837,-0.0968,0.7317,-0.0873,0.1891,0.5309,9.2000,0.1098,0.5061,0.4516,0.3333,0.2151,7.9417
h1_move,pct,0.6000,30,eurusd+audusd+usdjpy,161,0.2795,-10.1024,-46.9116,0.2252,-0.0922,0.4658,-0.1045,0.1803,0.5212,11.2500,0.0807,0.6273,0.7130,0.1739,0.1130,2.6500
h1_move,pct,0.6000,30,eurusd+nzdusd+usdjpy,154,0.3052,-6.2451,-47.1800,0.3643,-0.1601,0.5000,-0.0948,0.1723,0.4986,14.3333,0.0714,0.6234,0.6822,0.1963,0.1215,2.6917
h1_move,pct,0.6000,30,gbpusd+audusd+nzdusd,190,0.3316,-7.5679,-46.4585,-0.0071,-0.2389,0.6421,-0.0903,0.1869,0.6151,10.6000,0.1053,0.5368,0.5739,0.2000,0.2261,6.1250
h1_move,pct,0.6000,30,gbpusd+audusd+usdjpy,187,0.2567,-9.9246,-46.8017,0.1873,-0.1838,0.4492,-0.1052,0.1793,0.6054,13.0000,0.0802,0.6417,0.7372,0.1606,0.1022,2.5833
h1_move,pct,0.6000,30,gbpusd+nzdusd+usdjpy,180,0.2778,-6.6176,-47.0153,0.3438,-0.3320,0.4556,-0.0995,0.1724,0.5827,16.6667,0.0722,0.6389,0.7328,0.1603,0.1069,2.6333
h1_move,pct,0.6000,30,audusd+nzdusd+usdjpy,184,0.3152,-8.1246,-47.7178,0.3157,-0.1609,0.6467,-0.0894,0.1660,0.5957,7.6667,0.0978,0.5652,0.5536,0.2500,0.1964,5.0000
h1_move,pct,0.6000,40,eurusd+gbpusd+audusd,167,0.3413,-11.3164,-46.1441,-0.0516,-0.1013,0.4790,-0.1078,0.1982,0.5406,17.3333,0.1018,0.5030,0.7373,0.1102,0.1525,8.2500
h1_move,pct,0.6000,40,eurusd+gbpusd+nzdusd,160,0.3625,-8.2147,-45.5177,0.0031,-0.2702,0.5000,-0.1061,0.2037,0.5180,25.0000,0.0938,0.4750,0.7207,0.1171,0.1622,8.2500
h1_move,pct,0.6000,40,eurusd+gbpusd+usdjpy,157,0.2739,-11.1680,-45.8475,0.2520,-0.1023,0.3694,-0.1169,0.1949,0.5083,49.0000,0.0637,0.6242,0.8017,0.0992,0.0992,3.2500
h1_move,pct,0.6000,40,eurusd+audusd+nzdusd,164,0.3963,-9.3169,-46.3225,0.0837,-0.0372,0.7317,-0.0929,0.1958,0.5309,9.2000,0.1220,0.3963,0.4516,0.3333,0.2151,8.2500
h1_move,pct,0.6000,40,eurusd+audusd+usdjpy,161,0.3106,-12.2174,-46.6661,0.2252,0.0293,0.4658,-0.1064,0.1870,0.5212,11.2500,0.0932,0.5404,0.7130,0.1739,0.1130,7.4167
h1_move,pct,0.6000,40,eurusd+nzdusd+usdjpy,154,0.3312,-9.0358,-46.0539,0.3643,-0.1040,0.5000,-0.1051,0.1922,0.4986,14.3333,0.0844,0.5130,0.6822,0.1963,0.1215,8.2500
h1_move,pct,0.6000,40,gbpusd+audusd+nzdusd,190,0.3789,-8.9087,-46.4730,-0.0071,-0.1506,0.6421,-0.0939,0.1895,0.6151,10.6000,0.1211,0.4263,0.5739,0.2000,0.2261,8.2500
h1_move,pct,0.6000,40,gbpusd+audusd+usdjpy,187,0.3048,-11.3993,-46.7657,0.1873,-0.0465,0.4492,-0.1062,0.1819,0.6054,13.0000,0.0963,0.5508,0.7372,0.1606,0.1022,6.0000
h1_move,pct,0.6000,40,gbpusd+nzdusd+usdjpy,180,0.3222,-8.6454,-46.2624,0.3438,-0.2280,0.4556,-0.1035,0.1862,0.5827,16.6667,0.0889,0.5278,0.7328,0.1603,0.1069,6.1250
h1_move,pct,0.6000,40,audusd+nzdusd+usdjpy,184,0.3533,-9.6184,-46.9738,0.3157,-0.0193,0.6467,-0.0927,0.1795,0.5957,7.6667,0.1141,0.4565,0.5536,0.2500,0.1964,8.2500
h1_move,pips,15.0000,25,eurusd+gbpusd+audusd,4198,0.3318,-2.5505,-47.5824,0.0882,-0.1564,0.4095,-0.1046,0.1784,13.5904,1.3103,0.0953,0.5788,0.7587,0.1905,0.0508,6.7750
h1_move,pips,15.0000,25,eurusd+gbpusd+nzdusd,4118,0.3329,-2.6728,-47.5086,0.0628,-0.0121,0.4099,-0.1143,0.1799,13.3314,1.2740,0.1032,0.5673,0.7583,0.1892,0.0525,6.9500
h1_move,pips,15.0000,25,eurusd+gbpusd+usdjpy,4621,0.3097,-2.6014,-47.2952,0.2372,0.0823,0.3439,-0.1110,0.1843,14.9598,1.3845,0.0850,0.6131,0.8028,0.1664,0.0308,5.7000
h1_move,pips,15.0000,25,eurusd+audusd+nzdusd,3200,0.3706,-2.5761,-48.0135,0.0797,-0.2341,0.4828,-0.1053,0.1702,10.3595,1.4573,0.1406,0.4922,0.7091,0.1965,0.0944,8.2500
h1_move,pips,15.0000,25,eurusd+audusd+usdjpy,3703,0.3365,-2.5002,-47.6572,0.2063,-0.1558,0.3254,-0.1048,0.1770,11.9879,1.6000,0.1129,0.5595,0.8159,0.1553,0.0288,7.7000
h1_move,pips,15.0000,25,eurusd+nzdusd+usdjpy,3623,0.3378,-2.6381,-47.5752,0.2000,-0.0090,0.3348,-0.1132,0.1787,11.7289,1.5564,0.1223,0.5460,0.8087,0.1623,0.0290,8.0000
h1_move,pips,15.0000,25,gbpusd+audusd+nzdusd,3679,0.3354,-3.1720,-47.8591,0.0388,-0.1428,0.4069,-0.1146,0.1742,11.9102,1.2799,0.1117,0.5572,0.7662,0.1663,0.0676,7.6500
h1_move,pips,15.0000,25,gbpusd+audusd+usdjpy,4182,0.3094,-3.0331,-47.5711,0.2261,-0.0526,0.2975,-0.1111,0.1797,13.5386,1.3956,0.0906,0.6090,0.8327,0.1448,0.0225,6.0000
h1_move,pips,15.0000,25,gbpusd+nzdusd+usdjpy,4102,0.3101,-3.1653,-47.4991,0.2105,0.0874,0.2869,-0.1172,0.1813,13.2796,1.3570,0.0985,0.5980,0.8390,0.1408,0.0202,6.1833
h1_move,pips,15.0000,25,audusd+nzdusd+usdjpy,3184,0.3414,-3.2101,-47.9979,0.1923,-0.1535,0.4067,-0.1134,0.1719,10.3077,1.5806,0.1347,0.5314,0.7617,0.1861,0.0523,8.2500
h1_move,pips,15.0000,30,eurusd+gbpusd+audusd,4198,0.3711,-2.1739,-47.5474,0.0882,-0.2707,0.4095,-0.1022,0.1791,13.5904,1.3103,0.1098,0.5007,0.7587,0.1905,0.0508,8.2500
h1_move,pips,15.0000,30,eurusd+gbpusd+nzdusd,4118,0.3694,-2.5255,-47.5116,0.0628,-0.1186,0.4099,-0.1136,0.1801,13.3314,1.2740,0.1170,0.4920,0.7583,0.1892,0.0525,8.2500
h1_move,pips,15.0000,30,eurusd+gbpusd+usdjpy,4621,0.3495,-2.3245,-47.3101,0.2372,0.0160,0.3439,-0.1095,0.1843,14.9598,1.3845,0.0993,0.5391,0.8028,0.1664,0.0308,8.2500
h1_move,pips,15.0000,30,eurusd+audusd+nzdusd,3200,0.4000,-2.6086,-47.8253,0.0797,-0.2338,0.4828,-0.1053,0.1731,10.3595,1.4573,0.1578,0.4141,0.7091,0.1965,0.0944,9.2500
h1_move,pips,15.0000,30,eurusd+audusd+usdjpy,3703,0.3711,-2.3464,-47.5169,0.2063,-0.1424,0.3254,-0.1038,0.1793,11.9879,1.6000,0.1302,0.4834,0.8159,0.1553,0.0288,8.2833
h1_move,pips,15.0000,30,eurusd+nzdusd+usdjpy,3623,0.3690,-2.7499,-47.4765,0.2000,-0.0039,0.3348,-0.1131,0.1805,11.7289,1.5564,0.1388,0.4731,0.8087,0.1623,0.0290,8.2833
h1_move,pips,15.0000,30,gbpusd+audusd+nzdusd,3679,0.3694,-3.0816,-47.8532,0.0388,-0.2888,0.4069,-0.1135,0.1745,11.9102,1.2799,0.1226,0.4830,0.7662,0.1663,0.0676,8.6500
h1_move,pips,15.0000,30,gbpusd+audusd+usdjpy,4182,0.3474,-2.7926,-47.5803,0.2261,-0.1924,0.2975,-0.1089,0.1798,13.5386,1.3956,0.1023,0.5361,0.8327,0.1448,0.0225,8.2500
h1_move,pips,15.0000,30,gbpusd+nzdusd+usdjpy,4102,0.3452,-3.1576,-47.5469,0.2105,-0.0406,0.2869,-0.1175,0.1808,13.2796,1.3570,0.1095,0.5280,0.8390,0.1408,0.0202,8.2500
h1_move,pips,15.0000,30,audusd+nzdusd+usdjpy,3184,0.3690,-3.4233,-47.8687,0.1923,-0.1935,0.4067,-0.1139,0.1741,10.3077,1.5806,0.1482,0.4601,0.7617,0.1861,0.0523,9.0333
h1_move,pips,15.0000,40,eurusd+gbpusd+audusd,4198,0.4054,-3.0866,-47.5805,0.0882,-0.2395,0.4095,-0.1052,0.1790,13.5904,1.3103,0.1315,0.3885,0.7587,0.1905,0.0508,10.5167
h1_move,pips,15.0000,40,eurusd+gbpusd+nzdusd,4118,0.4043,-3.1313,-47.5052,0.0628,-0.0927,0.4099,-0.1132,0.1805,13.3314,1.2740,0.1391,0.3745,0.7583,0.1892,0.0525,10.5167
h1_move,pips,15.0000,40,eurusd+gbpusd+usdjpy,4621,0.3880,-2.9570,-47.3029,0.2372,0.0401,0.3439,-0.1098,0.1849,14.9598,1.3845,0.1199,0.4261,0.8028,0.1664,0.0308,10.2500
h1_move,pips,15.0000,40,eurusd+audusd+nzdusd,3200,0.4266,-3.1866,-47.6872,0.0797,-0.2271,0.4828,-0.1072,0.1754,10.3595,1.4573,0.1791,0.2916,0.7091,0.1965,0.0944,12.2500
h1_move,pips,15.0000,40,eurusd+audusd+usdjpy,3703,0.4032,-2.9616,-47.3990,0.2063,-0.1370,0.3254,-0.1033,0.1816,11.9879,1.6000,0.1496,0.3673,0.8159,0.1553,0.0288,11.2500
h1_move,pips,15.0000,40,eurusd+nzdusd+usdjpy,3623,0.4019,-3.0096,-47.3111,0.2000,-0.0048,0.3348,-0.1133,0.1834,11.7289,1.5564,0.1587,0.3508,0.8087,0.1623,0.0290,11.2500
h1_move,pips,15.0000,40,gbpusd+audusd+nzdusd,3679,0.4034,-3.7809,-47.8285,0.0388,-0.2287,0.4069,-0.1162,0.1751,11.9102,1.2799,0.1468,0.3680,0.7662,0.1663,0.0676,11.2500
h1_move,pips,15.0000,40,gbpusd+audusd+usdjpy,4182,0.3855,-3.5102,-47.5571,0.2261,-0.1110,0.2975,-0.1134,0.1806,13.5386,1.3956,0.1246,0.4259,0.8327,0.1448,0.0225,10.2500
h1_move,pips,15.0000,40,gbpusd+nzdusd+usdjpy,4102,0.3840,-3.5633,-47.4824,0.2105,0.0391,0.2869,-0.1172,0.1822,13.2796,1.3570,0.1321,0.4125,0.8390,0.1408,0.0202,10.2500
h1_move,pips,15.0000,40,audusd+nzdusd+usdjpy,3184,0.4004,-3.7434,-47.6538,0.1923,-0.1407,0.4067,-0.1151,0.1776,10.3077,1.5806,0.1702,0.3401,0.7617,0.1861,0.0523,12.1167
h1_move,pips,20.0000,25,eurusd+gbpusd+audusd,2963,0.3253,-2.4890,-47.7833,0.0458,-0.0365,0.3885,-0.1113,0.1733,9.5922,1.6720,0.0827,0.5970,0.7744,0.1707,0.0549,5.6000
h1_move,pips,20.0000,25,eurusd+gbpusd+nzdusd,2859,0.3291,-2.4173,-47.8074,0.0418,-0.1441,0.3861,-0.1128,0.1730,9.2556,1.5492,0.0867,0.5932,0.7736,0.1760,0.0505,5.6500
h1_move,pips,20.0000,25,eurusd+gbpusd+usdjpy,3459,0.3062,-2.6166,-47.5871,0.2313,0.0150,0.3267,-0.1147,0.1779,11.1980,1.8285,0.0731,0.6259,0.8150,0.1490,0.0360,4.8333
h1_move,pips,20.0000,25,eurusd+audusd+nzdusd,1881,0.3737,-2.5186,-48.3142,0.0431,-0.2320,0.4753,-0.1010,0.1622,6.0894,1.9710,0.1265,0.5146,0.7158,0.1689,0.1153,8.2500
h1_move,pips,20.0000,25,eurusd+audusd+usdjpy,2481,0.3309,-2.7719,-47.8479,0.2122,-0.1419,0.3116,-0.1080,0.1716,8.0318,2.4129,0.0979,0.5792,0.8278,0.1306,0.0416,6.2000
h1_move,pips,20.0000,25,eurusd+nzdusd+usdjpy,2377,0.3357,-2.6980,-47.8846,0.2245,-0.2341,0.3084,-0.1083,0.1712,7.6952,2.2178,0.1035,0.5738,0.8300,0.1266,0.0434,6.2500
h1_move,pips,20.0000,25,gbpusd+audusd+nzdusd,2467,0.3304,-2.7863,-47.9821,-0.0044,-0.2135,0.3571,-0.1103,0.1709,7.9865,1.5087,0.0904,0.5878,0.8008,0.1352,0.0640,5.8167
h1_move,pips,20.0000,25,gbpusd+audusd+usdjpy,3067,0.3042,-2.9389,-47.6964,0.2191,-0.0774,0.2654,-0.1132,0.1768,9.9289,1.8127,0.0743,0.6257,0.8533,0.1218,0.0248,4.8333
h1_move,pips,20.0000,25,gbpusd+nzdusd+usdjpy,2963,0.3071,-2.8854,-47.7205,0.2211,-0.1849,0.2457,-0.1138,0.1767,9.5922,1.6761,0.0780,0.6230,0.8668,0.1058,0.0274,4.7833
h1_move,pips,20.0000,25,audusd+nzdusd+usdjpy,1985,0.3385,-3.2120,-48.1187,0.2200,-0.2844,0.3718,-0.1059,0.1682,6.4261,2.2500,0.1113,0.5632,0.7877,0.1514,0.0609,6.7333
h1_move,pips,20.0000,30,eurusd+gbpusd+audusd,2963,0.3628,-2.3649,-47.8304,0.0458,-0.0895,0.3885,-0.1108,0.1730,9.5922,1.6720,0.0975,0.5191,0.7744,0.1707,0.0549,8.2500
h1_move,pips,20.0000,30,eurusd+gbpusd+nzdusd,2859,0.3648,-2.5066,-47.8969,0.0418,-0.2167,0.3861,-0.1131,0.1722,9.2556,1.5492,0.1004,0.5198,0.7736,0.1760,0.0505,8.2500
h1_move,pips,20.0000,30,eurusd+gbpusd+usdjpy,3459,0.3440,-2.5112,-47.6756,0.2313,-0.0625,0.3267,-0.1149,0.1770,11.1980,1.8285,0.0879,0.5528,0.8150,0.1490,0.0360,7.2500
h1_move,pips,20.0000,30,eurusd+audusd+nzdusd,1881,0.3982,-3.1605,-48.1446,0.0431,-0.2404,0.4753,-0.1028,0.1654,6.0894,1.9710,0.1425,0.4381,0.7158,0.1689,0.1153,8.2500
h1_move,pips,20.0000,30,eurusd+audusd+usdjpy,2481,0.3611,-3.0088,-47.7551,0.2122,-0.1742,0.3116,-0.1075,0.1737,8.0318,2.4129,0.1149,0.5038,0.8278,0.1306,0.0416,8.2500
h1_move,pips,20.0000,30,eurusd+nzdusd+usdjpy,2377,0.3635,-3.2075,-47.8351,0.2245,-0.2688,0.3084,-0.1095,0.1728,7.6952,2.2178,0.1191,0.5040,0.8300,0.1266,0.0434,8.2500
h1_move,pips,20.0000,30,gbpusd+audusd+nzdusd,2467,0.3628,-3.0796,-48.1757,-0.0044,-0.2465,0.3571,-0.1122,0.1681,7.9865,1.5087,0.1030,0.5172,0.8008,0.1352,0.0640,8.2500
h1_move,pips,20.0000,30,gbpusd+audusd+usdjpy,3067,0.3397,-2.9727,-47.8638,0.2191,-0.1435,0.2654,-0.1141,0.1743,9.9289,1.8127,0.0884,0.5549,0.8533,0.1218,0.0248,7.3333
h1_move,pips,20.0000,30,gbpusd+nzdusd+usdjpy,2963,0.3409,-3.1308,-47.9323,0.2211,-0.2395,0.2457,-0.1157,0.1735,9.5922,1.6761,0.0908,0.5569,0.8668,0.1058,0.0274,7.2333
h1_move,pips,20.0000,30,audusd+nzdusd+usdjpy,1985,0.3607,-4.0580,-48.1694,0.2200,-0.2874,0.3718,-0.1081,0.1677,6.4261,2.2500,0.1259,0.4977,0.7877,0.1514,0.0609,8.2500
h1_move,pips,20.0000,40,eurusd+gbpusd+audusd,2963,0.4043,-2.9284,-47.7570,0.0458,-0.0976,0.3885,-0.1122,0.1748,9.5922,1.6720,0.1225,0.3989,0.7744,0.1707,0.0549,9.2500
h1_move,pips,20.0000,40,eurusd+gbpusd+nzdusd,2859,0.4071,-2.9290,-47.7474,0.0418,-0.2145,0.3861,-0.1125,0.1748,9.2556,1.5492,0.1252,0.3952,0.7736,0.1760,0.0505,9.2500
h1_move,pips,20.0000,40,eurusd+gbpusd+usdjpy,3459,0.3868,-3.1506,-47.6224,0.2313,-0.0500,0.3267,-0.1152,0.1784,11.1980,1.8285,0.1104,0.4403,0.8150,0.1490,0.0360,9.1000
h1_move,pips,20.0000,40,eurusd+audusd+nzdusd,1881,0.4322,-3.2688,-47.8502,0.0431,-0.2087,0.4753,-0.1013,0.1702,6.0894,1.9710,0.1664,0.3046,0.7158,0.1689,0.1153,10.2500
h1_move,pips,20.0000,40,eurusd+audusd+usdjpy,2481,0.3978,-3.4956,-47.6372,0.2122,-0.1093,0.3116,-0.1062,0.1764,8.0318,2.4129,0.1358,0.3894,0.8278,0.1306,0.0416,9.2500
h1_move,pips,20.0000,40,eurusd+nzdusd+usdjpy,2377,0.4009,-3.5211,-47.6203,0.2245,-0.1880,0.3084,-0.1076,0.1764,7.6952,2.2178,0.1397,0.3845,0.8300,0.1266,0.0434,9.2500
h1_move,pips,20.0000,40,gbpusd+audusd+nzdusd,2467,0.4033,-3.4572,-47.9709,-0.0044,-0.2620,0.3571,-0.1134,0.1713,7.9865,1.5087,0.1305,0.3968,0.8008,0.1352,0.0640,9.2500
h1_move,pips,20.0000,40,gbpusd+audusd+usdjpy,3067,0.3812,-3.6038,-47.7821,0.2191,-0.1302,0.2654,-0.1153,0.1761,9.9289,1.8127,0.1128,0.4473,0.8533,0.1218,0.0248,8.8167
h1_move,pips,20.0000,40,gbpusd+nzdusd+usdjpy,2963,0.3831,-3.6280,-47.7735,0.2211,-0.2154,0.2457,-0.1161,0.1761,9.5922,1.6761,0.1151,0.4455,0.8668,0.1058,0.0274,8.5333
h1_move,pips,20.0000,40,audusd+nzdusd+usdjpy,1985,0.3950,-4.2945,-47.8713,0.2200,-0.2338,0.3718,-0.1097,0.1724,6.4261,2.2500,0.1491,0.3844,0.7877,0.1514,0.0609,9.2500
h1_move,pips,30.0000,25,eurusd+gbpusd+audusd,1349,0.3188,-1.6542,-47.6224,0.1882,-0.0918,0.3714,-0.0869,0.1744,4.3672,2.7048,0.0675,0.6234,0.7868,0.1538,0.0594,4.1167
h1_move,pips,30.0000,25,eurusd+gbpusd+nzdusd,1317,0.3219,-1.6946,-47.2823,0.1799,-0.1383,0.3683,-0.0832,0.1783,4.2636,2.6699,0.0729,0.6203,0.7894,0.1488,0.0618,4.4000
h1_move,pips,30.0000,25,eurusd+gbpusd+usdjpy,1778,0.2880,-2.6640,-47.5308,0.3112,-0.0837,0.3116,-0.1017,0.1751,5.7560,3.1607,0.0585,0.6609,0.8316,0.1148,0.0536,3.2417
h1_move,pips,30.0000,25,eurusd+audusd+nzdusd,680,0.3588,-2.2086,-47.4642,0.2059,-0.0360,0.4794,-0.0718,0.1720,2.2014,3.6735,0.1118,0.5500,0.7149,0.1447,0.1405,6.7667
h1_move,pips,30.0000,25,eurusd+audusd+usdjpy,1141,0.2910,-3.5114,-47.7725,0.3012,-0.0036,0.3146,-0.1023,0.1696,3.6938,4.4655,0.0736,0.6415,0.8245,0.1227,0.0527,3.5333
h1_move,pips,30.0000,25,eurusd+nzdusd+usdjpy,1109,0.2940,-3.6131,-47.3807,0.3051,-0.0463,0.3246,-0.1034,0.1740,3.5902,4.4643,0.0803,0.6384,0.8181,0.1261,0.0558,3.6833
h1_move,pips,30.0000,25,gbpusd+audusd+nzdusd,1106,0.3282,-1.2273,-47.7998,0.0692,-0.0283,0.3002,-0.0628,0.1728,3.5805,2.2165,0.0714,0.6148,0.8497,0.0785,0.0718,4.2917
h1_move,pips,30.0000,25,gbpusd+audusd+usdjpy,1567,0.2878,-2.4646,-47.9431,0.2728,-0.0023,0.2348,-0.0985,0.1708,5.0729,2.7736,0.0555,0.6624,0.8758,0.0902,0.0340,3.2333
h1_move,pips,30.0000,25,gbpusd+nzdusd+usdjpy,1535,0.2899,-2.5162,-47.6487,0.2685,-0.0424,0.2313,-0.0934,0.1740,4.9693,2.7404,0.0599,0.6606,0.8793,0.0837,0.0370,3.2500
h1_move,pips,30.0000,25,audusd+nzdusd+usdjpy,898,0.2951,-3.4882,-48.0626,0.2487,0.0343,0.3263,-0.0968,0.1662,2.9071,3.8000,0.0802,0.6359,0.8273,0.0947,0.0780,3.7750
h1_move,pips,30.0000,30,eurusd+gbpusd+audusd,1349,0.3551,-1.8630,-47.5104,0.1882,-0.1249,0.3714,-0.0895,0.1772,4.3672,2.7048,0.0830,0.5530,0.7868,0.1538,0.0594,6.6500
h1_move,pips,30.0000,30,eurusd+gbpusd+nzdusd,1317,0.3599,-1.6450,-47.1776,0.1799,-0.1283,0.3683,-0.0888,0.1811,4.2636,2.6699,0.0888,0.5490,0.7894,0.1488,0.0618,6.9667
h1_move,pips,30.0000,30,eurusd+gbpusd+usdjpy,1778,0.3268,-2.6145,-47.4505,0.3112,-0.1954,0.3116,-0.1030,0.1773,5.7560,3.1607,0.0737,0.5911,0.8316,0.1148,0.0536,5.6417
h1_move,pips,30.0000,30,eurusd+audusd+nzdusd,680,0.3912,-2.8222,-47.1681,0.2059,0.0393,0.4794,-0.0807,0.1779,2.2014,3.6735,0.1235,0.4794,0.7149,0.1447,0.1405,8.2500
h1_move,pips,30.0000,30,eurusd+audusd+usdjpy,1141,0.3269,-3.8574,-47.6013,0.3012,-0.0951,0.3146,-0.1045,0.1732,3.6938,4.4655,0.0859,0.5732,0.8245,0.1227,0.0527,6.2667
h1_move,pips,30.0000,30,eurusd+nzdusd+usdjpy,1109,0.3318,-3.6559,-47.2170,0.3051,-0.1022,0.3246,-0.1050,0.1778,3.5902,4.4643,0.0929,0.5690,0.8181,0.1261,0.0558,6.4500
h1_move,pips,30.0000,30,gbpusd+audusd+nzdusd,1106,0.3599,-1.5299,-47.7758,0.0692,-0.0790,0.3002,-0.0760,0.1739,3.5805,2.2165,0.0859,0.5524,0.8497,0.0785,0.0718,6.9833
h1_move,pips,30.0000,30,gbpusd+audusd+usdjpy,1567,0.3223,-2.6638,-47.9264,0.2728,-0.1598,0.2348,-0.1026,0.1717,5.0729,2.7736,0.0696,0.5992,0.8758,0.0902,0.0340,5.5000
h1_move,pips,30.0000,30,gbpusd+nzdusd+usdjpy,1535,0.3257,-2.4934,-47.6370,0.2685,-0.1704,0.2313,-0.0972,0.1749,4.9693,2.7404,0.0743,0.5967,0.8793,0.0837,0.0370,5.5667
h1_move,pips,30.0000,30,audusd+nzdusd+usdjpy,898,0.3252,-3.9867,-47.9921,0.2487,-0.0537,0.3263,-0.1011,0.1681,2.9071,3.8000,0.0902,0.5780,0.8273,0.0947,0.0780,6.4167
h1_move,pips,30.0000,40,eurusd+gbpusd+audusd,1349,0.3973,-2.8787,-47.2918,0.1882,-0.1215,0.3714,-0.1024,0.1815,4.3672,2.7048,0.1023,0.4470,0.7868,0.1538,0.0594,8.2500
h1_move,pips,30.0000,40,eurusd+gbpusd+nzdusd,1317,0.4047,-2.4235,-46.9172,0.1799,-0.1715,0.3683,-0.1003,0.1862,4.2636,2.6699,0.1109,0.4381,0.7894,0.1488,0.0618,8.2500
h1_move,pips,30.0000,40,eurusd+gbpusd+usdjpy,1778,0.3723,-3.4225,-47.2298,0.3112,-0.2340,0.3116,-0.1071,0.1810,5.7560,3.1607,0.0967,0.4848,0.8316,0.1148,0.0536,8.2500
h1_move,pips,30.0000,40,eurusd+audusd+nzdusd,680,0.4265,-3.7818,-46.7677,0.2059,0.0207,0.4794,-0.0930,0.1863,2.2014,3.6735,0.1426,0.3647,0.7149,0.1447,0.1405,8.2500
h1_move,pips,30.0000,40,eurusd+audusd+usdjpy,1141,0.3672,-4.7897,-47.3204,0.3012,-0.1251,0.3146,-0.1072,0.1782,3.6938,4.4655,0.1078,0.4671,0.8245,0.1227,0.0527,8.2500
h1_move,pips,30.0000,40,eurusd+nzdusd+usdjpy,1109,0.3751,-4.3044,-46.8805,0.3051,-0.1767,0.3246,-0.1047,0.1837,3.5902,4.4643,0.1181,0.4572,0.8181,0.1261,0.0558,8.2500
h1_move,pips,30.0000,40,gbpusd+audusd+nzdusd,1106,0.4042,-2.4943,-47.4213,0.0692,-0.0535,0.3002,-0.0948,0.1799,3.5805,2.2165,0.1085,0.4394,0.8497,0.0785,0.0718,8.2500
h1_move,pips,30.0000,40,gbpusd+audusd+usdjpy,1567,0.3676,-3.6070,-47.6410,0.2728,-0.1623,0.2348,-0.1072,0.1759,5.0729,2.7736,0.0932,0.4920,0.8758,0.0902,0.0340,8.2500
h1_move,pips,30.0000,40,gbpusd+nzdusd+usdjpy,1535,0.3733,-3.2317,-47.3136,0.2685,-0.2065,0.2313,-0.1031,0.1799,4.9693,2.7404,0.1003,0.4853,0.8793,0.0837,0.0370,8.2500
h1_move,pips,30.0000,40,audusd+nzdusd+usdjpy,898,0.3675,-4.8335,-47.4972,0.2487,-0.0743,0.3263,-0.1021,0.1755,2.9071,3.8000,0.1169,0.4633,0.8273,0.0947,0.0780,8.2500
h1_move,pips,40.0000,25,eurusd+gbpusd+audusd,650,0.2831,-5.0226,-48.2599,0.1215,-0.3360,0.3215,-0.1144,0.1583,2.1043,4.3333,0.0646,0.6677,0.8229,0.1162,0.0610,2.3417
h1_move,pips,40.0000,25,eurusd+gbpusd+nzdusd,629,0.2893,-4.1248,-48.0589,0.1204,-0.3639,0.3196,-0.1141,0.1604,2.0363,4.4194,0.0620,0.6614,0.8239,0.1213,0.0548,2.5000
h1_move,pips,40.0000,25,eurusd+gbpusd+usdjpy,915,0.2601,-4.1401,-48.0590,0.3350,-0.3163,0.2809,-0.1118,0.1612,2.9622,6.1250,0.0481,0.6984,0.8543,0.0906,0.0551,2.0167
h1_move,pips,40.0000,25,eurusd+audusd+nzdusd,296,0.3209,-5.4348,-48.1547,-0.0633,-0.1858,0.4257,-0.0929,0.1561,0.9583,6.8182,0.1081,0.5912,0.7721,0.0791,0.1488,5.0667
h1_move,pips,40.0000,25,eurusd+audusd+usdjpy,582,0.2595,-4.8150,-48.0741,0.2519,-0.2297,0.2801,-0.1038,0.1596,1.8841,11.1667,0.0636,0.6838,0.8506,0.0913,0.0581,2.2083
h1_move,pips,40.0000,25,eurusd+nzdusd+usdjpy,561,0.2656,-3.8007,-47.8599,0.2659,-0.2508,0.2585,-0.0988,0.1620,1.8161,12.8000,0.0606,0.6774,0.8641,0.0807,0.0552,2.3000
h1_move,pips,40.0000,25,gbpusd+audusd+nzdusd,516,0.2868,-5.1488,-47.8582,0.0639,-0.2057,0.2500,-0.1071,0.1690,1.6705,3.3333,0.0601,0.6705,0.8853,0.0459,0.0688,2.1917
h1_move,pips,40.0000,25,gbpusd+audusd+usdjpy,802,0.2544,-4.8010,-47.9325,0.3172,-0.2076,0.2020,-0.1114,0.1669,2.5963,4.9706,0.0449,0.7095,0.8976,0.0640,0.0384,1.9000
h1_move,pips,40.0000,25,gbpusd+nzdusd+usdjpy,781,0.2586,-4.0721,-47.7743,0.3218,-0.2334,0.2049,-0.1101,0.1689,2.5284,5.0938,0.0423,0.7055,0.8964,0.0672,0.0365,1.8667
h1_move,pips,40.0000,25,audusd+nzdusd+usdjpy,448,0.2567,-4.8983,-47.5848,0.2596,-0.1082,0.2455,-0.0940,0.1723,1.4503,8.4167,0.0580,0.6920,0.8859,0.0398,0.0743,2.0000
h1_move,pips,40.0000,30,eurusd+gbpusd+audusd,650,0.3246,-4.8651,-47.9490,0.1215,-0.3507,0.3215,-0.1159,0.1637,2.1043,4.3333,0.0831,0.5892,0.8229,0.1162,0.0610,4.3833
h1_move,pips,40.0000,30,eurusd+gbpusd+nzdusd,629,0.3307,-3.9891,-47.9013,0.1204,-0.3643,0.3196,-0.1161,0.1635,2.0363,4.4194,0.0795,0.5882,0.8239,0.1213,0.0548,4.2333
h1_move,pips,40.0000,30,eurusd+gbpusd+usdjpy,915,0.2984,-4.0043,-47.9052,0.3350,-0.3809,0.2809,-0.1133,0.1641,2.9622,6.1250,0.0612,0.6372,0.8543,0.0906,0.0551,3.1667
h1_move,pips,40.0000,30,eurusd+audusd+nzdusd,296,0.3547,-6.0506,-47.6397,-0.0633,-0.1047,0.4257,-0.0959,0.1646,0.9583,6.8182,0.1182,0.5034,0.7721,0.0791,0.1488,7.6250
h1_move,pips,40.0000,30,eurusd+audusd+usdjpy,582,0.2921,-5.0613,-47.7603,0.2519,-0.2836,0.2801,-0.1060,0.1649,1.8841,11.1667,0.0704,0.6220,0.8506,0.0913,0.0581,3.9000
h1_move,pips,40.0000,30,eurusd+nzdusd+usdjpy,561,0.2977,-4.0865,-47.7152,0.2659,-0.3107,0.2585,-0.1014,0.1648,1.8161,12.8000,0.0660,0.6221,0.8641,0.0807,0.0552,3.7333
h1_move,pips,40.0000,30,gbpusd+audusd+nzdusd,516,0.3217,-5.4464,-47.9669,0.0639,-0.2622,0.2500,-0.1089,0.1680,1.6705,3.3333,0.0795,0.6008,0.8853,0.0459,0.0688,4.0167
h1_move,pips,40.0000,30,gbpusd+audusd+usdjpy,802,0.2880,-4.9440,-47.9505,0.3172,-0.3118,0.2020,-0.1131,0.1670,2.5963,4.9706,0.0586,0.6521,0.8976,0.0640,0.0384,2.7833
h1_move,pips,40.0000,30,gbpusd+nzdusd+usdjpy,781,0.2919,-4.2406,-47.9140,0.3218,-0.3291,0.2049,-0.1129,0.1670,2.5284,5.0938,0.0551,0.6530,0.8964,0.0672,0.0365,2.7667
h1_move,pips,40.0000,30,audusd+nzdusd+usdjpy,448,0.2790,-5.7896,-47.7474,0.2596,-0.2133,0.2455,-0.0980,0.1703,1.4503,8.4167,0.0625,0.6451,0.8859,0.0398,0.0743,3.1667
h1_move,pips,40.0000,40,eurusd+gbpusd+audusd,650,0.3754,-5.5266,-47.7408,0.1215,-0.2761,0.3215,-0.1167,0.1676,2.1043,4.3333,0.1015,0.4769,0.8229,0.1162,0.0610,8.2500
h1_move,pips,40.0000,40,eurusd+gbpusd+nzdusd,629,0.3831,-4.5417,-47.5460,0.1204,-0.3174,0.3196,-0.1145,0.1701,2.0363,4.4194,0.0970,0.4690,0.8239,0.1213,0.0548,8.2500
h1_move,pips,40.0000,40,eurusd+gbpusd+usdjpy,915,0.3552,-4.2031,-47.5200,0.3350,-0.3259,0.2809,-0.1136,0.1702,2.9622,6.1250,0.0852,0.5202,0.8543,0.0906,0.0551,8.0000
h1_move,pips,40.0000,40,eurusd+audusd+nzdusd,296,0.3919,-6.5965,-47.0463,-0.0633,0.0003,0.4257,-0.0967,0.1767,0.9583,6.8182,0.1250,0.3851,0.7721,0.0791,0.1488,8.2500
h1_move,pips,40.0000,40,eurusd+audusd+usdjpy,582,0.3436,-5.0543,-47.2493,0.2519,-0.2085,0.2801,-0.1053,0.1736,1.8841,11.1667,0.0928,0.5069,0.8506,0.0913,0.0581,8.2500
h1_move,pips,40.0000,40,eurusd+nzdusd+usdjpy,561,0.3512,-3.9324,-47.0212,0.2659,-0.2580,0.2585,-0.1012,0.1766,1.8161,12.8000,0.0873,0.4991,0.8641,0.0807,0.0552,8.2500
h1_move,pips,40.0000,40,gbpusd+audusd+nzdusd,516,0.3760,-6.2948,-47.9462,0.0639,-0.2019,0.2500,-0.1074,0.1690,1.6705,3.3333,0.1008,0.4845,0.8853,0.0459,0.0688,8.2500
h1_move,pips,40.0000,40,gbpusd+audusd+usdjpy,802,0.3466,-5.2833,-47.7648,0.3172,-0.2679,0.2020,-0.1124,0.1695,2.5963,4.9706,0.0860,0.5374,0.8976,0.0640,0.0384,6.7583
h1_move,pips,40.0000,40,gbpusd+nzdusd+usdjpy,781,0.3521,-4.4835,-47.6093,0.3218,-0.2918,0.2049,-0.1109,0.1715,2.5284,5.0938,0.0819,0.5327,0.8964,0.0672,0.0365,6.8667
h1_move,pips,40.0000,40,audusd+nzdusd+usdjpy,448,0.3348,-5.7979,-47.3146,0.2596,-0.1579,0.2455,-0.0970,0.1770,1.4503,8.4167,0.0893,0.5246,0.8859,0.0398,0.0743,7.0000
h1_move,pips,60.0000,25,eurusd+gbpusd+audusd,195,0.2308,-8.1876,-47.8384,0.0708,-0.3171,0.4103,-0.1083,0.1618,0.6313,29.0000,0.0564,0.7231,0.7687,0.1361,0.0952,1.6667
h1_move,pips,60.0000,25,eurusd+gbpusd+nzdusd,186,0.2473,-6.2285,-47.5233,0.0379,-0.1276,0.3817,-0.1130,0.1669,0.6021,27.5000,0.0538,0.7097,0.7986,0.1111,0.0903,1.7083
h1_move,pips,60.0000,25,eurusd+gbpusd+usdjpy,300,0.2133,-6.6787,-46.8098,0.4667,-0.1154,0.3333,-0.1120,0.1771,0.9712,26.6667,0.0400,0.7500,0.8186,0.0970,0.0844,1.1583
h1_move,pips,60.0000,25,eurusd+audusd+nzdusd,95,0.2947,-7.6747,-49.8001,0.1462,-0.0014,0.5158,-0.0850,0.1377,0.3075,30.0000,0.0842,0.6632,0.7188,0.0781,0.2031,2.1000
h1_move,pips,60.0000,25,eurusd+audusd+usdjpy,209,0.2201,-7.5321,-47.3790,0.3141,-0.0447,0.3493,-0.0985,0.1681,0.6766,27.5000,0.0478,0.7464,0.8049,0.1159,0.0793,1.2000
h1_move,pips,60.0000,25,eurusd+nzdusd+usdjpy,200,0.2350,-5.6806,-47.0803,0.2888,0.1683,0.3300,-0.1024,0.1731,0.6475,26.0000,0.0450,0.7350,0.8250,0.1000,0.0750,1.2917
h1_move,pips,60.0000,25,gbpusd+audusd+nzdusd,160,0.2313,-8.3672,-48.9393,0.0874,-0.2090,0.3563,-0.1081,0.1473,0.5180,46.0000,0.0625,0.7125,0.8145,0.0806,0.1048,1.5917
h1_move,pips,60.0000,25,gbpusd+audusd+usdjpy,274,0.2007,-7.9703,-47.4700,0.4893,-0.1970,0.3066,-0.1091,0.1665,0.8870,35.5000,0.0438,0.7555,0.8333,0.0991,0.0676,1.0833
h1_move,pips,60.0000,25,gbpusd+nzdusd+usdjpy,265,0.2113,-6.5878,-47.2422,0.4719,-0.0402,0.2830,-0.1147,0.1703,0.8579,34.0000,0.0415,0.7472,0.8455,0.1045,0.0500,1.0833
h1_move,pips,60.0000,25,audusd+nzdusd+usdjpy,174,0.2184,-7.5654,-48.2168,0.3749,0.1006,0.3046,-0.0945,0.1559,0.5633,43.0000,0.0517,0.7414,0.8440,0.0780,0.0780,1.1333
h1_move,pips,60.0000,30,eurusd+gbpusd+audusd,195,0.2821,-8.7330,-47.1950,0.0708,-0.3176,0.4103,-0.1099,0.1720,0.6313,29.0000,0.0564,0.6513,0.7687,0.1361,0.0952,2.6667
h1_move,pips,60.0000,30,eurusd+gbpusd+nzdusd,186,0.2957,-6.9028,-47.0476,0.0379,-0.1721,0.3817,-0.1133,0.1749,0.6021,27.5000,0.0538,0.6505,0.7986,0.1111,0.0903,2.7250
h1_move,pips,60.0000,30,eurusd+gbpusd+usdjpy,300,0.2567,-6.4356,-46.4671,0.4667,-0.1970,0.3333,-0.1126,0.1837,0.9712,26.6667,0.0400,0.6933,0.8186,0.0970,0.0844,2.1333
h1_move,pips,60.0000,30,eurusd+audusd+nzdusd,95,0.3474,-8.9623,-48.8738,0.1462,0.0551,0.5158,-0.0891,0.1481,0.3075,30.0000,0.0842,0.5789,0.7188,0.0781,0.2031,3.9667
h1_move,pips,60.0000,30,eurusd+audusd+usdjpy,209,0.2632,-7.1683,-46.9560,0.3141,-0.0782,0.3493,-0.0985,0.1752,0.6766,27.5000,0.0478,0.6794,0.8049,0.1159,0.0793,2.0000
h1_move,pips,60.0000,30,eurusd+nzdusd+usdjpy,200,0.2750,-5.3957,-46.8091,0.2888,0.0967,0.3300,-0.0889,0.1781,0.6475,26.0000,0.0450,0.6800,0.8250,0.1000,0.0750,2.0333
h1_move,pips,60.0000,30,gbpusd+audusd+nzdusd,160,0.2687,-9.5453,-48.3085,0.0874,-0.2474,0.3563,-0.1100,0.1566,0.5180,46.0000,0.0625,0.6562,0.8145,0.0806,0.1048,2.3250
h1_move,pips,60.0000,30,gbpusd+audusd+usdjpy,274,0.2372,-7.9343,-47.0667,0.4893,-0.2846,0.3066,-0.1103,0.1738,0.8870,35.5000,0.0438,0.7007,0.8333,0.0991,0.0676,2.0583
h1_move,pips,60.0000,30,gbpusd+nzdusd+usdjpy,265,0.2453,-6.6226,-46.9554,0.4719,-0.1757,0.2830,-0.1158,0.1759,0.8579,34.0000,0.0415,0.7019,0.8455,0.1045,0.0500,2.1000
h1_move,pips,60.0000,30,audusd+nzdusd+usdjpy,174,0.2471,-7.6005,-47.8591,0.3749,0.0163,0.3046,-0.0952,0.1617,0.5633,43.0000,0.0517,0.6897,0.8440,0.0780,0.0780,1.5500
h1_move,pips,60.0000,40,eurusd+gbpusd+audusd,195,0.3179,-11.4135,-47.3126,0.0708,-0.2337,0.4103,-0.1132,0.1724,0.6313,29.0000,0.0667,0.5641,0.7687,0.1361,0.0952,6.0167
h1_move,pips,60.0000,40,eurusd+gbpusd+nzdusd,186,0.3333,-9.8660,-46.9835,0.0379,-0.1590,0.3817,-0.1143,0.1780,0.6021,27.5000,0.0645,0.5538,0.7986,0.1111,0.0903,6.1750
h1_move,pips,60.0000,40,eurusd+gbpusd+usdjpy,300,0.3033,-7.6813,-46.2286,0.4667,-0.2461,0.3333,-0.1123,0.1890,0.9712,26.6667,0.0633,0.5900,0.8186,0.0970,0.0844,5.3250
h1_move,pips,60.0000,40,eurusd+audusd+nzdusd,95,0.3684,-11.8692,-48.2654,0.1462,0.1671,0.5158,-0.0957,0.1593,0.3075,30.0000,0.0842,0.4947,0.7188,0.0781,0.2031,8.2500
h1_move,pips,60.0000,40,eurusd+audusd+usdjpy,209,0.3062,-7.6406,-46.4331,0.3141,-0.0721,0.3493,-0.0984,0.1852,0.6766,27.5000,0.0718,0.5789,0.8049,0.1159,0.0793,6.0000
h1_move,pips,60.0000,40,eurusd+nzdusd+usdjpy,200,0.3200,-6.0317,-46.1198,0.2888,0.0172,0.3300,-0.0939,0.1910,0.6475,26.0000,0.0700,0.5700,0.8250,0.1000,0.0750,6.1333
h1_move,pips,60.0000,40,gbpusd+audusd+nzdusd,160,0.3187,-11.7972,-48.4140,0.0874,-0.0851,0.3563,-0.1128,0.1566,0.5180,46.0000,0.0750,0.5687,0.8145,0.0806,0.1048,5.4417
h1_move,pips,60.0000,40,gbpusd+audusd+usdjpy,274,0.2920,-8.6017,-46.8830,0.4893,-0.2376,0.3066,-0.1112,0.1774,0.8870,35.5000,0.0693,0.6022,0.8333,0.0991,0.0676,4.3417
h1_move,pips,60.0000,40,gbpusd+nzdusd+usdjpy,265,0.3019,-7.4201,-46.6456,0.4719,-0.1791,0.2830,-0.1152,0.1816,0.8579,34.0000,0.0679,0.5962,0.8455,0.1045,0.0500,4.4833
h1_move,pips,60.0000,40,audusd+nzdusd+usdjpy,174,0.3046,-7.2345,-47.1246,0.3749,0.0747,0.3046,-0.0927,0.1731,0.5633,43.0000,0.0805,0.5862,0.8440,0.0780,0.0780,5.0833
h4_move,pct,0.1500,25,eurusd+gbpusd+audusd,5734,0.3401,-2.6053,-47.3839,0.1665,0.0069,0.3828,-0.1134,0.1869,18.5629,1.1011,0.1083,0.5514,0.7842,0.1613,0.0545,8.7333
h4_move,pct,0.1500,25,eurusd+gbpusd+nzdusd,5746,0.3404,-3.3133,-47.2967,0.2085,-0.0550,0.3829,-0.1158,0.1891,18.6018,1.0995,0.1140,0.5444,0.7852,0.1572,0.0576,9.0000
h4_move,pct,0.1500,25,eurusd+gbpusd+usdjpy,5393,0.3152,-2.1139,-47.3021,0.1772,0.1864,0.3623,-0.1134,0.1884,17.4590,1.1741,0.0894,0.5999,0.7960,0.1577,0.0464,7.3167
h4_move,pct,0.1500,25,eurusd+audusd+nzdusd,5838,0.3686,-3.7334,-47.5207,0.2035,-0.1617,0.4919,-0.1161,0.1847,18.8996,1.0765,0.1485,0.4788,0.6959,0.2384,0.0657,11.2500
h4_move,pct,0.1500,25,eurusd+audusd+usdjpy,5485,0.3457,-2.5812,-47.5416,0.1772,0.0598,0.3595,-0.1149,0.1838,17.7568,1.1468,0.1265,0.5291,0.7958,0.1638,0.0404,9.2667
h4_move,pct,0.1500,25,eurusd+nzdusd+usdjpy,5497,0.3460,-3.3213,-47.4475,0.2147,-0.0184,0.3576,-0.1158,0.1861,17.7957,1.1452,0.1324,0.5217,0.7983,0.1591,0.0426,9.6167
h4_move,pct,0.1500,25,gbpusd+audusd+nzdusd,6028,0.3507,-3.6658,-47.4533,0.1735,-0.0894,0.5036,-0.1167,0.1864,19.5147,1.0309,0.1302,0.5154,0.6883,0.2357,0.0760,10.4917
h4_move,pct,0.1500,25,gbpusd+audusd+usdjpy,5675,0.3274,-2.5479,-47.4683,0.1624,0.1191,0.3616,-0.1171,0.1857,18.3719,1.0936,0.1078,0.5663,0.7956,0.1617,0.0426,8.5833
h4_move,pct,0.1500,25,gbpusd+nzdusd+usdjpy,5687,0.3278,-3.2634,-47.3795,0.2039,0.0440,0.3603,-0.1166,0.1879,18.4108,1.0920,0.1136,0.5592,0.7963,0.1632,0.0405,8.8833
h4_move,pct,0.1500,25,audusd+nzdusd+usdjpy,5779,0.3565,-3.6886,-47.6066,0.2017,-0.0607,0.5298,-0.1161,0.1835,18.7086,1.0688,0.1485,0.4926,0.6664,0.2507,0.0828,11.3000
h4_move,pct,0.1500,30,eurusd+gbpusd+audusd,5734,0.3708,-2.7953,-47.4224,0.1665,-0.0758,0.3828,-0.1120,0.1862,18.5629,1.1011,0.1242,0.4777,0.7842,0.1613,0.0545,10.5417
h4_move,pct,0.1500,30,eurusd+gbpusd+nzdusd,5746,0.3677,-3.6772,-47.2777,0.2085,-0.1474,0.3829,-0.1159,0.1894,18.6018,1.0995,0.1300,0.4715,0.7852,0.1572,0.0576,10.9500
h4_move,pct,0.1500,30,eurusd+gbpusd+usdjpy,5393,0.3495,-2.1240,-47.3388,0.1772,0.0828,0.3623,-0.1126,0.1879,17.4590,1.1741,0.1066,0.5286,0.7960,0.1577,0.0464,8.8167
h4_move,pct,0.1500,30,eurusd+audusd+nzdusd,5838,0.3917,-4.3591,-47.4078,0.2035,-0.1593,0.4919,-0.1163,0.1864,18.8996,1.0765,0.1658,0.4025,0.6959,0.2384,0.0657,13.2500
h4_move,pct,0.1500,30,eurusd+audusd+usdjpy,5485,0.3754,-2.8758,-47.4782,0.1772,0.0409,0.3595,-0.1138,0.1848,17.7568,1.1468,0.1451,0.4543,0.7958,0.1638,0.0404,11.2500
h4_move,pct,0.1500,30,eurusd+nzdusd+usdjpy,5497,0.3722,-3.7975,-47.3250,0.2147,-0.0508,0.3576,-0.1159,0.1882,17.7957,1.1452,0.1512,0.4479,0.7983,0.1591,0.0426,11.2500
h4_move,pct,0.1500,30,gbpusd+audusd+nzdusd,6028,0.3746,-4.2103,-47.4961,0.1735,-0.1229,0.5036,-0.1168,0.1858,19.5147,1.0309,0.1438,0.4453,0.6883,0.2357,0.0760,12.2500
h4_move,pct,0.1500,30,gbpusd+audusd+usdjpy,5675,0.3577,-2.7675,-47.5693,0.1624,0.0771,0.3616,-0.1155,0.1842,18.3719,1.0936,0.1225,0.4980,0.7956,0.1617,0.0426,10.3500
h4_move,pct,0.1500,30,gbpusd+nzdusd+usdjpy,5687,0.3547,-3.6586,-47.4211,0.2039,-0.0170,0.3603,-0.1165,0.1875,18.4108,1.0920,0.1284,0.4916,0.7963,0.1632,0.0405,10.6833
h4_move,pct,0.1500,30,audusd+nzdusd+usdjpy,5779,0.3791,-4.3477,-47.5523,0.2017,-0.0413,0.5298,-0.1162,0.1845,18.7086,1.0688,0.1646,0.4217,0.6664,0.2507,0.0828,13.2500
h4_move,pct,0.1500,40,eurusd+gbpusd+audusd,5733,0.4080,-3.1277,-47.3850,0.1665,-0.0983,0.3829,-0.1139,0.1865,18.5597,1.1011,0.1474,0.3529,0.7842,0.1613,0.0545,13.2500
h4_move,pct,0.1500,40,eurusd+gbpusd+nzdusd,5745,0.4026,-3.9633,-47.3213,0.2085,-0.1185,0.3829,-0.1157,0.1882,18.5985,1.0995,0.1520,0.3433,0.7852,0.1573,0.0576,13.2500
h4_move,pct,0.1500,40,eurusd+gbpusd+usdjpy,5392,0.3911,-2.4014,-47.3367,0.1772,0.0555,0.3624,-0.1110,0.1877,17.4558,1.1741,0.1298,0.4106,0.7959,0.1577,0.0464,11.2500
h4_move,pct,0.1500,40,eurusd+audusd+nzdusd,5837,0.4179,-4.5662,-47.3833,0.2035,-0.1820,0.4920,-0.1163,0.1863,18.8964,1.0765,0.1864,0.2674,0.6958,0.2384,0.0657,15.2500
h4_move,pct,0.1500,40,eurusd+audusd+usdjpy,5484,0.4075,-3.0693,-47.4031,0.1772,-0.0365,0.3596,-0.1130,0.1857,17.7536,1.1468,0.1668,0.3288,0.7957,0.1639,0.0404,13.2500
h4_move,pct,0.1500,40,eurusd+nzdusd+usdjpy,5496,0.4019,-3.9429,-47.3359,0.2147,-0.0755,0.3577,-0.1160,0.1875,17.7924,1.1452,0.1716,0.3188,0.7983,0.1592,0.0426,13.2500
h4_move,pct,0.1500,40,gbpusd+audusd+nzdusd,6028,0.4078,-4.4618,-47.4427,0.1735,-0.0980,0.5036,-0.1165,0.1861,19.5147,1.0309,0.1661,0.3160,0.6883,0.2357,0.0760,14.2500
h4_move,pct,0.1500,40,gbpusd+audusd+usdjpy,5675,0.3972,-3.0088,-47.4652,0.1624,0.0610,0.3616,-0.1150,0.1854,18.3719,1.0936,0.1459,0.3783,0.7956,0.1617,0.0426,13.2500
h4_move,pct,0.1500,40,gbpusd+nzdusd+usdjpy,5687,0.3918,-3.8533,-47.4007,0.2039,0.0074,0.3603,-0.1162,0.1872,18.4108,1.0920,0.1505,0.3686,0.7963,0.1632,0.0405,13.2500
h4_move,pct,0.1500,40,audusd+nzdusd+usdjpy,5779,0.4073,-4.4639,-47.4624,0.2017,-0.0601,0.5298,-0.1162,0.1853,18.7086,1.0688,0.1853,0.2916,0.6664,0.2507,0.0828,15.2500
h4_move,pct,0.2000,25,eurusd+gbpusd+audusd,4937,0.3458,-2.4046,-47.5699,0.1764,0.1631,0.3271,-0.1104,0.1829,15.9828,1.2596,0.1102,0.5467,0.8181,0.1436,0.0383,8.2500
h4_move,pct,0.2000,25,eurusd+gbpusd+nzdusd,4977,0.3388,-3.7649,-47.3604,0.1673,0.0911,0.3247,-0.1135,0.1871,16.1123,1.2405,0.1159,0.5409,0.8220,0.1356,0.0424,8.4833
h4_move,pct,0.2000,25,eurusd+gbpusd+usdjpy,4481,0.3138,-2.4095,-47.4599,0.1763,0.2788,0.3091,-0.1075,0.1849,14.5065,1.4652,0.0830,0.6088,0.8270,0.1440,0.0290,6.1167
h4_move,pct,0.2000,25,eurusd+audusd+nzdusd,5166,0.3705,-3.6558,-47.5749,0.2009,0.0013,0.4545,-0.1140,0.1827,16.7241,1.1929,0.1547,0.4706,0.7226,0.2292,0.0482,10.5250
h4_move,pct,0.2000,25,eurusd+audusd+usdjpy,4670,0.3499,-2.3436,-47.6970,0.2039,0.1524,0.2940,-0.1072,0.1801,15.1184,1.3892,0.1272,0.5283,0.8367,0.1386,0.0247,9.0000
h4_move,pct,0.2000,25,eurusd+nzdusd+usdjpy,4710,0.3425,-3.7816,-47.4703,0.2040,0.0633,0.2951,-0.1135,0.1846,15.2479,1.3661,0.1331,0.5223,0.8362,0.1390,0.0247,9.2500
h4_move,pct,0.2000,25,gbpusd+audusd+nzdusd,5434,0.3517,-3.8260,-47.5563,0.1946,0.0542,0.4547,-0.1153,0.1839,17.5917,1.1094,0.1353,0.5094,0.7232,0.2260,0.0508,10.1083
h4_move,pct,0.2000,25,gbpusd+audusd+usdjpy,4938,0.3303,-2.6021,-47.6686,0.2193,0.1959,0.2906,-0.1127,0.1816,15.9860,1.2707,0.1073,0.5678,0.8399,0.1349,0.0252,8.2500
h4_move,pct,0.2000,25,gbpusd+nzdusd+usdjpy,4978,0.3234,-3.9606,-47.4567,0.2141,0.1174,0.2881,-0.1152,0.1858,16.1155,1.2509,0.1131,0.5619,0.8412,0.1341,0.0247,8.3167
h4_move,pct,0.2000,25,audusd+nzdusd+usdjpy,5167,0.3557,-3.8443,-47.6709,0.2453,0.0381,0.4747,-0.1159,0.1814,16.7274,1.2014,0.1519,0.4908,0.7082,0.2351,0.0566,10.7500
h4_move,pct,0.2000,30,eurusd+gbpusd+audusd,4937,0.3790,-2.4084,-47.6160,0.1764,0.0969,0.3271,-0.1090,0.1813,15.9828,1.2596,0.1266,0.4707,0.8181,0.1436,0.0383,10.2500
h4_move,pct,0.2000,30,eurusd+gbpusd+nzdusd,4977,0.3673,-3.9891,-47.3426,0.1673,0.0192,0.3247,-0.1145,0.1870,16.1123,1.2405,0.1324,0.4633,0.8220,0.1356,0.0424,10.2500
h4_move,pct,0.2000,30,eurusd+gbpusd+usdjpy,4481,0.3495,-2.3415,-47.4782,0.1763,0.1728,0.3091,-0.1078,0.1843,14.5065,1.4652,0.0998,0.5363,0.8270,0.1440,0.0290,8.2500
h4_move,pct,0.2000,30,eurusd+audusd+nzdusd,5166,0.3961,-3.9929,-47.4854,0.2009,0.0093,0.4545,-0.1141,0.1837,16.7241,1.1929,0.1721,0.3901,0.7226,0.2292,0.0482,12.2500
h4_move,pct,0.2000,30,eurusd+audusd+usdjpy,4670,0.3820,-2.4124,-47.6345,0.2039,0.1427,0.2940,-0.1062,0.1808,15.1184,1.3892,0.1450,0.4522,0.8367,0.1386,0.0247,10.2500
h4_move,pct,0.2000,30,eurusd+nzdusd+usdjpy,4710,0.3696,-4.0827,-47.3455,0.2040,0.0553,0.2951,-0.1143,0.1868,15.2479,1.3661,0.1510,0.4446,0.8362,0.1390,0.0247,10.6500
h4_move,pct,0.2000,30,gbpusd+audusd+nzdusd,5434,0.3765,-4.1885,-47.5898,0.1946,-0.0104,0.4547,-0.1159,0.1828,17.5917,1.1094,0.1505,0.4345,0.7232,0.2260,0.0508,11.5750
h4_move,pct,0.2000,30,gbpusd+audusd+usdjpy,4938,0.3613,-2.7134,-47.7421,0.2193,0.1136,0.2906,-0.1130,0.1800,15.9860,1.2707,0.1227,0.4978,0.8399,0.1349,0.0252,9.9333
h4_move,pct,0.2000,30,gbpusd+nzdusd+usdjpy,4978,0.3497,-4.2914,-47.4663,0.2141,0.0390,0.2881,-0.1164,0.1857,16.1155,1.2509,0.1286,0.4902,0.8412,0.1341,0.0247,10.2500
h4_move,pct,0.2000,30,audusd+nzdusd+usdjpy,5167,0.3791,-4.2842,-47.6065,0.2453,0.0269,0.4747,-0.1160,0.1824,16.7274,1.2014,0.1684,0.4159,0.7082,0.2351,0.0566,12.2500
h4_move,pct,0.2000,40,eurusd+gbpusd+audusd,4936,0.4147,-2.7376,-47.5651,0.1764,0.0490,0.3272,-0.1107,0.1823,15.9795,1.2596,0.1483,0.3448,0.8180,0.1436,0.0383,12.2500
h4_move,pct,0.2000,40,eurusd+gbpusd+nzdusd,4976,0.4013,-4.3531,-47.3827,0.1673,0.0462,0.3248,-0.1155,0.1865,16.1090,1.2405,0.1531,0.3346,0.8219,0.1356,0.0424,12.2500
h4_move,pct,0.2000,40,eurusd+gbpusd+usdjpy,4480,0.3902,-2.7621,-47.4199,0.1763,0.0774,0.3092,-0.1094,0.1853,14.5033,1.4652,0.1223,0.4167,0.8269,0.1441,0.0290,10.2500
h4_move,pct,0.2000,40,eurusd+audusd+nzdusd,5165,0.4205,-4.2233,-47.4625,0.2009,0.0208,0.4546,-0.1149,0.1843,16.7209,1.1929,0.1909,0.2546,0.7225,0.2292,0.0483,14.2500
h4_move,pct,0.2000,40,eurusd+audusd+usdjpy,4669,0.4119,-2.6829,-47.5081,0.2039,0.0428,0.2941,-0.1077,0.1829,15.1152,1.3892,0.1653,0.3249,0.8366,0.1387,0.0247,12.2500
h4_move,pct,0.2000,40,eurusd+nzdusd+usdjpy,4709,0.3977,-4.3905,-47.3173,0.2040,0.0382,0.2952,-0.1156,0.1873,15.2446,1.3661,0.1703,0.3143,0.8362,0.1391,0.0247,12.2500
h4_move,pct,0.2000,40,gbpusd+audusd+nzdusd,5434,0.4074,-4.5113,-47.5993,0.1946,-0.0240,0.4547,-0.1164,0.1827,17.5917,1.1094,0.1697,0.3055,0.7232,0.2260,0.0508,13.2500
h4_move,pct,0.2000,40,gbpusd+audusd+usdjpy,4938,0.3979,-3.0837,-47.6565,0.2193,-0.0129,0.2906,-0.1141,0.1813,15.9860,1.2707,0.1434,0.3771,0.8399,0.1349,0.0252,12.2500
h4_move,pct,0.2000,40,gbpusd+nzdusd+usdjpy,4978,0.3847,-4.6958,-47.4732,0.2141,-0.0062,0.2881,-0.1168,0.1855,16.1155,1.2509,0.1483,0.3666,0.8412,0.1341,0.0247,12.2500
h4_move,pct,0.2000,40,audusd+nzdusd+usdjpy,5167,0.4045,-4.5535,-47.5509,0.2453,-0.0239,0.4747,-0.1168,0.1833,16.7274,1.2014,0.1862,0.2855,0.7082,0.2351,0.0566,14.2500
h4_move,pct,0.3000,25,eurusd+gbpusd+audusd,3175,0.3465,-2.6819,-47.6474,0.2236,0.1822,0.3115,-0.1073,0.1775,10.2786,1.8243,0.1109,0.5534,0.8288,0.1316,0.0397,8.2500
h4_move,pct,0.3000,25,eurusd+gbpusd+nzdusd,3247,0.3443,-3.8768,-47.5844,0.2794,0.2910,0.3058,-0.1143,0.1788,10.5117,1.7570,0.1189,0.5408,0.8328,0.1282,0.0390,8.2500
h4_move,pct,0.3000,25,eurusd+gbpusd+usdjpy,2707,0.3166,-2.2427,-47.3716,0.2631,0.0845,0.2734,-0.1063,0.1823,8.7635,2.3894,0.0746,0.6232,0.8480,0.1285,0.0234,4.8000
h4_move,pct,0.3000,25,eurusd+audusd+nzdusd,3490,0.3685,-3.9960,-47.8883,0.2535,0.0915,0.4507,-0.1128,0.1739,11.2983,1.5777,0.1553,0.4768,0.7221,0.2328,0.0451,9.6250
h4_move,pct,0.3000,25,eurusd+audusd+usdjpy,2950,0.3475,-2.5184,-47.7340,0.2339,-0.1312,0.2597,-0.1068,0.1763,9.5502,1.9853,0.1214,0.5407,0.8567,0.1220,0.0213,8.2500
h4_move,pct,0.3000,25,eurusd+nzdusd+usdjpy,3022,0.3451,-3.8061,-47.6656,0.3067,-0.0028,0.2581,-0.1132,0.1777,9.7833,1.9039,0.1297,0.5275,0.8593,0.1199,0.0208,8.2500
h4_move,pct,0.3000,25,gbpusd+audusd+nzdusd,3774,0.3498,-4.2126,-48.0158,0.2280,0.2391,0.4245,-0.1144,0.1730,12.2177,1.4548,0.1378,0.5146,0.7431,0.2142,0.0427,9.1167
h4_move,pct,0.3000,25,gbpusd+audusd+usdjpy,3234,0.3275,-2.9009,-47.8951,0.2318,0.1127,0.2365,-0.1095,0.1750,10.4696,1.7720,0.1039,0.5792,0.8701,0.1118,0.0181,7.5167
h4_move,pct,0.3000,25,gbpusd+nzdusd+usdjpy,3306,0.3258,-4.0697,-47.8297,0.2975,0.2109,0.2374,-0.1150,0.1763,10.7027,1.7048,0.1119,0.5662,0.8709,0.1110,0.0180,8.2500
h4_move,pct,0.3000,25,audusd+nzdusd+usdjpy,3549,0.3508,-4.1737,-48.1204,0.2621,0.0408,0.4179,-0.1132,0.1717,11.4893,1.5316,0.1482,0.5015,0.7483,0.2124,0.0393,9.2500
h4_move,pct,0.3000,30,eurusd+gbpusd+audusd,3175,0.3824,-2.4803,-47.7350,0.2236,0.2089,0.3115,-0.1063,0.1760,10.2786,1.8243,0.1288,0.4718,0.8288,0.1316,0.0397,9.2500
h4_move,pct,0.3000,30,eurusd+gbpusd+nzdusd,3247,0.3754,-3.8891,-47.6093,0.2794,0.1958,0.3058,-0.1144,0.1786,10.5117,1.7570,0.1367,0.4570,0.8328,0.1282,0.0390,9.2500
h4_move,pct,0.3000,30,eurusd+gbpusd+usdjpy,2707,0.3528,-2.2369,-47.4416,0.2631,-0.0121,0.2734,-0.1062,0.1814,8.7635,2.3894,0.0912,0.5501,0.8480,0.1285,0.0234,7.7833
h4_move,pct,0.3000,30,eurusd+audusd+nzdusd,3490,0.3983,-4.0420,-47.8297,0.2535,0.0653,0.4507,-0.1126,0.1747,11.2983,1.5777,0.1736,0.3917,0.7221,0.2328,0.0451,11.2500
h4_move,pct,0.3000,30,eurusd+audusd+usdjpy,2950,0.3817,-2.5538,-47.7053,0.2339,-0.1541,0.2597,-0.1065,0.1765,9.5502,1.9853,0.1386,0.4651,0.8567,0.1220,0.0213,9.2500
h4_move,pct,0.3000,30,eurusd+nzdusd+usdjpy,3022,0.3743,-4.0658,-47.5759,0.3067,-0.0797,0.2581,-0.1135,0.1794,9.7833,1.9039,0.1469,0.4494,0.8593,0.1199,0.0208,9.7500
h4_move,pct,0.3000,30,gbpusd+audusd+nzdusd,3774,0.3789,-4.2415,-48.0051,0.2280,0.1991,0.4245,-0.1146,0.1730,12.2177,1.4548,0.1547,0.4327,0.7431,0.2142,0.0427,10.2500
h4_move,pct,0.3000,30,gbpusd+audusd+usdjpy,3234,0.3605,-2.9173,-47.9183,0.2318,0.0708,0.2365,-0.1103,0.1744,10.4696,1.7720,0.1197,0.5065,0.8701,0.1118,0.0181,8.9667
h4_move,pct,0.3000,30,gbpusd+nzdusd+usdjpy,3306,0.3542,-4.2915,-47.7961,0.2975,0.0870,0.2374,-0.1156,0.1770,10.7027,1.7048,0.1276,0.4912,0.8709,0.1110,0.0180,9.2500
h4_move,pct,0.3000,30,audusd+nzdusd+usdjpy,3549,0.3781,-4.4143,-48.0041,0.2621,-0.0151,0.4179,-0.1136,0.1732,11.4893,1.5316,0.1646,0.4246,0.7483,0.2124,0.0393,11.2500
h4_move,pct,0.3000,40,eurusd+gbpusd+audusd,3175,0.4220,-2.7189,-47.7925,0.2236,0.1606,0.3115,-0.1084,0.1754,10.2786,1.8243,0.1515,0.3439,0.8288,0.1316,0.0397,11.2500
h4_move,pct,0.3000,40,eurusd+gbpusd+nzdusd,3247,0.4111,-3.9755,-47.5303,0.2794,0.1704,0.3058,-0.1143,0.1805,10.5117,1.7570,0.1623,0.3252,0.8328,0.1282,0.0390,11.2500
h4_move,pct,0.3000,40,eurusd+gbpusd+usdjpy,2707,0.3982,-2.5081,-47.3406,0.2631,-0.1354,0.2734,-0.1087,0.1837,8.7635,2.3894,0.1149,0.4337,0.8480,0.1285,0.0234,9.2500
h4_move,pct,0.3000,40,eurusd+audusd+nzdusd,3490,0.4252,-4.1170,-47.8672,0.2535,0.0822,0.4507,-0.1127,0.1744,11.2983,1.5777,0.1957,0.2547,0.7221,0.2328,0.0451,13.0000
h4_move,pct,0.3000,40,eurusd+audusd+usdjpy,2950,0.4159,-2.7963,-47.7438,0.2339,-0.2077,0.2597,-0.1089,0.1762,9.5502,1.9853,0.1583,0.3414,0.8567,0.1220,0.0213,11.2500
h4_move,pct,0.3000,40,eurusd+nzdusd+usdjpy,3022,0.4044,-4.1446,-47.4691,0.3067,-0.1205,0.2581,-0.1142,0.1817,9.7833,1.9039,0.1698,0.3213,0.8593,0.1199,0.0208,11.2583
h4_move,pct,0.3000,40,gbpusd+audusd+nzdusd,3774,0.4099,-4.5025,-48.0271,0.2280,0.1580,0.4245,-0.1144,0.1727,12.2177,1.4548,0.1759,0.3010,0.7431,0.2142,0.0427,12.2500
h4_move,pct,0.3000,40,gbpusd+audusd+usdjpy,3234,0.3989,-3.3622,-47.9390,0.2318,-0.0859,0.2365,-0.1125,0.1741,10.4696,1.7720,0.1385,0.3878,0.8701,0.1118,0.0181,10.6417
h4_move,pct,0.3000,40,gbpusd+nzdusd+usdjpy,3306,0.3887,-4.5824,-47.6802,0.2975,-0.0260,0.2374,-0.1159,0.1791,10.7027,1.7048,0.1494,0.3684,0.8709,0.1110,0.0180,11.2500
h4_move,pct,0.3000,40,audusd+nzdusd+usdjpy,3549,0.4041,-4.6799,-48.0052,0.2621,-0.0690,0.4179,-0.1141,0.1732,11.4893,1.5316,0.1832,0.2961,0.7483,0.2124,0.0393,13.2500
h4_move,pct,0.4000,25,eurusd+gbpusd+audusd,1891,0.3268,-3.0723,-47.6215,0.1529,-0.1566,0.2930,-0.1132,0.1797,6.1218,2.7355,0.0978,0.5806,0.8441,0.1181,0.0379,6.5167
h4_move,pct,0.4000,25,eurusd+gbpusd+nzdusd,1943,0.3294,-4.1805,-47.5251,0.2472,-0.2059,0.2944,-0.1153,0.1821,6.2902,2.6273,0.1132,0.5625,0.8414,0.1229,0.0356,7.6333
h4_move,pct,0.4000,25,eurusd+gbpusd+usdjpy,1549,0.2808,-2.9902,-47.1079,0.2791,-0.2148,0.2324,-0.1159,0.1874,5.0146,4.4872,0.0633,0.6708,0.8756,0.1015,0.0230,3.3000
h4_move,pct,0.4000,25,eurusd+audusd+nzdusd,2139,0.3675,-3.1484,-48.0568,0.2192,-0.1045,0.4563,-0.1100,0.1721,6.9247,2.2584,0.1328,0.4899,0.7198,0.2226,0.0575,9.0333
h4_move,pct,0.4000,25,eurusd+audusd+usdjpy,1745,0.3330,-1.8587,-47.7930,0.2373,-0.1299,0.2533,-0.1070,0.1746,5.6492,3.1667,0.0928,0.5696,0.8617,0.1164,0.0219,7.4167
h4_move,pct,0.4000,25,eurusd+nzdusd+usdjpy,1797,0.3356,-3.0921,-47.6708,0.3297,-0.1738,0.2588,-0.1124,0.1774,5.8175,3.0152,0.1096,0.5504,0.8589,0.1191,0.0220,8.2500
h4_move,pct,0.4000,25,gbpusd+audusd+nzdusd,2346,0.3423,-4.1263,-47.9381,0.1950,-0.1726,0.4241,-0.1144,0.1752,7.5948,2.0833,0.1245,0.5311,0.7458,0.2036,0.0506,8.2500
h4_move,pct,0.4000,25,gbpusd+audusd+usdjpy,1952,0.3064,-3.1707,-47.6686,0.2200,-0.1938,0.2172,-0.1158,0.1780,6.3193,2.7724,0.0871,0.6107,0.8833,0.0999,0.0168,5.6750
h4_move,pct,0.4000,25,gbpusd+nzdusd+usdjpy,2004,0.3094,-4.2427,-47.5729,0.3171,-0.2300,0.2355,-0.1167,0.1804,6.4876,2.6556,0.1023,0.5923,0.8706,0.1116,0.0177,6.3667
h4_move,pct,0.4000,25,audusd+nzdusd+usdjpy,2200,0.3482,-3.2337,-48.0925,0.2674,-0.1463,0.4168,-0.1117,0.1709,7.1222,2.2613,0.1223,0.5191,0.7469,0.2113,0.0418,8.3667
h4_move,pct,0.4000,30,eurusd+gbpusd+audusd,1891,0.3633,-3.2912,-47.6225,0.1529,-0.1268,0.2930,-0.1132,0.1798,6.1218,2.7355,0.1132,0.5034,0.8441,0.1181,0.0379,8.2500
h4_move,pct,0.4000,30,eurusd+gbpusd+nzdusd,1943,0.3634,-4.4926,-47.5509,0.2472,-0.2065,0.2944,-0.1153,0.1819,6.2902,2.6273,0.1343,0.4833,0.8414,0.1229,0.0356,8.5667
h4_move,pct,0.4000,30,eurusd+gbpusd+usdjpy,1549,0.3228,-2.9857,-47.2086,0.2791,-0.2776,0.2324,-0.1159,0.1859,5.0146,4.4872,0.0801,0.5933,0.8756,0.1015,0.0230,5.3333
h4_move,pct,0.4000,30,eurusd+audusd+nzdusd,2139,0.3918,-3.8216,-47.9387,0.2192,-0.0698,0.4563,-0.1109,0.1741,6.9247,2.2584,0.1491,0.4151,0.7198,0.2226,0.0575,10.2500
h4_move,pct,0.4000,30,eurusd+audusd+usdjpy,1745,0.3622,-2.3325,-47.7193,0.2373,-0.1315,0.2533,-0.1095,0.1759,5.6492,3.1667,0.1043,0.4974,0.8617,0.1164,0.0219,8.3167
h4_move,pct,0.4000,30,eurusd+nzdusd+usdjpy,1797,0.3623,-3.6592,-47.6286,0.3297,-0.2145,0.2588,-0.1131,0.1783,5.8175,3.0152,0.1274,0.4758,0.8589,0.1191,0.0220,9.2500
h4_move,pct,0.4000,30,gbpusd+audusd+nzdusd,2346,0.3700,-4.7145,-47.9470,0.1950,-0.1336,0.4241,-0.1143,0.1750,7.5948,2.0833,0.1424,0.4574,0.7458,0.2036,0.0506,9.2500
h4_move,pct,0.4000,30,gbpusd+audusd+usdjpy,1952,0.3391,-3.5635,-47.7401,0.2200,-0.1956,0.2172,-0.1161,0.1768,6.3193,2.7724,0.1009,0.5394,0.8833,0.0999,0.0168,8.2500
h4_move,pct,0.4000,30,gbpusd+nzdusd+usdjpy,2004,0.3398,-4.7212,-47.6643,0.3171,-0.2539,0.2355,-0.1163,0.1789,6.4876,2.6556,0.1218,0.5190,0.8706,0.1116,0.0177,8.2500
h4_move,pct,0.4000,30,audusd+nzdusd+usdjpy,2200,0.3695,-4.0485,-48.0435,0.2674,-0.1324,0.4168,-0.1127,0.1716,7.1222,2.2613,0.1373,0.4495,0.7469,0.2113,0.0418,10.1667
h4_move,pct,0.4000,40,eurusd+gbpusd+audusd,1891,0.4024,-3.8779,-47.5768,0.1529,-0.0824,0.2930,-0.1137,0.1810,6.1218,2.7355,0.1364,0.3765,0.8441,0.1181,0.0379,10.2500
h4_move,pct,0.4000,40,eurusd+gbpusd+nzdusd,1943,0.3989,-4.7353,-47.4401,0.2472,-0.1505,0.2944,-0.1142,0.1839,6.2902,2.6273,0.1575,0.3505,0.8414,0.1229,0.0356,10.2500
h4_move,pct,0.4000,40,eurusd+gbpusd+usdjpy,1549,0.3719,-3.2769,-47.0692,0.2791,-0.2284,0.2324,-0.1169,0.1883,5.0146,4.4872,0.1085,0.4751,0.8756,0.1015,0.0230,8.2500
h4_move,pct,0.4000,40,eurusd+audusd+nzdusd,2139,0.4161,-4.4015,-47.7219,0.2192,-0.0214,0.4563,-0.1110,0.1780,6.9247,2.2584,0.1660,0.2871,0.7198,0.2226,0.0575,12.2500
h4_move,pct,0.4000,40,eurusd+audusd+usdjpy,1745,0.3960,-3.0315,-47.4532,0.2373,-0.1202,0.2533,-0.1134,0.1806,5.6492,3.1667,0.1244,0.3834,0.8617,0.1164,0.0219,10.2500
h4_move,pct,0.4000,40,eurusd+nzdusd+usdjpy,1797,0.3923,-3.9831,-47.3019,0.3297,-0.1961,0.2588,-0.1135,0.1837,5.8175,3.0152,0.1475,0.3550,0.8589,0.1191,0.0220,11.2500
h4_move,pct,0.4000,40,gbpusd+audusd+nzdusd,2346,0.4007,-5.2842,-47.8814,0.1950,-0.0946,0.4241,-0.1132,0.1757,7.5948,2.0833,0.1633,0.3261,0.7458,0.2036,0.0506,11.2500
h4_move,pct,0.4000,40,gbpusd+audusd+usdjpy,1952,0.3796,-4.2376,-47.6554,0.2200,-0.1843,0.2172,-0.1161,0.1776,6.3193,2.7724,0.1255,0.4201,0.8833,0.0999,0.0168,9.9833
h4_move,pct,0.4000,40,gbpusd+nzdusd+usdjpy,2004,0.3767,-5.0597,-47.5155,0.3171,-0.2519,0.2355,-0.1154,0.1805,6.4876,2.6556,0.1462,0.3937,0.8706,0.1116,0.0177,10.2500
h4_move,pct,0.4000,40,audusd+nzdusd+usdjpy,2200,0.3955,-4.7062,-47.7922,0.2674,-0.1134,0.4168,-0.1125,0.1750,7.1222,2.2613,0.1555,0.3282,0.7469,0.2113,0.0418,12.0083
h4_move,pct,0.6000,25,eurusd+gbpusd+audusd,670,0.2791,-6.6847,-47.5655,-0.1512,-0.4060,0.2672,-0.1151,0.1788,2.1690,6.6000,0.0821,0.6403,0.8592,0.1021,0.0387,4.0000
h4_move,pct,0.6000,25,eurusd+gbpusd+nzdusd,629,0.2957,-6.9382,-47.4791,0.0670,-0.3891,0.2655,-0.1152,0.1787,2.0363,5.5758,0.0843,0.6328,0.8577,0.1067,0.0356,4.3167
h4_move,pct,0.6000,25,eurusd+gbpusd+usdjpy,536,0.2313,-5.3364,-46.7316,0.3981,-0.3037,0.2369,-0.1174,0.1886,1.7352,17.3333,0.0410,0.7407,0.8769,0.0886,0.0346,1.8250
h4_move,pct,0.6000,25,eurusd+audusd+nzdusd,725,0.3324,-6.1926,-48.2439,-0.0809,-0.3653,0.4497,-0.1040,0.1678,2.3471,3.9423,0.1062,0.5600,0.7172,0.2427,0.0401,8.0000
h4_move,pct,0.6000,25,eurusd+audusd+usdjpy,632,0.2832,-4.7244,-47.6752,0.1296,-0.3260,0.2057,-0.1113,0.1747,2.0460,6.3214,0.0728,0.6408,0.8903,0.0827,0.0270,4.5667
h4_move,pct,0.6000,25,eurusd+nzdusd+usdjpy,591,0.3012,-4.8582,-47.5893,0.1441,-0.3209,0.2098,-0.1096,0.1742,1.9133,5.2581,0.0745,0.6328,0.8900,0.0792,0.0309,5.2000
h4_move,pct,0.6000,25,gbpusd+audusd+nzdusd,823,0.3111,-6.6947,-47.9606,-0.0424,-0.4164,0.4156,-0.1109,0.1721,2.6643,4.0893,0.1033,0.5942,0.7520,0.1959,0.0521,6.3833
h4_move,pct,0.6000,25,gbpusd+audusd+usdjpy,730,0.2658,-5.4876,-47.4330,0.2117,-0.3947,0.2192,-0.1127,0.1786,2.3633,6.2812,0.0740,0.6685,0.8844,0.0906,0.0250,3.2583
h4_move,pct,0.6000,25,gbpusd+nzdusd+usdjpy,689,0.2801,-5.6478,-47.3517,0.2307,-0.3996,0.2003,-0.1152,0.1785,2.2305,5.3429,0.0755,0.6633,0.8951,0.0803,0.0246,3.4667
h4_move,pct,0.6000,25,audusd+nzdusd+usdjpy,785,0.3159,-5.1170,-48.0690,0.0489,-0.3775,0.3962,-0.1003,0.1684,2.5413,3.8519,0.0968,0.5924,0.7602,0.1990,0.0408,6.5833
h4_move,pct,0.6000,30,eurusd+gbpusd+audusd,670,0.3104,-7.1063,-47.7230,-0.1512,-0.3973,0.2672,-0.1145,0.1758,2.1690,6.6000,0.0985,0.5597,0.8592,0.1021,0.0387,7.3417
h4_move,pct,0.6000,30,eurusd+gbpusd+nzdusd,629,0.3323,-7.0374,-47.5855,0.0670,-0.3890,0.2655,-0.1142,0.1763,2.0363,5.5758,0.1033,0.5533,0.8577,0.1067,0.0356,8.1500
h4_move,pct,0.6000,30,eurusd+gbpusd+usdjpy,536,0.2743,-4.5297,-46.8668,0.3981,-0.3409,0.2369,-0.1172,0.1858,1.7352,17.3333,0.0560,0.6679,0.8769,0.0886,0.0346,3.0917
h4_move,pct,0.6000,30,eurusd+audusd+nzdusd,725,0.3545,-7.4828,-48.3646,-0.0809,-0.3195,0.4497,-0.1053,0.1657,2.3471,3.9423,0.1228,0.4855,0.7172,0.2427,0.0401,8.2500
h4_move,pct,0.6000,30,eurusd+audusd+usdjpy,632,0.3085,-5.4215,-47.8181,0.1296,-0.3035,0.2057,-0.1112,0.1723,2.0460,6.3214,0.0854,0.5728,0.8903,0.0827,0.0270,7.1250
h4_move,pct,0.6000,30,eurusd+nzdusd+usdjpy,591,0.3316,-5.2313,-47.6802,0.1441,-0.3095,0.2098,-0.1096,0.1725,1.9133,5.2581,0.0897,0.5668,0.8900,0.0792,0.0309,8.0000
h4_move,pct,0.6000,30,gbpusd+audusd+nzdusd,823,0.3366,-7.8093,-48.1311,-0.0424,-0.4301,0.4156,-0.1118,0.1691,2.6643,4.0893,0.1191,0.5164,0.7520,0.1959,0.0521,8.2500
h4_move,pct,0.6000,30,gbpusd+audusd+usdjpy,730,0.2945,-6.0663,-47.6221,0.2117,-0.4468,0.2192,-0.1165,0.1752,2.3633,6.2812,0.0863,0.5959,0.8844,0.0906,0.0250,5.8000
h4_move,pct,0.6000,30,gbpusd+nzdusd+usdjpy,689,0.3135,-5.9415,-47.4953,0.2307,-0.4636,0.2003,-0.1155,0.1756,2.2305,5.3429,0.0900,0.5922,0.8951,0.0803,0.0246,6.1500
h4_move,pct,0.6000,30,audusd+nzdusd+usdjpy,785,0.3363,-6.4868,-48.2231,0.0489,-0.3954,0.3962,-0.1034,0.1659,2.5413,3.8519,0.1096,0.5248,0.7602,0.1990,0.0408,8.2500
h4_move,pct,0.6000,40,eurusd+gbpusd+audusd,670,0.3388,-9.3141,-47.8644,-0.1512,-0.3742,0.2672,-0.1144,0.1740,2.1690,6.6000,0.1179,0.4597,0.8592,0.1021,0.0387,8.4083
h4_move,pct,0.6000,40,eurusd+gbpusd+nzdusd,629,0.3704,-7.8229,-47.5067,0.0670,-0.4316,0.2655,-0.1141,0.1775,2.0363,5.5758,0.1304,0.4213,0.8577,0.1067,0.0356,9.2500
h4_move,pct,0.6000,40,eurusd+gbpusd+usdjpy,536,0.3172,-5.5715,-46.6522,0.3981,-0.3119,0.2369,-0.1116,0.1899,1.7352,17.3333,0.0765,0.5746,0.8769,0.0886,0.0346,6.1250
h4_move,pct,0.6000,40,eurusd+audusd+nzdusd,725,0.3862,-8.4105,-48.1862,-0.0809,-0.3284,0.4497,-0.1090,0.1682,2.3471,3.9423,0.1448,0.3476,0.7172,0.2427,0.0401,10.2500
h4_move,pct,0.6000,40,eurusd+audusd+usdjpy,632,0.3434,-6.5875,-47.5147,0.1296,-0.2485,0.2057,-0.1106,0.1775,2.0460,6.3214,0.1013,0.4668,0.8903,0.0827,0.0270,8.4917
h4_move,pct,0.6000,40,eurusd+nzdusd+usdjpy,591,0.3773,-4.8113,-47.1089,0.1441,-0.3226,0.2098,-0.1075,0.1815,1.9133,5.2581,0.1134,0.4264,0.8900,0.0792,0.0309,9.2500
h4_move,pct,0.6000,40,gbpusd+audusd+nzdusd,823,0.3657,-9.3260,-48.0168,-0.0424,-0.4323,0.4156,-0.1119,0.1705,2.6643,4.0893,0.1434,0.3973,0.7520,0.1959,0.0521,9.7333
h4_move,pct,0.6000,40,gbpusd+audusd+usdjpy,730,0.3260,-7.8643,-47.4016,0.2117,-0.3762,0.2192,-0.1125,0.1787,2.3633,6.2812,0.1055,0.5068,0.8844,0.0906,0.0250,8.2500
h4_move,pct,0.6000,40,gbpusd+nzdusd+usdjpy,689,0.3541,-6.4168,-47.0625,0.2307,-0.4406,0.2003,-0.1137,0.1822,2.2305,5.3429,0.1161,0.4746,0.8951,0.0803,0.0246,8.2500
h4_move,pct,0.6000,40,audusd+nzdusd+usdjpy,785,0.3707,-7.1314,-47.7189,0.0489,-0.3794,0.3962,-0.1069,0.1731,2.5413,3.8519,0.1312,0.4000,0.7602,0.1990,0.0408,10.2500
h4_move,pips,15.0000,25,eurusd+gbpusd+audusd,5702,0.3411,-1.9206,-47.4456,0.2213,0.1409,0.4379,-0.1056,0.1852,18.4593,1.0811,0.1036,0.5565,0.7437,0.1902,0.0661,8.5167
h4_move,pips,15.0000,25,eurusd+gbpusd+nzdusd,5643,0.3356,-2.9144,-47.3188,0.2311,0.0677,0.4278,-0.1124,0.1876,18.2683,1.0743,0.1118,0.5513,0.7530,0.1779,0.0690,8.6167
h4_move,pips,15.0000,25,eurusd+gbpusd+usdjpy,5760,0.3167,-1.8759,-47.3158,0.2301,0.1410,0.3936,-0.1075,0.1882,18.6471,1.1002,0.0884,0.5986,0.7764,0.1669,0.0567,7.7417
h4_move,pips,15.0000,25,eurusd+audusd+nzdusd,5366,0.3694,-3.0386,-47.6211,0.2180,0.0073,0.4735,-0.1124,0.1818,17.3716,1.0976,0.1496,0.4784,0.7139,0.2137,0.0724,10.6750
h4_move,pips,15.0000,25,eurusd+audusd+usdjpy,5483,0.3487,-1.9449,-47.6089,0.2141,0.0969,0.3761,-0.1071,0.1825,17.7504,1.1246,0.1242,0.5296,0.7861,0.1680,0.0460,9.2500
h4_move,pips,15.0000,25,eurusd+nzdusd+usdjpy,5424,0.3431,-2.9792,-47.4766,0.2291,0.0105,0.3708,-0.1122,0.1850,17.5593,1.1177,0.1329,0.5240,0.7897,0.1657,0.0447,9.3250
h4_move,pips,15.0000,25,gbpusd+audusd+nzdusd,5567,0.3458,-3.1835,-47.5618,0.2240,0.1549,0.4863,-0.1148,0.1830,18.0223,1.0509,0.1272,0.5242,0.7083,0.2048,0.0869,9.8333
h4_move,pips,15.0000,25,gbpusd+audusd+usdjpy,5684,0.3264,-2.1255,-47.5516,0.2297,0.2639,0.3930,-0.1114,0.1836,18.4011,1.0758,0.1031,0.5727,0.7743,0.1763,0.0493,8.5000
h4_move,pips,15.0000,25,gbpusd+nzdusd+usdjpy,5625,0.3207,-3.1247,-47.4247,0.2425,0.1676,0.3840,-0.1138,0.1861,18.2101,1.0689,0.1113,0.5676,0.7806,0.1717,0.0478,8.5167
h4_move,pips,15.0000,25,audusd+nzdusd+usdjpy,5348,0.3538,-3.2602,-47.7386,0.2243,0.1113,0.4654,-0.1143,0.1801,17.3133,1.0922,0.1492,0.4953,0.7195,0.2143,0.0662,10.4333
h4_move,pips,15.0000,30,eurusd+gbpusd+audusd,5702,0.3739,-1.9182,-47.4928,0.2213,0.0867,0.4379,-0.1050,0.1842,18.4593,1.0811,0.1221,0.4835,0.7437,0.1902,0.0661,10.4333
h4_move,pips,15.0000,30,eurusd+gbpusd+nzdusd,5643,0.3643,-3.1706,-47.3219,0.2311,-0.0035,0.4278,-0.1130,0.1876,18.2683,1.0743,0.1299,0.4795,0.7530,0.1779,0.0690,10.4333
h4_move,pips,15.0000,30,eurusd+gbpusd+usdjpy,5760,0.3507,-1.8255,-47.3665,0.2301,0.1235,0.3936,-0.1061,0.1874,18.6471,1.1002,0.1057,0.5293,0.7764,0.1669,0.0567,9.2500
h4_move,pips,15.0000,30,eurusd+audusd+nzdusd,5366,0.3962,-3.2731,-47.5080,0.2180,-0.0124,0.4735,-0.1125,0.1833,17.3716,1.0976,0.1703,0.3990,0.7139,0.2137,0.0724,12.2500
h4_move,pips,15.0000,30,eurusd+audusd+usdjpy,5483,0.3812,-1.8579,-47.5509,0.2141,0.1231,0.3761,-0.1044,0.1832,17.7504,1.1246,0.1441,0.4530,0.7861,0.1680,0.0460,11.2500
h4_move,pips,15.0000,30,eurusd+nzdusd+usdjpy,5424,0.3713,-3.1602,-47.3725,0.2291,0.0275,0.3708,-0.1121,0.1867,17.5593,1.1177,0.1525,0.4486,0.7897,0.1657,0.0447,11.2500
h4_move,pips,15.0000,30,gbpusd+audusd+nzdusd,5567,0.3742,-3.3101,-47.5958,0.2240,0.1245,0.4863,-0.1155,0.1822,18.0223,1.0509,0.1433,0.4518,0.7083,0.2048,0.0869,11.4500
h4_move,pips,15.0000,30,gbpusd+audusd+usdjpy,5684,0.3601,-1.9441,-47.6353,0.2297,0.2571,0.3930,-0.1103,0.1821,18.4011,1.0758,0.1186,0.5028,0.7743,0.1763,0.0493,10.2500
h4_move,pips,15.0000,30,gbpusd+nzdusd+usdjpy,5625,0.3504,-3.2008,-47.4633,0.2425,0.1631,0.3840,-0.1143,0.1855,18.2101,1.0689,0.1264,0.4990,0.7806,0.1717,0.0478,10.2500
h4_move,pips,15.0000,30,audusd+nzdusd+usdjpy,5348,0.3816,-3.3052,-47.6625,0.2243,0.1550,0.4654,-0.1136,0.1811,17.3133,1.0922,0.1668,0.4192,0.7195,0.2143,0.0662,12.2500
h4_move,pips,15.0000,40,eurusd+gbpusd+audusd,5701,0.4131,-2.1562,-47.4993,0.2213,0.0546,0.4380,-0.1053,0.1842,18.4561,1.0811,0.1445,0.3585,0.7437,0.1902,0.0661,13.2500
h4_move,pips,15.0000,40,eurusd+gbpusd+nzdusd,5642,0.4022,-3.2670,-47.4102,0.2311,0.0645,0.4279,-0.1124,0.1861,18.2651,1.0743,0.1519,0.3506,0.7530,0.1780,0.0690,13.2500
h4_move,pips,15.0000,40,eurusd+gbpusd+usdjpy,5759,0.3928,-1.9804,-47.3491,0.2301,0.1276,0.3936,-0.1027,0.1874,18.6439,1.1002,0.1278,0.4112,0.7763,0.1670,0.0567,12.2500
h4_move,pips,15.0000,40,eurusd+audusd+nzdusd,5366,0.4234,-3.3718,-47.5757,0.2180,0.0079,0.4735,-0.1142,0.1825,17.3716,1.0976,0.1901,0.2637,0.7139,0.2137,0.0724,14.2500
h4_move,pips,15.0000,40,eurusd+audusd+usdjpy,5483,0.4131,-2.0183,-47.5057,0.2141,0.0716,0.3761,-0.1052,0.1839,17.7504,1.1246,0.1640,0.3292,0.7861,0.1680,0.0460,13.2500
h4_move,pips,15.0000,40,eurusd+nzdusd+usdjpy,5424,0.4017,-3.1722,-47.4125,0.2291,0.0787,0.3708,-0.1128,0.1859,17.5593,1.1177,0.1718,0.3206,0.7897,0.1657,0.0447,13.2500
h4_move,pips,15.0000,40,gbpusd+audusd+nzdusd,5566,0.4093,-3.4448,-47.6180,0.2240,0.1664,0.4863,-0.1149,0.1819,18.0191,1.0509,0.1642,0.3232,0.7082,0.2049,0.0869,13.2833
h4_move,pips,15.0000,40,gbpusd+audusd+usdjpy,5683,0.3996,-2.1374,-47.5494,0.2297,0.2672,0.3931,-0.1088,0.1833,18.3978,1.0758,0.1395,0.3852,0.7743,0.1764,0.0494,13.2500
h4_move,pips,15.0000,40,gbpusd+nzdusd+usdjpy,5624,0.3885,-3.2516,-47.4597,0.2425,0.2236,0.3841,-0.1134,0.1852,18.2068,1.0689,0.1469,0.3775,0.7805,0.1717,0.0478,13.2500
h4_move,pips,15.0000,40,audusd+nzdusd+usdjpy,5348,0.4091,-3.3560,-47.6307,0.2243,0.1904,0.4654,-0.1151,0.1815,17.3133,1.0922,0.1849,0.2917,0.7195,0.2143,0.0662,14.2500
h4_move,pips,20.0000,25,eurusd+gbpusd+audusd,4878,0.3301,-2.6318,-47.3856,0.1870,0.2666,0.3813,-0.1123,0.1852,15.7918,1.2145,0.1000,0.5687,0.7836,0.1639,0.0525,8.2000
h4_move,pips,20.0000,25,eurusd+gbpusd+nzdusd,4799,0.3284,-3.2474,-47.4340,0.1932,0.3071,0.3811,-0.1133,0.1844,15.5360,1.1899,0.1031,0.5662,0.7826,0.1688,0.0485,8.2500
h4_move,pips,20.0000,25,eurusd+gbpusd+usdjpy,5089,0.3099,-2.2357,-47.2660,0.2351,0.2460,0.3325,-0.1118,0.1883,16.4748,1.2886,0.0833,0.6094,0.8141,0.1496,0.0363,6.7833
h4_move,pips,20.0000,25,eurusd+audusd+nzdusd,4256,0.3600,-3.7149,-47.7603,0.1989,0.1735,0.4272,-0.1137,0.1772,13.7781,1.2722,0.1433,0.4920,0.7480,0.1912,0.0608,9.2500
h4_move,pips,20.0000,25,eurusd+audusd+usdjpy,4546,0.3372,-2.5525,-47.5364,0.2160,0.1274,0.3077,-0.1113,0.1821,14.7170,1.3862,0.1186,0.5451,0.8296,0.1379,0.0325,8.3333
h4_move,pips,20.0000,25,eurusd+nzdusd+usdjpy,4467,0.3356,-3.2123,-47.5918,0.2324,0.2122,0.3101,-0.1131,0.1812,14.4612,1.3586,0.1222,0.5420,0.8275,0.1427,0.0299,8.3333
h4_move,pips,20.0000,25,gbpusd+audusd+nzdusd,4631,0.3397,-3.3930,-47.7097,0.2010,0.2728,0.4286,-0.1138,0.1800,14.9921,1.1704,0.1179,0.5407,0.7500,0.1829,0.0671,8.5333
h4_move,pips,20.0000,25,gbpusd+audusd+usdjpy,4921,0.3199,-2.3382,-47.5119,0.2431,0.2278,0.3343,-0.1128,0.1843,15.9310,1.2655,0.0965,0.5869,0.8119,0.1549,0.0333,8.0333
h4_move,pips,20.0000,25,gbpusd+nzdusd+usdjpy,4842,0.3181,-2.9434,-47.5628,0.2535,0.2707,0.3166,-0.1131,0.1835,15.6752,1.2399,0.0995,0.5847,0.8242,0.1444,0.0314,8.1333
h4_move,pips,20.0000,25,audusd+nzdusd+usdjpy,4299,0.3480,-3.3679,-47.9041,0.2383,0.1739,0.4099,-0.1136,0.1763,13.9173,1.3313,0.1389,0.5136,0.7580,0.1933,0.0486,9.2667
h4_move,pips,20.0000,30,eurusd+gbpusd+audusd,4878,0.3667,-2.4814,-47.4195,0.1870,0.1869,0.3813,-0.1115,0.1844,15.7918,1.2145,0.1169,0.4906,0.7836,0.1639,0.0525,9.2500
h4_move,pips,20.0000,30,eurusd+gbpusd+nzdusd,4799,0.3622,-3.3051,-47.4336,0.1932,0.2225,0.3811,-0.1142,0.1846,15.5360,1.1899,0.1198,0.4872,0.7826,0.1688,0.0485,9.2500
h4_move,pips,20.0000,30,eurusd+gbpusd+usdjpy,5089,0.3464,-2.1649,-47.3008,0.2351,0.1855,0.3325,-0.1113,0.1880,16.4748,1.2886,0.0998,0.5357,0.8141,0.1496,0.0363,8.5000
h4_move,pips,20.0000,30,eurusd+audusd+nzdusd,4256,0.3914,-3.8079,-47.6180,0.1989,0.1705,0.4272,-0.1141,0.1792,13.7781,1.2722,0.1626,0.4070,0.7480,0.1912,0.0608,11.2500
h4_move,pips,20.0000,30,eurusd+audusd+usdjpy,4546,0.3720,-2.4995,-47.4472,0.2160,0.1426,0.3077,-0.1112,0.1834,14.7170,1.3862,0.1375,0.4663,0.8296,0.1379,0.0325,10.2500
h4_move,pips,20.0000,30,eurusd+nzdusd+usdjpy,4467,0.3671,-3.3848,-47.4616,0.2324,0.2013,0.3101,-0.1145,0.1836,14.4612,1.3586,0.1410,0.4623,0.8275,0.1427,0.0299,10.2500
h4_move,pips,20.0000,30,gbpusd+audusd+nzdusd,4631,0.3712,-3.3958,-47.7659,0.2010,0.2120,0.4286,-0.1133,0.1790,14.9921,1.1704,0.1326,0.4643,0.7500,0.1829,0.0671,10.2500
h4_move,pips,20.0000,30,gbpusd+audusd+usdjpy,4921,0.3544,-2.2114,-47.6011,0.2431,0.1887,0.3343,-0.1108,0.1829,15.9310,1.2655,0.1112,0.5157,0.8119,0.1549,0.0333,9.2500
h4_move,pips,20.0000,30,gbpusd+nzdusd+usdjpy,4842,0.3496,-3.0234,-47.6196,0.2535,0.2224,0.3166,-0.1138,0.1831,15.6752,1.2399,0.1140,0.5128,0.8242,0.1444,0.0314,9.2500
h4_move,pips,20.0000,30,audusd+nzdusd+usdjpy,4299,0.3771,-3.4856,-47.8254,0.2383,0.1846,0.4099,-0.1135,0.1776,13.9173,1.3313,0.1556,0.4366,0.7580,0.1933,0.0486,11.2500
h4_move,pips,20.0000,40,eurusd+gbpusd+audusd,4877,0.4052,-2.8805,-47.4520,0.1870,0.1587,0.3814,-0.1123,0.1840,15.7885,1.2145,0.1380,0.3662,0.7835,0.1639,0.0526,11.3667
h4_move,pips,20.0000,40,eurusd+gbpusd+nzdusd,4798,0.3983,-3.6130,-47.4147,0.1932,0.2024,0.3812,-0.1148,0.1850,15.5328,1.1899,0.1424,0.3593,0.7826,0.1689,0.0485,11.5000
h4_move,pips,20.0000,40,eurusd+gbpusd+usdjpy,5088,0.3890,-2.3899,-47.2535,0.2351,0.1679,0.3325,-0.1093,0.1886,16.4716,1.2886,0.1222,0.4176,0.8141,0.1497,0.0363,11.2500
h4_move,pips,20.0000,40,eurusd+audusd+nzdusd,4255,0.4176,-3.9592,-47.6940,0.1989,0.1718,0.4273,-0.1149,0.1782,13.7749,1.2722,0.1817,0.2698,0.7479,0.1913,0.0608,12.2667
h4_move,pips,20.0000,40,eurusd+audusd+usdjpy,4545,0.4059,-2.5678,-47.4820,0.2160,0.1580,0.3078,-0.1102,0.1828,14.7137,1.3862,0.1567,0.3408,0.8295,0.1379,0.0326,12.2500
h4_move,pips,20.0000,40,eurusd+nzdusd+usdjpy,4466,0.3986,-3.3493,-47.4414,0.2324,0.2061,0.3101,-0.1136,0.1838,14.4580,1.3586,0.1617,0.3330,0.8274,0.1427,0.0299,12.2500
h4_move,pips,20.0000,40,gbpusd+audusd+nzdusd,4631,0.4055,-3.7178,-47.8024,0.2010,0.2072,0.4286,-0.1154,0.1784,14.9921,1.1704,0.1544,0.3358,0.7500,0.1829,0.0671,12.2500
h4_move,pips,20.0000,40,gbpusd+audusd+usdjpy,4921,0.3954,-2.4470,-47.6023,0.2431,0.1970,0.3343,-0.1125,0.1825,15.9310,1.2655,0.1329,0.3975,0.8119,0.1549,0.0333,12.2500
h4_move,pips,20.0000,40,gbpusd+nzdusd+usdjpy,4842,0.3885,-3.1658,-47.5692,0.2535,0.2244,0.3166,-0.1149,0.1835,15.6752,1.2399,0.1371,0.3912,0.8242,0.1444,0.0314,12.2500
h4_move,pips,20.0000,40,audusd+nzdusd+usdjpy,4299,0.4064,-3.4519,-47.8647,0.2383,0.2142,0.4099,-0.1146,0.1766,13.9173,1.3313,0.1754,0.3066,0.7580,0.1933,0.0486,13.2500
h4_move,pips,30.0000,25,eurusd+gbpusd+audusd,3169,0.3275,-2.8407,-47.6028,0.1212,0.1098,0.3433,-0.1112,0.1797,10.2591,1.5971,0.0855,0.5910,0.8057,0.1546,0.0397,6.1833
h4_move,pips,30.0000,25,eurusd+gbpusd+nzdusd,3056,0.3298,-3.0654,-47.7001,0.1295,0.1466,0.3308,-0.1103,0.1767,9.8933,1.5529,0.0900,0.5903,0.8119,0.1558,0.0323,6.2750
h4_move,pips,30.0000,25,eurusd+gbpusd+usdjpy,3590,0.3086,-2.3041,-47.4713,0.2578,0.2890,0.2685,-0.1052,0.1828,11.6221,1.7785,0.0802,0.6256,0.8512,0.1289,0.0199,5.3417
h4_move,pips,30.0000,25,eurusd+audusd+nzdusd,2276,0.3576,-3.6974,-48.0393,0.0971,-0.2687,0.3967,-0.1132,0.1689,7.3682,1.7909,0.1265,0.5171,0.7714,0.1662,0.0624,8.2500
h4_move,pips,30.0000,25,eurusd+audusd+usdjpy,2810,0.3253,-2.6046,-47.6582,0.1912,-0.1133,0.2534,-0.1087,0.1782,9.0969,2.1008,0.1071,0.5762,0.8603,0.1212,0.0185,7.3667
h4_move,pips,30.0000,25,eurusd+nzdusd+usdjpy,2697,0.3278,-2.8494,-47.7756,0.2174,-0.0785,0.2347,-0.1080,0.1747,8.7311,2.0494,0.1131,0.5747,0.8730,0.1083,0.0187,7.5167
h4_move,pips,30.0000,25,gbpusd+audusd+nzdusd,2806,0.3225,-4.1620,-48.0737,0.0693,0.0324,0.3478,-0.1108,0.1717,9.0840,1.4808,0.0887,0.5880,0.8082,0.1408,0.0509,6.7250
h4_move,pips,30.0000,25,gbpusd+audusd+usdjpy,3340,0.3009,-3.1684,-47.7605,0.2089,0.1716,0.2425,-0.1078,0.1790,10.8127,1.7037,0.0784,0.6263,0.8702,0.1095,0.0203,5.5917
h4_move,pips,30.0000,25,gbpusd+nzdusd+usdjpy,3227,0.3021,-3.3926,-47.8586,0.2281,0.1841,0.2148,-0.1072,0.1762,10.4469,1.6583,0.0824,0.6269,0.8874,0.0930,0.0196,5.6333
h4_move,pips,30.0000,25,audusd+nzdusd+usdjpy,2447,0.3192,-4.0848,-48.2256,0.1725,-0.1246,0.3277,-0.1099,0.1687,7.9218,1.9504,0.1140,0.5705,0.8176,0.1419,0.0405,8.2500
h4_move,pips,30.0000,30,eurusd+gbpusd+audusd,3169,0.3616,-2.8780,-47.7470,0.1212,0.0650,0.3433,-0.1121,0.1774,10.2591,1.5971,0.1013,0.5147,0.8057,0.1546,0.0397,8.2500
h4_move,pips,30.0000,30,eurusd+gbpusd+nzdusd,3056,0.3642,-2.9647,-47.8744,0.1295,0.0738,0.3308,-0.1113,0.1738,9.8933,1.5529,0.1096,0.5088,0.8119,0.1558,0.0323,8.2500
h4_move,pips,30.0000,30,eurusd+gbpusd+usdjpy,3590,0.3451,-2.2209,-47.5969,0.2578,0.2163,0.2685,-0.1061,0.1808,11.6221,1.7785,0.0969,0.5529,0.8512,0.1289,0.0199,8.0917
h4_move,pips,30.0000,30,eurusd+audusd+nzdusd,2276,0.3871,-4.0490,-48.0443,0.0971,-0.1777,0.3967,-0.1134,0.1690,7.3682,1.7909,0.1459,0.4332,0.7714,0.1662,0.0624,9.2500
h4_move,pips,30.0000,30,eurusd+audusd+usdjpy,2810,0.3584,-2.8926,-47.6411,0.1912,-0.0747,0.2534,-0.1093,0.1789,9.0969,2.1008,0.1228,0.5039,0.8603,0.1212,0.0185,8.2667
h4_move,pips,30.0000,30,eurusd+nzdusd+usdjpy,2697,0.3611,-2.9914,-47.7808,0.2174,-0.0602,0.2347,-0.1085,0.1749,8.7311,2.0494,0.1331,0.4968,0.8730,0.1083,0.0187,8.3000
h4_move,pips,30.0000,30,gbpusd+audusd+nzdusd,2806,0.3521,-4.3994,-48.2372,0.0693,-0.0077,0.3478,-0.1123,0.1690,9.0840,1.4808,0.1044,0.5125,0.8082,0.1408,0.0509,8.2500
h4_move,pips,30.0000,30,gbpusd+audusd+usdjpy,3340,0.3335,-3.3705,-47.8736,0.2089,0.1196,0.2425,-0.1099,0.1773,10.8127,1.7037,0.0916,0.5593,0.8702,0.1095,0.0203,8.2500
h4_move,pips,30.0000,30,gbpusd+nzdusd+usdjpy,3227,0.3350,-3.4698,-47.9976,0.2281,0.1131,0.2148,-0.1091,0.1739,10.4469,1.6583,0.0992,0.5553,0.8874,0.0930,0.0196,8.2500
h4_move,pips,30.0000,30,audusd+nzdusd+usdjpy,2447,0.3470,-4.6393,-48.1938,0.1725,-0.0965,0.3277,-0.1116,0.1695,7.9218,1.9504,0.1295,0.4998,0.8176,0.1419,0.0405,9.0000
h4_move,pips,30.0000,40,eurusd+gbpusd+audusd,3168,0.4044,-3.3213,-47.6380,0.1212,0.0265,0.3434,-0.1130,0.1797,10.2559,1.5971,0.1256,0.3889,0.8056,0.1547,0.0397,10.2500
h4_move,pips,30.0000,40,eurusd+gbpusd+nzdusd,3055,0.4049,-3.2199,-47.6179,0.1295,-0.0004,0.3309,-0.1113,0.1785,9.8901,1.5529,0.1345,0.3791,0.8118,0.1558,0.0324,10.2500
h4_move,pips,30.0000,40,eurusd+gbpusd+usdjpy,3589,0.3898,-2.5445,-47.4588,0.2578,0.0552,0.2686,-0.1086,0.1833,11.6188,1.7785,0.1215,0.4338,0.8512,0.1289,0.0199,9.2500
h4_move,pips,30.0000,40,eurusd+audusd+nzdusd,2275,0.4193,-4.2802,-47.7862,0.0971,-0.1507,0.3969,-0.1118,0.1737,7.3650,1.7909,0.1701,0.2949,0.7713,0.1663,0.0624,11.2500
h4_move,pips,30.0000,40,eurusd+audusd+usdjpy,2809,0.3973,-3.2156,-47.5403,0.1912,-0.1240,0.2535,-0.1109,0.1807,9.0937,2.1008,0.1467,0.3809,0.8602,0.1212,0.0186,10.2500
h4_move,pips,30.0000,40,eurusd+nzdusd+usdjpy,2696,0.3976,-3.0963,-47.5125,0.2174,-0.1315,0.2348,-0.1086,0.1794,8.7279,2.0494,0.1576,0.3694,0.8729,0.1084,0.0187,10.2500
h4_move,pips,30.0000,40,gbpusd+audusd+nzdusd,2806,0.3909,-4.9673,-48.0807,0.0693,-0.0481,0.3478,-0.1121,0.1718,9.0840,1.4808,0.1254,0.3867,0.8082,0.1408,0.0509,10.2667
h4_move,pips,30.0000,40,gbpusd+audusd+usdjpy,3340,0.3769,-3.9621,-47.8289,0.2089,-0.0015,0.2425,-0.1122,0.1780,10.8127,1.7037,0.1129,0.4443,0.8702,0.1095,0.0203,9.9917
h4_move,pips,30.0000,40,gbpusd+nzdusd+usdjpy,3227,0.3765,-3.8886,-47.8133,0.2281,-0.0249,0.2148,-0.1105,0.1768,10.4469,1.6583,0.1209,0.4369,0.8874,0.0930,0.0196,10.0000
h4_move,pips,30.0000,40,audusd+nzdusd+usdjpy,2447,0.3809,-5.0874,-48.0385,0.1725,-0.1470,0.3277,-0.1122,0.1718,7.9218,1.9504,0.1496,0.3772,0.8176,0.1419,0.0405,11.2500
h4_move,pips,40.0000,25,eurusd+gbpusd+audusd,1923,0.3162,-2.9690,-47.5699,0.1290,0.0416,0.3099,-0.1061,0.1800,6.2254,2.0645,0.0822,0.6126,0.8264,0.1462,0.0275,5.1167
h4_move,pips,40.0000,25,eurusd+gbpusd+nzdusd,1813,0.3238,-2.4617,-47.4647,0.1548,0.0004,0.2934,-0.1026,0.1815,5.8693,1.9667,0.0822,0.6111,0.8376,0.1375,0.0249,5.0000
h4_move,pips,40.0000,25,eurusd+gbpusd+usdjpy,2376,0.2992,-2.3876,-47.3221,0.2746,0.1295,0.2378,-0.1032,0.1844,7.6919,2.6012,0.0661,0.6490,0.8711,0.1106,0.0183,4.0083
h4_move,pips,40.0000,25,eurusd+audusd+nzdusd,1145,0.3406,-3.9335,-47.7335,0.0005,-0.2756,0.3668,-0.1027,0.1753,3.7068,2.4569,0.1127,0.5563,0.7932,0.1540,0.0528,7.8333
h4_move,pips,40.0000,25,eurusd+audusd+usdjpy,1708,0.3009,-3.3452,-47.4419,0.1765,-0.1687,0.2237,-0.1034,0.1813,5.5294,3.5385,0.0802,0.6270,0.8805,0.0988,0.0207,5.2417
h4_move,pips,40.0000,25,eurusd+nzdusd+usdjpy,1598,0.3085,-2.7956,-47.3136,0.2069,-0.2053,0.2009,-0.0995,0.1831,5.1733,3.4490,0.0801,0.6264,0.8945,0.0872,0.0183,5.0917
h4_move,pips,40.0000,25,gbpusd+audusd+nzdusd,1614,0.3172,-3.4626,-47.9799,0.0611,-0.1398,0.2875,-0.1061,0.1747,5.2251,1.8034,0.0830,0.6090,0.8467,0.1172,0.0361,5.3417
h4_move,pips,40.0000,25,gbpusd+audusd+usdjpy,2177,0.2921,-3.1228,-47.6840,0.2220,-0.0261,0.1911,-0.1066,0.1796,7.0477,2.4337,0.0652,0.6509,0.8995,0.0846,0.0159,4.0833
h4_move,pips,40.0000,25,gbpusd+nzdusd+usdjpy,2067,0.2975,-2.6861,-47.5991,0.2519,-0.0559,0.1664,-0.1031,0.1809,6.6916,2.3375,0.0643,0.6517,0.9144,0.0723,0.0133,4.0000
h4_move,pips,40.0000,25,audusd+nzdusd+usdjpy,1399,0.2988,-3.9978,-47.8909,0.1506,-0.2606,0.2731,-0.1035,0.1754,4.5290,3.1771,0.0808,0.6262,0.8526,0.1163,0.0312,5.6000
h4_move,pips,40.0000,30,eurusd+gbpusd+audusd,1923,0.3505,-3.2964,-47.6387,0.1290,0.0153,0.3099,-0.1083,0.1790,6.2254,2.0645,0.0983,0.5346,0.8264,0.1462,0.0275,8.2500
h4_move,pips,40.0000,30,eurusd+gbpusd+nzdusd,1813,0.3602,-2.5938,-47.5403,0.1548,-0.0426,0.2934,-0.1016,0.1805,5.8693,1.9667,0.0993,0.5323,0.8376,0.1375,0.0249,8.2500
h4_move,pips,40.0000,30,eurusd+gbpusd+usdjpy,2376,0.3354,-2.6581,-47.3482,0.2746,0.0278,0.2378,-0.1058,0.1843,7.6919,2.6012,0.0808,0.5787,0.8711,0.1106,0.0183,6.7000
h4_move,pips,40.0000,30,eurusd+audusd+nzdusd,1145,0.3729,-4.4963,-47.8027,0.0005,-0.2710,0.3668,-0.1031,0.1745,3.7068,2.4569,0.1310,0.4707,0.7932,0.1540,0.0528,8.2500
h4_move,pips,40.0000,30,eurusd+audusd+usdjpy,1708,0.3343,-3.9586,-47.4477,0.1765,-0.2152,0.2237,-0.1062,0.1817,5.5294,3.5385,0.0948,0.5556,0.8805,0.0988,0.0207,8.0000
h4_move,pips,40.0000,30,eurusd+nzdusd+usdjpy,1598,0.3442,-3.2070,-47.3229,0.2069,-0.2579,0.2009,-0.1016,0.1835,5.1733,3.4490,0.0957,0.5544,0.8945,0.0872,0.0183,8.2167
h4_move,pips,40.0000,30,gbpusd+audusd+nzdusd,1614,0.3463,-3.9339,-48.1896,0.0611,-0.1259,0.2875,-0.1064,0.1712,5.2251,1.8034,0.0985,0.5335,0.8467,0.1172,0.0361,8.2500
h4_move,pips,40.0000,30,gbpusd+audusd+usdjpy,2177,0.3229,-3.6575,-47.8000,0.2220,-0.0754,0.1911,-0.1082,0.1778,7.0477,2.4337,0.0785,0.5838,0.8995,0.0846,0.0159,6.6833
h4_move,pips,40.0000,30,gbpusd+nzdusd+usdjpy,2067,0.3299,-3.0604,-47.7214,0.2519,-0.1147,0.1664,-0.1040,0.1790,6.6916,2.3375,0.0784,0.5844,0.9144,0.0723,0.0133,6.5500
h4_move,pips,40.0000,30,audusd+nzdusd+usdjpy,1399,0.3259,-4.8403,-48.0403,0.1506,-0.2708,0.2731,-0.1053,0.1733,4.5290,3.1771,0.0944,0.5590,0.8526,0.1163,0.0312,8.2500
h4_move,pips,40.0000,40,eurusd+gbpusd+audusd,1923,0.3937,-3.6642,-47.6115,0.1290,0.1035,0.3099,-0.1085,0.1800,6.2254,2.0645,0.1232,0.4087,0.8264,0.1462,0.0275,9.2500
h4_move,pips,40.0000,40,eurusd+gbpusd+nzdusd,1813,0.4076,-2.6681,-47.5074,0.1548,0.0444,0.2934,-0.1020,0.1815,5.8693,1.9667,0.1252,0.4021,0.8376,0.1375,0.0249,9.2500
h4_move,pips,40.0000,40,eurusd+gbpusd+usdjpy,2376,0.3805,-3.0621,-47.2770,0.2746,-0.0185,0.2378,-0.1080,0.1860,7.6919,2.6012,0.1035,0.4604,0.8711,0.1106,0.0183,9.0083
h4_move,pips,40.0000,40,eurusd+audusd+nzdusd,1145,0.4105,-4.5059,-47.6794,0.0005,-0.1907,0.3668,-0.1021,0.1773,3.7068,2.4569,0.1546,0.3328,0.7932,0.1540,0.0528,10.2500
h4_move,pips,40.0000,40,eurusd+audusd+usdjpy,1708,0.3718,-4.4482,-47.3110,0.1765,-0.2100,0.2237,-0.1067,0.1849,5.5294,3.5385,0.1148,0.4368,0.8805,0.0988,0.0207,9.2500
h4_move,pips,40.0000,40,eurusd+nzdusd+usdjpy,1598,0.3861,-3.3720,-47.1677,0.2069,-0.2578,0.2009,-0.1022,0.1869,5.1733,3.4490,0.1164,0.4312,0.8945,0.0872,0.0183,9.2500
h4_move,pips,40.0000,40,gbpusd+audusd+nzdusd,1614,0.3916,-4.3489,-48.0936,0.0611,-0.0460,0.2875,-0.1074,0.1723,5.2251,1.8034,0.1233,0.4108,0.8467,0.1172,0.0361,9.2500
h4_move,pips,40.0000,40,gbpusd+audusd+usdjpy,2177,0.3661,-4.3443,-47.6747,0.2220,-0.0930,0.1911,-0.1100,0.1796,7.0477,2.4337,0.1001,0.4722,0.8995,0.0846,0.0159,9.0000
h4_move,pips,40.0000,40,gbpusd+nzdusd+usdjpy,2067,0.3769,-3.5067,-47.5844,0.2519,-0.1345,0.1664,-0.1065,0.1808,6.6916,2.3375,0.1006,0.4698,0.9144,0.0723,0.0133,9.0000
h4_move,pips,40.0000,40,audusd+nzdusd+usdjpy,1399,0.3645,-5.4113,-47.7778,0.1506,-0.2746,0.2731,-0.1073,0.1771,4.5290,3.1771,0.1129,0.4453,0.8526,0.1163,0.0312,9.2500
h4_move,pips,60.0000,25,eurusd+gbpusd+audusd,698,0.2665,-5.6763,-46.9726,-0.1357,-0.3026,0.1891,-0.1138,0.1923,2.2597,4.4865,0.0602,0.6877,0.8989,0.0819,0.0193,2.7583
h4_move,pips,60.0000,25,eurusd+gbpusd+nzdusd,669,0.2720,-4.8178,-47.1094,-0.1486,-0.2998,0.1689,-0.1157,0.1880,2.1658,3.8780,0.0568,0.6831,0.9091,0.0760,0.0149,2.6667
h4_move,pips,60.0000,25,eurusd+gbpusd+usdjpy,1004,0.2629,-3.4096,-46.7260,0.3580,-0.2460,0.1723,-0.1151,0.1931,3.2503,5.6250,0.0528,0.6962,0.9115,0.0664,0.0221,2.5917
h4_move,pips,60.0000,25,eurusd+audusd+nzdusd,302,0.2947,-5.2736,-48.8090,-0.1017,-0.2030,0.2483,-0.0870,0.1613,0.9777,7.6667,0.0464,0.6424,0.8731,0.0923,0.0346,4.1000
h4_move,pips,60.0000,25,eurusd+audusd+usdjpy,637,0.2684,-2.8144,-47.2430,0.2542,-0.1914,0.1601,-0.1106,0.1834,2.0622,14.3636,0.0455,0.6845,0.9171,0.0656,0.0173,3.0667
h4_move,pips,60.0000,25,eurusd+nzdusd+usdjpy,608,0.2747,-1.7333,-47.4279,0.2501,-0.1386,0.1382,-0.0983,0.1783,1.9683,10.0667,0.0411,0.6793,0.9321,0.0500,0.0179,3.0333
h4_move,pips,60.0000,25,gbpusd+audusd+nzdusd,590,0.2627,-5.5048,-47.5300,-0.1627,-0.2985,0.1559,-0.1116,0.1825,1.9100,3.4615,0.0644,0.6915,0.9239,0.0575,0.0186,2.8000
h4_move,pips,60.0000,25,gbpusd+audusd+usdjpy,925,0.2562,-3.7275,-46.9442,0.3685,-0.2714,0.1384,-0.1137,0.1901,2.9945,5.2895,0.0573,0.7027,0.9286,0.0597,0.0117,2.6667
h4_move,pips,60.0000,25,gbpusd+nzdusd+usdjpy,896,0.2600,-3.0235,-47.0506,0.3570,-0.2451,0.1217,-0.1130,0.1868,2.9007,4.6190,0.0547,0.6998,0.9390,0.0502,0.0108,2.5917
h4_move,pips,60.0000,25,audusd+nzdusd+usdjpy,529,0.2647,-2.0388,-47.9651,0.2609,-0.1511,0.1474,-0.0700,0.1707,1.7126,9.7692,0.0473,0.6881,0.9277,0.0517,0.0207,3.3000
h4_move,pips,60.0000,30,eurusd+gbpusd+audusd,698,0.3052,-5.1908,-47.1589,-0.1357,-0.2649,0.1891,-0.1140,0.1894,2.2597,4.4865,0.0831,0.6103,0.8989,0.0819,0.0193,4.0750
h4_move,pips,60.0000,30,eurusd+gbpusd+nzdusd,669,0.3109,-4.4616,-47.2230,-0.1486,-0.2846,0.1689,-0.1156,0.1865,2.1658,3.8780,0.0822,0.6069,0.9091,0.0760,0.0149,4.0500
h4_move,pips,60.0000,30,eurusd+gbpusd+usdjpy,1004,0.2978,-3.2320,-46.8520,0.3580,-0.2710,0.1723,-0.1151,0.1911,3.2503,5.6250,0.0717,0.6315,0.9115,0.0664,0.0221,3.9333
h4_move,pips,60.0000,30,eurusd+audusd+nzdusd,302,0.3212,-5.6765,-49.0368,-0.1017,-0.0369,0.2483,-0.0938,0.1580,0.9777,7.6667,0.0662,0.5662,0.8731,0.0923,0.0346,6.3583
h4_move,pips,60.0000,30,eurusd+audusd+usdjpy,637,0.2951,-3.0997,-47.4323,0.2542,-0.1371,0.1601,-0.1142,0.1802,2.0622,14.3636,0.0581,0.6264,0.9171,0.0656,0.0173,4.2167
h4_move,pips,60.0000,30,eurusd+nzdusd+usdjpy,608,0.3010,-2.1975,-47.5301,0.2501,-0.1011,0.1382,-0.1036,0.1766,1.9683,10.0667,0.0559,0.6234,0.9321,0.0500,0.0179,4.2333
h4_move,pips,60.0000,30,gbpusd+audusd+nzdusd,590,0.3017,-5.3277,-47.7710,-0.1627,-0.3367,0.1559,-0.1102,0.1792,1.9100,3.4615,0.0898,0.6136,0.9239,0.0575,0.0186,4.1000
h4_move,pips,60.0000,30,gbpusd+audusd+usdjpy,925,0.2908,-3.6794,-47.1476,0.3685,-0.3592,0.1384,-0.1133,0.1868,2.9945,5.2895,0.0757,0.6378,0.9286,0.0597,0.0117,3.9500
h4_move,pips,60.0000,30,gbpusd+nzdusd+usdjpy,896,0.2946,-3.0860,-47.1991,0.3570,-0.3787,0.1217,-0.1126,0.1846,2.9007,4.6190,0.0748,0.6362,0.9390,0.0502,0.0108,3.9333
h4_move,pips,60.0000,30,audusd+nzdusd+usdjpy,529,0.2892,-2.8253,-48.2122,0.2609,-0.2442,0.1474,-0.0833,0.1669,1.7126,9.7692,0.0605,0.6333,0.9277,0.0517,0.0207,4.2500
h4_move,pips,60.0000,40,eurusd+gbpusd+audusd,698,0.3582,-5.8499,-47.3977,-0.1357,-0.3214,0.1891,-0.1139,0.1845,2.2597,4.4865,0.1103,0.4914,0.8989,0.0819,0.0193,8.2500
h4_move,pips,60.0000,40,eurusd+gbpusd+nzdusd,669,0.3617,-5.6793,-47.4358,-0.1486,-0.3298,0.1689,-0.1170,0.1822,2.1658,3.8780,0.1106,0.4903,0.9091,0.0760,0.0149,8.2500
h4_move,pips,60.0000,40,eurusd+gbpusd+usdjpy,1004,0.3496,-3.8089,-46.8371,0.3580,-0.2928,0.1723,-0.1166,0.1908,3.2503,5.6250,0.0976,0.5239,0.9115,0.0664,0.0221,8.2500
h4_move,pips,60.0000,40,eurusd+audusd+nzdusd,302,0.3742,-5.8707,-48.8586,-0.1017,-0.0293,0.2483,-0.0957,0.1599,0.9777,7.6667,0.0861,0.4404,0.8731,0.0923,0.0346,8.2500
h4_move,pips,60.0000,40,eurusd+audusd+usdjpy,637,0.3485,-2.8220,-47.1114,0.2542,-0.1563,0.1601,-0.1135,0.1852,2.0622,14.3636,0.0785,0.5196,0.9171,0.0656,0.0173,8.2500
h4_move,pips,60.0000,40,eurusd+nzdusd+usdjpy,608,0.3520,-2.4898,-47.1362,0.2501,-0.1520,0.1382,-0.1151,0.1827,1.9683,10.0667,0.0773,0.5197,0.9321,0.0500,0.0179,8.2500
h4_move,pips,60.0000,40,gbpusd+audusd+nzdusd,590,0.3576,-6.2318,-47.9927,-0.1627,-0.3239,0.1559,-0.1110,0.1741,1.9100,3.4615,0.1169,0.4983,0.9239,0.0575,0.0186,8.2500
h4_move,pips,60.0000,40,gbpusd+audusd+usdjpy,925,0.3459,-4.0015,-47.1010,0.3685,-0.3458,0.1384,-0.1128,0.1864,2.9945,5.2895,0.1005,0.5319,0.9286,0.0597,0.0117,8.0000
h4_move,pips,60.0000,40,gbpusd+nzdusd+usdjpy,896,0.3482,-3.8143,-47.1215,0.3570,-0.3551,0.1217,-0.1136,0.1847,2.9007,4.6190,0.1004,0.5324,0.9390,0.0502,0.0108,7.9917
h4_move,pips,60.0000,40,audusd+nzdusd+usdjpy,529,0.3459,-2.6297,-47.6709,0.2609,-0.2401,0.1474,-0.0855,0.1737,1.7126,9.7692,0.0794,0.5331,0.9277,0.0517,0.0207,8.1167
open_dist,pct,0.1500,25,eurusd+gbpusd+audusd,5745,0.3455,-2.2066,-47.4134,0.2745,-0.0054,0.4094,-0.1084,0.1867,18.5985,1.1079,0.1070,0.5488,0.7700,0.1555,0.0745,9.2500
open_dist,pct,0.1500,25,eurusd+gbpusd+nzdusd,5737,0.3463,-2.7173,-47.3408,0.2799,-0.1009,0.4042,-0.1104,0.1883,18.5726,1.1118,0.1140,0.5433,0.7721,0.1575,0.0704,9.2500
open_dist,pct,0.1500,25,eurusd+gbpusd+usdjpy,5505,0.3281,-1.2139,-47.3320,0.2793,0.2078,0.3864,-0.0931,0.1881,17.8216,1.1634,0.0906,0.5884,0.7811,0.1626,0.0563,8.1167
open_dist,pct,0.1500,25,eurusd+audusd+nzdusd,5831,0.3754,-3.3591,-47.4373,0.2751,-0.1838,0.4961,-0.1147,0.1868,18.8769,1.0909,0.1480,0.4759,0.6966,0.2235,0.0800,11.5667
open_dist,pct,0.1500,25,eurusd+audusd+usdjpy,5599,0.3586,-1.9075,-47.4319,0.2772,0.0941,0.4140,-0.1086,0.1864,18.1259,1.1397,0.1265,0.5174,0.7588,0.1876,0.0537,10.2500
open_dist,pct,0.1500,25,eurusd+nzdusd+usdjpy,5591,0.3595,-2.4312,-47.3574,0.2855,-0.0003,0.4035,-0.1115,0.1882,18.1000,1.1440,0.1336,0.5117,0.7661,0.1819,0.0520,10.2500
open_dist,pct,0.1500,25,gbpusd+audusd+nzdusd,6000,0.3542,-3.5375,-47.5476,0.2124,-0.1132,0.4997,-0.1168,0.1846,19.4241,1.0368,0.1267,0.5195,0.6962,0.2151,0.0887,10.7833
open_dist,pct,0.1500,25,gbpusd+audusd+usdjpy,5768,0.3370,-2.1356,-47.5473,0.2247,0.1490,0.4137,-0.1132,0.1842,18.6730,1.0797,0.1049,0.5615,0.7600,0.1825,0.0576,9.2500
open_dist,pct,0.1500,25,gbpusd+nzdusd+usdjpy,5760,0.3378,-2.6443,-47.4736,0.2308,0.0602,0.4038,-0.1151,0.1859,18.6471,1.0833,0.1118,0.5561,0.7670,0.1766,0.0564,9.2500
open_dist,pct,0.1500,25,audusd+nzdusd+usdjpy,5854,0.3669,-3.2847,-47.5692,0.2292,-0.0302,0.5391,-0.1159,0.1843,18.9514,1.0634,0.1457,0.4887,0.6609,0.2430,0.0961,11.9833
open_dist,pct,0.1500,30,eurusd+gbpusd+audusd,5745,0.3760,-2.3697,-47.4938,0.2745,-0.1514,0.4094,-0.1088,0.1851,18.5985,1.1079,0.1255,0.4731,0.7700,0.1555,0.0745,11.2500
open_dist,pct,0.1500,30,eurusd+gbpusd+nzdusd,5737,0.3734,-3.1701,-47.4381,0.2799,-0.2357,0.4042,-0.1124,0.1865,18.5726,1.1118,0.1313,0.4715,0.7721,0.1575,0.0704,11.2500
open_dist,pct,0.1500,30,eurusd+gbpusd+usdjpy,5505,0.3609,-1.3759,-47.4462,0.2793,0.1334,0.3864,-0.1014,0.1860,17.8216,1.1634,0.1070,0.5215,0.7811,0.1626,0.0563,9.2500
open_dist,pct,0.1500,30,eurusd+audusd+nzdusd,5831,0.3974,-3.9549,-47.4234,0.2751,-0.2388,0.4961,-0.1153,0.1867,18.8769,1.0909,0.1677,0.3975,0.6966,0.2235,0.0800,13.2500
open_dist,pct,0.1500,30,eurusd+audusd+usdjpy,5599,0.3861,-2.2233,-47.4300,0.2772,0.0516,0.4140,-0.1094,0.1863,18.1259,1.1397,0.1454,0.4437,0.7588,0.1876,0.0537,12.2500
open_dist,pct,0.1500,30,eurusd+nzdusd+usdjpy,5591,0.3835,-3.0444,-47.3739,0.2855,-0.0386,0.4035,-0.1137,0.1878,18.1000,1.1440,0.1513,0.4420,0.7661,0.1819,0.0520,12.2500
open_dist,pct,0.1500,30,gbpusd+audusd+nzdusd,6000,0.3783,-4.0319,-47.6240,0.2124,-0.2265,0.4997,-0.1160,0.1831,19.4241,1.0368,0.1438,0.4433,0.6962,0.2151,0.0887,12.8333
open_dist,pct,0.1500,30,gbpusd+audusd+usdjpy,5768,0.3667,-2.3542,-47.6392,0.2247,0.0643,0.4137,-0.1127,0.1826,18.6730,1.0797,0.1212,0.4899,0.7600,0.1825,0.0576,11.2500
open_dist,pct,0.1500,30,gbpusd+nzdusd+usdjpy,5760,0.3641,-3.1513,-47.5828,0.2308,-0.0262,0.4038,-0.1152,0.1840,18.6471,1.0833,0.1269,0.4884,0.7670,0.1766,0.0564,11.2500
open_dist,pct,0.1500,30,audusd+nzdusd+usdjpy,5854,0.3881,-3.9333,-47.5657,0.2292,-0.0687,0.5391,-0.1161,0.1843,18.9514,1.0634,0.1633,0.4144,0.6609,0.2430,0.0961,13.2500
open_dist,pct,0.1500,40,eurusd+gbpusd+audusd,5745,0.4136,-2.6607,-47.4203,0.2745,-0.1894,0.4094,-0.1101,0.1860,18.5985,1.1079,0.1459,0.3487,0.7700,0.1555,0.0745,13.2500
open_dist,pct,0.1500,40,eurusd+gbpusd+nzdusd,5737,0.4105,-3.3640,-47.4163,0.2799,-0.2558,0.4042,-0.1146,0.1863,18.5726,1.1118,0.1527,0.3434,0.7721,0.1575,0.0704,13.2500
open_dist,pct,0.1500,40,eurusd+gbpusd+usdjpy,5505,0.4038,-1.6687,-47.3799,0.2793,0.1181,0.3864,-0.1062,0.1871,17.8216,1.1634,0.1288,0.4038,0.7811,0.1626,0.0563,12.2500
open_dist,pct,0.1500,40,eurusd+audusd+nzdusd,5831,0.4245,-4.1073,-47.3423,0.2751,-0.2956,0.4961,-0.1154,0.1874,18.8769,1.0909,0.1861,0.2646,0.6966,0.2235,0.0800,15.2500
open_dist,pct,0.1500,40,eurusd+audusd+usdjpy,5599,0.4185,-2.4713,-47.3032,0.2772,-0.0129,0.4140,-0.1102,0.1882,18.1259,1.1397,0.1640,0.3208,0.7588,0.1876,0.0537,14.2500
open_dist,pct,0.1500,40,eurusd+nzdusd+usdjpy,5591,0.4153,-3.1927,-47.2991,0.2855,-0.1029,0.4035,-0.1145,0.1884,18.1000,1.1440,0.1710,0.3153,0.7661,0.1819,0.0520,14.2500
open_dist,pct,0.1500,40,gbpusd+audusd+nzdusd,6000,0.4115,-4.1575,-47.4929,0.2124,-0.2722,0.4997,-0.1162,0.1848,19.4241,1.0368,0.1650,0.3112,0.6962,0.2151,0.0887,14.8000
open_dist,pct,0.1500,40,gbpusd+audusd+usdjpy,5768,0.4052,-2.5714,-47.4602,0.2247,0.0171,0.4137,-0.1130,0.1855,18.6730,1.0797,0.1427,0.3675,0.7600,0.1825,0.0576,13.2500
open_dist,pct,0.1500,40,gbpusd+nzdusd+usdjpy,5760,0.4021,-3.2718,-47.4562,0.2308,-0.0773,0.4038,-0.1153,0.1858,18.6471,1.0833,0.1495,0.3623,0.7670,0.1766,0.0564,13.3667
open_dist,pct,0.1500,40,audusd+nzdusd+usdjpy,5854,0.4161,-4.0137,-47.3818,0.2292,-0.1566,0.5391,-0.1159,0.1868,18.9514,1.0634,0.1828,0.2836,0.6609,0.2430,0.0961,15.2500
open_dist,pct,0.2000,25,eurusd+gbpusd+audusd,5045,0.3463,-2.3286,-47.4850,0.2610,-0.1726,0.3578,-0.1138,0.1856,16.3324,1.2411,0.1070,0.5457,0.8011,0.1481,0.0508,8.7333
open_dist,pct,0.2000,25,eurusd+gbpusd+nzdusd,5064,0.3509,-2.6605,-47.4059,0.2642,-0.2217,0.3545,-0.1157,0.1878,16.3939,1.2169,0.1149,0.5391,0.8018,0.1525,0.0457,8.9167
open_dist,pct,0.2000,25,eurusd+gbpusd+usdjpy,4700,0.3245,-1.5682,-47.3148,0.2294,-0.0101,0.3332,-0.1080,0.1893,15.2155,1.3347,0.0849,0.5974,0.8135,0.1487,0.0378,7.0000
open_dist,pct,0.2000,25,eurusd+audusd+nzdusd,5240,0.3733,-3.4585,-47.4470,0.3098,-0.3275,0.4363,-0.1167,0.1857,16.9637,1.1856,0.1506,0.4725,0.7403,0.2047,0.0549,11.2500
open_dist,pct,0.2000,25,eurusd+audusd+usdjpy,4876,0.3495,-2.4653,-47.3605,0.2714,-0.2039,0.3288,-0.1117,0.1869,15.7853,1.2925,0.1243,0.5238,0.8160,0.1506,0.0335,9.2500
open_dist,pct,0.2000,25,eurusd+nzdusd+usdjpy,4895,0.3542,-2.8081,-47.2801,0.2813,-0.2484,0.3183,-0.1141,0.1892,15.8468,1.2663,0.1324,0.5171,0.8228,0.1448,0.0324,9.2500
open_dist,pct,0.2000,25,gbpusd+audusd+nzdusd,5486,0.3595,-3.1611,-47.6050,0.2662,-0.2430,0.4409,-0.1166,0.1837,17.7601,1.1033,0.1301,0.5075,0.7381,0.2021,0.0597,10.2500
open_dist,pct,0.2000,25,gbpusd+audusd+usdjpy,5122,0.3358,-2.1945,-47.5333,0.2437,-0.1124,0.3272,-0.1132,0.1848,16.5817,1.1926,0.1037,0.5588,0.8178,0.1463,0.0359,8.5250
open_dist,pct,0.2000,25,gbpusd+nzdusd+usdjpy,5141,0.3404,-2.5219,-47.4543,0.2463,-0.1504,0.3316,-0.1139,0.1869,16.6432,1.1696,0.1115,0.5522,0.8140,0.1523,0.0337,8.6667
open_dist,pct,0.2000,25,audusd+nzdusd+usdjpy,5317,0.3628,-3.3129,-47.4947,0.2992,-0.2857,0.4536,-0.1160,0.1848,17.2130,1.1412,0.1467,0.4862,0.7292,0.2047,0.0661,11.2000
open_dist,pct,0.2000,30,eurusd+gbpusd+audusd,5045,0.3774,-2.3661,-47.6264,0.2610,-0.2818,0.3578,-0.1126,0.1832,16.3324,1.2411,0.1261,0.4656,0.8011,0.1481,0.0508,10.3167
open_dist,pct,0.2000,30,eurusd+gbpusd+nzdusd,5064,0.3782,-3.0374,-47.5597,0.2642,-0.3116,0.3545,-0.1162,0.1854,16.3939,1.2169,0.1321,0.4625,0.8018,0.1525,0.0457,10.3417
open_dist,pct,0.2000,30,eurusd+gbpusd+usdjpy,4700,0.3591,-1.5756,-47.4847,0.2294,-0.0544,0.3332,-0.1075,0.1866,15.2155,1.3347,0.1019,0.5249,0.8135,0.1487,0.0378,8.5250
open_dist,pct,0.2000,30,eurusd+audusd+nzdusd,5240,0.3952,-4.0582,-47.5145,0.3098,-0.3767,0.4363,-0.1168,0.1844,16.9637,1.1856,0.1689,0.3952,0.7403,0.2047,0.0549,12.4583
open_dist,pct,0.2000,30,eurusd+audusd+usdjpy,4876,0.3782,-2.7254,-47.4384,0.2714,-0.2245,0.3288,-0.1117,0.1855,15.7853,1.2925,0.1425,0.4504,0.8160,0.1506,0.0335,11.2500
open_dist,pct,0.2000,30,eurusd+nzdusd+usdjpy,4895,0.3790,-3.4185,-47.3723,0.2813,-0.2672,0.3183,-0.1153,0.1877,15.8468,1.2663,0.1487,0.4472,0.8228,0.1448,0.0324,11.2500
open_dist,pct,0.2000,30,gbpusd+audusd+nzdusd,5486,0.3832,-3.6211,-47.7054,0.2662,-0.3464,0.4409,-0.1157,0.1819,17.7601,1.1033,0.1460,0.4309,0.7381,0.2021,0.0597,12.2500
open_dist,pct,0.2000,30,gbpusd+audusd+usdjpy,5122,0.3661,-2.3212,-47.6452,0.2437,-0.2125,0.3272,-0.1122,0.1828,16.5817,1.1926,0.1193,0.4859,0.8178,0.1463,0.0359,10.2500
open_dist,pct,0.2000,30,gbpusd+nzdusd+usdjpy,5141,0.3669,-2.9827,-47.5798,0.2463,-0.2559,0.3316,-0.1143,0.1849,16.6432,1.1696,0.1253,0.4828,0.8140,0.1523,0.0337,10.2500
open_dist,pct,0.2000,30,audusd+nzdusd+usdjpy,5317,0.3841,-3.9905,-47.5357,0.2992,-0.3317,0.4536,-0.1157,0.1840,17.2130,1.1412,0.1617,0.4158,0.7292,0.2047,0.0661,13.0000
open_dist,pct,0.2000,40,eurusd+gbpusd+audusd,5045,0.4135,-2.6474,-47.4872,0.2610,-0.3652,0.3578,-0.1136,0.1854,16.3324,1.2411,0.1475,0.3421,0.8011,0.1481,0.0508,12.3333
open_dist,pct,0.2000,40,eurusd+gbpusd+nzdusd,5064,0.4135,-3.2074,-47.4982,0.2642,-0.3699,0.3545,-0.1166,0.1856,16.3939,1.2169,0.1536,0.3347,0.8018,0.1525,0.0457,12.8167
open_dist,pct,0.2000,40,eurusd+gbpusd+usdjpy,4700,0.4009,-1.8969,-47.3870,0.2294,-0.1587,0.3332,-0.1092,0.1879,15.2155,1.3347,0.1243,0.4085,0.8135,0.1487,0.0378,11.2500
open_dist,pct,0.2000,40,eurusd+audusd+nzdusd,5240,0.4206,-4.1958,-47.4184,0.3098,-0.4210,0.4363,-0.1169,0.1856,16.9637,1.1856,0.1889,0.2582,0.7403,0.2047,0.0549,14.2500
open_dist,pct,0.2000,40,eurusd+audusd+usdjpy,4876,0.4089,-3.0064,-47.3049,0.2714,-0.3280,0.3288,-0.1125,0.1879,15.7853,1.2925,0.1632,0.3236,0.8160,0.1506,0.0335,13.2500
open_dist,pct,0.2000,40,eurusd+nzdusd+usdjpy,4895,0.4090,-3.5843,-47.3167,0.2813,-0.3318,0.3183,-0.1154,0.1880,15.8468,1.2663,0.1696,0.3160,0.8228,0.1448,0.0324,13.2500
open_dist,pct,0.2000,40,gbpusd+audusd+nzdusd,5486,0.4140,-3.7673,-47.5273,0.2662,-0.3896,0.4409,-0.1161,0.1846,17.7601,1.1033,0.1672,0.3011,0.7381,0.2021,0.0597,14.2500
open_dist,pct,0.2000,40,gbpusd+audusd+usdjpy,5122,0.4024,-2.6046,-47.4262,0.2437,-0.2996,0.3272,-0.1129,0.1866,16.5817,1.1926,0.1412,0.3665,0.8178,0.1463,0.0359,13.2500
open_dist,pct,0.2000,40,gbpusd+nzdusd+usdjpy,5141,0.4025,-3.1564,-47.4374,0.2463,-0.3156,0.3316,-0.1142,0.1868,16.6432,1.1696,0.1472,0.3591,0.8140,0.1523,0.0337,13.2500
open_dist,pct,0.2000,40,audusd+nzdusd+usdjpy,5317,0.4098,-4.1322,-47.3611,0.2992,-0.3860,0.4536,-0.1157,0.1868,17.2130,1.1412,0.1822,0.2829,0.7292,0.2047,0.0661,14.7667
open_dist,pct,0.3000,25,eurusd+gbpusd+audusd,3663,0.3486,-2.4985,-47.5299,0.2630,-0.2605,0.2962,-0.1080,0.1837,11.8584,1.5262,0.1226,0.5351,0.8403,0.1255,0.0342,8.2500
open_dist,pct,0.3000,25,eurusd+gbpusd+nzdusd,3694,0.3500,-3.1419,-47.4436,0.2933,-0.3118,0.2810,-0.1128,0.1858,11.9587,1.5344,0.1218,0.5303,0.8479,0.1214,0.0307,8.2500
open_dist,pct,0.3000,25,eurusd+gbpusd+usdjpy,3251,0.3233,-1.8664,-47.2370,0.2715,-0.2099,0.2602,-0.1106,0.1894,10.5246,1.8850,0.0898,0.5986,0.8598,0.1177,0.0225,6.0000
open_dist,pct,0.3000,25,eurusd+audusd+nzdusd,3998,0.3712,-3.6387,-47.6501,0.2659,-0.3883,0.3777,-0.1112,0.1805,12.9429,1.3826,0.1606,0.4637,0.7788,0.1844,0.0368,10.2500
open_dist,pct,0.3000,25,eurusd+audusd+usdjpy,3555,0.3494,-2.5341,-47.4767,0.2465,-0.3659,0.2599,-0.1097,0.1832,11.5088,1.6264,0.1361,0.5179,0.8566,0.1254,0.0180,8.5000
open_dist,pct,0.3000,25,eurusd+nzdusd+usdjpy,3586,0.3508,-3.1965,-47.3921,0.2833,-0.4002,0.2429,-0.1139,0.1854,11.6091,1.6364,0.1352,0.5131,0.8676,0.1154,0.0170,8.7000
open_dist,pct,0.3000,25,gbpusd+audusd+nzdusd,4254,0.3615,-3.1338,-47.6061,0.2550,-0.2936,0.3653,-0.1106,0.1820,13.7717,1.2780,0.1420,0.4962,0.7892,0.1760,0.0348,9.3167
open_dist,pct,0.3000,25,gbpusd+audusd+usdjpy,3811,0.3401,-2.0448,-47.4424,0.2525,-0.2227,0.2388,-0.1088,0.1847,12.3375,1.4757,0.1170,0.5505,0.8697,0.1138,0.0166,8.2500
open_dist,pct,0.3000,25,gbpusd+nzdusd+usdjpy,3842,0.3415,-2.6670,-47.3636,0.2866,-0.2866,0.2298,-0.1142,0.1868,12.4379,1.4832,0.1163,0.5458,0.8741,0.1110,0.0148,8.2500
open_dist,pct,0.3000,25,audusd+nzdusd+usdjpy,4146,0.3625,-3.1809,-47.5662,0.2596,-0.3881,0.3719,-0.1118,0.1816,13.4220,1.3421,0.1541,0.4805,0.7820,0.1858,0.0323,10.2333
open_dist,pct,0.3000,30,eurusd+gbpusd+audusd,3663,0.3825,-2.2753,-47.6025,0.2630,-0.3127,0.2962,-0.1050,0.1821,11.8584,1.5262,0.1381,0.4548,0.8403,0.1255,0.0342,9.4167
open_dist,pct,0.3000,30,eurusd+gbpusd+nzdusd,3694,0.3809,-3.1377,-47.5512,0.2933,-0.3530,0.2810,-0.1137,0.1837,11.9587,1.5344,0.1394,0.4513,0.8479,0.1214,0.0307,10.0000
open_dist,pct,0.3000,30,eurusd+gbpusd+usdjpy,3251,0.3624,-1.5562,-47.3411,0.2715,-0.1827,0.2602,-0.1074,0.1875,10.5246,1.8850,0.1046,0.5266,0.8598,0.1177,0.0225,8.2500
open_dist,pct,0.3000,30,eurusd+audusd+nzdusd,3998,0.3962,-3.9415,-47.6389,0.2659,-0.3825,0.3777,-0.1112,0.1804,12.9429,1.3826,0.1788,0.3827,0.7788,0.1844,0.0368,11.2500
open_dist,pct,0.3000,30,eurusd+audusd+usdjpy,3555,0.3812,-2.5954,-47.4509,0.2465,-0.3201,0.2599,-0.1069,0.1834,11.5088,1.6264,0.1519,0.4430,0.8566,0.1254,0.0180,10.2500
open_dist,pct,0.3000,30,eurusd+nzdusd+usdjpy,3586,0.3795,-3.4810,-47.4037,0.2833,-0.3939,0.2429,-0.1135,0.1851,11.6091,1.6364,0.1531,0.4395,0.8676,0.1154,0.0170,10.2500
open_dist,pct,0.3000,30,gbpusd+audusd+nzdusd,4254,0.3850,-3.5565,-47.6830,0.2550,-0.4580,0.3653,-0.1116,0.1807,13.7717,1.2780,0.1582,0.4210,0.7892,0.1760,0.0348,11.2500
open_dist,pct,0.3000,30,gbpusd+audusd+usdjpy,3811,0.3697,-2.2561,-47.5134,0.2525,-0.4253,0.2388,-0.1073,0.1836,12.3375,1.4757,0.1307,0.4818,0.8697,0.1138,0.0166,9.2500
open_dist,pct,0.3000,30,gbpusd+nzdusd+usdjpy,3842,0.3683,-3.0854,-47.4698,0.2866,-0.4638,0.2298,-0.1145,0.1851,12.4379,1.4832,0.1320,0.4781,0.8741,0.1110,0.0148,9.3750
open_dist,pct,0.3000,30,audusd+nzdusd+usdjpy,4146,0.3840,-3.8644,-47.5573,0.2596,-0.4780,0.3719,-0.1116,0.1818,13.4220,1.3421,0.1705,0.4100,0.7820,0.1858,0.0323,11.2500
open_dist,pct,0.3000,40,eurusd+gbpusd+audusd,3662,0.4151,-2.6830,-47.4928,0.2630,-0.4009,0.2963,-0.1062,0.1840,11.8552,1.5262,0.1589,0.3378,0.8402,0.1255,0.0342,11.2500
open_dist,pct,0.3000,40,eurusd+gbpusd+nzdusd,3693,0.4124,-3.5903,-47.4679,0.2933,-0.4546,0.2811,-0.1147,0.1847,11.9555,1.5344,0.1608,0.3301,0.8479,0.1214,0.0307,11.2500
open_dist,pct,0.3000,40,eurusd+gbpusd+usdjpy,3250,0.3988,-2.0305,-47.2503,0.2715,-0.3185,0.2603,-0.1087,0.1893,10.5214,1.8850,0.1246,0.4185,0.8597,0.1177,0.0225,9.2667
open_dist,pct,0.3000,40,eurusd+audusd+nzdusd,3997,0.4206,-4.3728,-47.5197,0.2659,-0.4396,0.3778,-0.1125,0.1822,12.9397,1.3826,0.1974,0.2587,0.7787,0.1845,0.0368,13.2500
open_dist,pct,0.3000,40,eurusd+audusd+usdjpy,3554,0.4091,-3.0440,-47.3201,0.2465,-0.4158,0.2600,-0.1095,0.1861,11.5055,1.6264,0.1688,0.3306,0.8565,0.1255,0.0180,12.1750
open_dist,pct,0.3000,40,eurusd+nzdusd+usdjpy,3585,0.4064,-3.9754,-47.2972,0.2833,-0.5008,0.2430,-0.1149,0.1868,11.6059,1.6364,0.1707,0.3227,0.8676,0.1154,0.0170,12.2500
open_dist,pct,0.3000,40,gbpusd+audusd+nzdusd,4254,0.4128,-3.9813,-47.6344,0.2550,-0.5142,0.3653,-0.1121,0.1809,13.7717,1.2780,0.1798,0.2988,0.7892,0.1760,0.0348,13.2500
open_dist,pct,0.3000,40,gbpusd+audusd+usdjpy,3811,0.4012,-2.6966,-47.4600,0.2525,-0.5404,0.2388,-0.1093,0.1844,12.3375,1.4757,0.1511,0.3705,0.8697,0.1138,0.0166,11.2500
open_dist,pct,0.3000,40,gbpusd+nzdusd+usdjpy,3842,0.3988,-3.5686,-47.4375,0.2866,-0.5678,0.2298,-0.1143,0.1850,12.4379,1.4832,0.1530,0.3628,0.8741,0.1110,0.0148,11.2500
open_dist,pct,0.3000,40,audusd+nzdusd+usdjpy,4146,0.4076,-4.3246,-47.4888,0.2596,-0.5382,0.3719,-0.1128,0.1826,13.4220,1.3421,0.1889,0.2916,0.7820,0.1858,0.0323,13.2500
open_dist,pct,0.4000,25,eurusd+gbpusd+audusd,2525,0.3560,-2.0727,-47.3810,0.1918,-0.4023,0.2721,-0.1057,0.1848,8.1743,1.8502,0.1220,0.5299,0.8517,0.1193,0.0289,8.2500
open_dist,pct,0.4000,25,eurusd+gbpusd+nzdusd,2602,0.3632,-2.1455,-47.3653,0.2961,-0.3772,0.2498,-0.1143,0.1839,8.4236,1.8103,0.1295,0.5146,0.8645,0.1110,0.0245,8.2500
open_dist,pct,0.4000,25,eurusd+gbpusd+usdjpy,2155,0.3197,-1.4847,-47.1583,0.2725,-0.2872,0.2288,-0.1128,0.1873,6.9765,2.5506,0.0784,0.6144,0.8765,0.1049,0.0185,4.7667
open_dist,pct,0.4000,25,eurusd+audusd+nzdusd,2892,0.3821,-2.8874,-47.6281,0.2615,-0.2451,0.3427,-0.1096,0.1802,9.3624,1.6457,0.1670,0.4537,0.8020,0.1644,0.0336,9.5083
open_dist,pct,0.4000,25,eurusd+audusd+usdjpy,2445,0.3472,-2.4406,-47.4846,0.2307,-0.2088,0.2327,-0.1102,0.1824,7.9153,2.1353,0.1288,0.5305,0.8742,0.1080,0.0178,8.2500
open_dist,pct,0.4000,25,eurusd+nzdusd+usdjpy,2522,0.3549,-2.5045,-47.4752,0.3472,-0.2123,0.2090,-0.1162,0.1817,8.1646,2.0798,0.1364,0.5147,0.8873,0.0975,0.0152,8.2500
open_dist,pct,0.4000,25,gbpusd+audusd+nzdusd,3111,0.3655,-3.0830,-47.6719,0.2249,-0.3978,0.3446,-0.1110,0.1804,10.0714,1.4896,0.1533,0.4912,0.8014,0.1641,0.0345,9.2500
open_dist,pct,0.4000,25,gbpusd+audusd+usdjpy,2664,0.3307,-2.7059,-47.5473,0.2252,-0.4012,0.2170,-0.1113,0.1826,8.6243,1.8500,0.1160,0.5679,0.8835,0.1000,0.0166,7.7083
open_dist,pct,0.4000,25,gbpusd+nzdusd+usdjpy,2741,0.3382,-2.7572,-47.5313,0.3361,-0.3689,0.2021,-0.1180,0.1819,8.8736,1.8089,0.1233,0.5524,0.8914,0.0942,0.0143,8.2500
open_dist,pct,0.4000,25,audusd+nzdusd+usdjpy,3031,0.3586,-3.4065,-47.7720,0.2908,-0.2627,0.3342,-0.1128,0.1785,9.8124,1.6407,0.1597,0.4906,0.8058,0.1672,0.0270,9.2500
open_dist,pct,0.4000,30,eurusd+gbpusd+audusd,2525,0.3865,-2.0775,-47.3785,0.1918,-0.3845,0.2721,-0.1047,0.1844,8.1743,1.8502,0.1354,0.4586,0.8517,0.1193,0.0289,9.2500
open_dist,pct,0.4000,30,eurusd+gbpusd+nzdusd,2602,0.3893,-2.5298,-47.4155,0.2961,-0.4008,0.2498,-0.1166,0.1828,8.4236,1.8103,0.1418,0.4497,0.8645,0.1110,0.0245,9.2500
open_dist,pct,0.4000,30,eurusd+gbpusd+usdjpy,2155,0.3559,-1.4451,-47.2201,0.2725,-0.2971,0.2288,-0.1126,0.1862,6.9765,2.5506,0.0905,0.5503,0.8765,0.1049,0.0185,7.5500
open_dist,pct,0.4000,30,eurusd+audusd+nzdusd,2892,0.4056,-3.3631,-47.5373,0.2615,-0.2975,0.3427,-0.1109,0.1811,9.3624,1.6457,0.1822,0.3811,0.8020,0.1644,0.0336,11.0417
open_dist,pct,0.4000,30,eurusd+audusd+usdjpy,2445,0.3791,-2.5595,-47.3823,0.2307,-0.2423,0.2327,-0.1086,0.1837,7.9153,2.1353,0.1444,0.4573,0.8742,0.1080,0.0178,9.2500
open_dist,pct,0.4000,30,eurusd+nzdusd+usdjpy,2522,0.3822,-3.0114,-47.4283,0.3472,-0.2611,0.2090,-0.1162,0.1822,8.1646,2.0798,0.1507,0.4481,0.8873,0.0975,0.0152,9.2500
open_dist,pct,0.4000,30,gbpusd+audusd+nzdusd,3111,0.3867,-3.6591,-47.7303,0.2249,-0.4767,0.3446,-0.1125,0.1791,10.0714,1.4896,0.1662,0.4240,0.8014,0.1641,0.0345,10.2500
open_dist,pct,0.4000,30,gbpusd+audusd+usdjpy,2664,0.3592,-2.9712,-47.6171,0.2252,-0.4684,0.2170,-0.1108,0.1811,8.6243,1.8500,0.1288,0.5011,0.8835,0.1000,0.0166,8.5167
open_dist,pct,0.4000,30,gbpusd+nzdusd+usdjpy,2741,0.3626,-3.3754,-47.6489,0.3361,-0.4659,0.2021,-0.1180,0.1798,8.8736,1.8089,0.1350,0.4914,0.8914,0.0942,0.0143,9.2500
open_dist,pct,0.4000,30,audusd+nzdusd+usdjpy,3031,0.3807,-4.0896,-47.7478,0.2908,-0.3630,0.3342,-0.1132,0.1784,9.8124,1.6407,0.1742,0.4220,0.8058,0.1672,0.0270,10.2500
open_dist,pct,0.4000,40,eurusd+gbpusd+audusd,2525,0.4230,-2.2492,-47.3873,0.1918,-0.3184,0.2721,-0.1051,0.1842,8.1743,1.8502,0.1588,0.3370,0.8517,0.1193,0.0289,10.2667
open_dist,pct,0.4000,40,eurusd+gbpusd+nzdusd,2602,0.4231,-2.6924,-47.3739,0.2961,-0.3652,0.2498,-0.1160,0.1838,8.4236,1.8103,0.1660,0.3244,0.8645,0.1110,0.0245,11.2500
open_dist,pct,0.4000,40,eurusd+gbpusd+usdjpy,2155,0.4028,-1.3707,-47.0993,0.2725,-0.2632,0.2288,-0.1092,0.1885,6.9765,2.5506,0.1146,0.4362,0.8765,0.1049,0.0185,9.2500
open_dist,pct,0.4000,40,eurusd+audusd+nzdusd,2892,0.4298,-3.6600,-47.5214,0.2615,-0.2940,0.3427,-0.1131,0.1813,9.3624,1.6457,0.2030,0.2562,0.8020,0.1644,0.0336,12.2500
open_dist,pct,0.4000,40,eurusd+audusd+usdjpy,2445,0.4131,-2.6720,-47.2999,0.2307,-0.2523,0.2327,-0.1107,0.1850,7.9153,2.1353,0.1644,0.3423,0.8742,0.1080,0.0178,11.0000
open_dist,pct,0.4000,40,eurusd+nzdusd+usdjpy,2522,0.4136,-3.1163,-47.2936,0.3472,-0.2900,0.2090,-0.1173,0.1845,8.1646,2.0798,0.1717,0.3291,0.8873,0.0975,0.0152,11.2500
open_dist,pct,0.4000,40,gbpusd+audusd+nzdusd,3111,0.4163,-3.8663,-47.7463,0.2249,-0.4962,0.3446,-0.1122,0.1784,10.0714,1.4896,0.1906,0.2932,0.8014,0.1641,0.0345,12.2500
open_dist,pct,0.4000,40,gbpusd+audusd+usdjpy,2664,0.3986,-2.9941,-47.5732,0.2252,-0.4848,0.2170,-0.1098,0.1813,8.6243,1.8500,0.1532,0.3784,0.8835,0.1000,0.0166,10.2500
open_dist,pct,0.4000,40,gbpusd+nzdusd+usdjpy,2741,0.3995,-3.3939,-47.5565,0.3361,-0.5217,0.2021,-0.1176,0.1810,8.8736,1.8089,0.1602,0.3652,0.8914,0.0942,0.0143,10.6667
open_dist,pct,0.4000,40,audusd+nzdusd+usdjpy,3031,0.4081,-4.2500,-47.6846,0.2908,-0.4406,0.3342,-0.1144,0.1789,9.8124,1.6407,0.1960,0.2963,0.8058,0.1672,0.0270,12.2500
open_dist,pct,0.6000,25,eurusd+gbpusd+audusd,1156,0.3279,-3.5450,-46.7990,0.3159,-0.4009,0.2111,-0.1172,0.1915,3.7424,3.5375,0.1073,0.5718,0.8911,0.0834,0.0255,6.5167
open_dist,pct,0.6000,25,eurusd+gbpusd+nzdusd,1204,0.3281,-5.1344,-47.4655,0.2631,-0.3542,0.2002,-0.1173,0.1802,3.8978,2.7549,0.1163,0.5590,0.8966,0.0752,0.0282,7.6667
open_dist,pct,0.6000,25,eurusd+gbpusd+usdjpy,951,0.2629,-4.9515,-46.6529,0.3661,-0.1512,0.1977,-0.1177,0.1936,3.0787,6.1795,0.0652,0.6940,0.8968,0.0783,0.0249,2.9500
open_dist,pct,0.6000,25,eurusd+audusd+nzdusd,1412,0.3584,-4.1490,-47.5349,0.2706,-0.4229,0.3137,-0.1152,0.1793,4.5711,2.3910,0.1487,0.4972,0.8184,0.1594,0.0222,8.2500
open_dist,pct,0.6000,25,eurusd+audusd+usdjpy,1159,0.3115,-3.7839,-46.8758,0.3308,-0.3091,0.1855,-0.1145,0.1901,3.7521,3.9714,0.1139,0.5945,0.9027,0.0780,0.0193,6.1667
open_dist,pct,0.6000,25,eurusd+nzdusd+usdjpy,1207,0.3123,-5.3598,-47.5589,0.2836,-0.2840,0.1674,-0.1171,0.1789,3.9075,3.0000,0.1226,0.5808,0.9166,0.0605,0.0229,7.3667
open_dist,pct,0.6000,25,gbpusd+audusd+nzdusd,1562,0.3444,-4.0196,-47.6616,0.2466,-0.4406,0.3099,-0.1165,0.1775,5.0567,2.2653,0.1325,0.5192,0.8252,0.1415,0.0333,8.2500
open_dist,pct,0.6000,25,gbpusd+audusd+usdjpy,1309,0.3002,-3.6713,-47.0932,0.3149,-0.3520,0.1765,-0.1175,0.1867,4.2377,3.4881,0.0985,0.6096,0.9073,0.0723,0.0204,5.2667
open_dist,pct,0.6000,25,gbpusd+nzdusd+usdjpy,1357,0.3014,-5.0770,-47.6956,0.2689,-0.3163,0.1835,-0.1169,0.1768,4.3931,2.7453,0.1069,0.5969,0.9029,0.0774,0.0198,6.1667
open_dist,pct,0.6000,25,audusd+nzdusd+usdjpy,1565,0.3323,-4.1956,-47.7282,0.2745,-0.3920,0.2984,-0.1159,0.1765,5.0664,2.3942,0.1374,0.5361,0.8295,0.1445,0.0260,8.2500
open_dist,pct,0.6000,30,eurusd+gbpusd+audusd,1156,0.3728,-2.5985,-46.7831,0.3159,-0.2678,0.2111,-0.1172,0.1926,3.7424,3.5375,0.1254,0.4879,0.8911,0.0834,0.0255,8.2500
open_dist,pct,0.6000,30,eurusd+gbpusd+nzdusd,1204,0.3621,-5.1200,-47.3757,0.2631,-0.3145,0.2002,-0.1171,0.1820,3.8978,2.7549,0.1296,0.4867,0.8966,0.0752,0.0282,8.2500
open_dist,pct,0.6000,30,eurusd+gbpusd+usdjpy,951,0.3102,-3.7731,-46.6676,0.3661,-0.2051,0.1977,-0.1174,0.1937,3.0787,6.1795,0.0799,0.6141,0.8968,0.0783,0.0249,4.5667
open_dist,pct,0.6000,30,eurusd+audusd+nzdusd,1412,0.3867,-4.6301,-47.5149,0.2706,-0.3161,0.3137,-0.1150,0.1803,4.5711,2.3910,0.1643,0.4193,0.8184,0.1594,0.0222,9.2500
open_dist,pct,0.6000,30,eurusd+audusd+usdjpy,1159,0.3494,-3.4178,-46.9515,0.3308,-0.2479,0.1855,-0.1136,0.1895,3.7521,3.9714,0.1311,0.5091,0.9027,0.0780,0.0193,8.2500
open_dist,pct,0.6000,30,eurusd+nzdusd+usdjpy,1207,0.3397,-5.9005,-47.5680,0.2836,-0.3034,0.1674,-0.1169,0.1790,3.9075,3.0000,0.1350,0.5070,0.9166,0.0605,0.0229,8.2500
open_dist,pct,0.6000,30,gbpusd+audusd+nzdusd,1562,0.3745,-4.2824,-47.5997,0.2466,-0.3407,0.3099,-0.1166,0.1789,5.0567,2.2653,0.1466,0.4501,0.8252,0.1415,0.0333,9.2500
open_dist,pct,0.6000,30,gbpusd+audusd+usdjpy,1309,0.3392,-3.1419,-47.1099,0.3149,-0.2904,0.1765,-0.1179,0.1868,4.2377,3.4881,0.1138,0.5355,0.9073,0.0723,0.0204,8.2500
open_dist,pct,0.6000,30,gbpusd+nzdusd+usdjpy,1357,0.3309,-5.3599,-47.6512,0.2689,-0.3278,0.1835,-0.1170,0.1776,4.3931,2.7453,0.1179,0.5328,0.9029,0.0774,0.0198,8.2500
open_dist,pct,0.6000,30,audusd+nzdusd+usdjpy,1565,0.3572,-4.8859,-47.7416,0.2745,-0.3253,0.2984,-0.1161,0.1766,5.0664,2.3942,0.1508,0.4658,0.8295,0.1445,0.0260,9.0000
open_dist,pct,0.6000,40,eurusd+gbpusd+audusd,1156,0.4014,-3.8969,-47.1166,0.3159,-0.2857,0.2111,-0.1171,0.1868,3.7424,3.5375,0.1497,0.3772,0.8911,0.0834,0.0255,9.2500
open_dist,pct,0.6000,40,eurusd+gbpusd+nzdusd,1204,0.3920,-5.3877,-47.4308,0.2631,-0.3412,0.2002,-0.1155,0.1805,3.8978,2.7549,0.1520,0.3439,0.8966,0.0752,0.0282,10.2500
open_dist,pct,0.6000,40,eurusd+gbpusd+usdjpy,951,0.3502,-4.6501,-47.0178,0.3661,-0.2592,0.1977,-0.1170,0.1883,3.0787,6.1795,0.1020,0.5005,0.8968,0.0783,0.0249,8.2500
open_dist,pct,0.6000,40,eurusd+audusd+nzdusd,1412,0.4086,-5.2097,-47.4667,0.2706,-0.3153,0.3137,-0.1126,0.1802,4.5711,2.3910,0.1898,0.2854,0.8184,0.1594,0.0222,11.2500
open_dist,pct,0.6000,40,eurusd+audusd+usdjpy,1159,0.3779,-4.5656,-47.1357,0.3308,-0.2888,0.1855,-0.1149,0.1865,3.7521,3.9714,0.1570,0.4012,0.9027,0.0780,0.0193,9.2500
open_dist,pct,0.6000,40,eurusd+nzdusd+usdjpy,1207,0.3695,-6.0262,-47.4558,0.2836,-0.3481,0.1674,-0.1150,0.1802,3.9075,3.0000,0.1591,0.3670,0.9166,0.0605,0.0229,10.2500
open_dist,pct,0.6000,40,gbpusd+audusd+nzdusd,1562,0.4027,-4.7240,-47.6961,0.2466,-0.3247,0.3099,-0.1151,0.1765,5.0567,2.2653,0.1709,0.3156,0.8252,0.1415,0.0333,10.8000
open_dist,pct,0.6000,40,gbpusd+audusd+usdjpy,1309,0.3743,-4.0598,-47.4310,0.3149,-0.2990,0.1765,-0.1180,0.1813,4.2377,3.4881,0.1383,0.4240,0.9073,0.0723,0.0204,9.2500
open_dist,pct,0.6000,40,gbpusd+nzdusd+usdjpy,1357,0.3670,-5.3768,-47.7153,0.2689,-0.3490,0.1835,-0.1163,0.1759,4.3931,2.7453,0.1408,0.3928,0.9029,0.0774,0.0198,9.2500
open_dist,pct,0.6000,40,audusd+nzdusd+usdjpy,1565,0.3853,-5.2176,-47.7106,0.2745,-0.3266,0.2984,-0.1136,0.1762,5.0664,2.3942,0.1764,0.3335,0.8295,0.1445,0.0260,11.2500
open_dist,pips,15.0000,25,eurusd+gbpusd+audusd,5768,0.3428,-2.0502,-47.4161,0.2501,-0.1114,0.4473,-0.1096,0.1856,18.6730,1.0658,0.1052,0.5482,0.7405,0.1777,0.0819,9.2500
open_dist,pips,15.0000,25,eurusd+gbpusd+nzdusd,5711,0.3435,-2.5073,-47.4018,0.2279,-0.1165,0.4521,-0.1123,0.1864,18.4885,1.0555,0.1066,0.5489,0.7354,0.1860,0.0786,9.2167
open_dist,pips,15.0000,25,eurusd+gbpusd+usdjpy,5838,0.3260,-1.3189,-47.3495,0.2445,0.1975,0.4217,-0.1033,0.1878,18.8996,1.0849,0.0886,0.5892,0.7581,0.1713,0.0706,8.2500
open_dist,pips,15.0000,25,eurusd+audusd+nzdusd,5483,0.3746,-2.9879,-47.5459,0.2692,-0.3155,0.4549,-0.1164,0.1834,17.7504,1.0783,0.1457,0.4740,0.7327,0.1888,0.0785,11.2500
open_dist,pips,15.0000,25,eurusd+audusd+usdjpy,5610,0.3556,-1.7404,-47.4858,0.2793,-0.0322,0.4080,-0.1108,0.1849,18.1615,1.1092,0.1260,0.5176,0.7645,0.1782,0.0574,10.0667
open_dist,pips,15.0000,25,eurusd+nzdusd+usdjpy,5553,0.3566,-2.2073,-47.4721,0.2674,-0.0350,0.4034,-0.1130,0.1858,17.9770,1.0983,0.1277,0.5181,0.7668,0.1804,0.0528,10.0000
open_dist,pips,15.0000,25,gbpusd+audusd+nzdusd,5655,0.3492,-3.2163,-47.5652,0.2409,-0.1831,0.4759,-0.1170,0.1826,18.3072,1.0436,0.1206,0.5224,0.7219,0.1792,0.0989,10.2500
open_dist,pips,15.0000,25,gbpusd+audusd+usdjpy,5782,0.3314,-2.0009,-47.5063,0.2556,0.0984,0.4431,-0.1141,0.1841,18.7183,1.0727,0.1020,0.5636,0.7398,0.1915,0.0687,9.1333
open_dist,pips,15.0000,25,gbpusd+nzdusd+usdjpy,5725,0.3321,-2.4563,-47.4924,0.2364,0.1007,0.4321,-0.1147,0.1849,18.5338,1.0622,0.1034,0.5645,0.7475,0.1884,0.0642,9.0000
open_dist,pips,15.0000,25,audusd+nzdusd+usdjpy,5497,0.3626,-2.9337,-47.6416,0.2747,-0.1138,0.4601,-0.1161,0.1818,17.7957,1.0856,0.1423,0.4904,0.7298,0.1875,0.0827,11.2500
open_dist,pips,15.0000,30,eurusd+gbpusd+audusd,5768,0.3755,-2.2206,-47.4904,0.2501,-0.2797,0.4473,-0.1093,0.1840,18.6730,1.0658,0.1245,0.4759,0.7405,0.1777,0.0819,11.2500
open_dist,pips,15.0000,30,eurusd+gbpusd+nzdusd,5711,0.3744,-2.8823,-47.4659,0.2279,-0.2410,0.4521,-0.1128,0.1851,18.4885,1.0555,0.1268,0.4775,0.7354,0.1860,0.0786,11.0500
open_dist,pips,15.0000,30,eurusd+gbpusd+usdjpy,5838,0.3611,-1.4262,-47.3982,0.2445,0.1411,0.4217,-0.1042,0.1868,18.8996,1.0849,0.1074,0.5211,0.7581,0.1713,0.0706,10.0000
open_dist,pips,15.0000,30,eurusd+audusd+nzdusd,5483,0.3980,-3.6241,-47.5570,0.2692,-0.3843,0.4549,-0.1158,0.1828,17.7504,1.0783,0.1652,0.4000,0.7327,0.1888,0.0785,12.6833
open_dist,pips,15.0000,30,eurusd+audusd+usdjpy,5610,0.3836,-2.0920,-47.4823,0.2793,-0.0774,0.4080,-0.1106,0.1847,18.1615,1.1092,0.1442,0.4471,0.7645,0.1782,0.0574,12.0417
open_dist,pips,15.0000,30,eurusd+nzdusd+usdjpy,5553,0.3825,-2.7712,-47.4580,0.2674,-0.0549,0.4034,-0.1145,0.1858,17.9770,1.0983,0.1468,0.4484,0.7668,0.1804,0.0528,11.6667
open_dist,pips,15.0000,30,gbpusd+audusd+nzdusd,5655,0.3756,-3.7686,-47.6473,0.2409,-0.3258,0.4759,-0.1162,0.1811,18.3072,1.0436,0.1370,0.4515,0.7219,0.1792,0.0989,12.2500
open_dist,pips,15.0000,30,gbpusd+audusd+usdjpy,5782,0.3622,-2.2789,-47.5718,0.2556,-0.0073,0.4431,-0.1134,0.1829,18.7183,1.0727,0.1173,0.4960,0.7398,0.1915,0.0687,11.0917
open_dist,pips,15.0000,30,gbpusd+nzdusd+usdjpy,5725,0.3609,-2.9396,-47.5479,0.2364,0.0178,0.4321,-0.1152,0.1841,18.5338,1.0622,0.1195,0.4978,0.7475,0.1884,0.0642,10.9333
open_dist,pips,15.0000,30,audusd+nzdusd+usdjpy,5497,0.3838,-3.6819,-47.6427,0.2747,-0.1628,0.4601,-0.1157,0.1817,17.7957,1.0856,0.1575,0.4213,0.7298,0.1875,0.0827,13.0000
open_dist,pips,15.0000,40,eurusd+gbpusd+audusd,5768,0.4104,-2.5943,-47.4181,0.2501,-0.2874,0.4473,-0.1112,0.1855,18.6730,1.0658,0.1437,0.3578,0.7405,0.1777,0.0819,13.2500
open_dist,pips,15.0000,40,eurusd+gbpusd+nzdusd,5711,0.4094,-3.1705,-47.4140,0.2279,-0.3098,0.4521,-0.1142,0.1859,18.4885,1.0555,0.1464,0.3537,0.7354,0.1860,0.0786,13.2500
open_dist,pips,15.0000,40,eurusd+gbpusd+usdjpy,5838,0.4003,-1.8108,-47.3100,0.2445,0.0745,0.4217,-0.1075,0.1883,18.8996,1.0849,0.1269,0.4087,0.7581,0.1713,0.0706,12.2667
open_dist,pips,15.0000,40,eurusd+audusd+nzdusd,5483,0.4244,-3.8426,-47.4563,0.2692,-0.4312,0.4549,-0.1166,0.1844,17.7504,1.0783,0.1837,0.2661,0.7327,0.1888,0.0785,14.2500
open_dist,pips,15.0000,40,eurusd+audusd+usdjpy,5610,0.4146,-2.4124,-47.3450,0.2793,-0.1837,0.4080,-0.1131,0.1869,18.1615,1.1092,0.1626,0.3253,0.7645,0.1782,0.0574,14.2500
open_dist,pips,15.0000,40,eurusd+nzdusd+usdjpy,5553,0.4137,-3.0032,-47.3402,0.2674,-0.2123,0.4034,-0.1156,0.1873,17.9770,1.0983,0.1655,0.3207,0.7668,0.1804,0.0528,14.2500
open_dist,pips,15.0000,40,gbpusd+audusd+nzdusd,5655,0.4058,-4.0307,-47.4825,0.2409,-0.3414,0.4759,-0.1162,0.1840,18.3072,1.0436,0.1577,0.3233,0.7219,0.1792,0.0989,14.2500
open_dist,pips,15.0000,40,gbpusd+audusd+usdjpy,5782,0.3967,-2.6390,-47.3736,0.2556,-0.0678,0.4431,-0.1136,0.1865,18.7183,1.0727,0.1378,0.3795,0.7398,0.1915,0.0687,13.2667
open_dist,pips,15.0000,40,gbpusd+nzdusd+usdjpy,5725,0.3956,-3.2142,-47.3694,0.2364,-0.0887,0.4321,-0.1150,0.1868,18.5338,1.0622,0.1404,0.3755,0.7475,0.1884,0.0642,13.2500
open_dist,pips,15.0000,40,audusd+nzdusd+usdjpy,5497,0.4100,-3.8864,-47.4084,0.2747,-0.2773,0.4601,-0.1159,0.1854,17.7957,1.0856,0.1774,0.2891,0.7298,0.1875,0.0827,14.8000
open_dist,pips,20.0000,25,eurusd+gbpusd+audusd,5081,0.3399,-2.1898,-47.3620,0.2442,-0.1304,0.3946,-0.1048,0.1866,16.4489,1.1614,0.1110,0.5536,0.7736,0.1719,0.0544,8.2667
open_dist,pips,20.0000,25,eurusd+gbpusd+nzdusd,5024,0.3388,-2.5542,-47.3246,0.2638,-0.1630,0.3889,-0.1081,0.1874,16.2644,1.1661,0.1115,0.5521,0.7767,0.1731,0.0502,8.3000
open_dist,pips,20.0000,25,eurusd+gbpusd+usdjpy,5230,0.3233,-1.4127,-47.2419,0.2879,0.1724,0.3598,-0.0997,0.1896,16.9313,1.2255,0.0902,0.5956,0.7980,0.1539,0.0480,7.6333
open_dist,pips,20.0000,25,eurusd+audusd+nzdusd,4656,0.3713,-3.0228,-47.4062,0.2438,-0.3294,0.3956,-0.1114,0.1852,15.0731,1.1982,0.1553,0.4710,0.7729,0.1711,0.0559,10.2500
open_dist,pips,20.0000,25,eurusd+audusd+usdjpy,4862,0.3534,-1.7750,-47.3111,0.2605,-0.0408,0.3332,-0.1047,0.1877,15.7400,1.2620,0.1306,0.5212,0.8128,0.1512,0.0360,9.2500
open_dist,pips,20.0000,25,eurusd+nzdusd+usdjpy,4805,0.3523,-2.1511,-47.2725,0.2845,-0.0776,0.3209,-0.1103,0.1885,15.5554,1.2693,0.1313,0.5193,0.8219,0.1440,0.0341,9.2500
open_dist,pips,20.0000,25,gbpusd+audusd+nzdusd,4976,0.3453,-3.1710,-47.5873,0.2338,-0.2229,0.3997,-0.1119,0.1818,16.1090,1.1023,0.1268,0.5255,0.7721,0.1686,0.0592,9.2500
open_dist,pips,20.0000,25,gbpusd+audusd+usdjpy,5182,0.3294,-1.9944,-47.4876,0.2651,0.0350,0.3506,-0.1085,0.1843,16.7759,1.1572,0.1048,0.5704,0.8012,0.1611,0.0377,8.2667
open_dist,pips,20.0000,25,gbpusd+nzdusd+usdjpy,5125,0.3282,-2.3495,-47.4520,0.2910,0.0088,0.3342,-0.1118,0.1850,16.5914,1.1618,0.1052,0.5692,0.8131,0.1491,0.0378,8.2667
open_dist,pips,20.0000,25,audusd+nzdusd+usdjpy,4757,0.3593,-2.7923,-47.5440,0.2645,-0.1623,0.3818,-0.1121,0.1827,15.4000,1.1939,0.1476,0.4911,0.7812,0.1712,0.0477,10.2500
open_dist,pips,20.0000,30,eurusd+gbpusd+audusd,5081,0.3712,-2.3256,-47.5077,0.2442,-0.2946,0.3946,-0.1056,0.1841,16.4489,1.1614,0.1275,0.4802,0.7736,0.1719,0.0544,10.2500
open_dist,pips,20.0000,30,eurusd+gbpusd+nzdusd,5024,0.3674,-2.8821,-47.4713,0.2638,-0.2887,0.3889,-0.1102,0.1849,16.2644,1.1661,0.1292,0.4801,0.7767,0.1731,0.0502,10.2500
open_dist,pips,20.0000,30,eurusd+gbpusd+usdjpy,5230,0.3564,-1.5141,-47.4032,0.2879,0.1325,0.3598,-0.1016,0.1867,16.9313,1.2255,0.1061,0.5270,0.7980,0.1539,0.0480,9.2500
open_dist,pips,20.0000,30,eurusd+audusd+nzdusd,4656,0.3937,-3.6086,-47.4395,0.2438,-0.4070,0.3956,-0.1126,0.1848,15.0731,1.1982,0.1735,0.3967,0.7729,0.1711,0.0559,12.0000
open_dist,pips,20.0000,30,eurusd+audusd+usdjpy,4862,0.3807,-2.1062,-47.3673,0.2605,-0.0732,0.3332,-0.1058,0.1867,15.7400,1.2620,0.1469,0.4506,0.8128,0.1512,0.0360,10.8500
open_dist,pips,20.0000,30,eurusd+nzdusd+usdjpy,4805,0.3769,-2.6855,-47.3291,0.2845,-0.1089,0.3209,-0.1128,0.1876,15.5554,1.2693,0.1488,0.4502,0.8219,0.1440,0.0341,10.9500
open_dist,pips,20.0000,30,gbpusd+audusd+nzdusd,4976,0.3696,-3.6742,-47.7256,0.2338,-0.3566,0.3997,-0.1122,0.1796,16.1090,1.1023,0.1425,0.4546,0.7721,0.1686,0.0592,11.2500
open_dist,pips,20.0000,30,gbpusd+audusd+usdjpy,5182,0.3584,-2.2620,-47.6423,0.2651,-0.0693,0.3506,-0.1086,0.1816,16.7759,1.1572,0.1187,0.5029,0.8012,0.1611,0.0377,10.0000
open_dist,pips,20.0000,30,gbpusd+nzdusd+usdjpy,5125,0.3545,-2.8068,-47.6076,0.2910,-0.0883,0.3342,-0.1117,0.1824,16.5914,1.1618,0.1202,0.5030,0.8131,0.1491,0.0378,10.0333
open_dist,pips,20.0000,30,audusd+nzdusd+usdjpy,4757,0.3792,-3.5120,-47.5876,0.2645,-0.2268,0.3818,-0.1127,0.1820,15.4000,1.1939,0.1629,0.4232,0.7812,0.1712,0.0477,11.8167
open_dist,pips,20.0000,40,eurusd+gbpusd+audusd,5081,0.4098,-2.6579,-47.5238,0.2442,-0.3271,0.3946,-0.1088,0.1837,16.4489,1.1614,0.1500,0.3582,0.7736,0.1719,0.0544,12.2500
open_dist,pips,20.0000,40,eurusd+gbpusd+nzdusd,5024,0.4059,-3.2231,-47.4682,0.2638,-0.3460,0.3889,-0.1133,0.1846,16.2644,1.1661,0.1523,0.3563,0.7767,0.1731,0.0502,12.2500
open_dist,pips,20.0000,40,eurusd+gbpusd+usdjpy,5230,0.4002,-1.8222,-47.3868,0.2879,0.0300,0.3598,-0.1071,0.1869,16.9313,1.2255,0.1291,0.4096,0.7980,0.1539,0.0480,11.7667
open_dist,pips,20.0000,40,eurusd+audusd+nzdusd,4656,0.4203,-3.9641,-47.4457,0.2438,-0.4532,0.3956,-0.1131,0.1840,15.0731,1.1982,0.1942,0.2698,0.7729,0.1711,0.0559,13.2500
open_dist,pips,20.0000,40,eurusd+audusd+usdjpy,4862,0.4136,-2.4258,-47.3576,0.2605,-0.2043,0.3332,-0.1084,0.1865,15.7400,1.2620,0.1674,0.3307,0.8128,0.1512,0.0360,13.2500
open_dist,pips,20.0000,40,eurusd+nzdusd+usdjpy,4805,0.4096,-3.0140,-47.2987,0.2845,-0.2447,0.3209,-0.1140,0.1875,15.5554,1.2693,0.1700,0.3284,0.8219,0.1440,0.0341,13.2500
open_dist,pips,20.0000,40,gbpusd+audusd+nzdusd,4976,0.4045,-3.9755,-47.6605,0.2338,-0.4008,0.3997,-0.1135,0.1804,16.1090,1.1023,0.1650,0.3286,0.7721,0.1686,0.0592,13.2500
open_dist,pips,20.0000,40,gbpusd+audusd+usdjpy,5182,0.3989,-2.5317,-47.5660,0.2651,-0.1644,0.3506,-0.1110,0.1829,16.7759,1.1572,0.1411,0.3834,0.8012,0.1611,0.0377,12.2500
open_dist,pips,20.0000,40,gbpusd+nzdusd+usdjpy,5125,0.3949,-3.0844,-47.5119,0.2910,-0.1814,0.3342,-0.1143,0.1838,16.5914,1.1618,0.1432,0.3819,0.8131,0.1491,0.0378,12.2500
open_dist,pips,20.0000,40,audusd+nzdusd+usdjpy,4757,0.4082,-3.7990,-47.4935,0.2645,-0.3471,0.3818,-0.1131,0.1831,15.4000,1.1939,0.1835,0.2991,0.7812,0.1712,0.0477,13.7667
open_dist,pips,30.0000,25,eurusd+gbpusd+audusd,3655,0.3393,-2.1356,-47.6328,0.2190,-0.1389,0.3330,-0.1007,0.1838,11.8325,1.3883,0.1037,0.5631,0.8142,0.1480,0.0378,7.6667
open_dist,pips,30.0000,25,eurusd+gbpusd+nzdusd,3590,0.3365,-2.7171,-47.6747,0.1940,-0.3570,0.3398,-0.1100,0.1828,11.6221,1.3686,0.1072,0.5627,0.8105,0.1487,0.0408,7.8333
open_dist,pips,30.0000,25,eurusd+gbpusd+usdjpy,3988,0.3149,-1.8924,-47.4099,0.3025,0.0058,0.2786,-0.1006,0.1881,12.9105,1.5178,0.0853,0.6071,0.8482,0.1258,0.0260,6.2250
open_dist,pips,30.0000,25,eurusd+audusd+nzdusd,3026,0.3645,-3.2740,-47.7621,0.2034,-0.3635,0.3685,-0.1105,0.1786,9.7962,1.4510,0.1517,0.4861,0.7893,0.1638,0.0470,9.0000
open_dist,pips,30.0000,25,eurusd+audusd+usdjpy,3424,0.3362,-2.2488,-47.4326,0.2687,-0.0608,0.2629,-0.1005,0.1852,11.0847,1.6250,0.1209,0.5467,0.8558,0.1238,0.0204,8.2500
open_dist,pips,30.0000,25,eurusd+nzdusd+usdjpy,3359,0.3331,-2.8724,-47.4773,0.2643,-0.2640,0.2525,-0.1122,0.1842,10.8742,1.6047,0.1250,0.5460,0.8620,0.1173,0.0207,8.2500
open_dist,pips,30.0000,25,gbpusd+audusd+nzdusd,3481,0.3485,-2.5948,-47.8271,0.1394,-0.2729,0.3361,-0.1068,0.1789,11.2692,1.2587,0.1227,0.5338,0.8136,0.1415,0.0449,8.2500
open_dist,pips,30.0000,25,gbpusd+audusd+usdjpy,3879,0.3251,-1.7595,-47.5307,0.2586,0.0156,0.2611,-0.0984,0.1847,12.5577,1.3966,0.0985,0.5824,0.8571,0.1240,0.0189,7.3500
open_dist,pips,30.0000,25,gbpusd+nzdusd+usdjpy,3814,0.3222,-2.3004,-47.5707,0.2440,-0.1728,0.2449,-0.1085,0.1838,12.3472,1.3771,0.1017,0.5823,0.8677,0.1102,0.0221,7.4500
open_dist,pips,30.0000,25,audusd+nzdusd+usdjpy,3250,0.3458,-2.7467,-47.6348,0.2279,-0.2259,0.3037,-0.1084,0.1801,10.5214,1.4598,0.1422,0.5145,0.8313,0.1377,0.0310,8.5417
open_dist,pips,30.0000,30,eurusd+gbpusd+audusd,3655,0.3770,-1.7578,-47.7282,0.2190,-0.1026,0.3330,-0.0978,0.1820,11.8325,1.3883,0.1185,0.4824,0.8142,0.1480,0.0378,9.1167
open_dist,pips,30.0000,30,eurusd+gbpusd+nzdusd,3590,0.3730,-2.5303,-47.8058,0.1940,-0.3173,0.3398,-0.1109,0.1805,11.6221,1.3686,0.1231,0.4827,0.8105,0.1487,0.0408,9.2500
open_dist,pips,30.0000,30,eurusd+gbpusd+usdjpy,3988,0.3548,-1.5291,-47.5518,0.3025,0.0189,0.2786,-0.0991,0.1856,12.9105,1.5178,0.1016,0.5316,0.8482,0.1258,0.0260,8.2500
open_dist,pips,30.0000,30,eurusd+audusd+nzdusd,3026,0.3952,-3.4222,-47.7772,0.2034,-0.2401,0.3685,-0.1114,0.1782,9.7962,1.4510,0.1649,0.4075,0.7893,0.1638,0.0470,10.2500
open_dist,pips,30.0000,30,eurusd+audusd+usdjpy,3424,0.3715,-2.1524,-47.4784,0.2687,0.0668,0.2629,-0.0997,0.1844,11.0847,1.6250,0.1349,0.4731,0.8558,0.1238,0.0204,9.2500
open_dist,pips,30.0000,30,eurusd+nzdusd+usdjpy,3359,0.3671,-2.9857,-47.5585,0.2643,-0.1548,0.2525,-0.1137,0.1830,10.8742,1.6047,0.1402,0.4734,0.8620,0.1173,0.0207,9.2500
open_dist,pips,30.0000,30,gbpusd+audusd+nzdusd,3481,0.3763,-2.9074,-47.9258,0.1394,-0.3001,0.3361,-0.1078,0.1774,11.2692,1.2587,0.1362,0.4608,0.8136,0.1415,0.0449,9.2667
open_dist,pips,30.0000,30,gbpusd+audusd+usdjpy,3879,0.3573,-1.8394,-47.6456,0.2586,-0.0469,0.2611,-0.0998,0.1830,12.5577,1.3966,0.1127,0.5133,0.8571,0.1240,0.0189,8.6167
open_dist,pips,30.0000,30,gbpusd+nzdusd+usdjpy,3814,0.3532,-2.5679,-47.7200,0.2440,-0.2348,0.2449,-0.1100,0.1817,12.3472,1.3771,0.1169,0.5142,0.8677,0.1102,0.0221,8.7833
open_dist,pips,30.0000,30,audusd+nzdusd+usdjpy,3250,0.3705,-3.4049,-47.6788,0.2279,-0.1827,0.3037,-0.1099,0.1797,10.5214,1.4598,0.1548,0.4495,0.8313,0.1377,0.0310,10.0000
open_dist,pips,30.0000,40,eurusd+gbpusd+audusd,3654,0.4157,-2.1660,-47.6944,0.2190,-0.2224,0.3331,-0.1017,0.1823,11.8293,1.3883,0.1401,0.3659,0.8141,0.1480,0.0378,11.0000
open_dist,pips,30.0000,40,eurusd+gbpusd+nzdusd,3589,0.4107,-2.9732,-47.6321,0.1940,-0.4422,0.3399,-0.1125,0.1833,11.6188,1.3686,0.1432,0.3631,0.8104,0.1488,0.0408,11.2500
open_dist,pips,30.0000,40,eurusd+gbpusd+usdjpy,3987,0.3970,-1.9011,-47.4376,0.3025,-0.1546,0.2787,-0.1032,0.1874,12.9073,1.5178,0.1234,0.4199,0.8482,0.1258,0.0260,10.2500
open_dist,pips,30.0000,40,eurusd+audusd+nzdusd,3025,0.4212,-3.8917,-47.6457,0.2034,-0.3068,0.3686,-0.1126,0.1804,9.7930,1.4510,0.1835,0.2780,0.7892,0.1638,0.0470,12.2500
open_dist,pips,30.0000,40,eurusd+audusd+usdjpy,3423,0.4040,-2.5361,-47.4106,0.2687,-0.0252,0.2629,-0.1030,0.1856,11.0814,1.6250,0.1557,0.3541,0.8557,0.1239,0.0204,11.2500
open_dist,pips,30.0000,40,eurusd+nzdusd+usdjpy,3358,0.3985,-3.4060,-47.3421,0.2643,-0.2645,0.2525,-0.1136,0.1867,10.8710,1.6047,0.1593,0.3508,0.8620,0.1173,0.0207,11.2500
open_dist,pips,30.0000,40,gbpusd+audusd+nzdusd,3481,0.4099,-3.4273,-47.8414,0.1394,-0.3752,0.3361,-0.1102,0.1785,11.2692,1.2587,0.1569,0.3401,0.8136,0.1415,0.0449,11.2500
open_dist,pips,30.0000,40,gbpusd+audusd+usdjpy,3879,0.3960,-2.2787,-47.6115,0.2586,-0.1606,0.2611,-0.1035,0.1833,12.5577,1.3966,0.1351,0.4009,0.8571,0.1240,0.0189,10.6167
open_dist,pips,30.0000,40,gbpusd+nzdusd+usdjpy,3814,0.3909,-3.0402,-47.5535,0.2440,-0.3649,0.2449,-0.1118,0.1842,12.3472,1.3771,0.1379,0.3988,0.8677,0.1102,0.0221,11.0000
open_dist,pips,30.0000,40,audusd+nzdusd+usdjpy,3250,0.3972,-3.9067,-47.5523,0.2279,-0.2578,0.3037,-0.1119,0.1817,10.5214,1.4598,0.1745,0.3258,0.8313,0.1377,0.0310,12.2500
open_dist,pips,40.0000,25,eurusd+gbpusd+audusd,2555,0.3382,-1.9226,-47.4112,0.2607,-0.3427,0.2892,-0.1013,0.1849,8.2714,1.7462,0.0959,0.5718,0.8409,0.1260,0.0331,6.8167
open_dist,pips,40.0000,25,eurusd+gbpusd+nzdusd,2506,0.3372,-2.7321,-47.6863,0.2026,-0.3592,0.2737,-0.1126,0.1808,8.1128,1.6381,0.0962,0.5690,0.8500,0.1218,0.0282,6.9417
open_dist,pips,40.0000,25,eurusd+gbpusd+usdjpy,2938,0.3125,-1.9859,-47.3077,0.3245,-0.1596,0.2345,-0.1107,0.1870,9.5113,2.0844,0.0800,0.6157,0.8729,0.1084,0.0187,5.5167
open_dist,pips,40.0000,25,eurusd+audusd+nzdusd,1956,0.3599,-3.2629,-47.7906,0.1998,-0.4295,0.3303,-0.1095,0.1764,6.3322,1.7748,0.1365,0.4964,0.8118,0.1493,0.0389,8.2500
open_dist,pips,40.0000,25,eurusd+audusd+usdjpy,2388,0.3254,-2.2488,-47.2946,0.2744,-0.2523,0.2316,-0.1074,0.1848,7.7308,2.3508,0.1093,0.5670,0.8749,0.1055,0.0197,7.5667
open_dist,pips,40.0000,25,eurusd+nzdusd+usdjpy,2339,0.3241,-3.1230,-47.5980,0.2287,-0.2881,0.2116,-0.1156,0.1804,7.5721,2.1809,0.1099,0.5639,0.8879,0.0938,0.0184,7.9333
open_dist,pips,40.0000,25,gbpusd+audusd+nzdusd,2370,0.3363,-3.3028,-47.7445,0.1835,-0.4978,0.2983,-0.1122,0.1798,7.6725,1.5275,0.1089,0.5620,0.8359,0.1277,0.0365,7.6833
open_dist,pips,40.0000,25,gbpusd+audusd+usdjpy,2802,0.3105,-2.4325,-47.3381,0.3123,-0.3566,0.2077,-0.1106,0.1864,9.0710,1.9504,0.0899,0.6121,0.8896,0.0919,0.0185,6.0000
open_dist,pips,40.0000,25,gbpusd+nzdusd+usdjpy,2753,0.3091,-3.1784,-47.5871,0.2696,-0.3289,0.1911,-0.1161,0.1827,8.9124,1.8280,0.0901,0.6102,0.8990,0.0852,0.0158,6.1000
open_dist,pips,40.0000,25,audusd+nzdusd+usdjpy,2203,0.3223,-3.7611,-47.6518,0.2305,-0.4701,0.2610,-0.1130,0.1793,7.1319,2.0196,0.1244,0.5561,0.8574,0.1172,0.0255,8.2500
open_dist,pips,40.0000,30,eurusd+gbpusd+audusd,2555,0.3753,-1.6419,-47.4497,0.2607,-0.2674,0.2892,-0.1014,0.1841,8.2714,1.7462,0.1096,0.4978,0.8409,0.1260,0.0331,8.2500
open_dist,pips,40.0000,30,eurusd+gbpusd+nzdusd,2506,0.3699,-2.8486,-47.6993,0.2026,-0.3346,0.2737,-0.1136,0.1802,8.1128,1.6381,0.1089,0.5000,0.8500,0.1218,0.0282,8.2500
open_dist,pips,40.0000,30,eurusd+gbpusd+usdjpy,2938,0.3506,-1.8336,-47.3522,0.3245,-0.1487,0.2345,-0.1094,0.1862,9.5113,2.0844,0.0943,0.5480,0.8729,0.1084,0.0187,8.2500
open_dist,pips,40.0000,30,eurusd+audusd+nzdusd,1956,0.3891,-3.6207,-47.6225,0.1998,-0.2818,0.3303,-0.1112,0.1788,6.3322,1.7748,0.1488,0.4248,0.8118,0.1493,0.0389,9.2500
open_dist,pips,40.0000,30,eurusd+audusd+usdjpy,2388,0.3618,-2.2323,-47.2076,0.2744,-0.1188,0.2316,-0.1066,0.1863,7.7308,2.3508,0.1235,0.4975,0.8749,0.1055,0.0197,8.2500
open_dist,pips,40.0000,30,eurusd+nzdusd+usdjpy,2339,0.3557,-3.5375,-47.4725,0.2287,-0.1911,0.2116,-0.1151,0.1822,7.5721,2.1809,0.1231,0.4998,0.8879,0.0938,0.0184,8.2500
open_dist,pips,40.0000,30,gbpusd+audusd+nzdusd,2370,0.3667,-3.5702,-47.8598,0.1835,-0.4789,0.2983,-0.1139,0.1781,7.6725,1.5275,0.1211,0.4916,0.8359,0.1277,0.0365,8.3583
open_dist,pips,40.0000,30,gbpusd+audusd+usdjpy,2802,0.3469,-2.3947,-47.4671,0.3123,-0.3612,0.2077,-0.1103,0.1847,9.0710,1.9504,0.1039,0.5432,0.8896,0.0919,0.0185,8.2500
open_dist,pips,40.0000,30,gbpusd+nzdusd+usdjpy,2753,0.3414,-3.5066,-47.6974,0.2696,-0.3707,0.1911,-0.1158,0.1811,8.9124,1.8280,0.1032,0.5459,0.8990,0.0852,0.0158,8.2500
open_dist,pips,40.0000,30,audusd+nzdusd+usdjpy,2203,0.3513,-4.3563,-47.6285,0.2305,-0.3730,0.2610,-0.1133,0.1801,7.1319,2.0196,0.1371,0.4907,0.8574,0.1172,0.0255,8.7000
open_dist,pips,40.0000,40,eurusd+gbpusd+audusd,2554,0.4115,-2.2606,-47.4680,0.2607,-0.2309,0.2894,-0.1052,0.1836,8.2682,1.7462,0.1335,0.3853,0.8408,0.1261,0.0331,10.0167
open_dist,pips,40.0000,40,eurusd+gbpusd+nzdusd,2505,0.4072,-3.0728,-47.5625,0.2026,-0.2699,0.2739,-0.1116,0.1821,8.1095,1.6381,0.1341,0.3749,0.8500,0.1218,0.0282,10.2500
open_dist,pips,40.0000,40,eurusd+gbpusd+usdjpy,2937,0.3926,-2.0945,-47.2863,0.3245,-0.1570,0.2346,-0.1102,0.1876,9.5081,2.0844,0.1175,0.4368,0.8728,0.1085,0.0187,9.2500
open_dist,pips,40.0000,40,eurusd+audusd+nzdusd,1955,0.4148,-4.1046,-47.5241,0.1998,-0.1909,0.3304,-0.1117,0.1802,6.3290,1.7748,0.1719,0.2972,0.8117,0.1494,0.0389,11.2500
open_dist,pips,40.0000,40,eurusd+audusd+usdjpy,2387,0.3955,-2.7142,-47.1897,0.2744,-0.1155,0.2317,-0.1096,0.1873,7.7275,2.3508,0.1445,0.3875,0.8748,0.1055,0.0197,10.2500
open_dist,pips,40.0000,40,eurusd+nzdusd+usdjpy,2338,0.3905,-3.5939,-47.2817,0.2287,-0.1369,0.2117,-0.1148,0.1858,7.5689,2.1809,0.1454,0.3764,0.8878,0.0938,0.0184,10.2500
open_dist,pips,40.0000,40,gbpusd+audusd+nzdusd,2370,0.4017,-3.8628,-47.7317,0.1835,-0.4457,0.2983,-0.1123,0.1792,7.6725,1.5275,0.1473,0.3637,0.8359,0.1277,0.0365,10.2500
open_dist,pips,40.0000,40,gbpusd+audusd+usdjpy,2802,0.3872,-2.7156,-47.4113,0.3123,-0.3885,0.2077,-0.1111,0.1854,9.0710,1.9504,0.1278,0.4304,0.8896,0.0919,0.0185,9.4583
open_dist,pips,40.0000,40,gbpusd+nzdusd+usdjpy,2753,0.3829,-3.4627,-47.4951,0.2696,-0.4014,0.1911,-0.1136,0.1840,8.9124,1.8280,0.1282,0.4217,0.8990,0.0852,0.0158,9.8667
open_dist,pips,40.0000,40,audusd+nzdusd+usdjpy,2203,0.3836,-4.4756,-47.4437,0.2305,-0.3748,0.2610,-0.1133,0.1828,7.1319,2.0196,0.1602,0.3645,0.8574,0.1172,0.0255,10.7000
open_dist,pips,60.0000,25,eurusd+gbpusd+audusd,1159,0.3287,-2.4000,-46.8924,0.2998,-0.3861,0.2528,-0.0947,0.1920,3.7521,2.5146,0.0751,0.6143,0.8623,0.1106,0.0271,4.5833
open_dist,pips,60.0000,25,eurusd+gbpusd+nzdusd,1133,0.3274,-2.7451,-47.1483,0.2476,-0.2775,0.2321,-0.1027,0.1872,3.6679,2.1579,0.0821,0.6019,0.8783,0.0943,0.0274,4.9333
open_dist,pips,60.0000,25,eurusd+gbpusd+usdjpy,1530,0.2856,-2.8738,-47.0002,0.3539,-0.2090,0.1856,-0.1095,0.1893,4.9531,3.0693,0.0673,0.6647,0.9036,0.0759,0.0204,3.3000
open_dist,pips,60.0000,25,eurusd+audusd+nzdusd,725,0.3559,-3.7703,-47.1026,0.2832,-0.3646,0.2814,-0.1059,0.1862,2.3471,2.8657,0.1145,0.5434,0.8508,0.1098,0.0393,7.4000
open_dist,pips,60.0000,25,eurusd+audusd+usdjpy,1122,0.2888,-3.5830,-46.9418,0.3489,-0.3102,0.1515,-0.1109,0.1895,3.6323,4.7407,0.0829,0.6497,0.9270,0.0536,0.0195,4.1250
open_dist,pips,60.0000,25,eurusd+nzdusd+usdjpy,1096,0.2865,-3.9679,-47.2070,0.2942,-0.2033,0.1551,-0.1160,0.1845,3.5481,3.7385,0.0903,0.6378,0.9242,0.0579,0.0180,4.3333
open_dist,pips,60.0000,25,gbpusd+audusd+nzdusd,1066,0.3330,-2.4867,-47.3898,0.2540,-0.3570,0.2261,-0.0962,0.1853,3.4510,2.1376,0.0854,0.5882,0.8859,0.0807,0.0334,5.3583
open_dist,pips,60.0000,25,gbpusd+audusd+usdjpy,1463,0.2878,-2.6914,-47.1670,0.3787,-0.3193,0.1579,-0.1050,0.1880,4.7362,3.0938,0.0690,0.6576,0.9205,0.0622,0.0172,3.6667
open_dist,pips,60.0000,25,gbpusd+nzdusd+usdjpy,1437,0.2860,-2.9688,-47.3813,0.3335,-0.2230,0.1420,-0.1113,0.1842,4.6521,2.6542,0.0745,0.6486,0.9306,0.0543,0.0151,3.7500
open_dist,pips,60.0000,25,audusd+nzdusd+usdjpy,1029,0.2896,-3.7798,-47.4582,0.3278,-0.2918,0.1730,-0.1131,0.1823,3.3312,3.8333,0.0943,0.6259,0.9139,0.0646,0.0215,4.9833
open_dist,pips,60.0000,30,eurusd+gbpusd+audusd,1159,0.3684,-1.9636,-47.0123,0.2998,-0.3499,0.2528,-0.0922,0.1898,3.7521,2.5146,0.0932,0.5332,0.8623,0.1106,0.0271,8.0000
open_dist,pips,60.0000,30,eurusd+gbpusd+nzdusd,1133,0.3707,-1.7923,-47.2230,0.2476,-0.1733,0.2321,-0.0953,0.1854,3.6679,2.1579,0.1059,0.5154,0.8783,0.0943,0.0274,8.2500
open_dist,pips,60.0000,30,eurusd+gbpusd+usdjpy,1530,0.3275,-2.4673,-47.0987,0.3539,-0.2396,0.1856,-0.1095,0.1881,4.9531,3.0693,0.0850,0.5902,0.9036,0.0759,0.0204,5.5083
open_dist,pips,60.0000,30,eurusd+audusd+nzdusd,725,0.3959,-3.3207,-47.1878,0.2832,-0.2886,0.2814,-0.1016,0.1834,2.3471,2.8657,0.1366,0.4469,0.8508,0.1098,0.0393,8.2500
open_dist,pips,60.0000,30,eurusd+audusd+usdjpy,1122,0.3280,-3.7003,-47.0565,0.3489,-0.3486,0.1515,-0.1111,0.1878,3.6323,4.7407,0.0971,0.5731,0.9270,0.0536,0.0195,6.5417
open_dist,pips,60.0000,30,eurusd+nzdusd+usdjpy,1096,0.3294,-3.5645,-47.2605,0.2942,-0.2051,0.1551,-0.1143,0.1832,3.5481,3.7385,0.1104,0.5557,0.9242,0.0579,0.0180,7.2500
open_dist,pips,60.0000,30,gbpusd+audusd+nzdusd,1066,0.3687,-2.0065,-47.5360,0.2540,-0.3039,0.2261,-0.0927,0.1815,3.4510,2.1376,0.1041,0.5103,0.8859,0.0807,0.0334,8.2500
open_dist,pips,60.0000,30,gbpusd+audusd+usdjpy,1463,0.3240,-2.6542,-47.3135,0.3787,-0.3906,0.1579,-0.1072,0.1853,4.7362,3.0938,0.0827,0.5899,0.9205,0.0622,0.0172,5.7667
open_dist,pips,60.0000,30,gbpusd+nzdusd+usdjpy,1437,0.3250,-2.5317,-47.4862,0.3335,-0.2335,0.1420,-0.1107,0.1818,4.6521,2.6542,0.0926,0.5769,0.9306,0.0543,0.0151,6.0833
open_dist,pips,60.0000,30,audusd+nzdusd+usdjpy,1029,0.3246,-3.9017,-47.5782,0.3278,-0.2923,0.1730,-0.1122,0.1790,3.3312,3.8333,0.1088,0.5530,0.9139,0.0646,0.0215,7.9833
open_dist,pips,60.0000,40,eurusd+gbpusd+audusd,1159,0.4107,-2.1423,-47.0829,0.2998,-0.3359,0.2528,-0.0876,0.1897,3.7521,2.5146,0.1268,0.4029,0.8623,0.1106,0.0271,9.2500
open_dist,pips,60.0000,40,eurusd+gbpusd+nzdusd,1133,0.4104,-2.0047,-47.4001,0.2476,-0.2292,0.2321,-0.0904,0.1831,3.6679,2.1579,0.1403,0.3813,0.8783,0.0943,0.0274,9.2500
open_dist,pips,60.0000,40,eurusd+gbpusd+usdjpy,1530,0.3739,-2.6303,-47.0697,0.3539,-0.2863,0.1856,-0.1045,0.1894,4.9531,3.0693,0.1144,0.4706,0.9036,0.0759,0.0204,8.2500
open_dist,pips,60.0000,40,eurusd+audusd+nzdusd,725,0.4317,-3.0123,-47.1564,0.2832,-0.2672,0.2814,-0.0995,0.1839,2.3471,2.8657,0.1710,0.3021,0.8508,0.1098,0.0393,9.3167
open_dist,pips,60.0000,40,eurusd+audusd+usdjpy,1122,0.3743,-3.5088,-46.8155,0.3489,-0.3566,0.1515,-0.1100,0.1922,3.6323,4.7407,0.1248,0.4519,0.9270,0.0536,0.0195,8.2917
open_dist,pips,60.0000,40,eurusd+nzdusd+usdjpy,1096,0.3732,-3.3990,-47.1134,0.2942,-0.2769,0.1551,-0.1137,0.1854,3.5481,3.7385,0.1387,0.4307,0.9242,0.0579,0.0180,8.2917
open_dist,pips,60.0000,40,gbpusd+audusd+nzdusd,1066,0.4137,-1.7197,-47.5196,0.2540,-0.2870,0.2261,-0.0825,0.1820,3.4510,2.1376,0.1426,0.3752,0.8859,0.0807,0.0334,9.2500
open_dist,pips,60.0000,40,gbpusd+audusd+usdjpy,1463,0.3746,-2.4512,-47.1331,0.3787,-0.3978,0.1579,-0.1007,0.1888,4.7362,3.0938,0.1148,0.4703,0.9205,0.0622,0.0172,8.3000
open_dist,pips,60.0000,40,gbpusd+nzdusd+usdjpy,1437,0.3737,-2.3483,-47.3789,0.3335,-0.2996,0.1420,-0.1043,0.1836,4.6521,2.6542,0.1253,0.4544,0.9306,0.0543,0.0151,8.3000
open_dist,pips,60.0000,40,audusd+nzdusd+usdjpy,1029,0.3741,-3.1945,-47.2036,0.3278,-0.2972,0.1730,-0.1112,0.1844,3.3312,3.8333,0.1409,0.4276,0.9139,0.0646,0.0215,9.2500
prev_dist,pct,0.1500,25,eurusd+gbpusd+audusd,5761,0.3421,-2.3163,-47.2771,0.2407,0.1177,0.4145,-0.1109,0.1892,18.6503,1.0983,0.1083,0.5499,0.7668,0.1546,0.0786,9.2500
prev_dist,pct,0.1500,25,eurusd+gbpusd+nzdusd,5762,0.3464,-2.5788,-47.1746,0.2228,-0.0186,0.4124,-0.1128,0.1917,18.6536,1.1002,0.1158,0.5411,0.7659,0.1600,0.0740,9.2500
prev_dist,pct,0.1500,25,eurusd+gbpusd+usdjpy,5513,0.3240,-1.4295,-47.1740,0.2465,0.2385,0.3876,-0.0983,0.1909,17.8475,1.1435,0.0920,0.5908,0.7802,0.1628,0.0570,8.0000
prev_dist,pct,0.1500,25,eurusd+audusd+nzdusd,5847,0.3749,-3.2609,-47.4027,0.2315,-0.0868,0.5095,-0.1156,0.1875,18.9287,1.0812,0.1488,0.4744,0.6853,0.2312,0.0835,11.8667
prev_dist,pct,0.1500,25,eurusd+audusd+usdjpy,5598,0.3541,-2.1594,-47.4127,0.2537,0.1547,0.4202,-0.1073,0.1865,18.1226,1.1223,0.1268,0.5204,0.7544,0.1903,0.0553,10.0500
prev_dist,pct,0.1500,25,eurusd+nzdusd+usdjpy,5599,0.3585,-2.4296,-47.3049,0.2393,0.0302,0.4045,-0.1118,0.1891,18.1259,1.1242,0.1345,0.5113,0.7661,0.1813,0.0526,10.2500
prev_dist,pct,0.1500,25,gbpusd+audusd+nzdusd,6015,0.3511,-3.5955,-47.4385,0.1685,-0.0468,0.5132,-0.1168,0.1865,19.4726,1.0340,0.1295,0.5212,0.6854,0.2182,0.0964,10.7833
prev_dist,pct,0.1500,25,gbpusd+audusd+usdjpy,5766,0.3299,-2.5405,-47.4508,0.2081,0.1893,0.4166,-0.1107,0.1855,18.6665,1.0705,0.1074,0.5678,0.7580,0.1824,0.0596,9.1333
prev_dist,pct,0.1500,25,gbpusd+nzdusd+usdjpy,5767,0.3341,-2.8028,-47.3447,0.1891,0.0713,0.4101,-0.1138,0.1880,18.6698,1.0722,0.1148,0.5590,0.7633,0.1783,0.0584,9.2500
prev_dist,pct,0.1500,25,audusd+nzdusd+usdjpy,5852,0.3628,-3.4810,-47.5760,0.1991,-0.0057,0.5478,-0.1158,0.1838,18.9449,1.0542,0.1478,0.4921,0.6546,0.2440,0.1014,11.6583
prev_dist,pct,0.1500,30,eurusd+gbpusd+audusd,5761,0.3723,-2.5433,-47.3319,0.2407,-0.0217,0.4145,-0.1128,0.1880,18.6503,1.0983,0.1265,0.4744,0.7668,0.1546,0.0786,11.2500
prev_dist,pct,0.1500,30,eurusd+gbpusd+nzdusd,5762,0.3730,-3.1146,-47.2412,0.2228,-0.1613,0.4124,-0.1145,0.1903,18.6536,1.1002,0.1326,0.4712,0.7659,0.1600,0.0740,11.2500
prev_dist,pct,0.1500,30,eurusd+gbpusd+usdjpy,5513,0.3561,-1.6820,-47.2786,0.2465,0.1522,0.3876,-0.1031,0.1890,17.8475,1.1435,0.1083,0.5244,0.7802,0.1628,0.0570,9.2500
prev_dist,pct,0.1500,30,eurusd+audusd+nzdusd,5847,0.3971,-3.8659,-47.3552,0.2315,-0.1600,0.5095,-0.1161,0.1880,18.9287,1.0812,0.1676,0.3971,0.6853,0.2312,0.0835,13.2500
prev_dist,pct,0.1500,30,eurusd+audusd+usdjpy,5598,0.3816,-2.4885,-47.3977,0.2537,0.0913,0.4202,-0.1102,0.1866,18.1226,1.1223,0.1452,0.4462,0.7544,0.1903,0.0553,12.2500
prev_dist,pct,0.1500,30,eurusd+nzdusd+usdjpy,5599,0.3822,-3.0764,-47.3033,0.2393,-0.0248,0.4045,-0.1136,0.1889,18.1259,1.1242,0.1515,0.4429,0.7661,0.1813,0.0526,12.2500
prev_dist,pct,0.1500,30,gbpusd+audusd+nzdusd,6015,0.3754,-4.1611,-47.4773,0.1685,-0.1542,0.5132,-0.1165,0.1857,19.4726,1.0340,0.1465,0.4464,0.6854,0.2182,0.0964,12.8333
prev_dist,pct,0.1500,30,gbpusd+audusd+usdjpy,5766,0.3593,-2.8365,-47.5252,0.2081,0.0978,0.4166,-0.1120,0.1843,18.6665,1.0705,0.1238,0.4962,0.7580,0.1824,0.0596,11.1167
prev_dist,pct,0.1500,30,gbpusd+nzdusd+usdjpy,5767,0.3600,-3.4072,-47.4313,0.1891,-0.0208,0.4101,-0.1147,0.1865,18.6698,1.0722,0.1299,0.4930,0.7633,0.1783,0.0584,11.1667
prev_dist,pct,0.1500,30,audusd+nzdusd+usdjpy,5852,0.3843,-4.1536,-47.5458,0.1991,-0.0517,0.5478,-0.1157,0.1843,18.9449,1.0542,0.1649,0.4187,0.6546,0.2440,0.1014,13.2500
prev_dist,pct,0.1500,40,eurusd+gbpusd+audusd,5761,0.4110,-2.7663,-47.2909,0.2407,-0.0265,0.4145,-0.1137,0.1884,18.6503,1.0983,0.1467,0.3492,0.7668,0.1546,0.0786,13.2500
prev_dist,pct,0.1500,40,eurusd+gbpusd+nzdusd,5762,0.4104,-3.2962,-47.3168,0.2228,-0.1585,0.4124,-0.1165,0.1883,18.6536,1.1002,0.1532,0.3440,0.7659,0.1600,0.0740,13.2500
prev_dist,pct,0.1500,40,eurusd+gbpusd+usdjpy,5513,0.4003,-1.8910,-47.2814,0.2465,0.1545,0.3876,-0.1059,0.1888,17.8475,1.1435,0.1297,0.4058,0.7802,0.1628,0.0570,12.2500
prev_dist,pct,0.1500,40,eurusd+audusd+nzdusd,5847,0.4245,-3.9927,-47.3366,0.2315,-0.2008,0.5095,-0.1160,0.1875,18.9287,1.0812,0.1862,0.2642,0.6853,0.2312,0.0835,15.2500
prev_dist,pct,0.1500,40,eurusd+audusd+usdjpy,5598,0.4151,-2.6398,-47.3025,0.2537,0.0440,0.4202,-0.1110,0.1879,18.1226,1.1223,0.1645,0.3215,0.7544,0.1903,0.0553,14.2500
prev_dist,pct,0.1500,40,eurusd+nzdusd+usdjpy,5599,0.4145,-3.1851,-47.3290,0.2393,-0.0830,0.4045,-0.1152,0.1878,18.1259,1.1242,0.1713,0.3161,0.7661,0.1813,0.0526,14.2500
prev_dist,pct,0.1500,40,gbpusd+audusd+nzdusd,6015,0.4095,-4.2471,-47.3887,0.1685,-0.1793,0.5132,-0.1164,0.1866,19.4726,1.0340,0.1676,0.3140,0.6854,0.2182,0.0964,14.9500
prev_dist,pct,0.1500,40,gbpusd+audusd+usdjpy,5766,0.3998,-2.9446,-47.3574,0.2081,0.0629,0.4166,-0.1124,0.1870,18.6665,1.0705,0.1457,0.3718,0.7580,0.1824,0.0596,13.2500
prev_dist,pct,0.1500,40,gbpusd+nzdusd+usdjpy,5767,0.3992,-3.4739,-47.3832,0.1891,-0.0605,0.4101,-0.1149,0.1868,18.6698,1.0722,0.1522,0.3666,0.7633,0.1783,0.0584,13.2667
prev_dist,pct,0.1500,40,audusd+nzdusd+usdjpy,5852,0.4134,-4.1673,-47.4028,0.1991,-0.1321,0.5478,-0.1156,0.1861,18.9449,1.0542,0.1852,0.2866,0.6546,0.2440,0.1014,15.4167
prev_dist,pct,0.2000,25,eurusd+gbpusd+audusd,5077,0.3388,-2.8172,-47.3339,0.2457,-0.0754,0.3616,-0.1141,0.1886,16.4360,1.2411,0.1085,0.5491,0.7995,0.1456,0.0549,8.6167
prev_dist,pct,0.2000,25,eurusd+gbpusd+nzdusd,5086,0.3453,-2.9562,-47.2561,0.2428,-0.1502,0.3643,-0.1147,0.1908,16.4651,1.2199,0.1148,0.5431,0.7962,0.1514,0.0524,8.8167
prev_dist,pct,0.2000,25,eurusd+gbpusd+usdjpy,4730,0.3173,-2.1901,-47.1791,0.2354,0.0188,0.3397,-0.1088,0.1919,15.3126,1.3448,0.0854,0.6023,0.8090,0.1510,0.0401,6.8667
prev_dist,pct,0.2000,25,eurusd+audusd+nzdusd,5264,0.3714,-3.5055,-47.3814,0.3049,-0.2541,0.4455,-0.1165,0.1874,17.0414,1.1803,0.1514,0.4732,0.7340,0.2060,0.0599,11.2500
prev_dist,pct,0.2000,25,eurusd+audusd+usdjpy,4908,0.3464,-2.8070,-47.3148,0.2919,-0.1206,0.3415,-0.1129,0.1882,15.8889,1.2919,0.1257,0.5253,0.8069,0.1568,0.0363,9.2500
prev_dist,pct,0.2000,25,eurusd+nzdusd+usdjpy,4917,0.3531,-2.9508,-47.2336,0.3013,-0.2170,0.3252,-0.1138,0.1905,15.9180,1.2692,0.1322,0.5190,0.8192,0.1439,0.0369,9.2500
prev_dist,pct,0.2000,25,gbpusd+audusd+nzdusd,5504,0.3541,-3.4562,-47.4617,0.2421,-0.1697,0.4475,-0.1164,0.1866,17.8183,1.0972,0.1303,0.5122,0.7352,0.1975,0.0673,10.2500
prev_dist,pct,0.2000,25,gbpusd+audusd+usdjpy,5148,0.3291,-2.7869,-47.4039,0.2528,-0.0506,0.3320,-0.1134,0.1873,16.6658,1.1912,0.1043,0.5645,0.8152,0.1468,0.0380,8.5000
prev_dist,pct,0.2000,25,gbpusd+nzdusd+usdjpy,5157,0.3355,-2.9241,-47.3255,0.2533,-0.1190,0.3329,-0.1132,0.1895,16.6950,1.1707,0.1105,0.5585,0.8148,0.1477,0.0375,8.5167
prev_dist,pct,0.2000,25,audusd+nzdusd+usdjpy,5335,0.3616,-3.4671,-47.4494,0.3267,-0.2352,0.4630,-0.1154,0.1862,17.2712,1.1346,0.1468,0.4890,0.7219,0.2086,0.0695,11.0000
prev_dist,pct,0.2000,30,eurusd+gbpusd+audusd,5077,0.3703,-2.8601,-47.4169,0.2457,-0.1842,0.3616,-0.1132,0.1870,16.4360,1.2411,0.1268,0.4711,0.7995,0.1456,0.0549,10.2667
prev_dist,pct,0.2000,30,eurusd+gbpusd+nzdusd,5086,0.3726,-3.3196,-47.3513,0.2428,-0.2668,0.3643,-0.1149,0.1891,16.4651,1.2199,0.1315,0.4674,0.7962,0.1514,0.0524,10.2500
prev_dist,pct,0.2000,30,eurusd+gbpusd+usdjpy,4730,0.3516,-2.2203,-47.3158,0.2354,-0.0462,0.3397,-0.1080,0.1896,15.3126,1.3448,0.1021,0.5309,0.8090,0.1510,0.0401,8.5000
prev_dist,pct,0.2000,30,eurusd+audusd+nzdusd,5264,0.3944,-4.0447,-47.4176,0.3049,-0.2982,0.4455,-0.1166,0.1864,17.0414,1.1803,0.1698,0.3959,0.7340,0.2060,0.0599,12.2667
prev_dist,pct,0.2000,30,eurusd+audusd+usdjpy,4908,0.3757,-3.0379,-47.3878,0.2919,-0.1347,0.3415,-0.1127,0.1868,15.8889,1.2919,0.1443,0.4519,0.8069,0.1568,0.0363,11.2500
prev_dist,pct,0.2000,30,eurusd+nzdusd+usdjpy,4917,0.3781,-3.5129,-47.3198,0.3013,-0.2302,0.3252,-0.1146,0.1889,15.9180,1.2692,0.1491,0.4480,0.8192,0.1439,0.0369,11.2500
prev_dist,pct,0.2000,30,gbpusd+audusd+nzdusd,5504,0.3781,-3.9105,-47.4797,0.2421,-0.2799,0.4475,-0.1160,0.1859,17.8183,1.0972,0.1457,0.4370,0.7352,0.1975,0.0673,12.2500
prev_dist,pct,0.2000,30,gbpusd+audusd+usdjpy,5148,0.3592,-2.9414,-47.4555,0.2528,-0.1417,0.3320,-0.1127,0.1862,16.6658,1.1912,0.1197,0.4932,0.8152,0.1468,0.0380,10.2500
prev_dist,pct,0.2000,30,gbpusd+nzdusd+usdjpy,5157,0.3615,-3.3944,-47.3906,0.2533,-0.2213,0.3329,-0.1136,0.1883,16.6950,1.1707,0.1243,0.4894,0.8148,0.1477,0.0375,10.2500
prev_dist,pct,0.2000,30,audusd+nzdusd+usdjpy,5335,0.3833,-4.1074,-47.4564,0.3267,-0.2666,0.4630,-0.1151,0.1857,17.2712,1.1346,0.1623,0.4182,0.7219,0.2086,0.0695,12.4500
prev_dist,pct,0.2000,40,eurusd+gbpusd+audusd,5077,0.4075,-3.1219,-47.3501,0.2457,-0.2569,0.3616,-0.1139,0.1883,16.4360,1.2411,0.1487,0.3461,0.7995,0.1456,0.0549,12.2667
prev_dist,pct,0.2000,40,eurusd+gbpusd+nzdusd,5086,0.4098,-3.3993,-47.4379,0.2428,-0.3359,0.3643,-0.1157,0.1872,16.4651,1.2199,0.1540,0.3362,0.7962,0.1514,0.0524,12.9333
prev_dist,pct,0.2000,40,eurusd+gbpusd+usdjpy,4730,0.3947,-2.4809,-47.2637,0.2354,-0.1582,0.3397,-0.1099,0.1905,15.3126,1.3448,0.1249,0.4133,0.8090,0.1510,0.0401,11.2500
prev_dist,pct,0.2000,40,eurusd+audusd+nzdusd,5264,0.4212,-4.0708,-47.4314,0.3049,-0.3498,0.4455,-0.1169,0.1859,17.0414,1.1803,0.1911,0.2566,0.7340,0.2060,0.0599,14.2500
prev_dist,pct,0.2000,40,eurusd+audusd+usdjpy,4908,0.4075,-3.2345,-47.2617,0.2919,-0.2407,0.3415,-0.1133,0.1891,15.8889,1.2919,0.1659,0.3252,0.8069,0.1568,0.0363,13.2500
prev_dist,pct,0.2000,40,eurusd+nzdusd+usdjpy,4917,0.4098,-3.5212,-47.3513,0.3013,-0.3307,0.3252,-0.1147,0.1879,15.9180,1.2692,0.1712,0.3150,0.8192,0.1439,0.0369,13.2500
prev_dist,pct,0.2000,40,gbpusd+audusd+nzdusd,5504,0.4108,-3.9410,-47.4459,0.2421,-0.3192,0.4475,-0.1161,0.1865,17.8183,1.0972,0.1679,0.3031,0.7352,0.1975,0.0673,14.2500
prev_dist,pct,0.2000,40,gbpusd+audusd+usdjpy,5148,0.3970,-3.1347,-47.2858,0.2528,-0.2272,0.3320,-0.1131,0.1896,16.6658,1.1912,0.1422,0.3716,0.8152,0.1468,0.0380,13.2083
prev_dist,pct,0.2000,40,gbpusd+nzdusd+usdjpy,5157,0.3993,-3.4082,-47.3716,0.2533,-0.2985,0.3329,-0.1136,0.1885,16.6950,1.1707,0.1474,0.3618,0.8148,0.1477,0.0375,13.2500
prev_dist,pct,0.2000,40,audusd+nzdusd+usdjpy,5335,0.4109,-4.0705,-47.3675,0.3267,-0.3362,0.4630,-0.1153,0.1872,17.2712,1.1346,0.1843,0.2825,0.7219,0.2086,0.0695,15.0000
prev_dist,pct,0.3000,25,eurusd+gbpusd+audusd,3702,0.3495,-2.3154,-47.3243,0.2509,-0.1531,0.3006,-0.1043,0.1881,11.9846,1.5103,0.1224,0.5332,0.8364,0.1256,0.0380,8.2500
prev_dist,pct,0.3000,25,eurusd+gbpusd+nzdusd,3712,0.3505,-3.1257,-47.2711,0.2846,-0.2898,0.2845,-0.1124,0.1897,12.0170,1.5249,0.1218,0.5329,0.8459,0.1212,0.0329,8.2500
prev_dist,pct,0.3000,25,eurusd+gbpusd+usdjpy,3266,0.3184,-2.1885,-47.0636,0.2559,-0.1569,0.2587,-0.1096,0.1927,10.5732,1.8522,0.0885,0.6044,0.8593,0.1153,0.0253,5.8250
prev_dist,pct,0.3000,25,eurusd+audusd+nzdusd,4021,0.3755,-3.2789,-47.5703,0.2769,-0.3394,0.3929,-0.1093,0.1826,13.0174,1.3711,0.1594,0.4611,0.7682,0.1920,0.0398,10.2500
prev_dist,pct,0.3000,25,eurusd+audusd+usdjpy,3575,0.3494,-2.4419,-47.4093,0.2517,-0.2682,0.2719,-0.1059,0.1846,11.5735,1.5972,0.1337,0.5175,0.8493,0.1301,0.0206,8.5000
prev_dist,pct,0.3000,25,eurusd+nzdusd+usdjpy,3585,0.3503,-3.2805,-47.3550,0.2911,-0.3841,0.2410,-0.1140,0.1862,11.6059,1.6147,0.1331,0.5172,0.8697,0.1104,0.0199,8.8167
prev_dist,pct,0.3000,25,gbpusd+audusd+nzdusd,4285,0.3631,-2.9202,-47.4309,0.2598,-0.2171,0.3804,-0.1094,0.1861,13.8720,1.2623,0.1426,0.4954,0.7786,0.1829,0.0385,9.5000
prev_dist,pct,0.3000,25,gbpusd+audusd+usdjpy,3839,0.3373,-2.0990,-47.2686,0.2494,-0.1174,0.2501,-0.1058,0.1883,12.4282,1.4422,0.1167,0.5520,0.8634,0.1182,0.0184,8.2500
prev_dist,pct,0.3000,25,gbpusd+nzdusd+usdjpy,3849,0.3383,-2.8810,-47.2197,0.2875,-0.2647,0.2338,-0.1144,0.1898,12.4605,1.4552,0.1161,0.5516,0.8733,0.1086,0.0181,8.2500
prev_dist,pct,0.3000,25,audusd+nzdusd+usdjpy,4158,0.3634,-3.0474,-47.5125,0.2771,-0.3255,0.3855,-0.1106,0.1830,13.4609,1.3152,0.1530,0.4808,0.7732,0.1910,0.0358,10.2417
prev_dist,pct,0.3000,30,eurusd+gbpusd+audusd,3702,0.3830,-2.1440,-47.3193,0.2509,-0.1836,0.3006,-0.1017,0.1879,11.9846,1.5103,0.1388,0.4587,0.8364,0.1256,0.0380,9.3917
prev_dist,pct,0.3000,30,eurusd+gbpusd+nzdusd,3712,0.3798,-3.2469,-47.3179,0.2846,-0.3158,0.2845,-0.1134,0.1888,12.0170,1.5249,0.1387,0.4580,0.8459,0.1212,0.0329,10.0000
prev_dist,pct,0.3000,30,eurusd+gbpusd+usdjpy,3266,0.3564,-1.9424,-47.0817,0.2559,-0.1324,0.2587,-0.1071,0.1923,10.5732,1.8522,0.1035,0.5355,0.8593,0.1153,0.0253,8.2500
prev_dist,pct,0.3000,30,eurusd+audusd+nzdusd,4021,0.3994,-3.6635,-47.5424,0.2769,-0.3191,0.3929,-0.1098,0.1830,13.0174,1.3711,0.1781,0.3837,0.7682,0.1920,0.0398,11.2833
prev_dist,pct,0.3000,30,eurusd+audusd+usdjpy,3575,0.3804,-2.5238,-47.3474,0.2517,-0.2109,0.2719,-0.1036,0.1855,11.5735,1.5972,0.1508,0.4453,0.8493,0.1301,0.0206,10.1167
prev_dist,pct,0.3000,30,eurusd+nzdusd+usdjpy,3585,0.3771,-3.6647,-47.3475,0.2911,-0.3632,0.2410,-0.1138,0.1864,11.6059,1.6147,0.1506,0.4446,0.8697,0.1104,0.0199,10.2500
prev_dist,pct,0.3000,30,gbpusd+audusd+nzdusd,4285,0.3865,-3.3998,-47.4730,0.2598,-0.3563,0.3804,-0.1109,0.1856,13.8720,1.2623,0.1592,0.4236,0.7786,0.1829,0.0385,11.2500
prev_dist,pct,0.3000,30,gbpusd+audusd+usdjpy,3839,0.3673,-2.3078,-47.2851,0.2494,-0.2793,0.2501,-0.1052,0.1882,12.4282,1.4422,0.1315,0.4855,0.8634,0.1182,0.0184,9.2500
prev_dist,pct,0.3000,30,gbpusd+nzdusd+usdjpy,3849,0.3643,-3.3710,-47.2879,0.2875,-0.4009,0.2338,-0.1150,0.1891,12.4605,1.4552,0.1315,0.4848,0.8733,0.1086,0.0181,9.2500
prev_dist,pct,0.3000,30,audusd+nzdusd+usdjpy,4158,0.3843,-3.7648,-47.5056,0.2771,-0.3963,0.3855,-0.1111,0.1835,13.4609,1.3152,0.1700,0.4110,0.7732,0.1910,0.0358,11.2500
prev_dist,pct,0.3000,40,eurusd+gbpusd+audusd,3701,0.4188,-2.3693,-47.4026,0.2509,-0.2467,0.3007,-0.1039,0.1863,11.9814,1.5103,0.1602,0.3375,0.8364,0.1256,0.0380,11.2500
prev_dist,pct,0.3000,40,eurusd+gbpusd+nzdusd,3711,0.4142,-3.4723,-47.4218,0.2846,-0.3915,0.2846,-0.1150,0.1864,12.0138,1.5249,0.1614,0.3296,0.8458,0.1212,0.0329,11.7667
prev_dist,pct,0.3000,40,eurusd+gbpusd+usdjpy,3265,0.3979,-2.1176,-47.1066,0.2559,-0.1862,0.2588,-0.1074,0.1920,10.5699,1.8522,0.1237,0.4224,0.8593,0.1154,0.0254,9.2500
prev_dist,pct,0.3000,40,eurusd+audusd+nzdusd,4020,0.4259,-3.8613,-47.5700,0.2769,-0.3893,0.3930,-0.1120,0.1821,13.0141,1.3711,0.1980,0.2540,0.7681,0.1920,0.0399,13.2500
prev_dist,pct,0.3000,40,eurusd+audusd+usdjpy,3574,0.4124,-2.6723,-47.2906,0.2517,-0.3186,0.2720,-0.1065,0.1867,11.5703,1.5972,0.1682,0.3293,0.8492,0.1301,0.0206,12.2500
prev_dist,pct,0.3000,40,eurusd+nzdusd+usdjpy,3584,0.4076,-3.8135,-47.3114,0.2911,-0.4746,0.2411,-0.1148,0.1868,11.6026,1.6147,0.1694,0.3211,0.8697,0.1104,0.0199,12.2500
prev_dist,pct,0.3000,40,gbpusd+audusd+nzdusd,4285,0.4154,-3.6857,-47.5767,0.2598,-0.4118,0.3804,-0.1128,0.1830,13.8720,1.2623,0.1823,0.2966,0.7786,0.1829,0.0385,13.2500
prev_dist,pct,0.3000,40,gbpusd+audusd+usdjpy,3839,0.4017,-2.5584,-47.3186,0.2494,-0.3567,0.2501,-0.1076,0.1873,12.4282,1.4422,0.1526,0.3717,0.8634,0.1182,0.0184,11.2500
prev_dist,pct,0.3000,40,gbpusd+nzdusd+usdjpy,3849,0.3972,-3.6213,-47.3387,0.2875,-0.4682,0.2338,-0.1146,0.1874,12.4605,1.4552,0.1538,0.3640,0.8733,0.1086,0.0181,11.2500
prev_dist,pct,0.3000,40,audusd+nzdusd+usdjpy,4158,0.4098,-3.9863,-47.4863,0.2771,-0.4803,0.3855,-0.1124,0.1832,13.4609,1.3152,0.1898,0.2884,0.7732,0.1910,0.0358,13.2500
prev_dist,pct,0.4000,25,eurusd+gbpusd+audusd,2566,0.3574,-1.9480,-46.8605,0.1876,-0.2542,0.2790,-0.1027,0.1955,8.3070,1.8434,0.1204,0.5320,0.8482,0.1199,0.0318,8.2500
prev_dist,pct,0.4000,25,eurusd+gbpusd+nzdusd,2628,0.3649,-1.9387,-46.9283,0.3071,-0.3506,0.2572,-0.1145,0.1926,8.5077,1.8502,0.1260,0.5183,0.8614,0.1134,0.0252,8.2500
prev_dist,pct,0.4000,25,eurusd+gbpusd+usdjpy,2199,0.3211,-1.3191,-46.6333,0.2837,-0.3366,0.2351,-0.1007,0.1988,7.1189,2.5472,0.0791,0.6153,0.8743,0.1043,0.0214,4.8167
prev_dist,pct,0.4000,25,eurusd+audusd+nzdusd,2916,0.3837,-2.9165,-47.3044,0.2617,-0.1644,0.3594,-0.1113,0.1862,9.4401,1.6757,0.1656,0.4558,0.7908,0.1760,0.0332,9.5833
prev_dist,pct,0.4000,25,eurusd+audusd+usdjpy,2487,0.3482,-2.5374,-47.0912,0.2342,-0.1270,0.2292,-0.1080,0.1906,8.0513,2.1346,0.1311,0.5308,0.8774,0.1029,0.0198,8.2500
prev_dist,pct,0.4000,25,eurusd+nzdusd+usdjpy,2549,0.3562,-2.5135,-47.1701,0.3594,-0.2263,0.2099,-0.1168,0.1878,8.2520,2.1456,0.1365,0.5167,0.8888,0.0934,0.0177,8.2500
prev_dist,pct,0.4000,25,gbpusd+audusd+nzdusd,3146,0.3678,-2.9721,-47.2639,0.2288,-0.2889,0.3614,-0.1123,0.1883,10.1847,1.5212,0.1513,0.4911,0.7910,0.1705,0.0385,9.2500
prev_dist,pct,0.4000,25,gbpusd+audusd+usdjpy,2717,0.3327,-2.6339,-47.0661,0.2282,-0.2895,0.2234,-0.1089,0.1927,8.7959,1.8595,0.1174,0.5653,0.8797,0.1018,0.0184,7.5500
prev_dist,pct,0.4000,25,gbpusd+nzdusd+usdjpy,2779,0.3404,-2.6098,-47.1297,0.3499,-0.3533,0.2076,-0.1180,0.1900,8.9966,1.8667,0.1227,0.5516,0.8885,0.0961,0.0154,8.2500
prev_dist,pct,0.4000,25,audusd+nzdusd+usdjpy,3067,0.3606,-3.4764,-47.4764,0.2927,-0.1901,0.3495,-0.1146,0.1842,9.9289,1.6851,0.1607,0.4891,0.7961,0.1742,0.0298,9.2500
prev_dist,pct,0.4000,30,eurusd+gbpusd+audusd,2566,0.3901,-1.8645,-46.8753,0.1876,-0.2584,0.2790,-0.1024,0.1947,8.3070,1.8434,0.1352,0.4614,0.8482,0.1199,0.0318,9.2500
prev_dist,pct,0.4000,30,eurusd+gbpusd+nzdusd,2628,0.3931,-2.2956,-47.0285,0.3071,-0.3595,0.2572,-0.1173,0.1908,8.5077,1.8502,0.1400,0.4524,0.8614,0.1134,0.0252,9.2500
prev_dist,pct,0.4000,30,eurusd+gbpusd+usdjpy,2199,0.3583,-1.3422,-46.7099,0.2837,-0.3117,0.2351,-0.1046,0.1973,7.1189,2.5472,0.0928,0.5525,0.8743,0.1043,0.0214,7.3833
prev_dist,pct,0.4000,30,eurusd+audusd+nzdusd,2916,0.4105,-3.1807,-47.3246,0.2617,-0.2180,0.3594,-0.1124,0.1855,9.4401,1.6757,0.1814,0.3807,0.7908,0.1760,0.0332,11.2500
prev_dist,pct,0.4000,30,eurusd+audusd+usdjpy,2487,0.3828,-2.4903,-47.0789,0.2342,-0.1670,0.2292,-0.1062,0.1903,8.0513,2.1346,0.1468,0.4568,0.8774,0.1029,0.0198,9.2500
prev_dist,pct,0.4000,30,eurusd+nzdusd+usdjpy,2549,0.3860,-2.9195,-47.2478,0.3594,-0.2500,0.2099,-0.1175,0.1863,8.2520,2.1456,0.1514,0.4476,0.8888,0.0934,0.0177,9.2667
prev_dist,pct,0.4000,30,gbpusd+audusd+nzdusd,3146,0.3919,-3.3877,-47.3965,0.2288,-0.3822,0.3614,-0.1135,0.1857,10.1847,1.5212,0.1653,0.4224,0.7910,0.1705,0.0385,10.2500
prev_dist,pct,0.4000,30,gbpusd+audusd+usdjpy,2717,0.3636,-2.7885,-47.1831,0.2282,-0.3911,0.2234,-0.1088,0.1901,8.7959,1.8595,0.1310,0.4987,0.8797,0.1018,0.0184,8.5333
prev_dist,pct,0.4000,30,gbpusd+nzdusd+usdjpy,2779,0.3670,-3.1756,-47.3281,0.3499,-0.4276,0.2076,-0.1181,0.1865,8.9966,1.8667,0.1357,0.4894,0.8885,0.0961,0.0154,9.2500
prev_dist,pct,0.4000,30,audusd+nzdusd+usdjpy,3067,0.3860,-3.9344,-47.5909,0.2927,-0.2922,0.3495,-0.1137,0.1819,9.9289,1.6851,0.1754,0.4177,0.7961,0.1742,0.0298,10.2500
prev_dist,pct,0.4000,40,eurusd+gbpusd+audusd,2566,0.4287,-1.8187,-47.0284,0.1876,-0.2025,0.2790,-0.1000,0.1924,8.3070,1.8434,0.1574,0.3352,0.8482,0.1199,0.0318,10.8000
prev_dist,pct,0.4000,40,eurusd+gbpusd+nzdusd,2628,0.4258,-2.6427,-47.0154,0.3071,-0.3362,0.2572,-0.1159,0.1915,8.5077,1.8502,0.1617,0.3246,0.8614,0.1134,0.0252,11.2500
prev_dist,pct,0.4000,40,eurusd+gbpusd+usdjpy,2199,0.4061,-1.1390,-46.7242,0.2837,-0.2892,0.2351,-0.0961,0.1977,7.1189,2.5472,0.1155,0.4329,0.8743,0.1043,0.0214,9.2500
prev_dist,pct,0.4000,40,eurusd+audusd+nzdusd,2916,0.4352,-3.4824,-47.4014,0.2617,-0.2010,0.3594,-0.1147,0.1843,9.4401,1.6757,0.2003,0.2538,0.7908,0.1760,0.0332,12.2667
prev_dist,pct,0.4000,40,eurusd+audusd+usdjpy,2487,0.4194,-2.2976,-47.1939,0.2342,-0.1604,0.2292,-0.1075,0.1885,8.0513,2.1346,0.1661,0.3374,0.8774,0.1029,0.0198,11.2500
prev_dist,pct,0.4000,40,eurusd+nzdusd+usdjpy,2549,0.4166,-3.1356,-47.1837,0.3594,-0.2603,0.2099,-0.1174,0.1877,8.2520,2.1456,0.1703,0.3264,0.8888,0.0934,0.0177,11.2500
prev_dist,pct,0.4000,40,gbpusd+audusd+nzdusd,3146,0.4209,-3.6837,-47.4696,0.2288,-0.4119,0.3614,-0.1120,0.1844,10.1847,1.5212,0.1879,0.2912,0.7910,0.1705,0.0385,12.2500
prev_dist,pct,0.4000,40,gbpusd+audusd+usdjpy,2717,0.4041,-2.6311,-47.2880,0.2282,-0.4255,0.2234,-0.1073,0.1883,8.7959,1.8595,0.1546,0.3736,0.8797,0.1018,0.0184,10.2500
prev_dist,pct,0.4000,40,gbpusd+nzdusd+usdjpy,2779,0.4019,-3.3922,-47.2715,0.3499,-0.4740,0.2076,-0.1163,0.1875,8.9966,1.8667,0.1587,0.3627,0.8885,0.0961,0.0154,11.2500
prev_dist,pct,0.4000,40,audusd+nzdusd+usdjpy,3067,0.4131,-4.1201,-47.6252,0.2927,-0.3525,0.3495,-0.1150,0.1810,9.9289,1.6851,0.1956,0.2918,0.7961,0.1742,0.0298,12.2500
prev_dist,pct,0.6000,25,eurusd+gbpusd+audusd,1179,0.3444,-2.4726,-46.5964,0.2480,-0.2981,0.2214,-0.1131,0.1985,3.8168,3.6203,0.1128,0.5606,0.8848,0.0891,0.0261,6.9333
prev_dist,pct,0.6000,25,eurusd+gbpusd+nzdusd,1228,0.3379,-4.3233,-47.2388,0.2816,-0.3189,0.2060,-0.1165,0.1877,3.9755,2.7184,0.1246,0.5472,0.8893,0.0886,0.0221,8.0000
prev_dist,pct,0.6000,25,eurusd+gbpusd+usdjpy,967,0.2761,-4.0139,-46.5591,0.3895,-0.2084,0.1944,-0.1180,0.1982,3.1305,6.3784,0.0651,0.6825,0.8978,0.0813,0.0209,3.0167
prev_dist,pct,0.6000,25,eurusd+audusd+nzdusd,1434,0.3717,-3.1951,-47.4266,0.2084,-0.3356,0.3131,-0.1130,0.1835,4.6424,2.4222,0.1569,0.4840,0.8178,0.1604,0.0218,8.2500
prev_dist,pct,0.6000,25,eurusd+audusd+usdjpy,1173,0.3282,-2.6891,-46.8944,0.2626,-0.2751,0.1807,-0.1124,0.1913,3.7974,4.1014,0.1151,0.5814,0.9061,0.0750,0.0190,6.7333
prev_dist,pct,0.6000,25,eurusd+nzdusd+usdjpy,1222,0.3224,-4.5401,-47.5687,0.2723,-0.3124,0.1637,-0.1163,0.1807,3.9560,2.9785,0.1268,0.5671,0.9179,0.0622,0.0198,7.9167
prev_dist,pct,0.6000,25,gbpusd+audusd+nzdusd,1586,0.3550,-3.3626,-47.4692,0.1963,-0.3827,0.3064,-0.1159,0.1833,5.1344,2.2770,0.1431,0.5095,0.8280,0.1370,0.0350,8.2500
prev_dist,pct,0.6000,25,gbpusd+audusd+usdjpy,1325,0.3132,-2.9476,-47.0024,0.2571,-0.3540,0.1789,-0.1164,0.1902,4.2895,3.5732,0.1034,0.6008,0.9077,0.0730,0.0193,5.6833
prev_dist,pct,0.6000,25,gbpusd+nzdusd+usdjpy,1374,0.3086,-4.5847,-47.5962,0.2891,-0.3665,0.1827,-0.1169,0.1808,4.4481,2.7075,0.1143,0.5873,0.9036,0.0794,0.0170,6.4833
prev_dist,pct,0.6000,25,audusd+nzdusd+usdjpy,1580,0.3430,-3.5267,-47.7273,0.2192,-0.3855,0.3006,-0.1152,0.1779,5.1150,2.4203,0.1449,0.5247,0.8295,0.1439,0.0265,8.2500
prev_dist,pct,0.6000,30,eurusd+gbpusd+audusd,1179,0.3868,-1.7021,-46.5179,0.2480,-0.2220,0.2214,-0.1002,0.2007,3.8168,3.6203,0.1289,0.4835,0.8848,0.0891,0.0261,8.2500
prev_dist,pct,0.6000,30,eurusd+gbpusd+nzdusd,1228,0.3705,-4.3347,-47.1285,0.2816,-0.3229,0.2060,-0.1167,0.1898,3.9755,2.7184,0.1384,0.4788,0.8893,0.0886,0.0221,8.2583
prev_dist,pct,0.6000,30,eurusd+gbpusd+usdjpy,967,0.3226,-2.9430,-46.4661,0.3895,-0.2573,0.1944,-0.1177,0.2003,3.1305,6.3784,0.0786,0.6081,0.8978,0.0813,0.0209,4.7333
prev_dist,pct,0.6000,30,eurusd+audusd+nzdusd,1434,0.3989,-3.6799,-47.3505,0.2084,-0.2620,0.3131,-0.1137,0.1854,4.6424,2.4222,0.1722,0.4121,0.8178,0.1604,0.0218,9.2500
prev_dist,pct,0.6000,30,eurusd+audusd+usdjpy,1173,0.3657,-2.3869,-46.8374,0.2626,-0.1968,0.1807,-0.1053,0.1931,3.7974,4.1014,0.1304,0.5038,0.9061,0.0750,0.0190,8.2500
prev_dist,pct,0.6000,30,eurusd+nzdusd+usdjpy,1222,0.3502,-5.0050,-47.4824,0.2723,-0.3196,0.1637,-0.1164,0.1824,3.9560,2.9785,0.1399,0.4984,0.9179,0.0622,0.0198,8.2500
prev_dist,pct,0.6000,30,gbpusd+audusd+nzdusd,1586,0.3852,-3.5846,-47.4317,0.1963,-0.3311,0.3064,-0.1165,0.1844,5.1344,2.2770,0.1576,0.4426,0.8280,0.1370,0.0350,9.2500
prev_dist,pct,0.6000,30,gbpusd+audusd+usdjpy,1325,0.3532,-2.4212,-46.9843,0.2571,-0.3061,0.1789,-0.1177,0.1910,4.2895,3.5732,0.1177,0.5298,0.9077,0.0730,0.0193,8.2500
prev_dist,pct,0.6000,30,gbpusd+nzdusd+usdjpy,1374,0.3399,-4.7484,-47.5537,0.2891,-0.3835,0.1827,-0.1170,0.1816,4.4481,2.7075,0.1266,0.5240,0.9036,0.0794,0.0170,8.2500
prev_dist,pct,0.6000,30,audusd+nzdusd+usdjpy,1580,0.3696,-4.1002,-47.7088,0.2192,-0.3283,0.3006,-0.1161,0.1787,5.1150,2.4203,0.1589,0.4576,0.8295,0.1439,0.0265,9.0000
prev_dist,pct,0.6000,40,eurusd+gbpusd+audusd,1179,0.4182,-2.8852,-46.9133,0.2480,-0.2225,0.2214,-0.1144,0.1934,3.8168,3.6203,0.1527,0.3757,0.8848,0.0891,0.0261,9.2500
prev_dist,pct,0.6000,40,eurusd+gbpusd+nzdusd,1228,0.4015,-4.9614,-47.0375,0.2816,-0.3630,0.2060,-0.1150,0.1905,3.9755,2.7184,0.1637,0.3469,0.8893,0.0886,0.0221,10.2167
prev_dist,pct,0.6000,40,eurusd+gbpusd+usdjpy,967,0.3619,-4.0339,-46.7196,0.3895,-0.2724,0.1944,-0.1171,0.1962,3.1305,6.3784,0.1034,0.5016,0.8978,0.0813,0.0209,8.2500
prev_dist,pct,0.6000,40,eurusd+audusd+nzdusd,1434,0.4219,-4.3331,-47.2390,0.2084,-0.3123,0.3131,-0.1106,0.1865,4.6424,2.4222,0.1994,0.2845,0.8178,0.1604,0.0218,11.2500
prev_dist,pct,0.6000,40,eurusd+audusd+usdjpy,1173,0.3939,-3.4287,-47.0202,0.2626,-0.2408,0.1807,-0.1138,0.1902,3.7974,4.1014,0.1577,0.3981,0.9061,0.0750,0.0190,9.2500
prev_dist,pct,0.6000,40,eurusd+nzdusd+usdjpy,1222,0.3781,-5.4933,-47.1468,0.2723,-0.4111,0.1637,-0.1149,0.1874,3.9560,2.9785,0.1686,0.3682,0.9179,0.0622,0.0198,10.2500
prev_dist,pct,0.6000,40,gbpusd+audusd+nzdusd,1586,0.4155,-4.1634,-47.4689,0.1963,-0.3436,0.3064,-0.1135,0.1826,5.1344,2.2770,0.1828,0.3165,0.8280,0.1370,0.0350,10.5000
prev_dist,pct,0.6000,40,gbpusd+audusd+usdjpy,1325,0.3894,-3.3293,-47.3068,0.2571,-0.2866,0.1789,-0.1163,0.1852,4.2895,3.5732,0.1426,0.4234,0.9077,0.0730,0.0193,9.2500
prev_dist,pct,0.6000,40,gbpusd+nzdusd+usdjpy,1374,0.3755,-5.1691,-47.4157,0.2891,-0.4131,0.1827,-0.1160,0.1829,4.4481,2.7075,0.1528,0.3959,0.9036,0.0794,0.0170,9.2500
prev_dist,pct,0.6000,40,audusd+nzdusd+usdjpy,1580,0.3975,-4.5718,-47.5597,0.2192,-0.3694,0.3006,-0.1132,0.1802,5.1150,2.4203,0.1867,0.3329,0.8295,0.1439,0.0265,11.2500
prev_dist,pips,15.0000,25,eurusd+gbpusd+audusd,5786,0.3393,-2.1334,-47.2743,0.2324,0.0471,0.4540,-0.1113,0.1885,18.7313,1.0642,0.1073,0.5491,0.7367,0.1750,0.0883,9.2500
prev_dist,pips,15.0000,25,eurusd+gbpusd+nzdusd,5725,0.3415,-2.4461,-47.2640,0.2383,0.0094,0.4515,-0.1129,0.1893,18.5338,1.0540,0.1097,0.5493,0.7365,0.1812,0.0823,9.0000
prev_dist,pips,15.0000,25,eurusd+gbpusd+usdjpy,5830,0.3208,-1.4483,-47.2467,0.2360,0.2723,0.4353,-0.1035,0.1896,18.8737,1.0835,0.0892,0.5931,0.7481,0.1771,0.0749,8.2500
prev_dist,pips,15.0000,25,eurusd+audusd+nzdusd,5511,0.3749,-2.9440,-47.4440,0.2632,-0.1977,0.4527,-0.1170,0.1857,17.8410,1.0798,0.1475,0.4725,0.7360,0.1820,0.0821,11.2500
prev_dist,pips,15.0000,25,eurusd+audusd+usdjpy,5616,0.3527,-1.8988,-47.4221,0.2565,0.0668,0.4140,-0.1085,0.1861,18.1809,1.1108,0.1255,0.5194,0.7614,0.1775,0.0611,10.0000
prev_dist,pips,15.0000,25,eurusd+nzdusd+usdjpy,5555,0.3552,-2.2185,-47.4125,0.2712,0.0336,0.4103,-0.1121,0.1869,17.9834,1.1000,0.1282,0.5194,0.7625,0.1816,0.0559,9.8667
prev_dist,pips,15.0000,25,gbpusd+audusd+nzdusd,5679,0.3467,-3.2992,-47.4091,0.2395,-0.1010,0.4791,-0.1170,0.1857,18.3849,1.0451,0.1240,0.5244,0.7198,0.1779,0.1022,10.1333
prev_dist,pips,15.0000,25,gbpusd+audusd+usdjpy,5784,0.3257,-2.2780,-47.3885,0.2365,0.1605,0.4495,-0.1119,0.1861,18.7248,1.0743,0.1030,0.5690,0.7354,0.1927,0.0719,8.9750
prev_dist,pips,15.0000,25,gbpusd+nzdusd+usdjpy,5723,0.3278,-2.5923,-47.3785,0.2497,0.1358,0.4365,-0.1137,0.1869,18.5273,1.0639,0.1054,0.5695,0.7441,0.1901,0.0658,8.7833
prev_dist,pips,15.0000,25,audusd+nzdusd+usdjpy,5509,0.3607,-3.0960,-47.5668,0.2699,-0.0770,0.4634,-0.1158,0.1832,17.8345,1.0905,0.1430,0.4934,0.7272,0.1891,0.0837,11.0833
prev_dist,pips,15.0000,30,eurusd+gbpusd+audusd,5786,0.3716,-2.3007,-47.3153,0.2324,-0.0634,0.4540,-0.1116,0.1875,18.7313,1.0642,0.1256,0.4775,0.7367,0.1750,0.0883,11.2500
prev_dist,pips,15.0000,30,eurusd+gbpusd+nzdusd,5725,0.3708,-2.8725,-47.2936,0.2383,-0.0885,0.4515,-0.1141,0.1885,18.5338,1.0540,0.1280,0.4793,0.7365,0.1812,0.0823,11.0000
prev_dist,pips,15.0000,30,eurusd+gbpusd+usdjpy,5830,0.3545,-1.6043,-47.2930,0.2360,0.2528,0.4353,-0.1037,0.1886,18.8737,1.0835,0.1065,0.5245,0.7481,0.1771,0.0749,9.9000
prev_dist,pips,15.0000,30,eurusd+audusd+nzdusd,5511,0.3988,-3.5390,-47.4183,0.2632,-0.2738,0.4527,-0.1170,0.1858,17.8410,1.0798,0.1657,0.3997,0.7360,0.1820,0.0821,12.9500
prev_dist,pips,15.0000,30,eurusd+audusd+usdjpy,5616,0.3814,-2.2100,-47.4153,0.2565,0.0332,0.4140,-0.1093,0.1859,18.1809,1.1108,0.1426,0.4482,0.7614,0.1775,0.0611,12.2500
prev_dist,pips,15.0000,30,eurusd+nzdusd+usdjpy,5555,0.3807,-2.7983,-47.3935,0.2712,0.0200,0.4103,-0.1140,0.1870,17.9834,1.1000,0.1453,0.4497,0.7625,0.1816,0.0559,11.7833
prev_dist,pips,15.0000,30,gbpusd+audusd+nzdusd,5679,0.3730,-3.8695,-47.4322,0.2395,-0.2268,0.4791,-0.1165,0.1852,18.3849,1.0451,0.1400,0.4554,0.7198,0.1779,0.1022,12.1500
prev_dist,pips,15.0000,30,gbpusd+audusd+usdjpy,5784,0.3565,-2.5731,-47.4289,0.2365,0.0963,0.4495,-0.1116,0.1853,18.7248,1.0743,0.1181,0.5014,0.7354,0.1927,0.0719,10.9833
prev_dist,pips,15.0000,30,gbpusd+nzdusd+usdjpy,5723,0.3556,-3.1479,-47.4075,0.2497,0.0803,0.4365,-0.1144,0.1863,18.5273,1.0639,0.1204,0.5034,0.7441,0.1901,0.0658,10.6667
prev_dist,pips,15.0000,30,audusd+nzdusd+usdjpy,5509,0.3830,-3.8253,-47.5392,0.2699,-0.1193,0.4634,-0.1159,0.1835,17.8345,1.0905,0.1577,0.4248,0.7272,0.1891,0.0837,13.0000
prev_dist,pips,15.0000,40,eurusd+gbpusd+audusd,5786,0.4072,-2.6831,-47.3695,0.2324,-0.0485,0.4540,-0.1140,0.1870,18.7313,1.0642,0.1450,0.3579,0.7367,0.1750,0.0883,13.2500
prev_dist,pips,15.0000,40,eurusd+gbpusd+nzdusd,5725,0.4068,-3.1484,-47.4468,0.2383,-0.1503,0.4515,-0.1167,0.1859,18.5338,1.0540,0.1481,0.3527,0.7365,0.1812,0.0823,13.2500
prev_dist,pips,15.0000,40,eurusd+gbpusd+usdjpy,5830,0.3949,-2.0236,-47.3219,0.2360,0.2227,0.4353,-0.1073,0.1880,18.8737,1.0835,0.1259,0.4110,0.7481,0.1771,0.0749,12.3667
prev_dist,pips,15.0000,40,eurusd+audusd+nzdusd,5511,0.4261,-3.6448,-47.4755,0.2632,-0.3170,0.4527,-0.1171,0.1848,17.8410,1.0798,0.1854,0.2638,0.7360,0.1820,0.0821,14.2500
prev_dist,pips,15.0000,40,eurusd+audusd+usdjpy,5616,0.4133,-2.4678,-47.3444,0.2565,-0.0142,0.4140,-0.1115,0.1870,18.1809,1.1108,0.1617,0.3260,0.7614,0.1775,0.0611,14.2500
prev_dist,pips,15.0000,40,eurusd+nzdusd+usdjpy,5555,0.4130,-2.9450,-47.4236,0.2712,-0.1123,0.4103,-0.1151,0.1859,17.9834,1.1000,0.1651,0.3203,0.7625,0.1816,0.0559,14.2500
prev_dist,pips,15.0000,40,gbpusd+audusd+nzdusd,5679,0.4045,-4.1034,-47.4521,0.2395,-0.2287,0.4791,-0.1166,0.1851,18.3849,1.0451,0.1616,0.3238,0.7198,0.1779,0.1022,14.2500
prev_dist,pips,15.0000,40,gbpusd+audusd+usdjpy,5784,0.3925,-2.9523,-47.3250,0.2365,0.0681,0.4495,-0.1124,0.1873,18.7248,1.0743,0.1390,0.3831,0.7354,0.1927,0.0719,13.2500
prev_dist,pips,15.0000,40,gbpusd+nzdusd+usdjpy,5723,0.3919,-3.4207,-47.4016,0.2497,-0.0133,0.4365,-0.1152,0.1862,18.5273,1.0639,0.1421,0.3781,0.7441,0.1901,0.0658,13.2500
prev_dist,pips,15.0000,40,audusd+nzdusd+usdjpy,5509,0.4106,-3.9278,-47.4285,0.2699,-0.2075,0.4634,-0.1159,0.1851,17.8345,1.0905,0.1792,0.2903,0.7272,0.1891,0.0837,15.1333
prev_dist,pips,20.0000,25,eurusd+gbpusd+audusd,5113,0.3419,-1.8844,-47.1992,0.2322,-0.0430,0.4005,-0.1031,0.1901,16.5525,1.1507,0.1109,0.5498,0.7709,0.1694,0.0597,8.3500
prev_dist,pips,20.0000,25,eurusd+gbpusd+nzdusd,5048,0.3395,-2.4335,-47.1787,0.2543,-0.1196,0.3914,-0.1095,0.1904,16.3421,1.1627,0.1111,0.5519,0.7759,0.1699,0.0542,8.3750
prev_dist,pips,20.0000,25,eurusd+gbpusd+usdjpy,5261,0.3226,-1.5279,-47.0823,0.2838,0.1456,0.3661,-0.0985,0.1926,17.0317,1.2145,0.0899,0.5959,0.7941,0.1565,0.0494,7.6167
prev_dist,pips,20.0000,25,eurusd+audusd+nzdusd,4674,0.3748,-2.6616,-47.4209,0.2470,-0.2373,0.4078,-0.1089,0.1855,15.1313,1.1883,0.1553,0.4668,0.7644,0.1757,0.0599,10.2500
prev_dist,pips,20.0000,25,eurusd+audusd+usdjpy,4887,0.3550,-1.6768,-47.3018,0.2636,0.0038,0.3489,-0.0994,0.1881,15.8209,1.2432,0.1306,0.5179,0.8026,0.1595,0.0379,9.2500
prev_dist,pips,20.0000,25,eurusd+nzdusd+usdjpy,4822,0.3528,-2.2489,-47.2814,0.2908,-0.0647,0.3258,-0.1077,0.1884,15.6105,1.2588,0.1311,0.5197,0.8192,0.1439,0.0369,9.2500
prev_dist,pips,20.0000,25,gbpusd+audusd+nzdusd,5001,0.3467,-2.9530,-47.4340,0.2271,-0.1592,0.4123,-0.1122,0.1852,16.1900,1.0942,0.1284,0.5231,0.7622,0.1746,0.0632,9.2500
prev_dist,pips,20.0000,25,gbpusd+audusd+usdjpy,5214,0.3293,-2.0181,-47.3215,0.2624,0.0701,0.3611,-0.1056,0.1877,16.8795,1.1424,0.1063,0.5687,0.7948,0.1650,0.0401,8.2667
prev_dist,pips,20.0000,25,gbpusd+nzdusd+usdjpy,5149,0.3269,-2.5581,-47.3028,0.2921,0.0121,0.3428,-0.1107,0.1879,16.6691,1.1542,0.1064,0.5710,0.8077,0.1531,0.0392,8.3000
prev_dist,pips,20.0000,25,audusd+nzdusd+usdjpy,4775,0.3604,-2.7912,-47.5545,0.2741,-0.1075,0.3920,-0.1092,0.1829,15.4583,1.1794,0.1493,0.4892,0.7729,0.1771,0.0500,10.2500
prev_dist,pips,20.0000,30,eurusd+gbpusd+audusd,5113,0.3732,-2.0547,-47.2827,0.2322,-0.1913,0.4005,-0.1042,0.1885,16.5525,1.1507,0.1289,0.4786,0.7709,0.1694,0.0597,10.2500
prev_dist,pips,20.0000,30,eurusd+gbpusd+nzdusd,5048,0.3675,-2.8216,-47.2794,0.2543,-0.2661,0.3914,-0.1119,0.1886,16.3421,1.1627,0.1290,0.4800,0.7759,0.1699,0.0542,10.2500
prev_dist,pips,20.0000,30,eurusd+gbpusd+usdjpy,5261,0.3553,-1.6865,-47.1977,0.2838,0.0936,0.3661,-0.1005,0.1903,17.0317,1.2145,0.1059,0.5278,0.7941,0.1565,0.0494,9.2500
prev_dist,pips,20.0000,30,eurusd+audusd+nzdusd,4674,0.3969,-3.2392,-47.3982,0.2470,-0.3195,0.4078,-0.1107,0.1860,15.1313,1.1883,0.1746,0.3930,0.7644,0.1757,0.0599,12.2500
prev_dist,pips,20.0000,30,eurusd+audusd+usdjpy,4887,0.3824,-1.9990,-47.3038,0.2636,-0.0326,0.3489,-0.1008,0.1879,15.8209,1.2432,0.1477,0.4483,0.8026,0.1595,0.0379,10.9500
prev_dist,pips,20.0000,30,eurusd+nzdusd+usdjpy,4822,0.3766,-2.8011,-47.3002,0.2908,-0.1087,0.3258,-0.1101,0.1881,15.6105,1.2588,0.1481,0.4494,0.8192,0.1439,0.0369,11.0083
prev_dist,pips,20.0000,30,gbpusd+audusd+nzdusd,5001,0.3709,-3.4823,-47.5164,0.2271,-0.3002,0.4123,-0.1127,0.1838,16.1900,1.0942,0.1454,0.4531,0.7622,0.1746,0.0632,11.2500
prev_dist,pips,20.0000,30,gbpusd+audusd+usdjpy,5214,0.3585,-2.3100,-47.4210,0.2624,-0.0266,0.3611,-0.1050,0.1857,16.8795,1.1424,0.1214,0.5025,0.7948,0.1650,0.0401,10.0000
prev_dist,pips,20.0000,30,gbpusd+nzdusd+usdjpy,5149,0.3527,-3.0650,-47.4196,0.2921,-0.0941,0.3428,-0.1119,0.1858,16.6691,1.1542,0.1214,0.5042,0.8077,0.1531,0.0392,10.0167
prev_dist,pips,20.0000,30,audusd+nzdusd+usdjpy,4775,0.3803,-3.4929,-47.5502,0.2741,-0.1752,0.3920,-0.1105,0.1830,15.4583,1.1794,0.1654,0.4209,0.7729,0.1771,0.0500,12.0000
prev_dist,pips,20.0000,40,eurusd+gbpusd+audusd,5113,0.4129,-2.3450,-47.3544,0.2322,-0.2232,0.4005,-0.1086,0.1870,16.5525,1.1507,0.1506,0.3575,0.7709,0.1694,0.0597,12.2500
prev_dist,pips,20.0000,40,eurusd+gbpusd+nzdusd,5048,0.4061,-3.1173,-47.3613,0.2543,-0.3053,0.3914,-0.1150,0.1868,16.3421,1.1627,0.1513,0.3542,0.7759,0.1699,0.0542,12.2500
prev_dist,pips,20.0000,40,eurusd+gbpusd+usdjpy,5261,0.3997,-1.9538,-47.2321,0.2838,0.0223,0.3661,-0.1046,0.1896,17.0317,1.2145,0.1277,0.4113,0.7941,0.1565,0.0494,11.6667
prev_dist,pips,20.0000,40,eurusd+audusd+nzdusd,4674,0.4238,-3.5232,-47.4831,0.2470,-0.3870,0.4078,-0.1130,0.1838,15.1313,1.1883,0.1955,0.2647,0.7644,0.1757,0.0599,13.2500
prev_dist,pips,20.0000,40,eurusd+audusd+usdjpy,4887,0.4162,-2.2530,-47.3349,0.2636,-0.1442,0.3489,-0.1037,0.1870,15.8209,1.2432,0.1682,0.3301,0.8026,0.1595,0.0379,13.2500
prev_dist,pips,20.0000,40,eurusd+nzdusd+usdjpy,4822,0.4092,-3.0603,-47.3417,0.2908,-0.2352,0.3258,-0.1119,0.1867,15.6105,1.2588,0.1692,0.3262,0.8192,0.1439,0.0369,13.2500
prev_dist,pips,20.0000,40,gbpusd+audusd+nzdusd,5001,0.4065,-3.7118,-47.5075,0.2271,-0.3345,0.4123,-0.1149,0.1836,16.1900,1.0942,0.1674,0.3259,0.7622,0.1746,0.0632,13.2500
prev_dist,pips,20.0000,40,gbpusd+audusd+usdjpy,5214,0.4001,-2.5136,-47.3674,0.2624,-0.0953,0.3611,-0.1083,0.1866,16.8795,1.1424,0.1429,0.3847,0.7948,0.1650,0.0401,12.2500
prev_dist,pips,20.0000,40,gbpusd+nzdusd+usdjpy,5149,0.3933,-3.2729,-47.3745,0.2921,-0.1670,0.3428,-0.1136,0.1863,16.6691,1.1542,0.1435,0.3818,0.8077,0.1531,0.0392,12.2667
prev_dist,pips,20.0000,40,audusd+nzdusd+usdjpy,4775,0.4096,-3.6824,-47.4953,0.2741,-0.2910,0.3920,-0.1127,0.1834,15.4583,1.1794,0.1862,0.2963,0.7729,0.1771,0.0500,14.2167
prev_dist,pips,30.0000,25,eurusd+gbpusd+audusd,3690,0.3360,-2.4777,-47.2863,0.1852,-0.0322,0.3393,-0.1044,0.1905,11.9458,1.4024,0.1035,0.5656,0.8105,0.1499,0.0396,7.5583
prev_dist,pips,30.0000,25,eurusd+gbpusd+nzdusd,3623,0.3345,-2.8778,-47.3605,0.1868,-0.2363,0.3431,-0.1140,0.1887,11.7289,1.4131,0.1024,0.5636,0.8076,0.1512,0.0412,7.8333
prev_dist,pips,30.0000,25,eurusd+gbpusd+usdjpy,4016,0.3135,-2.2143,-47.1520,0.3051,0.0001,0.2851,-0.1050,0.1931,13.0012,1.5387,0.0844,0.6063,0.8462,0.1246,0.0292,6.2417
prev_dist,pips,30.0000,25,eurusd+audusd+nzdusd,3067,0.3701,-3.2190,-47.6053,0.2037,-0.2581,0.3766,-0.1119,0.1824,9.9289,1.4831,0.1493,0.4829,0.7831,0.1665,0.0504,9.2000
prev_dist,pips,30.0000,25,eurusd+audusd+usdjpy,3460,0.3416,-2.4101,-47.3227,0.2757,-0.0722,0.2749,-0.1015,0.1882,11.2012,1.6261,0.1231,0.5416,0.8506,0.1239,0.0255,8.2500
prev_dist,pips,30.0000,25,eurusd+nzdusd+usdjpy,3393,0.3401,-2.8359,-47.4076,0.2958,-0.2446,0.2670,-0.1132,0.1863,10.9843,1.6476,0.1223,0.5391,0.8542,0.1223,0.0234,8.2500
prev_dist,pips,30.0000,25,gbpusd+audusd+nzdusd,3522,0.3470,-2.8178,-47.4477,0.1351,-0.1451,0.3470,-0.1107,0.1864,11.4019,1.3046,0.1195,0.5375,0.8058,0.1473,0.0469,8.2500
prev_dist,pips,30.0000,25,gbpusd+audusd+usdjpy,3915,0.3241,-2.1432,-47.2211,0.2614,0.0361,0.2708,-0.1032,0.1911,12.6742,1.4216,0.0994,0.5839,0.8529,0.1259,0.0212,7.3000
prev_dist,pips,30.0000,25,gbpusd+nzdusd+usdjpy,3848,0.3225,-2.5141,-47.2913,0.2765,-0.1270,0.2425,-0.1117,0.1895,12.4573,1.4329,0.0982,0.5824,0.8706,0.1061,0.0234,7.4500
prev_dist,pips,30.0000,25,audusd+nzdusd+usdjpy,3292,0.3536,-2.7705,-47.5065,0.2608,-0.1816,0.3153,-0.1093,0.1837,10.6573,1.5057,0.1413,0.5103,0.8242,0.1409,0.0349,8.7917
prev_dist,pips,30.0000,30,eurusd+gbpusd+audusd,3690,0.3737,-2.0382,-47.3619,0.1852,-0.0001,0.3393,-0.1024,0.1889,11.9458,1.4024,0.1192,0.4848,0.8105,0.1499,0.0396,9.0583
prev_dist,pips,30.0000,30,eurusd+gbpusd+nzdusd,3623,0.3690,-2.7450,-47.4859,0.1868,-0.2107,0.3431,-0.1148,0.1866,11.7289,1.4131,0.1184,0.4855,0.8076,0.1512,0.0412,9.1667
prev_dist,pips,30.0000,30,eurusd+gbpusd+usdjpy,4016,0.3518,-1.8749,-47.2722,0.3051,0.0151,0.2851,-0.1044,0.1911,13.0012,1.5387,0.1003,0.5329,0.8462,0.1246,0.0292,8.2500
prev_dist,pips,30.0000,30,eurusd+audusd+nzdusd,3067,0.4001,-3.3285,-47.5539,0.2037,-0.1423,0.3766,-0.1128,0.1830,9.9289,1.4831,0.1653,0.4050,0.7831,0.1665,0.0504,10.2500
prev_dist,pips,30.0000,30,eurusd+audusd+usdjpy,3460,0.3766,-2.2523,-47.2908,0.2757,0.0666,0.2749,-0.1012,0.1886,11.2012,1.6261,0.1390,0.4691,0.8506,0.1239,0.0255,9.2500
prev_dist,pips,30.0000,30,eurusd+nzdusd+usdjpy,3393,0.3716,-3.0112,-47.4252,0.2958,-0.1379,0.2670,-0.1145,0.1861,10.9843,1.6476,0.1385,0.4695,0.8542,0.1223,0.0234,9.2500
prev_dist,pips,30.0000,30,gbpusd+audusd+nzdusd,3522,0.3762,-3.0189,-47.5427,0.1351,-0.1718,0.3470,-0.1113,0.1849,11.4019,1.3046,0.1332,0.4628,0.8058,0.1473,0.0469,9.2500
prev_dist,pips,30.0000,30,gbpusd+audusd+usdjpy,3915,0.3579,-2.0989,-47.3148,0.2614,-0.0032,0.2708,-0.1035,0.1896,12.6742,1.4216,0.1132,0.5137,0.8529,0.1259,0.0212,8.5833
prev_dist,pips,30.0000,30,gbpusd+nzdusd+usdjpy,3848,0.3532,-2.7654,-47.4330,0.2765,-0.1716,0.2425,-0.1120,0.1875,12.4573,1.4329,0.1123,0.5148,0.8706,0.1061,0.0234,8.6500
prev_dist,pips,30.0000,30,audusd+nzdusd+usdjpy,3292,0.3794,-3.3124,-47.4864,0.2608,-0.1326,0.3153,-0.1107,0.1843,10.6573,1.5057,0.1549,0.4447,0.8242,0.1409,0.0349,10.0583
prev_dist,pips,30.0000,40,eurusd+gbpusd+audusd,3689,0.4158,-2.2010,-47.4370,0.1852,-0.1256,0.3394,-0.1055,0.1872,11.9426,1.4024,0.1407,0.3651,0.8104,0.1500,0.0397,11.2500
prev_dist,pips,30.0000,40,eurusd+gbpusd+nzdusd,3622,0.4092,-3.0872,-47.4122,0.1868,-0.3512,0.3432,-0.1156,0.1877,11.7257,1.4131,0.1386,0.3647,0.8076,0.1512,0.0412,11.2500
prev_dist,pips,30.0000,40,eurusd+gbpusd+usdjpy,4015,0.3965,-2.0903,-47.1848,0.3051,-0.1501,0.2852,-0.1065,0.1925,12.9979,1.5387,0.1218,0.4204,0.8462,0.1246,0.0292,10.2500
prev_dist,pips,30.0000,40,eurusd+audusd+nzdusd,3066,0.4295,-3.5407,-47.5991,0.2037,-0.2335,0.3767,-0.1131,0.1822,9.9257,1.4831,0.1843,0.2727,0.7830,0.1666,0.0504,12.2500
prev_dist,pips,30.0000,40,eurusd+audusd+usdjpy,3459,0.4125,-2.3320,-47.3021,0.2757,-0.0313,0.2749,-0.1028,0.1884,11.1980,1.6261,0.1596,0.3478,0.8505,0.1240,0.0255,11.2500
prev_dist,pips,30.0000,40,eurusd+nzdusd+usdjpy,3392,0.4054,-3.2809,-47.2744,0.2958,-0.2647,0.2671,-0.1144,0.1890,10.9811,1.6476,0.1577,0.3470,0.8542,0.1224,0.0234,11.2500
prev_dist,pips,30.0000,40,gbpusd+audusd+nzdusd,3522,0.4111,-3.4142,-47.5552,0.1351,-0.2574,0.3470,-0.1130,0.1843,11.4019,1.3046,0.1536,0.3424,0.8058,0.1473,0.0469,11.2500
prev_dist,pips,30.0000,40,gbpusd+audusd+usdjpy,3915,0.3980,-2.3590,-47.3013,0.2614,-0.1002,0.2708,-0.1064,0.1895,12.6742,1.4216,0.1349,0.4018,0.8529,0.1259,0.0212,10.8333
prev_dist,pips,30.0000,40,gbpusd+nzdusd+usdjpy,3848,0.3914,-3.1959,-47.2772,0.2765,-0.2860,0.2425,-0.1126,0.1900,12.4573,1.4329,0.1328,0.4020,0.8706,0.1061,0.0234,10.8667
prev_dist,pips,30.0000,40,audusd+nzdusd+usdjpy,3292,0.4074,-3.6367,-47.4229,0.2608,-0.2143,0.3153,-0.1123,0.1853,10.6573,1.5057,0.1744,0.3226,0.8242,0.1409,0.0349,12.2500
prev_dist,pips,40.0000,25,eurusd+gbpusd+audusd,2579,0.3463,-1.3079,-47.1335,0.2298,-0.2538,0.2904,-0.0910,0.1913,8.3491,1.7328,0.0989,0.5661,0.8387,0.1308,0.0305,6.9167
prev_dist,pips,40.0000,25,eurusd+gbpusd+nzdusd,2530,0.3391,-2.4226,-47.4028,0.1935,-0.2703,0.2779,-0.1073,0.1872,8.1905,1.6148,0.1000,0.5660,0.8472,0.1267,0.0261,7.0500
prev_dist,pips,40.0000,25,eurusd+gbpusd+usdjpy,2954,0.3152,-1.8575,-47.0683,0.3519,-0.0780,0.2356,-0.1042,0.1919,9.5631,2.0551,0.0812,0.6158,0.8738,0.1056,0.0206,5.5000
prev_dist,pips,40.0000,25,eurusd+audusd+nzdusd,1976,0.3679,-2.6879,-47.6335,0.1686,-0.4033,0.3345,-0.1098,0.1800,6.3970,1.8037,0.1397,0.4904,0.8088,0.1519,0.0392,8.2500
prev_dist,pips,40.0000,25,eurusd+audusd+usdjpy,2400,0.3333,-1.9454,-47.1709,0.2821,-0.2287,0.2333,-0.1060,0.1870,7.7696,2.4000,0.1096,0.5650,0.8740,0.1064,0.0196,7.4833
prev_dist,pips,40.0000,25,eurusd+nzdusd+usdjpy,2351,0.3254,-3.1583,-47.4793,0.2544,-0.2573,0.2093,-0.1172,0.1825,7.6110,2.2073,0.1110,0.5649,0.8887,0.0945,0.0168,7.7500
prev_dist,pips,40.0000,25,gbpusd+audusd+nzdusd,2401,0.3411,-2.7537,-47.4529,0.1350,-0.4039,0.2970,-0.1092,0.1864,7.7729,1.5345,0.1145,0.5548,0.8353,0.1312,0.0334,8.0000
prev_dist,pips,40.0000,25,gbpusd+audusd+usdjpy,2825,0.3158,-2.1131,-47.0955,0.3071,-0.2607,0.2120,-0.1066,0.1914,9.1455,1.9544,0.0927,0.6085,0.8863,0.0961,0.0176,6.0000
prev_dist,pips,40.0000,25,gbpusd+nzdusd+usdjpy,2776,0.3087,-3.1433,-47.3413,0.2834,-0.2592,0.1985,-0.1154,0.1877,8.9869,1.8193,0.0937,0.6091,0.8939,0.0920,0.0141,6.1083
prev_dist,pips,40.0000,25,audusd+nzdusd+usdjpy,2222,0.3267,-3.5588,-47.5327,0.2218,-0.4079,0.2552,-0.1114,0.1814,7.1934,2.0808,0.1274,0.5527,0.8610,0.1123,0.0268,8.2500
prev_dist,pips,40.0000,30,eurusd+gbpusd+audusd,2579,0.3827,-1.1186,-47.1459,0.2298,-0.1995,0.2904,-0.0906,0.1909,8.3491,1.7328,0.1117,0.4952,0.8387,0.1308,0.0305,8.2500
prev_dist,pips,40.0000,30,eurusd+gbpusd+nzdusd,2530,0.3715,-2.6192,-47.3963,0.1935,-0.2752,0.2779,-0.1087,0.1868,8.1905,1.6148,0.1126,0.5000,0.8472,0.1267,0.0261,8.2500
prev_dist,pips,40.0000,30,eurusd+gbpusd+usdjpy,2954,0.3514,-1.8400,-47.0675,0.3519,-0.0822,0.2356,-0.1033,0.1917,9.5631,2.0551,0.0955,0.5504,0.8738,0.1056,0.0206,8.0833
prev_dist,pips,40.0000,30,eurusd+audusd+nzdusd,1976,0.3963,-3.0599,-47.4747,0.1686,-0.2858,0.3345,-0.1120,0.1823,6.3970,1.8037,0.1513,0.4211,0.8088,0.1519,0.0392,9.2500
prev_dist,pips,40.0000,30,eurusd+audusd+usdjpy,2400,0.3671,-2.0230,-47.0531,0.2821,-0.1200,0.2333,-0.1071,0.1891,7.7696,2.4000,0.1233,0.4971,0.8740,0.1064,0.0196,8.2500
prev_dist,pips,40.0000,30,eurusd+nzdusd+usdjpy,2351,0.3547,-3.6567,-47.3287,0.2544,-0.1938,0.2093,-0.1170,0.1847,7.6110,2.2073,0.1246,0.5023,0.8887,0.0945,0.0168,8.2500
prev_dist,pips,40.0000,30,gbpusd+audusd+nzdusd,2401,0.3719,-3.0483,-47.5552,0.1350,-0.3915,0.2970,-0.1112,0.1848,7.7729,1.5345,0.1266,0.4877,0.8353,0.1312,0.0334,8.3500
prev_dist,pips,40.0000,30,gbpusd+audusd+usdjpy,2825,0.3508,-2.1692,-47.1836,0.3071,-0.2672,0.2120,-0.1077,0.1902,9.1455,1.9544,0.1065,0.5423,0.8863,0.0961,0.0176,8.2500
prev_dist,pips,40.0000,30,gbpusd+nzdusd+usdjpy,2776,0.3401,-3.5553,-47.4162,0.2834,-0.3011,0.1985,-0.1147,0.1865,8.9869,1.8193,0.1073,0.5476,0.8939,0.0920,0.0141,8.2500
prev_dist,pips,40.0000,30,audusd+nzdusd+usdjpy,2222,0.3542,-4.1806,-47.4954,0.2218,-0.3414,0.2552,-0.1123,0.1824,7.1934,2.0808,0.1404,0.4892,0.8610,0.1123,0.0268,8.5333
prev_dist,pips,40.0000,40,eurusd+gbpusd+audusd,2578,0.4209,-1.6126,-47.2106,0.2298,-0.1467,0.2905,-0.0987,0.1896,8.3459,1.7328,0.1354,0.3821,0.8387,0.1308,0.0305,10.2500
prev_dist,pips,40.0000,40,eurusd+gbpusd+nzdusd,2529,0.4104,-2.7510,-47.2744,0.1935,-0.2071,0.2780,-0.1070,0.1887,8.1872,1.6148,0.1388,0.3733,0.8471,0.1268,0.0261,10.2500
prev_dist,pips,40.0000,40,eurusd+gbpusd+usdjpy,2953,0.3959,-2.0318,-47.0390,0.3519,-0.0663,0.2357,-0.1076,0.1926,9.5599,2.0551,0.1182,0.4372,0.8738,0.1056,0.0206,9.2500
prev_dist,pips,40.0000,40,eurusd+audusd+nzdusd,1975,0.4248,-3.3464,-47.2950,0.1686,-0.1874,0.3347,-0.1127,0.1853,6.3938,1.8037,0.1747,0.2962,0.8087,0.1520,0.0393,11.2500
prev_dist,pips,40.0000,40,eurusd+audusd+usdjpy,2399,0.4043,-2.3558,-47.0026,0.2821,-0.0818,0.2334,-0.1112,0.1907,7.7664,2.4000,0.1430,0.3885,0.8739,0.1065,0.0196,10.2500
prev_dist,pips,40.0000,40,eurusd+nzdusd+usdjpy,2350,0.3928,-3.5964,-47.0650,0.2544,-0.1235,0.2094,-0.1167,0.1897,7.6078,2.2073,0.1468,0.3791,0.8886,0.0946,0.0168,10.2500
prev_dist,pips,40.0000,40,gbpusd+audusd+nzdusd,2401,0.4082,-3.2354,-47.4655,0.1350,-0.3703,0.2970,-0.1097,0.1854,7.7729,1.5345,0.1545,0.3586,0.8353,0.1312,0.0334,10.2500
prev_dist,pips,40.0000,40,gbpusd+audusd+usdjpy,2825,0.3933,-2.4108,-47.1856,0.3071,-0.2945,0.2120,-0.1094,0.1900,9.1455,1.9544,0.1306,0.4276,0.8863,0.0961,0.0176,9.4833
prev_dist,pips,40.0000,40,gbpusd+nzdusd+usdjpy,2776,0.3833,-3.4620,-47.2432,0.2834,-0.3198,0.1985,-0.1137,0.1891,8.9869,1.8193,0.1336,0.4204,0.8939,0.0920,0.0141,9.9333
prev_dist,pips,40.0000,40,audusd+nzdusd+usdjpy,2222,0.3893,-4.1685,-47.2571,0.2218,-0.3415,0.2552,-0.1125,0.1862,7.1934,2.0808,0.1643,0.3636,0.8610,0.1123,0.0268,10.5000
prev_dist,pips,60.0000,25,eurusd+gbpusd+audusd,1179,0.3282,-1.5040,-46.5564,0.2714,-0.3798,0.2536,-0.0896,0.2006,3.8168,2.7113,0.0746,0.6115,0.8628,0.1106,0.0267,4.5833
prev_dist,pips,60.0000,25,eurusd+gbpusd+nzdusd,1152,0.3255,-1.9374,-46.8614,0.2468,-0.2170,0.2309,-0.1028,0.1937,3.7294,2.2636,0.0816,0.5972,0.8802,0.0898,0.0299,4.8167
prev_dist,pips,60.0000,25,eurusd+gbpusd+usdjpy,1565,0.2888,-2.6751,-46.5366,0.3605,-0.1309,0.1955,-0.1123,0.2001,5.0664,3.2577,0.0658,0.6620,0.8989,0.0796,0.0215,3.3667
prev_dist,pips,60.0000,25,eurusd+audusd+nzdusd,732,0.3661,-1.2384,-47.4523,0.2772,-0.3832,0.2855,-0.0749,0.1817,2.3697,2.9385,0.1148,0.5246,0.8485,0.1107,0.0407,8.1250
prev_dist,pips,60.0000,25,eurusd+audusd+usdjpy,1145,0.3013,-2.4989,-46.7863,0.3426,-0.3120,0.1537,-0.1084,0.1948,3.7068,4.9615,0.0812,0.6393,0.9255,0.0554,0.0191,4.3333
prev_dist,pips,60.0000,25,eurusd+nzdusd+usdjpy,1118,0.2979,-2.9695,-47.1203,0.3001,-0.1719,0.1601,-0.1152,0.1875,3.6193,3.7538,0.0886,0.6252,0.9204,0.0609,0.0187,4.5250
prev_dist,pips,60.0000,25,gbpusd+audusd+nzdusd,1080,0.3269,-1.5595,-47.1617,0.2326,-0.4478,0.2259,-0.0961,0.1907,3.4963,2.2621,0.0870,0.5870,0.8851,0.0809,0.0340,5.3167
prev_dist,pips,60.0000,25,gbpusd+audusd+usdjpy,1493,0.2880,-2.4373,-46.7332,0.3756,-0.3795,0.1601,-0.1107,0.1983,4.8334,3.3333,0.0690,0.6577,0.9191,0.0640,0.0169,3.6500
prev_dist,pips,60.0000,25,gbpusd+nzdusd+usdjpy,1466,0.2851,-2.7950,-46.9832,0.3458,-0.2681,0.1501,-0.1171,0.1928,4.7459,2.7767,0.0744,0.6473,0.9241,0.0610,0.0149,3.7417
prev_dist,pips,60.0000,25,audusd+nzdusd+usdjpy,1046,0.2973,-2.6502,-47.4564,0.3280,-0.4045,0.1788,-0.1133,0.1841,3.3863,3.9310,0.0946,0.6166,0.9108,0.0679,0.0212,5.2417
prev_dist,pips,60.0000,30,eurusd+gbpusd+audusd,1179,0.3707,-0.9070,-46.7318,0.2714,-0.3159,0.2536,-0.0655,0.1972,3.8168,2.7113,0.0925,0.5335,0.8628,0.1106,0.0267,8.0000
prev_dist,pips,60.0000,30,eurusd+gbpusd+nzdusd,1152,0.3715,-0.8652,-47.0049,0.2468,-0.1173,0.2309,-0.0752,0.1906,3.7294,2.2636,0.1033,0.5148,0.8802,0.0898,0.0299,8.2500
prev_dist,pips,60.0000,30,eurusd+gbpusd+usdjpy,1565,0.3316,-2.2663,-46.7329,0.3605,-0.1496,0.1955,-0.1142,0.1970,5.0664,3.2577,0.0831,0.5904,0.8989,0.0796,0.0215,5.5000
prev_dist,pips,60.0000,30,eurusd+audusd+nzdusd,732,0.4085,-0.5238,-47.5561,0.2772,-0.2611,0.2855,-0.0283,0.1789,2.3697,2.9385,0.1339,0.4276,0.8485,0.1107,0.0407,8.2500
prev_dist,pips,60.0000,30,eurusd+audusd+usdjpy,1145,0.3406,-2.5620,-46.9818,0.3426,-0.3352,0.1537,-0.1088,0.1919,3.7068,4.9615,0.0952,0.5624,0.9255,0.0554,0.0191,7.0000
prev_dist,pips,60.0000,30,eurusd+nzdusd+usdjpy,1118,0.3408,-2.5589,-47.2688,0.3001,-0.1609,0.1601,-0.1135,0.1849,3.6193,3.7538,0.1064,0.5438,0.9204,0.0609,0.0187,7.9583
prev_dist,pips,60.0000,30,gbpusd+audusd+nzdusd,1080,0.3667,-0.8879,-47.2969,0.2326,-0.3361,0.2259,-0.0711,0.1870,3.4963,2.2621,0.1037,0.5148,0.8851,0.0809,0.0340,8.2500
prev_dist,pips,60.0000,30,gbpusd+audusd+usdjpy,1493,0.3262,-2.3503,-46.9236,0.3756,-0.4167,0.1601,-0.1139,0.1947,4.8334,3.3333,0.0824,0.5941,0.9191,0.0640,0.0169,5.7333
prev_dist,pips,60.0000,30,gbpusd+nzdusd+usdjpy,1466,0.3261,-2.3441,-47.1428,0.3458,-0.2361,0.1501,-0.1175,0.1895,4.7459,2.7767,0.0907,0.5805,0.9241,0.0610,0.0149,5.9917
prev_dist,pips,60.0000,30,audusd+nzdusd+usdjpy,1046,0.3337,-2.6989,-47.5925,0.3280,-0.3714,0.1788,-0.1117,0.1808,3.3863,3.9310,0.1071,0.5459,0.9108,0.0679,0.0212,8.0833
prev_dist,pips,60.0000,40,eurusd+gbpusd+audusd,1179,0.4131,-1.0571,-46.7063,0.2714,-0.2581,0.2536,-0.0618,0.1988,3.8168,2.7113,0.1247,0.4037,0.8628,0.1106,0.0267,9.2500
prev_dist,pips,60.0000,40,eurusd+gbpusd+nzdusd,1152,0.4115,-1.1629,-46.8857,0.2468,-0.1592,0.2309,-0.0855,0.1936,3.7294,2.2636,0.1354,0.3863,0.8802,0.0898,0.0299,9.2500
prev_dist,pips,60.0000,40,eurusd+gbpusd+usdjpy,1565,0.3783,-2.4159,-46.6923,0.3605,-0.2117,0.1955,-0.1087,0.1989,5.0664,3.2577,0.1125,0.4728,0.8989,0.0796,0.0215,8.2500
prev_dist,pips,60.0000,40,eurusd+audusd+nzdusd,732,0.4413,-0.4654,-47.0972,0.2772,-0.2314,0.2855,-0.0228,0.1863,2.3697,2.9385,0.1653,0.2951,0.8485,0.1107,0.0407,9.8417
prev_dist,pips,60.0000,40,eurusd+audusd+usdjpy,1145,0.3852,-2.4296,-46.7553,0.3426,-0.3388,0.1537,-0.1043,0.1962,3.7068,4.9615,0.1231,0.4463,0.9255,0.0554,0.0191,8.3500
prev_dist,pips,60.0000,40,eurusd+nzdusd+usdjpy,1118,0.3828,-2.5718,-46.9349,0.3001,-0.2813,0.1601,-0.1138,0.1907,3.6193,3.7538,0.1342,0.4293,0.9204,0.0609,0.0187,8.2750
prev_dist,pips,60.0000,40,gbpusd+audusd+nzdusd,1080,0.4139,-0.5042,-47.1801,0.2326,-0.2987,0.2259,-0.0385,0.1893,3.4963,2.2621,0.1407,0.3778,0.8851,0.0809,0.0340,9.2500
prev_dist,pips,60.0000,40,gbpusd+audusd+usdjpy,1493,0.3784,-1.9998,-46.8844,0.3756,-0.4263,0.1601,-0.1087,0.1961,4.8334,3.3333,0.1152,0.4709,0.9191,0.0640,0.0169,8.2833
prev_dist,pips,60.0000,40,gbpusd+nzdusd+usdjpy,1466,0.3765,-2.1003,-47.0285,0.3458,-0.3311,0.1501,-0.1132,0.1919,4.7459,2.7767,0.1235,0.4584,0.9241,0.0610,0.0149,8.2500
prev_dist,pips,60.0000,40,audusd+nzdusd+usdjpy,1046,0.3834,-1.9886,-47.2352,0.3280,-0.3822,0.1788,-0.1067,0.1862,3.3863,3.9310,0.1396,0.4235,0.9108,0.0679,0.0212,9.2500
sma_dist,pct,0.1500,25,eurusd+gbpusd+audusd,5608,0.3502,-1.7956,-47.2947,0.2201,0.0234,0.4540,-0.1052,0.1876,18.1550,1.1277,0.1041,0.5476,0.7363,0.1770,0.0867,9.2500
sma_dist,pct,0.1500,25,eurusd+gbpusd+nzdusd,5630,0.3533,-2.4113,-47.2283,0.2383,-0.1462,0.4433,-0.1163,0.1899,18.2262,1.1330,0.1130,0.5419,0.7458,0.1670,0.0872,9.2500
sma_dist,pct,0.1500,25,eurusd+gbpusd+usdjpy,5293,0.3276,-1.4088,-47.2642,0.2279,0.0580,0.4130,-0.0997,0.1887,17.1353,1.1878,0.0829,0.5972,0.7627,0.1718,0.0655,7.9500
sma_dist,pct,0.1500,25,eurusd+audusd+nzdusd,5718,0.3818,-2.8751,-47.3147,0.2383,-0.2285,0.5273,-0.1146,0.1876,18.5111,1.1059,0.1490,0.4718,0.6734,0.2287,0.0979,11.3583
sma_dist,pct,0.1500,25,eurusd+audusd+usdjpy,5381,0.3583,-1.9180,-47.3570,0.2251,-0.0593,0.4174,-0.1075,0.1863,17.4201,1.1566,0.1217,0.5218,0.7579,0.1801,0.0620,9.6833
sma_dist,pct,0.1500,25,eurusd+nzdusd+usdjpy,5403,0.3615,-2.5591,-47.2867,0.2474,-0.2088,0.4200,-0.1154,0.1887,17.4914,1.1623,0.1309,0.5160,0.7554,0.1845,0.0601,10.0333
sma_dist,pct,0.1500,25,gbpusd+audusd+nzdusd,5931,0.3569,-3.1080,-47.3537,0.1989,-0.1252,0.5367,-0.1169,0.1876,19.2007,1.0473,0.1281,0.5154,0.6698,0.2150,0.1153,10.5000
sma_dist,pct,0.1500,25,gbpusd+audusd+usdjpy,5594,0.3329,-2.2014,-47.3964,0.2110,0.0527,0.4290,-0.1151,0.1863,18.1097,1.0908,0.1006,0.5661,0.7501,0.1835,0.0664,8.8167
sma_dist,pct,0.1500,25,gbpusd+nzdusd+usdjpy,5616,0.3360,-2.8171,-47.3292,0.2284,-0.0929,0.4272,-0.1163,0.1886,18.1809,1.0958,0.1095,0.5604,0.7519,0.1818,0.0662,9.0417
sma_dist,pct,0.1500,25,audusd+nzdusd+usdjpy,5704,0.3648,-3.2757,-47.4153,0.2307,-0.1821,0.5449,-0.1165,0.1863,18.4658,1.0703,0.1457,0.4898,0.6552,0.2488,0.0960,11.2500
sma_dist,pct,0.1500,30,eurusd+gbpusd+audusd,5608,0.3820,-1.8560,-47.3294,0.2201,0.0089,0.4540,-0.1094,0.1865,18.1550,1.1277,0.1227,0.4727,0.7363,0.1770,0.0867,11.0083
sma_dist,pct,0.1500,30,eurusd+gbpusd+nzdusd,5630,0.3819,-2.6336,-47.2491,0.2383,-0.1856,0.4433,-0.1165,0.1892,18.2262,1.1330,0.1302,0.4652,0.7458,0.1670,0.0872,11.2500
sma_dist,pct,0.1500,30,eurusd+gbpusd+usdjpy,5293,0.3626,-1.3766,-47.2674,0.2279,0.0817,0.4130,-0.1040,0.1881,17.1353,1.1878,0.0998,0.5267,0.7627,0.1718,0.0655,9.2500
sma_dist,pct,0.1500,30,eurusd+audusd+nzdusd,5718,0.4064,-3.2354,-47.3292,0.2383,-0.2878,0.5273,-0.1149,0.1870,18.5111,1.1059,0.1677,0.3924,0.6734,0.2287,0.0979,13.2500
sma_dist,pct,0.1500,30,eurusd+audusd+usdjpy,5381,0.3890,-2.0367,-47.3535,0.2251,-0.0810,0.4174,-0.1098,0.1858,17.4201,1.1566,0.1401,0.4484,0.7579,0.1801,0.0620,11.3000
sma_dist,pct,0.1500,30,eurusd+nzdusd+usdjpy,5403,0.3889,-2.8463,-47.2693,0.2474,-0.2348,0.4200,-0.1155,0.1886,17.4914,1.1623,0.1479,0.4407,0.7554,0.1845,0.0601,12.1500
sma_dist,pct,0.1500,30,gbpusd+audusd+nzdusd,5931,0.3812,-3.5373,-47.3933,0.1989,-0.2135,0.5367,-0.1170,0.1867,19.2007,1.0473,0.1455,0.4387,0.6698,0.2150,0.1153,12.2500
sma_dist,pct,0.1500,30,gbpusd+audusd+usdjpy,5594,0.3629,-2.4024,-47.4198,0.2110,0.0055,0.4290,-0.1144,0.1855,18.1097,1.0908,0.1176,0.4954,0.7501,0.1835,0.0664,10.4583
sma_dist,pct,0.1500,30,gbpusd+nzdusd+usdjpy,5616,0.3629,-3.1798,-47.3393,0.2284,-0.1504,0.4272,-0.1163,0.1881,18.1809,1.0958,0.1252,0.4877,0.7519,0.1818,0.0662,10.9583
sma_dist,pct,0.1500,30,audusd+nzdusd+usdjpy,5704,0.3878,-3.7747,-47.4190,0.2307,-0.2575,0.5449,-0.1165,0.1860,18.4658,1.0703,0.1629,0.4144,0.6552,0.2488,0.0960,13.2500
sma_dist,pct,0.1500,40,eurusd+gbpusd+audusd,5608,0.4189,-2.2662,-47.2728,0.2201,0.0014,0.4540,-0.1124,0.1873,18.1550,1.1277,0.1448,0.3491,0.7363,0.1770,0.0867,13.2500
sma_dist,pct,0.1500,40,eurusd+gbpusd+nzdusd,5630,0.4167,-3.0036,-47.2395,0.2383,-0.2832,0.4433,-0.1161,0.1886,18.2262,1.1330,0.1528,0.3393,0.7458,0.1670,0.0872,13.2500
sma_dist,pct,0.1500,40,eurusd+gbpusd+usdjpy,5293,0.4037,-1.8325,-47.2072,0.2279,0.0482,0.4130,-0.1057,0.1889,17.1353,1.1878,0.1219,0.4058,0.7627,0.1718,0.0655,12.2000
sma_dist,pct,0.1500,40,eurusd+audusd+nzdusd,5718,0.4316,-3.4781,-47.2986,0.2383,-0.2991,0.5273,-0.1165,0.1870,18.5111,1.1059,0.1891,0.2609,0.6734,0.2287,0.0979,15.2500
sma_dist,pct,0.1500,40,eurusd+audusd+usdjpy,5381,0.4198,-2.3558,-47.2702,0.2251,-0.0375,0.4174,-0.1089,0.1872,17.4201,1.1566,0.1609,0.3215,0.7579,0.1801,0.0620,14.0667
sma_dist,pct,0.1500,40,eurusd+nzdusd+usdjpy,5403,0.4175,-3.1239,-47.2354,0.2474,-0.2794,0.4200,-0.1159,0.1886,17.4914,1.1623,0.1692,0.3113,0.7554,0.1845,0.0601,14.2500
sma_dist,pct,0.1500,40,gbpusd+audusd+nzdusd,5931,0.4149,-3.5753,-47.3471,0.1989,-0.2532,0.5367,-0.1165,0.1870,19.2007,1.0473,0.1696,0.3082,0.6698,0.2150,0.1153,14.2667
sma_dist,pct,0.1500,40,gbpusd+audusd+usdjpy,5594,0.4026,-2.5016,-47.3219,0.2110,0.0242,0.4290,-0.1151,0.1872,18.1097,1.0908,0.1414,0.3693,0.7501,0.1835,0.0664,13.2500
sma_dist,pct,0.1500,40,gbpusd+nzdusd+usdjpy,5616,0.4005,-3.2400,-47.2891,0.2284,-0.2330,0.4272,-0.1159,0.1886,18.1809,1.0958,0.1494,0.3593,0.7519,0.1818,0.0662,13.2500
sma_dist,pct,0.1500,40,audusd+nzdusd+usdjpy,5704,0.4157,-3.7119,-47.3472,0.2307,-0.2599,0.5449,-0.1163,0.1869,18.4658,1.0703,0.1858,0.2805,0.6552,0.2488,0.0960,15.2500
sma_dist,pct,0.2000,25,eurusd+gbpusd+audusd,4771,0.3427,-2.4399,-47.5540,0.2140,-0.1709,0.3783,-0.1145,0.1822,15.4454,1.3392,0.1056,0.5473,0.7902,0.1446,0.0652,8.5000
sma_dist,pct,0.2000,25,eurusd+gbpusd+nzdusd,4771,0.3410,-3.4140,-47.4462,0.2441,-0.2413,0.3787,-0.1166,0.1851,15.4454,1.3485,0.1121,0.5462,0.7879,0.1515,0.0605,8.5000
sma_dist,pct,0.2000,25,eurusd+gbpusd+usdjpy,4337,0.3154,-2.2890,-47.4158,0.1969,-0.0893,0.3438,-0.1119,0.1844,14.0404,1.5047,0.0812,0.6080,0.8089,0.1472,0.0438,6.5333
sma_dist,pct,0.2000,25,eurusd+audusd+nzdusd,4978,0.3720,-3.3183,-47.5866,0.2315,-0.3274,0.4859,-0.1161,0.1819,16.1155,1.2545,0.1489,0.4681,0.7018,0.2270,0.0713,10.9250
sma_dist,pct,0.2000,25,eurusd+audusd+usdjpy,4544,0.3506,-2.2353,-47.5717,0.1893,-0.1809,0.3393,-0.1099,0.1809,14.7105,1.3779,0.1228,0.5196,0.8102,0.1494,0.0403,9.2500
sma_dist,pct,0.2000,25,eurusd+nzdusd+usdjpy,4544,0.3488,-3.2581,-47.4564,0.2223,-0.2480,0.3385,-0.1160,0.1839,14.7105,1.3882,0.1296,0.5185,0.8121,0.1456,0.0422,9.2500
sma_dist,pct,0.2000,25,gbpusd+audusd+nzdusd,5238,0.3541,-3.5102,-47.5635,0.2154,-0.2906,0.4851,-0.1162,0.1830,16.9572,1.1788,0.1287,0.5105,0.7075,0.2073,0.0852,10.1833
sma_dist,pct,0.2000,25,gbpusd+audusd+usdjpy,4804,0.3322,-2.5032,-47.5457,0.1872,-0.1507,0.3501,-0.1128,0.1822,15.5522,1.2821,0.1022,0.5631,0.8042,0.1522,0.0436,8.2500
sma_dist,pct,0.2000,25,gbpusd+nzdusd+usdjpy,4804,0.3306,-3.4707,-47.4391,0.2192,-0.2153,0.3464,-0.1161,0.1851,15.5522,1.2908,0.1087,0.5620,0.8066,0.1512,0.0422,8.2667
sma_dist,pct,0.2000,25,audusd+nzdusd+usdjpy,5011,0.3618,-3.3732,-47.5798,0.2089,-0.2920,0.4859,-0.1160,0.1819,16.2223,1.2028,0.1453,0.4837,0.7012,0.2303,0.0685,10.7333
sma_dist,pct,0.2000,30,eurusd+gbpusd+audusd,4771,0.3731,-2.6179,-47.5746,0.2140,-0.1830,0.3783,-0.1151,0.1814,15.4454,1.3392,0.1224,0.4729,0.7902,0.1446,0.0652,10.2500
sma_dist,pct,0.2000,30,eurusd+gbpusd+nzdusd,4771,0.3704,-3.6528,-47.4675,0.2441,-0.3045,0.3787,-0.1168,0.1843,15.4454,1.3485,0.1279,0.4682,0.7879,0.1515,0.0605,10.2500
sma_dist,pct,0.2000,30,eurusd+gbpusd+usdjpy,4337,0.3500,-2.3385,-47.4731,0.1969,-0.0932,0.3438,-0.1110,0.1831,14.0404,1.5047,0.0961,0.5368,0.8089,0.1472,0.0438,8.2500
sma_dist,pct,0.2000,30,eurusd+audusd+nzdusd,4978,0.3957,-3.7616,-47.5527,0.2315,-0.3631,0.4859,-0.1165,0.1819,16.1155,1.2545,0.1671,0.3919,0.7018,0.2270,0.0713,12.2500
sma_dist,pct,0.2000,30,eurusd+audusd+usdjpy,4544,0.3787,-2.5175,-47.5680,0.1893,-0.1805,0.3393,-0.1115,0.1805,14.7105,1.3779,0.1406,0.4500,0.8102,0.1494,0.0403,10.6667
sma_dist,pct,0.2000,30,eurusd+nzdusd+usdjpy,4544,0.3759,-3.6041,-47.4543,0.2223,-0.2994,0.3385,-0.1162,0.1835,14.7105,1.3882,0.1463,0.4452,0.8121,0.1456,0.0422,10.9000
sma_dist,pct,0.2000,30,gbpusd+audusd+nzdusd,5238,0.3786,-3.9353,-47.5885,0.2154,-0.3623,0.4851,-0.1163,0.1823,16.9572,1.1788,0.1447,0.4347,0.7075,0.2073,0.0852,11.9417
sma_dist,pct,0.2000,30,gbpusd+audusd+usdjpy,4804,0.3609,-2.7742,-47.6043,0.1872,-0.1715,0.3501,-0.1138,0.1810,15.5522,1.2821,0.1176,0.4935,0.8042,0.1522,0.0436,10.0000
sma_dist,pct,0.2000,30,gbpusd+nzdusd+usdjpy,4804,0.3582,-3.8020,-47.4988,0.2192,-0.2779,0.3464,-0.1161,0.1839,15.5522,1.2908,0.1230,0.4890,0.8066,0.1512,0.0422,10.0917
sma_dist,pct,0.2000,30,audusd+nzdusd+usdjpy,5011,0.3840,-3.9039,-47.5828,0.2089,-0.3412,0.4859,-0.1160,0.1815,16.2223,1.2028,0.1622,0.4123,0.7012,0.2303,0.0685,12.2500
sma_dist,pct,0.2000,40,eurusd+gbpusd+audusd,4770,0.4090,-3.0246,-47.5090,0.2140,-0.1629,0.3784,-0.1163,0.1825,15.4421,1.3392,0.1428,0.3518,0.7902,0.1446,0.0652,12.2500
sma_dist,pct,0.2000,40,eurusd+gbpusd+nzdusd,4770,0.4038,-4.0611,-47.4153,0.2441,-0.3203,0.3788,-0.1168,0.1848,15.4421,1.3485,0.1509,0.3417,0.7879,0.1515,0.0606,12.2500
sma_dist,pct,0.2000,40,eurusd+gbpusd+usdjpy,4336,0.3916,-2.7814,-47.3891,0.1969,-0.0819,0.3439,-0.1130,0.1846,14.0371,1.5047,0.1167,0.4186,0.8089,0.1473,0.0439,10.3750
sma_dist,pct,0.2000,40,eurusd+audusd+nzdusd,4977,0.4213,-4.0090,-47.5282,0.2315,-0.3614,0.4860,-0.1169,0.1822,16.1123,1.2545,0.1883,0.2600,0.7017,0.2270,0.0713,14.2500
sma_dist,pct,0.2000,40,eurusd+audusd+usdjpy,4543,0.4114,-2.7825,-47.5142,0.1893,-0.1467,0.3394,-0.1135,0.1817,14.7072,1.3779,0.1591,0.3256,0.8102,0.1495,0.0403,13.2500
sma_dist,pct,0.2000,40,eurusd+nzdusd+usdjpy,4543,0.4059,-3.8709,-47.4148,0.2223,-0.3191,0.3385,-0.1168,0.1841,14.7072,1.3882,0.1677,0.3150,0.8121,0.1457,0.0422,13.2500
sma_dist,pct,0.2000,40,gbpusd+audusd+nzdusd,5238,0.4093,-4.2246,-47.5178,0.2154,-0.3607,0.4851,-0.1162,0.1831,16.9572,1.1788,0.1676,0.3081,0.7075,0.2073,0.0852,14.0000
sma_dist,pct,0.2000,40,gbpusd+audusd+usdjpy,4804,0.3988,-3.0843,-47.5029,0.1872,-0.1700,0.3501,-0.1153,0.1828,15.5522,1.2821,0.1382,0.3745,0.8042,0.1522,0.0436,12.2500
sma_dist,pct,0.2000,40,gbpusd+nzdusd+usdjpy,4804,0.3936,-4.1135,-47.4106,0.2192,-0.3216,0.3464,-0.1161,0.1851,15.5522,1.2908,0.1463,0.3645,0.8066,0.1512,0.0422,12.2500
sma_dist,pct,0.2000,40,audusd+nzdusd+usdjpy,5011,0.4115,-4.0595,-47.5224,0.2089,-0.3701,0.4859,-0.1162,0.1825,16.2223,1.2028,0.1836,0.2824,0.7012,0.2303,0.0685,14.2500
sma_dist,pct,0.3000,25,eurusd+gbpusd+audusd,3105,0.3510,-1.6941,-47.5749,0.1988,-0.1561,0.3424,-0.0950,0.1790,10.0520,1.7803,0.1127,0.5427,0.8121,0.1369,0.0511,8.2500
sma_dist,pct,0.3000,25,eurusd+gbpusd+nzdusd,3141,0.3540,-2.4277,-47.4676,0.2622,-0.0739,0.3346,-0.1122,0.1809,10.1685,1.7697,0.1146,0.5345,0.8171,0.1330,0.0498,8.2500
sma_dist,pct,0.3000,25,eurusd+gbpusd+usdjpy,2656,0.3181,-1.4869,-47.1154,0.2302,-0.0872,0.3099,-0.0940,0.1859,8.5984,2.3850,0.0734,0.6205,0.8280,0.1384,0.0336,5.3417
sma_dist,pct,0.3000,25,eurusd+audusd+nzdusd,3396,0.3757,-2.9529,-47.8280,0.2620,-0.2451,0.4479,-0.1097,0.1740,10.9940,1.6117,0.1537,0.4682,0.7304,0.2064,0.0632,10.0833
sma_dist,pct,0.3000,25,eurusd+audusd+usdjpy,2911,0.3466,-2.1820,-47.5470,0.2275,-0.3053,0.3020,-0.1004,0.1775,9.4239,2.0315,0.1226,0.5356,0.8326,0.1348,0.0326,8.2500
sma_dist,pct,0.3000,25,eurusd+nzdusd+usdjpy,2947,0.3498,-2.9579,-47.4354,0.3031,-0.2190,0.2962,-0.1115,0.1795,9.5405,2.0198,0.1245,0.5270,0.8389,0.1266,0.0345,8.2833
sma_dist,pct,0.3000,25,gbpusd+audusd+nzdusd,3672,0.3633,-2.7376,-47.8897,0.2432,-0.1528,0.4235,-0.1115,0.1749,11.8875,1.4314,0.1359,0.5030,0.7506,0.1906,0.0588,9.2500
sma_dist,pct,0.3000,25,gbpusd+audusd+usdjpy,3187,0.3348,-2.0007,-47.6393,0.2304,-0.2006,0.2758,-0.1022,0.1783,10.3174,1.7273,0.1048,0.5698,0.8505,0.1199,0.0296,8.2500
sma_dist,pct,0.3000,25,gbpusd+nzdusd+usdjpy,3223,0.3379,-2.7122,-47.5357,0.3025,-0.1048,0.2727,-0.1137,0.1801,10.4340,1.7162,0.1067,0.5616,0.8526,0.1189,0.0285,8.2500
sma_dist,pct,0.3000,25,audusd+nzdusd+usdjpy,3478,0.3603,-3.2042,-47.8858,0.2882,-0.2809,0.4241,-0.1106,0.1735,11.2595,1.5629,0.1455,0.4948,0.7452,0.2064,0.0483,9.5833
sma_dist,pct,0.3000,30,eurusd+gbpusd+audusd,3105,0.3807,-1.9937,-47.6162,0.1988,-0.1770,0.3424,-0.1019,0.1784,10.0520,1.7803,0.1291,0.4702,0.8121,0.1369,0.0511,9.2500
sma_dist,pct,0.3000,30,eurusd+gbpusd+nzdusd,3141,0.3814,-2.9000,-47.5921,0.2622,-0.1398,0.3346,-0.1140,0.1785,10.1685,1.7697,0.1296,0.4648,0.8171,0.1330,0.0498,9.3000
sma_dist,pct,0.3000,30,eurusd+gbpusd+usdjpy,2656,0.3524,-1.6507,-47.2030,0.2302,-0.0811,0.3099,-0.0970,0.1842,8.5984,2.3850,0.0877,0.5553,0.8280,0.1384,0.0336,8.1083
sma_dist,pct,0.3000,30,eurusd+audusd+nzdusd,3396,0.3984,-3.5978,-47.8234,0.2620,-0.2926,0.4479,-0.1119,0.1741,10.9940,1.6117,0.1696,0.3940,0.7304,0.2064,0.0632,11.2500
sma_dist,pct,0.3000,30,eurusd+audusd+usdjpy,2911,0.3748,-2.5742,-47.4912,0.2275,-0.2988,0.3020,-0.1035,0.1786,9.4239,2.0315,0.1381,0.4648,0.8326,0.1348,0.0326,9.5000
sma_dist,pct,0.3000,30,eurusd+nzdusd+usdjpy,2947,0.3756,-3.5331,-47.4723,0.3031,-0.2446,0.2962,-0.1131,0.1787,9.5405,2.0198,0.1384,0.4591,0.8389,0.1266,0.0345,9.9333
sma_dist,pct,0.3000,30,gbpusd+audusd+nzdusd,3672,0.3862,-3.3856,-47.9803,0.2432,-0.2316,0.4235,-0.1139,0.1735,11.8875,1.4314,0.1509,0.4344,0.7506,0.1906,0.0588,10.5250
sma_dist,pct,0.3000,30,gbpusd+audusd+usdjpy,3187,0.3627,-2.4183,-47.6951,0.2304,-0.2326,0.2758,-0.1061,0.1776,10.3174,1.7273,0.1192,0.5052,0.8505,0.1199,0.0296,9.1000
sma_dist,pct,0.3000,30,gbpusd+nzdusd+usdjpy,3223,0.3636,-3.2968,-47.6730,0.3025,-0.1830,0.2727,-0.1147,0.1777,10.4340,1.7162,0.1198,0.4995,0.8526,0.1189,0.0285,9.2500
sma_dist,pct,0.3000,30,audusd+nzdusd+usdjpy,3478,0.3815,-3.9490,-47.8958,0.2882,-0.3365,0.4241,-0.1125,0.1734,11.2595,1.5629,0.1596,0.4278,0.7452,0.2064,0.0483,11.2500
sma_dist,pct,0.3000,40,eurusd+gbpusd+audusd,3105,0.4187,-2.1952,-47.6639,0.1988,-0.1102,0.3424,-0.1003,0.1778,10.0520,1.7803,0.1527,0.3478,0.8121,0.1369,0.0511,11.2500
sma_dist,pct,0.3000,40,eurusd+gbpusd+nzdusd,3141,0.4167,-3.3360,-47.5826,0.2622,-0.1803,0.3346,-0.1145,0.1785,10.1685,1.7697,0.1535,0.3391,0.8171,0.1330,0.0498,11.2500
sma_dist,pct,0.3000,40,eurusd+gbpusd+usdjpy,2656,0.3961,-2.1822,-47.1744,0.2302,-0.0461,0.3099,-0.1031,0.1852,8.5984,2.3850,0.1118,0.4443,0.8280,0.1384,0.0336,9.2500
sma_dist,pct,0.3000,40,eurusd+audusd+nzdusd,3396,0.4279,-3.6180,-47.7730,0.2620,-0.2695,0.4479,-0.1129,0.1746,10.9940,1.6117,0.1902,0.2615,0.7304,0.2064,0.0632,13.2500
sma_dist,pct,0.3000,40,eurusd+audusd+usdjpy,2911,0.4109,-2.6124,-47.4190,0.2275,-0.1982,0.3020,-0.1052,0.1801,9.4239,2.0315,0.1584,0.3446,0.8326,0.1348,0.0326,12.2500
sma_dist,pct,0.3000,40,eurusd+nzdusd+usdjpy,2947,0.4089,-3.8231,-47.3405,0.3031,-0.2581,0.2962,-0.1137,0.1808,9.5405,2.0198,0.1591,0.3353,0.8389,0.1266,0.0345,12.2500
sma_dist,pct,0.3000,40,gbpusd+audusd+nzdusd,3672,0.4175,-3.6243,-47.9787,0.2432,-0.2476,0.4235,-0.1139,0.1729,11.8875,1.4314,0.1757,0.3039,0.7506,0.1906,0.0588,12.2667
sma_dist,pct,0.3000,40,gbpusd+audusd+usdjpy,3187,0.4004,-2.7066,-47.6788,0.2304,-0.1798,0.2758,-0.1087,0.1777,10.3174,1.7273,0.1443,0.3863,0.8505,0.1199,0.0296,11.2500
sma_dist,pct,0.3000,40,gbpusd+nzdusd+usdjpy,3223,0.3987,-3.8126,-47.5998,0.3025,-0.2486,0.2727,-0.1147,0.1784,10.4340,1.7162,0.1452,0.3773,0.8526,0.1189,0.0285,11.2500
sma_dist,pct,0.3000,40,audusd+nzdusd+usdjpy,3478,0.4109,-4.0531,-47.7863,0.2882,-0.3316,0.4241,-0.1127,0.1746,11.2595,1.5629,0.1817,0.2987,0.7452,0.2064,0.0483,13.2500
sma_dist,pct,0.4000,25,eurusd+gbpusd+audusd,1863,0.3387,-2.2693,-47.4526,0.2230,-0.2350,0.3129,-0.0996,0.1801,6.0312,2.4650,0.1079,0.5550,0.8299,0.1258,0.0443,7.9667
sma_dist,pct,0.4000,25,eurusd+gbpusd+nzdusd,1907,0.3440,-2.5768,-47.4540,0.2713,-0.3059,0.2968,-0.1112,0.1781,6.1736,2.3879,0.1112,0.5427,0.8359,0.1244,0.0398,8.2500
sma_dist,pct,0.4000,25,eurusd+gbpusd+usdjpy,1549,0.2963,-1.8514,-46.7997,0.3357,-0.2603,0.2744,-0.1061,0.1903,5.0146,3.8953,0.0633,0.6462,0.8519,0.1137,0.0344,3.9500
sma_dist,pct,0.4000,25,eurusd+audusd+nzdusd,2147,0.3628,-3.2645,-47.9055,0.2300,-0.2324,0.4527,-0.1069,0.1703,6.9506,2.0433,0.1467,0.4886,0.7211,0.2301,0.0489,8.7667
sma_dist,pct,0.4000,25,eurusd+audusd+usdjpy,1789,0.3253,-2.7740,-47.3864,0.2545,-0.2207,0.2571,-0.1025,0.1793,5.7916,2.8372,0.1124,0.5674,0.8641,0.1026,0.0333,7.8667
sma_dist,pct,0.4000,25,eurusd+nzdusd+usdjpy,1833,0.3312,-3.0819,-47.4025,0.3145,-0.2672,0.2493,-0.1127,0.1772,5.9340,2.7226,0.1157,0.5543,0.8675,0.1027,0.0298,8.2500
sma_dist,pct,0.4000,25,gbpusd+audusd+nzdusd,2360,0.3449,-3.4117,-47.8462,0.2149,-0.1979,0.4364,-0.1104,0.1739,7.6401,1.8655,0.1339,0.5182,0.7325,0.2143,0.0532,8.2500
sma_dist,pct,0.4000,25,gbpusd+audusd+usdjpy,2002,0.3082,-2.9997,-47.3859,0.2647,-0.1662,0.2587,-0.1081,0.1826,6.4812,2.4214,0.1009,0.5939,0.8608,0.1124,0.0268,6.3083
sma_dist,pct,0.4000,25,gbpusd+nzdusd+usdjpy,2046,0.3138,-3.2706,-47.3886,0.3196,-0.2372,0.2517,-0.1159,0.1807,6.6236,2.3473,0.1041,0.5816,0.8607,0.1154,0.0239,6.9583
sma_dist,pct,0.4000,25,audusd+nzdusd+usdjpy,2286,0.3346,-3.8437,-47.8101,0.2634,-0.1805,0.4147,-0.1115,0.1730,7.4006,2.0143,0.1382,0.5267,0.7497,0.2061,0.0442,8.2500
sma_dist,pct,0.4000,30,eurusd+gbpusd+audusd,1863,0.3736,-2.0844,-47.3409,0.2230,-0.2105,0.3129,-0.0984,0.1821,6.0312,2.4650,0.1245,0.4804,0.8299,0.1258,0.0443,8.2667
sma_dist,pct,0.4000,30,eurusd+gbpusd+nzdusd,1907,0.3718,-3.1998,-47.4318,0.2713,-0.2794,0.2968,-0.1124,0.1790,6.1736,2.3879,0.1232,0.4819,0.8359,0.1244,0.0398,8.8167
sma_dist,pct,0.4000,30,eurusd+gbpusd+usdjpy,1549,0.3344,-1.6846,-46.8357,0.3357,-0.2431,0.2744,-0.1084,0.1898,5.0146,3.8953,0.0755,0.5830,0.8519,0.1137,0.0344,6.2500
sma_dist,pct,0.4000,30,eurusd+audusd+nzdusd,2147,0.3903,-3.8439,-47.7823,0.2300,-0.2252,0.4527,-0.1088,0.1725,6.9506,2.0433,0.1635,0.4145,0.7211,0.2301,0.0489,10.2500
sma_dist,pct,0.4000,30,eurusd+audusd+usdjpy,1789,0.3617,-2.6608,-47.3034,0.2545,-0.1995,0.2571,-0.1032,0.1805,5.7916,2.8372,0.1302,0.4885,0.8641,0.1026,0.0333,8.2667
sma_dist,pct,0.4000,30,eurusd+nzdusd+usdjpy,1833,0.3601,-3.8074,-47.4160,0.3145,-0.2512,0.2493,-0.1148,0.1773,5.9340,2.7226,0.1288,0.4899,0.8675,0.1027,0.0298,8.7667
sma_dist,pct,0.4000,30,gbpusd+audusd+nzdusd,2360,0.3691,-4.1518,-47.8333,0.2149,-0.2598,0.4364,-0.1113,0.1744,7.6401,1.8655,0.1479,0.4547,0.7325,0.2143,0.0532,9.2667
sma_dist,pct,0.4000,30,gbpusd+audusd+usdjpy,2002,0.3397,-3.1496,-47.4195,0.2647,-0.2343,0.2587,-0.1091,0.1819,6.4812,2.4214,0.1154,0.5280,0.8608,0.1124,0.0268,8.2500
sma_dist,pct,0.4000,30,gbpusd+nzdusd+usdjpy,2046,0.3387,-4.1664,-47.5066,0.3196,-0.2904,0.2517,-0.1168,0.1791,6.6236,2.3473,0.1144,0.5283,0.8607,0.1154,0.0239,8.2500
sma_dist,pct,0.4000,30,audusd+nzdusd+usdjpy,2286,0.3596,-4.6698,-47.8273,0.2634,-0.2251,0.4147,-0.1127,0.1729,7.4006,2.0143,0.1531,0.4602,0.7497,0.2061,0.0442,9.6500
sma_dist,pct,0.4000,40,eurusd+gbpusd+audusd,1863,0.4133,-2.0768,-47.3262,0.2230,-0.1855,0.3129,-0.0994,0.1831,6.0312,2.4650,0.1514,0.3553,0.8299,0.1258,0.0443,10.2500
sma_dist,pct,0.4000,40,eurusd+gbpusd+nzdusd,1907,0.4074,-3.2379,-47.2275,0.2713,-0.3478,0.2968,-0.1118,0.1826,6.1736,2.3879,0.1463,0.3429,0.8359,0.1244,0.0398,11.2500
sma_dist,pct,0.4000,40,eurusd+gbpusd+usdjpy,1549,0.3770,-2.0750,-46.8524,0.3357,-0.2741,0.2744,-0.1108,0.1913,5.0146,3.8953,0.0975,0.4713,0.8519,0.1137,0.0344,8.2833
sma_dist,pct,0.4000,40,eurusd+audusd+nzdusd,2147,0.4211,-3.6300,-47.5428,0.2300,-0.2196,0.4527,-0.1074,0.1766,6.9506,2.0433,0.1886,0.2715,0.7211,0.2301,0.0489,12.2500
sma_dist,pct,0.4000,40,eurusd+audusd+usdjpy,1789,0.3974,-2.7016,-47.2620,0.2545,-0.1134,0.2571,-0.1041,0.1830,5.7916,2.8372,0.1548,0.3684,0.8641,0.1026,0.0333,10.6667
sma_dist,pct,0.4000,40,eurusd+nzdusd+usdjpy,1833,0.3917,-3.8945,-47.1677,0.3145,-0.2882,0.2493,-0.1139,0.1825,5.9340,2.7226,0.1495,0.3552,0.8675,0.1027,0.0298,11.2500
sma_dist,pct,0.4000,40,gbpusd+audusd+nzdusd,2360,0.4042,-4.0600,-47.6987,0.2149,-0.3405,0.4364,-0.1108,0.1765,7.6401,1.8655,0.1754,0.3127,0.7325,0.2143,0.0532,12.2500
sma_dist,pct,0.4000,40,gbpusd+audusd+usdjpy,2002,0.3801,-3.3072,-47.4717,0.2647,-0.2562,0.2587,-0.1103,0.1821,6.4812,2.4214,0.1429,0.4066,0.8608,0.1124,0.0268,10.2250
sma_dist,pct,0.4000,40,gbpusd+nzdusd+usdjpy,2046,0.3754,-4.3630,-47.3757,0.3196,-0.3989,0.2517,-0.1162,0.1817,6.6236,2.3473,0.1383,0.3939,0.8607,0.1154,0.0239,10.2500
sma_dist,pct,0.4000,40,audusd+nzdusd+usdjpy,2286,0.3915,-4.6131,-47.6590,0.2634,-0.2596,0.4147,-0.1124,0.1761,7.4006,2.0143,0.1789,0.3215,0.7497,0.2061,0.0442,12.2500
sma_dist,pct,0.6000,25,eurusd+gbpusd+audusd,683,0.3221,-2.0831,-46.8670,0.2956,-0.4450,0.2401,-0.1109,0.1900,2.2111,6.3125,0.0820,0.6091,0.8716,0.1030,0.0253,5.3167
sma_dist,pct,0.6000,25,eurusd+gbpusd+nzdusd,686,0.3236,-3.1899,-47.5104,0.2375,-0.4294,0.2230,-0.1173,0.1784,2.2208,4.3556,0.1050,0.5889,0.8850,0.0867,0.0283,6.5000
sma_dist,pct,0.6000,25,eurusd+gbpusd+usdjpy,545,0.2385,-4.1206,-46.9605,0.4453,-0.3301,0.2183,-0.1182,0.1868,1.7644,12.6154,0.0367,0.7358,0.8852,0.0919,0.0230,2.0000
sma_dist,pct,0.6000,25,eurusd+audusd+nzdusd,819,0.3687,-0.7568,-47.7027,0.1819,-0.4271,0.4200,-0.0526,0.1759,2.6514,3.8305,0.1245,0.5201,0.7421,0.2199,0.0380,8.2500
sma_dist,pct,0.6000,25,eurusd+audusd+usdjpy,678,0.3097,-0.9989,-47.2991,0.2898,-0.2531,0.2168,-0.0675,0.1821,2.1949,7.1852,0.0737,0.6239,0.8838,0.0909,0.0253,5.4000
sma_dist,pct,0.6000,25,eurusd+nzdusd+usdjpy,681,0.3113,-2.1187,-47.9825,0.2617,-0.3193,0.2115,-0.1073,0.1704,2.2046,4.7000,0.0969,0.6035,0.8898,0.0835,0.0267,6.1667
sma_dist,pct,0.6000,25,gbpusd+audusd+nzdusd,911,0.3524,-1.8453,-47.4783,0.1932,-0.5466,0.3908,-0.0987,0.1778,2.9492,3.6923,0.1164,0.5456,0.7644,0.1935,0.0421,8.2500
sma_dist,pct,0.6000,25,gbpusd+audusd+usdjpy,770,0.2974,-2.2578,-47.0887,0.3464,-0.4575,0.2013,-0.1035,0.1836,2.4928,6.3030,0.0701,0.6416,0.8910,0.0839,0.0250,4.0250
sma_dist,pct,0.6000,25,gbpusd+nzdusd+usdjpy,773,0.2988,-3.2394,-47.6816,0.2997,-0.4736,0.2070,-0.1116,0.1733,2.5025,4.3913,0.0906,0.6235,0.8917,0.0849,0.0234,4.7167
sma_dist,pct,0.6000,25,audusd+nzdusd+usdjpy,906,0.3433,-1.0326,-47.8325,0.2260,-0.4737,0.3985,-0.0762,0.1718,2.9330,3.8667,0.1104,0.5563,0.7610,0.1892,0.0498,8.0333
sma_dist,pct,0.6000,30,eurusd+gbpusd+audusd,683,0.3572,-2.0855,-46.7556,0.2956,-0.4536,0.2401,-0.0961,0.1915,2.2111,6.3125,0.0981,0.5344,0.8716,0.1030,0.0253,8.2500
sma_dist,pct,0.6000,30,eurusd+gbpusd+nzdusd,686,0.3586,-2.8952,-47.3698,0.2375,-0.4338,0.2230,-0.1166,0.1799,2.2208,4.3556,0.1210,0.5117,0.8850,0.0867,0.0283,8.2500
sma_dist,pct,0.6000,30,eurusd+gbpusd+usdjpy,545,0.2734,-3.7273,-46.8997,0.4453,-0.4122,0.2183,-0.1176,0.1877,1.7644,12.6154,0.0495,0.6661,0.8852,0.0919,0.0230,3.0000
sma_dist,pct,0.6000,30,eurusd+audusd+nzdusd,819,0.4005,-1.0277,-47.5843,0.1819,-0.3836,0.4200,-0.0727,0.1765,2.6514,3.8305,0.1453,0.4457,0.7421,0.2199,0.0380,9.2500
sma_dist,pct,0.6000,30,eurusd+audusd+usdjpy,678,0.3407,-1.3083,-47.2433,0.2898,-0.3219,0.2168,-0.0799,0.1821,2.1949,7.1852,0.0929,0.5560,0.8838,0.0909,0.0253,7.5333
sma_dist,pct,0.6000,30,eurusd+nzdusd+usdjpy,681,0.3421,-2.1273,-47.9109,0.2617,-0.3437,0.2115,-0.1072,0.1704,2.2046,4.7000,0.1160,0.5330,0.8898,0.0835,0.0267,8.2500
sma_dist,pct,0.6000,30,gbpusd+audusd+nzdusd,911,0.3864,-1.8206,-47.4133,0.1932,-0.5444,0.3908,-0.0941,0.1783,2.9492,3.6923,0.1328,0.4731,0.7644,0.1935,0.0421,8.5167
sma_dist,pct,0.6000,30,gbpusd+audusd+usdjpy,770,0.3312,-2.2127,-47.0835,0.3464,-0.5342,0.2013,-0.1031,0.1836,2.4928,6.3030,0.0844,0.5753,0.8910,0.0839,0.0250,6.2500
sma_dist,pct,0.6000,30,gbpusd+nzdusd+usdjpy,773,0.3325,-2.9308,-47.6613,0.2997,-0.4935,0.2070,-0.1150,0.1733,2.5025,4.3913,0.1048,0.5550,0.8917,0.0849,0.0234,8.0833
sma_dist,pct,0.6000,30,audusd+nzdusd+usdjpy,906,0.3742,-1.2374,-47.8167,0.2260,-0.4997,0.3985,-0.0720,0.1712,2.9330,3.8667,0.1291,0.4890,0.7610,0.1892,0.0498,8.3583
sma_dist,pct,0.6000,40,eurusd+gbpusd+audusd,683,0.4026,-2.5651,-47.1107,0.2956,-0.3016,0.2401,-0.0935,0.1852,2.2111,6.3125,0.1274,0.4231,0.8716,0.1030,0.0253,9.2500
sma_dist,pct,0.6000,40,eurusd+gbpusd+nzdusd,686,0.3921,-3.8013,-47.5105,0.2375,-0.5456,0.2230,-0.1169,0.1771,2.2208,4.3556,0.1487,0.3790,0.8850,0.0867,0.0283,9.4417
sma_dist,pct,0.6000,40,eurusd+gbpusd+usdjpy,545,0.3156,-5.8879,-47.0976,0.4453,-0.4693,0.2183,-0.1175,0.1833,1.7644,12.6154,0.0734,0.5798,0.8852,0.0919,0.0230,5.8667
sma_dist,pct,0.6000,40,eurusd+audusd+nzdusd,819,0.4359,-0.9132,-47.6726,0.1819,-0.3626,0.4200,-0.0576,0.1755,2.6514,3.8305,0.1795,0.3053,0.7421,0.2199,0.0380,12.2500
sma_dist,pct,0.6000,40,eurusd+audusd+usdjpy,678,0.3835,-1.9899,-47.3769,0.2898,-0.2356,0.2168,-0.0852,0.1802,2.1949,7.1852,0.1254,0.4513,0.8838,0.0909,0.0253,9.2500
sma_dist,pct,0.6000,40,eurusd+nzdusd+usdjpy,681,0.3730,-3.2377,-47.7904,0.2617,-0.4965,0.2115,-0.1088,0.1720,2.2046,4.7000,0.1468,0.4068,0.8898,0.0835,0.0267,9.7333
sma_dist,pct,0.6000,40,gbpusd+audusd+nzdusd,911,0.4237,-1.9612,-47.6097,0.1932,-0.4840,0.3908,-0.0885,0.1751,2.9492,3.6923,0.1647,0.3447,0.7644,0.1935,0.0421,10.8167
sma_dist,pct,0.6000,40,gbpusd+audusd+usdjpy,770,0.3753,-3.1011,-47.3320,0.3464,-0.4101,0.2013,-0.1045,0.1792,2.4928,6.3030,0.1143,0.4805,0.8910,0.0839,0.0250,8.2500
sma_dist,pct,0.6000,40,gbpusd+nzdusd+usdjpy,773,0.3661,-4.1961,-47.7077,0.2997,-0.5634,0.2070,-0.1133,0.1720,2.5025,4.3913,0.1332,0.4411,0.8917,0.0849,0.0234,9.0167
sma_dist,pct,0.6000,40,audusd+nzdusd+usdjpy,906,0.4095,-1.5274,-47.8233,0.2260,-0.4911,0.3985,-0.0776,0.1713,2.9330,3.8667,0.1634,0.3653,0.7610,0.1892,0.0498,11.2500
sma_dist,pips,15.0000,25,eurusd+gbpusd+audusd,5603,0.3480,-1.2378,-47.3231,0.2262,-0.1639,0.4714,-0.0983,0.1872,18.1388,1.0982,0.1012,0.5492,0.7233,0.1827,0.0939,9.0000
sma_dist,pips,15.0000,25,eurusd+gbpusd+nzdusd,5517,0.3453,-2.3252,-47.2932,0.2631,-0.1805,0.4673,-0.1146,0.1880,17.8604,1.0997,0.1048,0.5519,0.7244,0.1889,0.0867,8.8833
sma_dist,pips,15.0000,25,eurusd+gbpusd+usdjpy,5671,0.3266,-1.2286,-47.2311,0.2580,0.0561,0.4509,-0.0940,0.1896,18.3590,1.1080,0.0866,0.5955,0.7361,0.1856,0.0783,8.1833
sma_dist,pips,15.0000,25,eurusd+audusd+nzdusd,5214,0.3778,-2.3239,-47.4639,0.2438,-0.3850,0.4860,-0.1138,0.1840,16.8795,1.1358,0.1419,0.4705,0.7106,0.1920,0.0973,11.0167
sma_dist,pips,15.0000,25,eurusd+audusd+usdjpy,5368,0.3571,-1.1655,-47.3903,0.2357,-0.1313,0.4354,-0.0988,0.1857,17.3781,1.1447,0.1216,0.5188,0.7452,0.1881,0.0667,9.7500
sma_dist,pips,15.0000,25,eurusd+nzdusd+usdjpy,5282,0.3544,-2.3001,-47.3596,0.2740,-0.1528,0.4139,-0.1124,0.1866,17.0996,1.1471,0.1257,0.5212,0.7608,0.1786,0.0605,9.5667
sma_dist,pips,15.0000,25,gbpusd+audusd+nzdusd,5434,0.3469,-2.8372,-47.5850,0.2291,-0.1789,0.4978,-0.1171,0.1821,17.5917,1.0787,0.1196,0.5243,0.7028,0.1913,0.1059,9.8333
sma_dist,pips,15.0000,25,gbpusd+audusd+usdjpy,5588,0.3278,-1.7103,-47.5097,0.2314,0.0638,0.4504,-0.1078,0.1839,18.0903,1.0868,0.1008,0.5693,0.7341,0.1944,0.0716,8.5833
sma_dist,pips,15.0000,25,gbpusd+nzdusd+usdjpy,5502,0.3248,-2.8080,-47.4817,0.2702,0.0403,0.4289,-0.1156,0.1846,17.8119,1.0881,0.1043,0.5723,0.7501,0.1864,0.0635,8.5000
sma_dist,pips,15.0000,25,audusd+nzdusd+usdjpy,5199,0.3562,-2.8349,-47.6701,0.2496,-0.1433,0.4774,-0.1147,0.1804,16.8309,1.1240,0.1416,0.4918,0.7135,0.2027,0.0838,10.5167
sma_dist,pips,15.0000,30,eurusd+gbpusd+audusd,5603,0.3802,-1.3230,-47.4068,0.2262,-0.0980,0.4714,-0.0969,0.1853,18.1388,1.0982,0.1178,0.4790,0.7233,0.1827,0.0939,10.8333
sma_dist,pips,15.0000,30,eurusd+gbpusd+nzdusd,5517,0.3761,-2.5433,-47.3620,0.2631,-0.1846,0.4673,-0.1142,0.1865,17.8604,1.0997,0.1207,0.4802,0.7244,0.1889,0.0867,10.6833
sma_dist,pips,15.0000,30,eurusd+gbpusd+usdjpy,5671,0.3627,-1.1558,-47.2967,0.2580,0.1071,0.4509,-0.0904,0.1880,18.3590,1.1080,0.1014,0.5274,0.7361,0.1856,0.0783,9.4000
sma_dist,pips,15.0000,30,eurusd+audusd+nzdusd,5214,0.4031,-2.7430,-47.4807,0.2438,-0.3789,0.4860,-0.1147,0.1833,16.8795,1.1358,0.1592,0.3966,0.7106,0.1920,0.0973,12.2500
sma_dist,pips,15.0000,30,eurusd+audusd+usdjpy,5368,0.3882,-1.2714,-47.4058,0.2357,-0.0806,0.4354,-0.1000,0.1850,17.3781,1.1447,0.1377,0.4490,0.7452,0.1881,0.0667,11.2667
sma_dist,pips,15.0000,30,eurusd+nzdusd+usdjpy,5282,0.3841,-2.5452,-47.3586,0.2740,-0.1584,0.4139,-0.1131,0.1863,17.0996,1.1471,0.1410,0.4496,0.7608,0.1786,0.0605,11.2500
sma_dist,pips,15.0000,30,gbpusd+audusd+nzdusd,5434,0.3714,-3.3703,-47.6396,0.2291,-0.1930,0.4978,-0.1170,0.1810,17.5917,1.0787,0.1354,0.4555,0.7028,0.1913,0.1059,11.2667
sma_dist,pips,15.0000,30,gbpusd+audusd+usdjpy,5588,0.3579,-1.9394,-47.5622,0.2314,0.0965,0.4504,-0.1082,0.1827,18.0903,1.0868,0.1154,0.5041,0.7341,0.1944,0.0716,10.2500
sma_dist,pips,15.0000,30,gbpusd+nzdusd+usdjpy,5502,0.3535,-3.1727,-47.5182,0.2702,0.0149,0.4289,-0.1151,0.1839,17.8119,1.0881,0.1183,0.5056,0.7501,0.1864,0.0635,10.2500
sma_dist,pips,15.0000,30,audusd+nzdusd+usdjpy,5199,0.3793,-3.4096,-47.6503,0.2496,-0.1777,0.4774,-0.1147,0.1805,16.8309,1.1240,0.1568,0.4234,0.7135,0.2027,0.0838,12.2500
sma_dist,pips,15.0000,40,eurusd+gbpusd+audusd,5603,0.4137,-2.0758,-47.4516,0.2262,-0.0644,0.4714,-0.1078,0.1841,18.1388,1.0982,0.1372,0.3659,0.7233,0.1827,0.0939,13.2500
sma_dist,pips,15.0000,40,eurusd+gbpusd+nzdusd,5517,0.4087,-3.2164,-47.3714,0.2631,-0.1921,0.4673,-0.1166,0.1855,17.8604,1.0997,0.1419,0.3602,0.7244,0.1889,0.0867,13.2500
sma_dist,pips,15.0000,40,eurusd+gbpusd+usdjpy,5671,0.4001,-1.8596,-47.2971,0.2580,0.1402,0.4509,-0.1018,0.1875,18.3590,1.1080,0.1213,0.4165,0.7361,0.1856,0.0783,12.2500
sma_dist,pips,15.0000,40,eurusd+audusd+nzdusd,5214,0.4275,-3.2122,-47.4885,0.2438,-0.3662,0.4860,-0.1160,0.1825,16.8795,1.1358,0.1795,0.2702,0.7106,0.1920,0.0973,14.2500
sma_dist,pips,15.0000,40,eurusd+audusd+usdjpy,5368,0.4178,-1.7789,-47.4031,0.2357,-0.0379,0.4354,-0.1049,0.1847,17.3781,1.1447,0.1567,0.3323,0.7452,0.1881,0.0667,13.2500
sma_dist,pips,15.0000,40,eurusd+nzdusd+usdjpy,5282,0.4127,-2.9655,-47.3185,0.2740,-0.1664,0.4139,-0.1146,0.1862,17.0996,1.1471,0.1619,0.3258,0.7608,0.1786,0.0605,13.2500
sma_dist,pips,15.0000,40,gbpusd+audusd+nzdusd,5434,0.4045,-3.7063,-47.6360,0.2291,-0.1931,0.4978,-0.1166,0.1804,17.5917,1.0787,0.1572,0.3316,0.7028,0.1913,0.1059,13.9917
sma_dist,pips,15.0000,40,gbpusd+audusd+usdjpy,5588,0.3958,-2.3158,-47.5480,0.2314,0.1417,0.4504,-0.1097,0.1826,18.0903,1.0868,0.1358,0.3896,0.7341,0.1944,0.0716,13.2500
sma_dist,pips,15.0000,40,gbpusd+nzdusd+usdjpy,5502,0.3906,-3.4633,-47.4681,0.2702,0.0194,0.4289,-0.1156,0.1840,17.8119,1.0881,0.1405,0.3842,0.7501,0.1864,0.0635,13.2500
sma_dist,pips,15.0000,40,audusd+nzdusd+usdjpy,5199,0.4083,-3.4735,-47.5929,0.2496,-0.1762,0.4774,-0.1155,0.1809,16.8309,1.1240,0.1781,0.2954,0.7135,0.2027,0.0838,14.2500
sma_dist,pips,20.0000,25,eurusd+gbpusd+audusd,4742,0.3389,-1.7716,-47.4973,0.2007,-0.1198,0.4150,-0.1053,0.1834,15.3515,1.1968,0.1019,0.5652,0.7622,0.1645,0.0733,8.2500
sma_dist,pips,20.0000,25,eurusd+gbpusd+nzdusd,4663,0.3380,-2.4088,-47.4106,0.2211,-0.0840,0.4122,-0.1144,0.1849,15.0957,1.2114,0.1021,0.5642,0.7624,0.1748,0.0627,8.2500
sma_dist,pips,20.0000,25,eurusd+gbpusd+usdjpy,4967,0.3189,-1.6115,-47.3208,0.2507,0.0512,0.3851,-0.1063,0.1873,16.0799,1.2565,0.0809,0.6064,0.7815,0.1631,0.0554,7.2500
sma_dist,pips,20.0000,25,eurusd+audusd+nzdusd,4126,0.3737,-2.6549,-47.7456,0.2109,-0.2523,0.4489,-0.1105,0.1776,13.3573,1.2831,0.1498,0.4799,0.7364,0.1811,0.0825,10.0000
sma_dist,pips,20.0000,25,eurusd+audusd+usdjpy,4430,0.3499,-1.7441,-47.6115,0.2200,-0.1747,0.3668,-0.1031,0.1808,14.3414,1.3333,0.1228,0.5330,0.7923,0.1586,0.0491,8.6583
sma_dist,pips,20.0000,25,eurusd+nzdusd+usdjpy,4351,0.3491,-2.4265,-47.5201,0.2511,-0.1209,0.3519,-0.1108,0.1824,14.0857,1.3559,0.1234,0.5314,0.8034,0.1515,0.0451,8.6333
sma_dist,pips,20.0000,25,gbpusd+audusd+nzdusd,4517,0.3447,-2.7225,-47.7415,0.2072,-0.1485,0.4510,-0.1148,0.1787,14.6231,1.1528,0.1204,0.5377,0.7349,0.1847,0.0804,8.7833
sma_dist,pips,20.0000,25,gbpusd+audusd+usdjpy,4821,0.3246,-1.8813,-47.6202,0.2407,-0.0342,0.3831,-0.1076,0.1816,15.6072,1.1957,0.0975,0.5829,0.7817,0.1656,0.0527,8.2500
sma_dist,pips,20.0000,25,gbpusd+nzdusd+usdjpy,4742,0.3235,-2.5098,-47.5375,0.2714,-0.0011,0.3606,-0.1147,0.1831,15.3515,1.2104,0.0976,0.5822,0.7972,0.1583,0.0445,8.2500
sma_dist,pips,20.0000,25,audusd+nzdusd+usdjpy,4205,0.3567,-2.7641,-47.8886,0.2428,-0.1769,0.4321,-0.1121,0.1757,13.6130,1.2831,0.1439,0.5018,0.7440,0.1943,0.0617,9.3500
sma_dist,pips,20.0000,30,eurusd+gbpusd+audusd,4742,0.3735,-1.8292,-47.5243,0.2007,-0.1078,0.4150,-0.1041,0.1828,15.3515,1.1968,0.1196,0.4876,0.7622,0.1645,0.0733,10.0000
sma_dist,pips,20.0000,30,eurusd+gbpusd+nzdusd,4663,0.3708,-2.6314,-47.4696,0.2211,-0.0733,0.4122,-0.1149,0.1838,15.0957,1.2114,0.1184,0.4883,0.7624,0.1748,0.0627,9.7667
sma_dist,pips,20.0000,30,eurusd+gbpusd+usdjpy,4967,0.3570,-1.5107,-47.3523,0.2507,0.0910,0.3851,-0.1041,0.1866,16.0799,1.2565,0.0982,0.5323,0.7815,0.1631,0.0554,8.7667
sma_dist,pips,20.0000,30,eurusd+audusd+nzdusd,4126,0.4014,-3.1639,-47.7486,0.2109,-0.2693,0.4489,-0.1125,0.1777,13.3573,1.2831,0.1655,0.4055,0.7364,0.1811,0.0825,11.2500
sma_dist,pips,20.0000,30,eurusd+audusd+usdjpy,4430,0.3837,-1.8707,-47.5896,0.2200,-0.1727,0.3668,-0.1038,0.1813,14.3414,1.3333,0.1397,0.4605,0.7923,0.1586,0.0491,10.2500
sma_dist,pips,20.0000,30,eurusd+nzdusd+usdjpy,4351,0.3811,-2.7312,-47.5323,0.2511,-0.1140,0.3519,-0.1122,0.1823,14.0857,1.3559,0.1388,0.4608,0.8034,0.1515,0.0451,10.2500
sma_dist,pips,20.0000,30,gbpusd+audusd+nzdusd,4517,0.3702,-3.3397,-47.8053,0.2072,-0.1893,0.4510,-0.1155,0.1777,14.6231,1.1528,0.1344,0.4680,0.7349,0.1847,0.0804,10.2667
sma_dist,pips,20.0000,30,gbpusd+audusd+usdjpy,4821,0.3559,-2.1403,-47.6558,0.2407,-0.0533,0.3831,-0.1081,0.1810,15.6072,1.1957,0.1126,0.5146,0.7817,0.1656,0.0527,9.2667
sma_dist,pips,20.0000,30,gbpusd+nzdusd+usdjpy,4742,0.3530,-2.9344,-47.6046,0.2714,-0.0181,0.3606,-0.1146,0.1819,15.3515,1.2104,0.1113,0.5158,0.7972,0.1583,0.0445,9.2500
sma_dist,pips,20.0000,30,audusd+nzdusd+usdjpy,4205,0.3807,-3.4955,-47.9016,0.2428,-0.2165,0.4321,-0.1134,0.1757,13.6130,1.2831,0.1567,0.4380,0.7440,0.1943,0.0617,11.2500
sma_dist,pips,20.0000,40,eurusd+gbpusd+audusd,4741,0.4130,-2.1975,-47.5002,0.2007,-0.1019,0.4151,-0.1070,0.1830,15.3482,1.1968,0.1411,0.3664,0.7622,0.1645,0.0733,12.2500
sma_dist,pips,20.0000,40,eurusd+gbpusd+nzdusd,4662,0.4095,-3.0832,-47.4064,0.2211,-0.1548,0.4123,-0.1161,0.1843,15.0925,1.2114,0.1401,0.3640,0.7623,0.1749,0.0628,12.2500
sma_dist,pips,20.0000,40,eurusd+gbpusd+usdjpy,4966,0.3995,-1.9503,-47.2428,0.2507,0.0727,0.3852,-0.1060,0.1886,16.0766,1.2565,0.1202,0.4144,0.7814,0.1632,0.0554,11.2500
sma_dist,pips,20.0000,40,eurusd+audusd+nzdusd,4125,0.4284,-3.4969,-47.7189,0.2109,-0.2483,0.4490,-0.1128,0.1776,13.3540,1.2831,0.1840,0.2754,0.7363,0.1811,0.0826,13.2500
sma_dist,pips,20.0000,40,eurusd+audusd+usdjpy,4429,0.4159,-2.1983,-47.4996,0.2200,-0.0762,0.3669,-0.1049,0.1829,14.3382,1.3333,0.1587,0.3380,0.7923,0.1586,0.0491,12.6833
sma_dist,pips,20.0000,40,eurusd+nzdusd+usdjpy,4350,0.4122,-3.1475,-47.3991,0.2511,-0.1217,0.3520,-0.1134,0.1843,14.0824,1.3559,0.1579,0.3349,0.8033,0.1516,0.0451,12.2500
sma_dist,pips,20.0000,40,gbpusd+audusd+nzdusd,4517,0.4085,-3.4695,-47.7796,0.2072,-0.2262,0.4510,-0.1158,0.1774,14.6231,1.1528,0.1570,0.3392,0.7349,0.1847,0.0804,13.2500
sma_dist,pips,20.0000,40,gbpusd+audusd+usdjpy,4821,0.3983,-2.2782,-47.5747,0.2407,-0.0406,0.3831,-0.1085,0.1823,15.6072,1.1957,0.1354,0.3927,0.7817,0.1656,0.0527,12.2500
sma_dist,pips,20.0000,40,gbpusd+nzdusd+usdjpy,4742,0.3946,-3.1502,-47.4831,0.2714,-0.0969,0.3606,-0.1155,0.1835,15.3515,1.2104,0.1343,0.3908,0.7972,0.1583,0.0445,12.2500
sma_dist,pips,20.0000,40,audusd+nzdusd+usdjpy,4205,0.4112,-3.5646,-47.8012,0.2428,-0.2116,0.4321,-0.1135,0.1769,13.6130,1.2831,0.1767,0.3073,0.7440,0.1943,0.0617,13.2500
sma_dist,pips,30.0000,25,eurusd+gbpusd+audusd,3094,0.3400,-1.7477,-47.3823,0.1953,-0.1606,0.3772,-0.1037,0.1835,10.0163,1.6293,0.0937,0.5760,0.7888,0.1534,0.0578,7.1250
sma_dist,pips,30.0000,25,eurusd+gbpusd+nzdusd,3054,0.3356,-2.0945,-47.4563,0.1560,-0.1447,0.3661,-0.1120,0.1815,9.8868,1.5488,0.0927,0.5720,0.7922,0.1588,0.0490,7.3667
sma_dist,pips,30.0000,25,eurusd+gbpusd+usdjpy,3510,0.3140,-1.9026,-47.2286,0.2820,-0.0445,0.3262,-0.1079,0.1865,11.3631,1.9349,0.0783,0.6148,0.8192,0.1437,0.0371,5.8333
sma_dist,pips,30.0000,25,eurusd+audusd+nzdusd,2355,0.3665,-2.4005,-47.7299,0.1723,-0.2773,0.4268,-0.1047,0.1745,7.6239,1.6742,0.1363,0.4972,0.7504,0.1784,0.0712,8.2500
sma_dist,pips,30.0000,25,eurusd+audusd+usdjpy,2811,0.3344,-2.1112,-47.3830,0.2571,-0.1967,0.3002,-0.1013,0.1819,9.1002,2.1818,0.1113,0.5628,0.8360,0.1273,0.0367,8.1833
sma_dist,pips,30.0000,25,eurusd+nzdusd+usdjpy,2771,0.3295,-2.4987,-47.4708,0.2308,-0.2054,0.2858,-0.1109,0.1796,8.9707,2.0546,0.1104,0.5583,0.8451,0.1210,0.0339,8.2500
sma_dist,pips,30.0000,25,gbpusd+audusd+nzdusd,2819,0.3374,-2.5508,-47.7450,0.1086,-0.1595,0.3877,-0.1102,0.1763,9.1261,1.4307,0.1000,0.5654,0.7819,0.1526,0.0656,8.0667
sma_dist,pips,30.0000,25,gbpusd+audusd+usdjpy,3275,0.3139,-2.2816,-47.4503,0.2510,-0.0637,0.3002,-0.1069,0.1824,10.6023,1.7973,0.0837,0.6122,0.8379,0.1285,0.0336,6.2000
sma_dist,pips,30.0000,25,gbpusd+nzdusd+usdjpy,3235,0.3094,-2.6156,-47.5226,0.2147,-0.0785,0.2733,-0.1142,0.1805,10.4728,1.7063,0.0825,0.6090,0.8527,0.1179,0.0295,6.4500
sma_dist,pips,30.0000,25,audusd+nzdusd+usdjpy,2536,0.3308,-3.0434,-47.7979,0.2086,-0.2064,0.3557,-0.1087,0.1737,8.2099,1.8843,0.1203,0.5497,0.8001,0.1512,0.0487,8.2500
sma_dist,pips,30.0000,30,eurusd+gbpusd+audusd,3094,0.3733,-1.8671,-47.3685,0.1953,-0.1422,0.3772,-0.1039,0.1836,10.0163,1.6293,0.1089,0.5006,0.7888,0.1534,0.0578,8.2500
sma_dist,pips,30.0000,30,eurusd+gbpusd+nzdusd,3054,0.3667,-2.3164,-47.4704,0.1560,-0.1151,0.3661,-0.1127,0.1812,9.8868,1.5488,0.1067,0.4987,0.7922,0.1588,0.0490,8.2833
sma_dist,pips,30.0000,30,eurusd+gbpusd+usdjpy,3510,0.3473,-1.9881,-47.3014,0.2820,-0.0424,0.3262,-0.1088,0.1852,11.3631,1.9349,0.0923,0.5456,0.8192,0.1437,0.0371,8.2500
sma_dist,pips,30.0000,30,eurusd+audusd+nzdusd,2355,0.3936,-2.9935,-47.6026,0.1723,-0.2484,0.4268,-0.1076,0.1764,7.6239,1.6742,0.1507,0.4225,0.7504,0.1784,0.0712,9.5500
sma_dist,pips,30.0000,30,eurusd+audusd+usdjpy,2811,0.3650,-2.4736,-47.3588,0.2571,-0.1771,0.3002,-0.1041,0.1822,9.1002,2.1818,0.1256,0.4934,0.8360,0.1273,0.0367,8.5000
sma_dist,pips,30.0000,30,eurusd+nzdusd+usdjpy,2771,0.3576,-2.9776,-47.4760,0.2308,-0.1619,0.2858,-0.1129,0.1795,8.9707,2.0546,0.1234,0.4912,0.8451,0.1210,0.0339,8.5333
sma_dist,pips,30.0000,30,gbpusd+audusd+nzdusd,2819,0.3647,-3.0217,-47.7133,0.1086,-0.1448,0.3877,-0.1109,0.1770,9.1261,1.4307,0.1135,0.4941,0.7819,0.1526,0.0656,8.9500
sma_dist,pips,30.0000,30,gbpusd+audusd+usdjpy,3275,0.3441,-2.5716,-47.4915,0.2510,-0.0677,0.3002,-0.1090,0.1820,10.6023,1.7973,0.0971,0.5450,0.8379,0.1285,0.0336,8.2500
sma_dist,pips,30.0000,30,gbpusd+nzdusd+usdjpy,3235,0.3376,-3.0045,-47.5915,0.2147,-0.0661,0.2733,-0.1147,0.1796,10.4728,1.7063,0.0949,0.5437,0.8527,0.1179,0.0295,8.2500
sma_dist,pips,30.0000,30,audusd+nzdusd+usdjpy,2536,0.3545,-3.8228,-47.7495,0.2086,-0.1863,0.3557,-0.1106,0.1748,8.2099,1.8843,0.1325,0.4854,0.8001,0.1512,0.0487,9.2500
sma_dist,pips,30.0000,40,eurusd+gbpusd+audusd,3093,0.4158,-2.1267,-47.3695,0.1953,-0.1461,0.3773,-0.1047,0.1836,10.0131,1.6293,0.1313,0.3854,0.7887,0.1535,0.0579,10.2500
sma_dist,pips,30.0000,40,eurusd+gbpusd+nzdusd,3053,0.4068,-2.4892,-47.3761,0.1560,-0.1809,0.3662,-0.1132,0.1825,9.8836,1.5488,0.1287,0.3767,0.7921,0.1589,0.0490,10.3667
sma_dist,pips,30.0000,40,eurusd+gbpusd+usdjpy,3509,0.3927,-2.2835,-47.2305,0.2820,-0.0825,0.3263,-0.1118,0.1866,11.3598,1.9349,0.1120,0.4337,0.8192,0.1437,0.0371,10.0000
sma_dist,pips,30.0000,40,eurusd+audusd+nzdusd,2354,0.4274,-2.8083,-47.5510,0.1723,-0.2258,0.4269,-0.1080,0.1774,7.6207,1.6742,0.1733,0.2889,0.7503,0.1785,0.0713,12.2500
sma_dist,pips,30.0000,40,eurusd+audusd+usdjpy,2810,0.4064,-2.4996,-47.3297,0.2571,-0.1284,0.3004,-0.1062,0.1833,9.0969,2.1818,0.1452,0.3744,0.8359,0.1274,0.0368,11.0000
sma_dist,pips,30.0000,40,eurusd+nzdusd+usdjpy,2770,0.3964,-2.9045,-47.3373,0.2308,-0.1855,0.2859,-0.1138,0.1821,8.9674,2.0546,0.1426,0.3646,0.8451,0.1210,0.0339,11.2500
sma_dist,pips,30.0000,40,gbpusd+audusd+nzdusd,2819,0.4044,-3.0290,-47.6762,0.1086,-0.1982,0.3877,-0.1106,0.1774,9.1261,1.4307,0.1401,0.3668,0.7819,0.1526,0.0656,11.2500
sma_dist,pips,30.0000,40,gbpusd+audusd+usdjpy,3275,0.3896,-2.7335,-47.4692,0.2510,-0.1066,0.3002,-0.1113,0.1824,10.6023,1.7973,0.1206,0.4293,0.8379,0.1285,0.0336,10.2500
sma_dist,pips,30.0000,40,gbpusd+nzdusd+usdjpy,3235,0.3808,-3.0831,-47.4770,0.2147,-0.1508,0.2733,-0.1149,0.1814,10.4728,1.7063,0.1181,0.4216,0.8527,0.1179,0.0295,10.2500
sma_dist,pips,30.0000,40,audusd+nzdusd+usdjpy,2536,0.3927,-3.5430,-47.6682,0.2086,-0.2069,0.3557,-0.1105,0.1764,8.2099,1.8843,0.1565,0.3525,0.8001,0.1512,0.0487,12.2500
sma_dist,pips,40.0000,25,eurusd+gbpusd+audusd,1902,0.3423,-0.9963,-47.1931,0.1747,-0.2957,0.3291,-0.0791,0.1839,6.1574,2.0552,0.0752,0.5925,0.8218,0.1285,0.0497,6.0000
sma_dist,pips,40.0000,25,eurusd+gbpusd+nzdusd,1833,0.3448,-1.0880,-47.5423,0.1420,-0.3879,0.3153,-0.0805,0.1780,5.9340,1.8519,0.0818,0.5892,0.8262,0.1362,0.0377,6.0333
sma_dist,pips,40.0000,25,eurusd+gbpusd+usdjpy,2332,0.3143,-1.4575,-47.1699,0.2903,-0.1583,0.2521,-0.0931,0.1845,7.5495,2.4497,0.0686,0.6325,0.8663,0.1038,0.0299,4.6250
sma_dist,pips,40.0000,25,eurusd+audusd+nzdusd,1217,0.3689,-0.6743,-47.5921,0.1628,-0.5247,0.4084,-0.0585,0.1732,3.9398,2.2778,0.1191,0.5201,0.7661,0.1620,0.0719,8.2500
sma_dist,pips,40.0000,25,eurusd+audusd+usdjpy,1716,0.3205,-1.2967,-47.0651,0.2498,-0.2120,0.2599,-0.0864,0.1835,5.5553,3.3113,0.0903,0.5991,0.8627,0.1025,0.0348,6.3500
sma_dist,pips,40.0000,25,eurusd+nzdusd+usdjpy,1647,0.3224,-1.4113,-47.4479,0.2439,-0.2820,0.2362,-0.0894,0.1768,5.3319,2.8860,0.0984,0.5956,0.8761,0.0945,0.0294,6.5000
sma_dist,pips,40.0000,25,gbpusd+audusd+nzdusd,1696,0.3461,-0.9162,-47.6785,0.0763,-0.4750,0.3225,-0.0747,0.1776,5.4905,1.7660,0.0849,0.5825,0.8286,0.1164,0.0550,6.6667
sma_dist,pips,40.0000,25,gbpusd+audusd+usdjpy,2195,0.3134,-1.3478,-47.2514,0.2675,-0.2112,0.2319,-0.0936,0.1847,7.1060,2.3571,0.0702,0.6301,0.8794,0.0955,0.0251,4.9833
sma_dist,pips,40.0000,25,gbpusd+nzdusd+usdjpy,2126,0.3147,-1.4382,-47.5549,0.2430,-0.2633,0.2112,-0.0929,0.1796,6.8826,2.1250,0.0757,0.6284,0.8892,0.0895,0.0213,5.0417
sma_dist,pips,40.0000,25,audusd+nzdusd+usdjpy,1510,0.3219,-1.2477,-47.5859,0.2307,-0.3319,0.2861,-0.0819,0.1763,4.8884,2.7522,0.1033,0.5887,0.8476,0.1063,0.0460,7.1000
sma_dist,pips,40.0000,30,eurusd+gbpusd+audusd,1902,0.3801,-0.9306,-47.1890,0.1747,-0.2452,0.3291,-0.0653,0.1842,6.1574,2.0552,0.0883,0.5258,0.8218,0.1285,0.0497,8.2500
sma_dist,pips,40.0000,30,eurusd+gbpusd+nzdusd,1833,0.3813,-1.0604,-47.5292,0.1420,-0.3309,0.3153,-0.0818,0.1783,5.9340,1.8519,0.0944,0.5226,0.8262,0.1362,0.0377,8.2500
sma_dist,pips,40.0000,30,eurusd+gbpusd+usdjpy,2332,0.3525,-1.4077,-47.1911,0.2903,-0.1027,0.2521,-0.0953,0.1846,7.5495,2.4497,0.0806,0.5708,0.8663,0.1038,0.0299,7.2500
sma_dist,pips,40.0000,30,eurusd+audusd+nzdusd,1217,0.4084,-0.5815,-47.3751,0.1628,-0.4317,0.4084,-0.0439,0.1769,3.9398,2.2778,0.1372,0.4412,0.7661,0.1620,0.0719,9.2500
sma_dist,pips,40.0000,30,eurusd+audusd+usdjpy,1716,0.3613,-1.1927,-46.9676,0.2498,-0.1523,0.2599,-0.0875,0.1859,5.5553,3.3113,0.1061,0.5303,0.8627,0.1025,0.0348,8.2500
sma_dist,pips,40.0000,30,eurusd+nzdusd+usdjpy,1647,0.3619,-1.3482,-47.3300,0.2439,-0.2021,0.2362,-0.0919,0.1793,5.3319,2.8860,0.1135,0.5270,0.8761,0.0945,0.0294,8.2500
sma_dist,pips,40.0000,30,gbpusd+audusd+nzdusd,1696,0.3756,-1.3485,-47.6508,0.0763,-0.4962,0.3225,-0.0794,0.1779,5.4905,1.7660,0.0967,0.5224,0.8286,0.1164,0.0550,8.2500
sma_dist,pips,40.0000,30,gbpusd+audusd+usdjpy,2195,0.3462,-1.6519,-47.2643,0.2675,-0.2297,0.2319,-0.0986,0.1847,7.1060,2.3571,0.0815,0.5736,0.8794,0.0955,0.0251,7.3000
sma_dist,pips,40.0000,30,gbpusd+nzdusd+usdjpy,2126,0.3462,-1.7873,-47.5612,0.2430,-0.2649,0.2112,-0.0992,0.1796,6.8826,2.1250,0.0865,0.5724,0.8892,0.0895,0.0213,7.5500
sma_dist,pips,40.0000,30,audusd+nzdusd+usdjpy,1510,0.3536,-1.6979,-47.4445,0.2307,-0.3229,0.2861,-0.0952,0.1790,4.8884,2.7522,0.1179,0.5272,0.8476,0.1063,0.0460,8.2500
sma_dist,pips,40.0000,40,eurusd+gbpusd+audusd,1902,0.4269,-0.9217,-47.2831,0.1747,-0.1459,0.3291,-0.0591,0.1834,6.1574,2.0552,0.1157,0.4043,0.8218,0.1285,0.0497,9.5333
sma_dist,pips,40.0000,40,eurusd+gbpusd+nzdusd,1833,0.4244,-1.3782,-47.5294,0.1420,-0.2739,0.3153,-0.0864,0.1787,5.9340,1.8519,0.1206,0.3993,0.8262,0.1362,0.0377,9.5167
sma_dist,pips,40.0000,40,eurusd+gbpusd+usdjpy,2332,0.3988,-1.7497,-47.2130,0.2903,-0.0884,0.2521,-0.0998,0.1852,7.5495,2.4497,0.1033,0.4605,0.8663,0.1038,0.0299,9.1750
sma_dist,pips,40.0000,40,eurusd+audusd+nzdusd,1217,0.4519,0.1008,-47.2715,0.1628,-0.2435,0.4084,0.0078,0.1792,3.9398,2.2778,0.1627,0.3081,0.7661,0.1620,0.0719,11.2500
sma_dist,pips,40.0000,40,eurusd+audusd+usdjpy,1716,0.4091,-0.8341,-46.9345,0.2498,-0.0504,0.2599,-0.0765,0.1879,5.5553,3.3113,0.1270,0.4178,0.8627,0.1025,0.0348,9.9750
sma_dist,pips,40.0000,40,eurusd+nzdusd+usdjpy,1647,0.4056,-1.3385,-47.1690,0.2439,-0.1577,0.2362,-0.0881,0.1829,5.3319,2.8860,0.1330,0.4129,0.8761,0.0945,0.0294,9.8500
sma_dist,pips,40.0000,40,gbpusd+audusd+nzdusd,1696,0.4186,-1.5172,-47.7435,0.0763,-0.4200,0.3225,-0.0873,0.1765,5.4905,1.7660,0.1274,0.3974,0.8286,0.1164,0.0550,10.2500
sma_dist,pips,40.0000,40,gbpusd+audusd+usdjpy,2195,0.3927,-1.8803,-47.3577,0.2675,-0.1960,0.2319,-0.1008,0.1839,7.1060,2.3571,0.1075,0.4629,0.8794,0.0955,0.0251,9.2500
sma_dist,pips,40.0000,40,gbpusd+nzdusd+usdjpy,2126,0.3895,-2.3050,-47.5680,0.2430,-0.2815,0.2112,-0.1039,0.1799,6.8826,2.1250,0.1115,0.4605,0.8892,0.0895,0.0213,9.2500
sma_dist,pips,40.0000,40,audusd+nzdusd+usdjpy,1510,0.3974,-1.4910,-47.3735,0.2307,-0.2773,0.2861,-0.0872,0.1808,4.8884,2.7522,0.1417,0.4119,0.8476,0.1063,0.0460,10.2500
sma_dist,pips,60.0000,25,eurusd+gbpusd+audusd,701,0.2696,-4.5119,-47.1219,0.3452,-0.1199,0.2653,-0.1122,0.1860,2.2694,3.9318,0.0571,0.6833,0.8579,0.1120,0.0301,3.0833
sma_dist,pips,60.0000,25,eurusd+gbpusd+nzdusd,674,0.2774,-3.9642,-47.1177,0.3374,-0.0143,0.2478,-0.1163,0.1853,2.1820,3.3404,0.0623,0.6751,0.8677,0.1065,0.0258,3.1917
sma_dist,pips,60.0000,25,eurusd+gbpusd+usdjpy,1048,0.2471,-4.1519,-46.9044,0.4252,-0.1433,0.2109,-0.1166,0.1900,3.3927,5.5238,0.0506,0.7137,0.8947,0.0727,0.0326,2.9417
sma_dist,pips,60.0000,25,eurusd+audusd+nzdusd,341,0.3314,-1.1222,-48.2049,0.1297,0.0317,0.2698,-0.0584,0.1663,1.1039,5.3684,0.0821,0.6041,0.8646,0.0868,0.0486,5.3167
sma_dist,pips,60.0000,25,eurusd+audusd+usdjpy,715,0.2587,-2.8839,-47.2781,0.2724,-0.1132,0.1846,-0.0997,0.1831,2.3147,12.6429,0.0545,0.6979,0.9064,0.0718,0.0218,3.1667
sma_dist,pips,60.0000,25,eurusd+nzdusd+usdjpy,688,0.2660,-2.2835,-47.2843,0.2678,-0.0063,0.1715,-0.1058,0.1822,2.2273,9.4706,0.0596,0.6904,0.9132,0.0675,0.0193,3.3250
sma_dist,pips,60.0000,25,gbpusd+audusd+nzdusd,591,0.2741,-4.6201,-48.2215,0.2841,-0.1747,0.2014,-0.1086,0.1670,1.9133,2.9348,0.0575,0.6751,0.9025,0.0650,0.0325,3.0667
sma_dist,pips,60.0000,25,gbpusd+audusd+usdjpy,965,0.2425,-4.5698,-47.5195,0.4134,-0.2660,0.1668,-0.1107,0.1792,3.1240,5.1220,0.0466,0.7171,0.9176,0.0606,0.0217,2.7833
sma_dist,pips,60.0000,25,gbpusd+nzdusd+usdjpy,938,0.2473,-4.1779,-47.5322,0.4104,-0.1941,0.1503,-0.1143,0.1784,3.0366,4.4091,0.0501,0.7122,0.9255,0.0570,0.0175,2.8667
sma_dist,pips,60.0000,25,audusd+nzdusd+usdjpy,605,0.2612,-2.6936,-48.3935,0.2533,-0.1636,0.1603,-0.0862,0.1640,1.9586,8.6875,0.0545,0.6926,0.9253,0.0474,0.0273,3.1500
sma_dist,pips,60.0000,30,eurusd+gbpusd+audusd,701,0.3067,-4.7537,-47.1705,0.3452,-0.1516,0.2653,-0.1133,0.1846,2.2694,3.9318,0.0799,0.6091,0.8579,0.1120,0.0301,4.9167
sma_dist,pips,60.0000,30,eurusd+gbpusd+nzdusd,674,0.3145,-4.1605,-47.0628,0.3374,-0.0578,0.2478,-0.1168,0.1860,2.1820,3.3404,0.0846,0.6053,0.8677,0.1065,0.0258,4.9500
sma_dist,pips,60.0000,30,eurusd+gbpusd+usdjpy,1048,0.2853,-4.3270,-47.0276,0.4252,-0.2134,0.2109,-0.1173,0.1872,3.3927,5.5238,0.0706,0.6450,0.8947,0.0727,0.0326,4.3917
sma_dist,pips,60.0000,30,eurusd+audusd+nzdusd,341,0.3607,-2.3929,-48.4093,0.1297,0.0479,0.2698,-0.0838,0.1634,1.1039,5.3684,0.0997,0.5337,0.8646,0.0868,0.0486,8.2500
sma_dist,pips,60.0000,30,eurusd+audusd+usdjpy,715,0.2937,-3.5615,-47.6150,0.2724,-0.1282,0.1846,-0.1067,0.1769,2.3147,12.6429,0.0713,0.6294,0.9064,0.0718,0.0218,5.5000
sma_dist,pips,60.0000,30,eurusd+nzdusd+usdjpy,688,0.3009,-2.9336,-47.5289,0.2678,-0.0443,0.1715,-0.1115,0.1780,2.2273,9.4706,0.0756,0.6265,0.9132,0.0675,0.0193,5.6417
sma_dist,pips,60.0000,30,gbpusd+audusd+nzdusd,591,0.3080,-5.1518,-48.3409,0.2841,-0.1891,0.2014,-0.1103,0.1645,1.9133,2.9348,0.0761,0.6142,0.9025,0.0650,0.0325,4.8667
sma_dist,pips,60.0000,30,gbpusd+audusd+usdjpy,965,0.2788,-4.9484,-47.7701,0.4134,-0.3075,0.1668,-0.1120,0.1741,3.1240,5.1220,0.0642,0.6539,0.9176,0.0606,0.0217,4.2333
sma_dist,pips,60.0000,30,gbpusd+nzdusd+usdjpy,938,0.2836,-4.5278,-47.7078,0.4104,-0.2532,0.1503,-0.1156,0.1748,3.0366,4.4091,0.0672,0.6525,0.9255,0.0570,0.0175,4.2333
sma_dist,pips,60.0000,30,audusd+nzdusd+usdjpy,605,0.2926,-3.7336,-48.8989,0.2533,-0.1702,0.1603,-0.0980,0.1558,1.9586,8.6875,0.0661,0.6380,0.9253,0.0474,0.0273,5.5000
sma_dist,pips,60.0000,40,eurusd+gbpusd+audusd,701,0.3609,-5.1367,-47.2765,0.3452,-0.1467,0.2653,-0.1121,0.1834,2.2694,3.9318,0.1098,0.4822,0.8579,0.1120,0.0301,8.2500
sma_dist,pips,60.0000,40,eurusd+gbpusd+nzdusd,674,0.3635,-4.7890,-47.1708,0.3374,-0.1145,0.2478,-0.1167,0.1841,2.1820,3.3404,0.1128,0.4807,0.8677,0.1065,0.0258,8.2500
sma_dist,pips,60.0000,40,eurusd+gbpusd+usdjpy,1048,0.3340,-5.0439,-47.2125,0.4252,-0.2501,0.2109,-0.1162,0.1851,3.3927,5.5238,0.0964,0.5305,0.8947,0.0727,0.0326,8.2500
sma_dist,pips,60.0000,40,eurusd+audusd+nzdusd,341,0.4076,-3.0842,-48.3724,0.1297,0.0649,0.2698,-0.0898,0.1639,1.1039,5.3684,0.1320,0.4135,0.8646,0.0868,0.0486,9.2500
sma_dist,pips,60.0000,40,eurusd+audusd+usdjpy,715,0.3413,-4.3495,-47.8106,0.2724,-0.0902,0.1846,-0.1075,0.1759,2.3147,12.6429,0.0979,0.5217,0.9064,0.0718,0.0218,8.2500
sma_dist,pips,60.0000,40,eurusd+nzdusd+usdjpy,688,0.3430,-3.9780,-47.7177,0.2678,-0.0655,0.1715,-0.1124,0.1762,2.2273,9.4706,0.1003,0.5218,0.9132,0.0675,0.0193,8.2500
sma_dist,pips,60.0000,40,gbpusd+audusd+nzdusd,591,0.3689,-5.2477,-48.2279,0.2841,-0.1220,0.2014,-0.1086,0.1662,1.9133,2.9348,0.1066,0.4890,0.9025,0.0650,0.0325,8.2500
sma_dist,pips,60.0000,40,gbpusd+audusd+usdjpy,965,0.3347,-5.3467,-47.8274,0.4134,-0.2462,0.1668,-0.1110,0.1742,3.1240,5.1220,0.0912,0.5399,0.9176,0.0606,0.0217,8.2500
sma_dist,pips,60.0000,40,gbpusd+nzdusd+usdjpy,938,0.3358,-5.1030,-47.7655,0.4104,-0.2435,0.1503,-0.1142,0.1744,3.0366,4.4091,0.0928,0.5405,0.9255,0.0570,0.0175,8.2500
sma_dist,pips,60.0000,40,audusd+nzdusd+usdjpy,605,0.3455,-4.3149,-48.8528,0.2533,-0.0595,0.1603,-0.1016,0.1576,1.9586,8.6875,0.0926,0.5355,0.9253,0.0474,0.0273,8.2500
