costs,mode,X,S,rr,H,trio,trades,win,bp,weekday_loglik,timing,pnl_corr,paired,ret_dd,mon_share
ecn,at_19,15,20,0.7500,12,eurusd+gbpusd+audusd,485,0.5381,-1.6063,-42.2984,0.5115,0.0114,0.2887,-0.0700,0.5383
ecn,at_19,15,20,0.7500,12,eurusd+gbpusd+nzdusd,495,0.5455,-1.4904,-42.3719,0.4998,0.2646,0.2566,-0.0662,0.5013
ecn,at_19,15,20,0.7500,12,eurusd+gbpusd+usdjpy,752,0.5745,-0.5211,-41.5412,0.5809,0.1250,0.2194,-0.0639,0.4245
ecn,at_19,15,20,0.7500,12,eurusd+audusd+nzdusd,406,0.5665,-1.0252,-42.0527,0.4829,0.0906,0.2882,-0.0427,0.5212
ecn,at_19,15,20,0.7500,12,eurusd+audusd+usdjpy,663,0.5913,-0.1062,-41.2962,0.5325,-0.0566,0.1946,-0.0102,0.4264
ecn,at_19,15,20,0.7500,12,eurusd+nzdusd+usdjpy,673,0.5958,-0.0432,-41.5439,0.5453,0.2005,0.2080,-0.0065,0.4008
ecn,at_19,15,20,0.7500,12,gbpusd+audusd+nzdusd,498,0.5382,-1.7642,-42.4004,0.4657,0.2117,0.2691,-0.0672,0.5103
ecn,at_19,15,20,0.7500,12,gbpusd+audusd+usdjpy,755,0.5695,-0.7056,-41.4939,0.5904,0.0878,0.1907,-0.0563,0.4307
ecn,at_19,15,20,0.7500,12,gbpusd+nzdusd+usdjpy,765,0.5739,-0.6424,-41.7170,0.5976,0.3531,0.1922,-0.0598,0.4082
ecn,at_19,15,20,0.7500,12,audusd+nzdusd+usdjpy,676,0.5902,-0.2514,-41.4791,0.5362,0.1648,0.2071,-0.0231,0.4079
ecn,at_19,15,20,0.7500,16,eurusd+gbpusd+audusd,485,0.5423,-1.5275,-42.2984,0.5115,-0.0457,0.2887,-0.0728,0.5383
ecn,at_19,15,20,0.7500,16,eurusd+gbpusd+nzdusd,495,0.5495,-1.4328,-42.3719,0.4998,0.2443,0.2566,-0.0639,0.5013
ecn,at_19,15,20,0.7500,16,eurusd+gbpusd+usdjpy,752,0.5758,-0.5604,-41.5412,0.5809,0.1234,0.2194,-0.0663,0.4245
ecn,at_19,15,20,0.7500,16,eurusd+audusd+nzdusd,406,0.5739,-0.8280,-42.0527,0.4829,0.0375,0.2882,-0.0373,0.5212
ecn,at_19,15,20,0.7500,16,eurusd+audusd+usdjpy,663,0.5943,-0.0729,-41.2962,0.5325,-0.1001,0.1946,-0.0073,0.4264
ecn,at_19,15,20,0.7500,16,eurusd+nzdusd+usdjpy,673,0.5988,-0.0249,-41.5439,0.5453,0.1831,0.2080,-0.0033,0.4008
ecn,at_19,15,20,0.7500,16,gbpusd+audusd+nzdusd,498,0.5422,-1.6334,-42.4004,0.4657,0.1535,0.2691,-0.0674,0.5103
ecn,at_19,15,20,0.7500,16,gbpusd+audusd+usdjpy,755,0.5709,-0.6962,-41.4939,0.5904,0.0297,0.1907,-0.0572,0.4307
ecn,at_19,15,20,0.7500,16,gbpusd+nzdusd+usdjpy,765,0.5752,-0.6458,-41.7170,0.5976,0.3265,0.1922,-0.0588,0.4082
ecn,at_19,15,20,0.7500,16,audusd+nzdusd+usdjpy,676,0.5932,-0.1789,-41.4791,0.5362,0.1037,0.2071,-0.0157,0.4079
ecn,at_19,15,20,0.7500,18,eurusd+gbpusd+audusd,485,0.5464,-1.5398,-42.2984,0.5115,-0.0492,0.2887,-0.0738,0.5383
ecn,at_19,15,20,0.7500,18,eurusd+gbpusd+nzdusd,495,0.5515,-1.3940,-42.3719,0.4998,0.2433,0.2566,-0.0628,0.5013
ecn,at_19,15,20,0.7500,18,eurusd+gbpusd+usdjpy,752,0.5771,-0.5639,-41.5412,0.5809,0.1294,0.2194,-0.0661,0.4245
ecn,at_19,15,20,0.7500,18,eurusd+audusd+nzdusd,406,0.5788,-0.8065,-42.0527,0.4829,0.0299,0.2882,-0.0370,0.5212
ecn,at_19,15,20,0.7500,18,eurusd+audusd+usdjpy,663,0.5973,-0.0927,-41.2962,0.5325,-0.1003,0.1946,-0.0092,0.4264
ecn,at_19,15,20,0.7500,18,eurusd+nzdusd+usdjpy,673,0.6003,-0.0069,-41.5439,0.5453,0.1842,0.2080,-0.0009,0.4008
ecn,at_19,15,20,0.7500,18,gbpusd+audusd+nzdusd,498,0.5442,-1.6249,-42.4004,0.4657,0.1452,0.2691,-0.0681,0.5103
ecn,at_19,15,20,0.7500,18,gbpusd+audusd+usdjpy,755,0.5722,-0.7195,-41.4939,0.5904,0.0259,0.1907,-0.0593,0.4307
ecn,at_19,15,20,0.7500,18,gbpusd+nzdusd+usdjpy,765,0.5752,-0.6358,-41.7170,0.5976,0.3264,0.1922,-0.0584,0.4082
ecn,at_19,15,20,0.7500,18,audusd+nzdusd+usdjpy,676,0.5947,-0.1832,-41.4791,0.5362,0.0964,0.2071,-0.0163,0.4079
ecn,at_19,15,20,1.0000,12,eurusd+gbpusd+audusd,485,0.4845,-0.8991,-42.2984,0.5115,0.0965,0.2887,-0.0481,0.5383
ecn,at_19,15,20,1.0000,12,eurusd+gbpusd+nzdusd,495,0.4909,-0.9572,-42.3719,0.4998,0.2639,0.2566,-0.0510,0.5013
ecn,at_19,15,20,1.0000,12,eurusd+gbpusd+usdjpy,752,0.5040,-0.4875,-41.5412,0.5809,0.1499,0.2194,-0.0564,0.4245
ecn,at_19,15,20,1.0000,12,eurusd+audusd+nzdusd,406,0.5172,0.1042,-42.0527,0.4829,0.1009,0.2882,0.0052,0.5212
ecn,at_19,15,20,1.0000,12,eurusd+audusd+usdjpy,663,0.5219,0.2255,-41.2962,0.5325,-0.0155,0.1946,0.0243,0.4264
ecn,at_19,15,20,1.0000,12,eurusd+nzdusd+usdjpy,673,0.5260,0.1661,-41.5439,0.5453,0.1483,0.2080,0.0244,0.4008
ecn,at_19,15,20,1.0000,12,gbpusd+audusd+nzdusd,498,0.4980,-0.6065,-42.4004,0.4657,0.2108,0.2691,-0.0321,0.5103
ecn,at_19,15,20,1.0000,12,gbpusd+audusd+usdjpy,755,0.5086,-0.2581,-41.4939,0.5904,0.1107,0.1907,-0.0258,0.4307
ecn,at_19,15,20,1.0000,12,gbpusd+nzdusd+usdjpy,765,0.5124,-0.3040,-41.7170,0.5976,0.2917,0.1922,-0.0362,0.4082
ecn,at_19,15,20,1.0000,12,audusd+nzdusd+usdjpy,676,0.5311,0.4195,-41.4791,0.5362,0.1132,0.2071,0.0455,0.4079
ecn,at_19,15,20,1.0000,16,eurusd+gbpusd+audusd,485,0.4845,-0.9345,-42.2984,0.5115,0.0620,0.2887,-0.0490,0.5383
ecn,at_19,15,20,1.0000,16,eurusd+gbpusd+nzdusd,495,0.4889,-0.9976,-42.3719,0.4998,0.2428,0.2566,-0.0515,0.5013
ecn,at_19,15,20,1.0000,16,eurusd+gbpusd+usdjpy,752,0.5027,-0.6667,-41.5412,0.5809,0.1441,0.2194,-0.0655,0.4245
ecn,at_19,15,20,1.0000,16,eurusd+audusd+nzdusd,406,0.5222,0.3317,-42.0527,0.4829,0.0595,0.2882,0.0162,0.5212
ecn,at_19,15,20,1.0000,16,eurusd+audusd+usdjpy,663,0.5249,0.1917,-41.2962,0.5325,-0.0486,0.1946,0.0210,0.4264
ecn,at_19,15,20,1.0000,16,eurusd+nzdusd+usdjpy,673,0.5275,0.1285,-41.5439,0.5453,0.1266,0.2080,0.0163,0.4008
ecn,at_19,15,20,1.0000,16,gbpusd+audusd+nzdusd,498,0.4960,-0.5120,-42.4004,0.4657,0.1607,0.2691,-0.0260,0.5103
ecn,at_19,15,20,1.0000,16,gbpusd+audusd+usdjpy,755,0.5073,-0.3477,-41.4939,0.5904,0.0664,0.1907,-0.0342,0.4307
ecn,at_19,15,20,1.0000,16,gbpusd+nzdusd+usdjpy,765,0.5098,-0.3963,-41.7170,0.5976,0.2557,0.1922,-0.0420,0.4082
ecn,at_19,15,20,1.0000,16,audusd+nzdusd+usdjpy,676,0.5325,0.4813,-41.4791,0.5362,0.0625,0.2071,0.0486,0.4079
ecn,at_19,15,20,1.0000,18,eurusd+gbpusd+audusd,485,0.4887,-0.9424,-42.2984,0.5115,0.0533,0.2887,-0.0500,0.5383
ecn,at_19,15,20,1.0000,18,eurusd+gbpusd+nzdusd,495,0.4909,-0.9697,-42.3719,0.4998,0.2487,0.2566,-0.0498,0.5013
ecn,at_19,15,20,1.0000,18,eurusd+gbpusd+usdjpy,752,0.5040,-0.6796,-41.5412,0.5809,0.1467,0.2194,-0.0659,0.4245
ecn,at_19,15,20,1.0000,18,eurusd+audusd+nzdusd,406,0.5271,0.3547,-42.0527,0.4829,0.0572,0.2882,0.0173,0.5212
ecn,at_19,15,20,1.0000,18,eurusd+audusd+usdjpy,663,0.5279,0.1704,-41.2962,0.5325,-0.0556,0.1946,0.0189,0.4264
ecn,at_19,15,20,1.0000,18,eurusd+nzdusd+usdjpy,673,0.5290,0.1338,-41.5439,0.5453,0.1347,0.2080,0.0171,0.4008
ecn,at_19,15,20,1.0000,18,gbpusd+audusd+nzdusd,498,0.4980,-0.4946,-42.4004,0.4657,0.1583,0.2691,-0.0251,0.5103
ecn,at_19,15,20,1.0000,18,gbpusd+audusd+usdjpy,755,0.5086,-0.3673,-41.4939,0.5904,0.0581,0.1907,-0.0366,0.4307
ecn,at_19,15,20,1.0000,18,gbpusd+nzdusd+usdjpy,765,0.5098,-0.3925,-41.7170,0.5976,0.2613,0.1922,-0.0410,0.4082
ecn,at_19,15,20,1.0000,18,audusd+nzdusd+usdjpy,676,0.5340,0.4788,-41.4791,0.5362,0.0606,0.2071,0.0493,0.4079
ecn,at_19,15,30,0.7500,12,eurusd+gbpusd+audusd,485,0.5196,-1.9894,-42.2984,0.5115,-0.0052,0.2887,-0.0664,0.5383
ecn,at_19,15,30,0.7500,12,eurusd+gbpusd+nzdusd,495,0.5232,-1.9341,-42.3719,0.4998,0.2664,0.2566,-0.0669,0.5013
ecn,at_19,15,30,0.7500,12,eurusd+gbpusd+usdjpy,752,0.5638,-0.5559,-41.5412,0.5809,0.1945,0.2194,-0.0506,0.4245
ecn,at_19,15,30,0.7500,12,eurusd+audusd+nzdusd,406,0.5222,-1.2830,-42.0527,0.4829,0.1068,0.2882,-0.0477,0.5212
ecn,at_19,15,30,0.7500,12,eurusd+audusd+usdjpy,663,0.5686,0.0278,-41.2962,0.5325,0.0009,0.1946,0.0024,0.4264
ecn,at_19,15,30,0.7500,12,eurusd+nzdusd+usdjpy,673,0.5706,0.0385,-41.5439,0.5453,0.3104,0.2080,0.0056,0.4008
ecn,at_19,15,30,0.7500,12,gbpusd+audusd+nzdusd,498,0.5301,-1.2929,-42.4004,0.4657,0.1153,0.2691,-0.0502,0.5103
ecn,at_19,15,30,0.7500,12,gbpusd+audusd+usdjpy,755,0.5682,-0.1384,-41.4939,0.5904,0.0276,0.1907,-0.0123,0.4307
ecn,at_19,15,30,0.7500,12,gbpusd+nzdusd+usdjpy,765,0.5699,-0.1268,-41.7170,0.5976,0.2982,0.1922,-0.0148,0.4082
ecn,at_19,15,30,0.7500,12,audusd+nzdusd+usdjpy,676,0.5754,0.5021,-41.4791,0.5362,0.1350,0.2071,0.0661,0.4079
ecn,at_19,15,30,0.7500,16,eurusd+gbpusd+audusd,485,0.5237,-2.4240,-42.2984,0.5115,-0.0605,0.2887,-0.0726,0.5383
ecn,at_19,15,30,0.7500,16,eurusd+gbpusd+nzdusd,495,0.5354,-2.1846,-42.3719,0.4998,0.2483,0.2566,-0.0700,0.5013
ecn,at_19,15,30,0.7500,16,eurusd+gbpusd+usdjpy,752,0.5652,-0.8094,-41.5412,0.5809,0.2335,0.2194,-0.0593,0.4245
ecn,at_19,15,30,0.7500,16,eurusd+audusd+nzdusd,406,0.5419,-1.6723,-42.0527,0.4829,0.0319,0.2882,-0.0543,0.5212
ecn,at_19,15,30,0.7500,16,eurusd+audusd+usdjpy,663,0.5732,-0.3111,-41.2962,0.5325,-0.0202,0.1946,-0.0198,0.4264
ecn,at_19,15,30,0.7500,16,eurusd+nzdusd+usdjpy,673,0.5810,-0.1664,-41.5439,0.5453,0.3117,0.2080,-0.0150,0.4008
ecn,at_19,15,30,0.7500,16,gbpusd+audusd+nzdusd,498,0.5462,-1.5765,-42.4004,0.4657,0.0505,0.2691,-0.0613,0.5103
ecn,at_19,15,30,0.7500,16,gbpusd+audusd+usdjpy,755,0.5722,-0.4138,-41.4939,0.5904,0.0076,0.1907,-0.0317,0.4307
ecn,at_19,15,30,0.7500,16,gbpusd+nzdusd+usdjpy,765,0.5791,-0.2851,-41.7170,0.5976,0.3077,0.1922,-0.0282,0.4082
ecn,at_19,15,30,0.7500,16,audusd+nzdusd+usdjpy,676,0.5888,0.2726,-41.4791,0.5362,0.0919,0.2071,0.0242,0.4079
ecn,at_19,15,30,0.7500,18,eurusd+gbpusd+audusd,485,0.5299,-2.4950,-42.2984,0.5115,-0.0460,0.2887,-0.0738,0.5383
ecn,at_19,15,30,0.7500,18,eurusd+gbpusd+nzdusd,495,0.5313,-2.2316,-42.3719,0.4998,0.2569,0.2566,-0.0695,0.5013
ecn,at_19,15,30,0.7500,18,eurusd+gbpusd+usdjpy,752,0.5652,-0.8911,-41.5412,0.5809,0.2144,0.2194,-0.0628,0.4245
ecn,at_19,15,30,0.7500,18,eurusd+audusd+nzdusd,406,0.5443,-1.7617,-42.0527,0.4829,0.0734,0.2882,-0.0570,0.5212
ecn,at_19,15,30,0.7500,18,eurusd+audusd+usdjpy,663,0.5777,-0.4234,-41.2962,0.5325,-0.0138,0.1946,-0.0271,0.4264
ecn,at_19,15,30,0.7500,18,eurusd+nzdusd+usdjpy,673,0.5780,-0.2604,-41.5439,0.5453,0.3032,0.2080,-0.0237,0.4008
ecn,at_19,15,30,0.7500,18,gbpusd+audusd+nzdusd,498,0.5422,-1.6234,-42.4004,0.4657,0.0775,0.2691,-0.0606,0.5103
ecn,at_19,15,30,0.7500,18,gbpusd+audusd+usdjpy,755,0.5722,-0.4953,-41.4939,0.5904,0.0036,0.1907,-0.0389,0.4307
ecn,at_19,15,30,0.7500,18,gbpusd+nzdusd+usdjpy,765,0.5725,-0.3510,-41.7170,0.5976,0.2983,0.1922,-0.0350,0.4082
ecn,at_19,15,30,0.7500,18,audusd+nzdusd+usdjpy,676,0.5858,0.1789,-41.4791,0.5362,0.1111,0.2071,0.0165,0.4079
ecn,at_19,15,30,1.0000,12,eurusd+gbpusd+audusd,485,0.4412,-3.4179,-42.2984,0.5115,0.0373,0.2887,-0.0788,0.5383
ecn,at_19,15,30,1.0000,12,eurusd+gbpusd+nzdusd,495,0.4626,-2.0390,-42.3719,0.4998,0.2308,0.2566,-0.0627,0.5013
ecn,at_19,15,30,1.0000,12,eurusd+gbpusd+usdjpy,752,0.4920,-1.0807,-41.5412,0.5809,0.1911,0.2194,-0.0673,0.4245
ecn,at_19,15,30,1.0000,12,eurusd+audusd+nzdusd,406,0.4803,-1.2013,-42.0527,0.4829,0.1255,0.2882,-0.0414,0.5212
ecn,at_19,15,30,1.0000,12,eurusd+audusd+usdjpy,663,0.5068,-0.4391,-41.2962,0.5325,0.0759,0.1946,-0.0320,0.4264
ecn,at_19,15,30,1.0000,12,eurusd+nzdusd+usdjpy,673,0.5215,0.5308,-41.5439,0.5453,0.2874,0.2080,0.0787,0.4008
ecn,at_19,15,30,1.0000,12,gbpusd+audusd+nzdusd,498,0.4598,-2.2444,-42.4004,0.4657,0.1369,0.2691,-0.0630,0.5103
ecn,at_19,15,30,1.0000,12,gbpusd+audusd+usdjpy,755,0.4901,-1.2200,-41.4939,0.5904,0.1013,0.1907,-0.0608,0.4307
ecn,at_19,15,30,1.0000,12,gbpusd+nzdusd+usdjpy,765,0.5033,-0.3565,-41.7170,0.5976,0.2856,0.1922,-0.0308,0.4082
ecn,at_19,15,30,1.0000,12,audusd+nzdusd+usdjpy,676,0.5192,0.3681,-41.4791,0.5362,0.1910,0.2071,0.0416,0.4079
ecn,at_19,15,30,1.0000,16,eurusd+gbpusd+audusd,485,0.4412,-3.7784,-42.2984,0.5115,-0.0338,0.2887,-0.0837,0.5383
ecn,at_19,15,30,1.0000,16,eurusd+gbpusd+nzdusd,495,0.4667,-2.5772,-42.3719,0.4998,0.1177,0.2566,-0.0714,0.5013
ecn,at_19,15,30,1.0000,16,eurusd+gbpusd+usdjpy,752,0.4894,-1.3652,-41.5412,0.5809,0.1828,0.2194,-0.0740,0.4245
ecn,at_19,15,30,1.0000,16,eurusd+audusd+nzdusd,406,0.4877,-1.7769,-42.0527,0.4829,-0.0039,0.2882,-0.0545,0.5212
ecn,at_19,15,30,1.0000,16,eurusd+audusd+usdjpy,663,0.5053,-0.7124,-41.2962,0.5325,0.0579,0.1946,-0.0405,0.4264
ecn,at_19,15,30,1.0000,16,eurusd+nzdusd+usdjpy,673,0.5230,0.1256,-41.5439,0.5453,0.2252,0.2080,0.0121,0.4008
ecn,at_19,15,30,1.0000,16,gbpusd+audusd+nzdusd,498,0.4679,-2.5387,-42.4004,0.4657,0.0328,0.2691,-0.0704,0.5103
ecn,at_19,15,30,1.0000,16,gbpusd+audusd+usdjpy,755,0.4901,-1.3446,-41.4939,0.5904,0.0816,0.1907,-0.0620,0.4307
ecn,at_19,15,30,1.0000,16,gbpusd+nzdusd+usdjpy,765,0.5059,-0.5992,-41.7170,0.5976,0.2305,0.1922,-0.0431,0.4082
ecn,at_19,15,30,1.0000,16,audusd+nzdusd+usdjpy,676,0.5237,0.1419,-41.4791,0.5362,0.1215,0.2071,0.0109,0.4079
ecn,at_19,15,30,1.0000,18,eurusd+gbpusd+audusd,485,0.4454,-3.9783,-42.2984,0.5115,-0.0089,0.2887,-0.0844,0.5383
ecn,at_19,15,30,1.0000,18,eurusd+gbpusd+nzdusd,495,0.4606,-2.8209,-42.3719,0.4998,0.1225,0.2566,-0.0726,0.5013
ecn,at_19,15,30,1.0000,18,eurusd+gbpusd+usdjpy,752,0.4880,-1.5222,-41.5412,0.5809,0.1743,0.2194,-0.0778,0.4245
ecn,at_19,15,30,1.0000,18,eurusd+audusd+nzdusd,406,0.4901,-2.0352,-42.0527,0.4829,0.0415,0.2882,-0.0589,0.5212
ecn,at_19,15,30,1.0000,18,eurusd+audusd+usdjpy,663,0.5098,-0.8667,-41.2962,0.5325,0.0879,0.1946,-0.0472,0.4264
ecn,at_19,15,30,1.0000,18,eurusd+nzdusd+usdjpy,673,0.5201,-0.0616,-41.5439,0.5453,0.2259,0.2080,-0.0057,0.4008
ecn,at_19,15,30,1.0000,18,gbpusd+audusd+nzdusd,498,0.4618,-2.7448,-42.4004,0.4657,0.0568,0.2691,-0.0703,0.5103
ecn,at_19,15,30,1.0000,18,gbpusd+audusd+usdjpy,755,0.4887,-1.4771,-41.4939,0.5904,0.0928,0.1907,-0.0672,0.4307
ecn,at_19,15,30,1.0000,18,gbpusd+nzdusd+usdjpy,765,0.4980,-0.7609,-41.7170,0.5976,0.2194,0.1922,-0.0490,0.4082
ecn,at_19,15,30,1.0000,18,audusd+nzdusd+usdjpy,676,0.5207,-0.0178,-41.4791,0.5362,0.1458,0.2071,-0.0013,0.4079
ecn,at_19,15,40,0.7500,12,eurusd+gbpusd+audusd,485,0.5031,-2.1698,-42.2984,0.5115,0.1416,0.2887,-0.0654,0.5383
ecn,at_19,15,40,0.7500,12,eurusd+gbpusd+nzdusd,495,0.5071,-1.8307,-42.3719,0.4998,0.2157,0.2566,-0.0613,0.5013
ecn,at_19,15,40,0.7500,12,eurusd+gbpusd+usdjpy,752,0.5465,-0.9824,-41.5412,0.5809,0.1364,0.2194,-0.0644,0.4245
ecn,at_19,15,40,0.7500,12,eurusd+audusd+nzdusd,406,0.5246,0.3342,-42.0527,0.4829,0.2105,0.2882,0.0176,0.5212
ecn,at_19,15,40,0.7500,12,eurusd+audusd+usdjpy,663,0.5626,0.4572,-41.2962,0.5325,0.1307,0.1946,0.0551,0.4264
ecn,at_19,15,40,0.7500,12,eurusd+nzdusd+usdjpy,673,0.5646,0.6676,-41.5439,0.5453,0.2036,0.2080,0.0862,0.4008
ecn,at_19,15,40,0.7500,12,gbpusd+audusd+nzdusd,498,0.5060,-1.3471,-42.4004,0.4657,0.1883,0.2691,-0.0442,0.5103
ecn,at_19,15,40,0.7500,12,gbpusd+audusd+usdjpy,755,0.5457,-0.6669,-41.4939,0.5904,0.1337,0.1907,-0.0440,0.4307
ecn,at_19,15,40,0.7500,12,gbpusd+nzdusd+usdjpy,765,0.5477,-0.4671,-41.7170,0.5976,0.2051,0.1922,-0.0363,0.4082
ecn,at_19,15,40,0.7500,12,audusd+nzdusd+usdjpy,676,0.5636,1.0127,-41.4791,0.5362,0.2115,0.2071,0.1480,0.4079
ecn,at_19,15,40,0.7500,16,eurusd+gbpusd+audusd,485,0.5113,-2.4928,-42.2984,0.5115,0.0659,0.2887,-0.0725,0.5383
ecn,at_19,15,40,0.7500,16,eurusd+gbpusd+nzdusd,495,0.5212,-2.5183,-42.3719,0.4998,0.0564,0.2566,-0.0730,0.5013
ecn,at_19,15,40,0.7500,16,eurusd+gbpusd+usdjpy,752,0.5479,-1.5509,-41.5412,0.5809,0.1334,0.2194,-0.0777,0.4245
ecn,at_19,15,40,0.7500,16,eurusd+audusd+nzdusd,406,0.5468,0.1760,-42.0527,0.4829,0.0209,0.2882,0.0089,0.5212
ecn,at_19,15,40,0.7500,16,eurusd+audusd+usdjpy,663,0.5671,0.2289,-41.2962,0.5325,0.1089,0.1946,0.0213,0.4264
ecn,at_19,15,40,0.7500,16,eurusd+nzdusd+usdjpy,673,0.5736,0.1697,-41.5439,0.5453,0.0924,0.2080,0.0155,0.4008
ecn,at_19,15,40,0.7500,16,gbpusd+audusd+nzdusd,498,0.5261,-1.3644,-42.4004,0.4657,0.0425,0.2691,-0.0434,0.5103
ecn,at_19,15,40,0.7500,16,gbpusd+audusd+usdjpy,755,0.5510,-0.7936,-41.4939,0.5904,0.1171,0.1907,-0.0478,0.4307
ecn,at_19,15,40,0.7500,16,gbpusd+nzdusd+usdjpy,765,0.5569,-0.8324,-41.7170,0.5976,0.1094,0.1922,-0.0540,0.4082
ecn,at_19,15,40,0.7500,16,audusd+nzdusd+usdjpy,676,0.5769,1.0078,-41.4791,0.5362,0.0853,0.2071,0.1273,0.4079
ecn,at_19,15,40,0.7500,18,eurusd+gbpusd+audusd,485,0.5155,-2.8194,-42.2984,0.5115,0.1103,0.2887,-0.0762,0.5383
ecn,at_19,15,40,0.7500,18,eurusd+gbpusd+nzdusd,495,0.5192,-2.6729,-42.3719,0.4998,0.0419,0.2566,-0.0734,0.5013
ecn,at_19,15,40,0.7500,18,eurusd+gbpusd+usdjpy,752,0.5479,-1.7134,-41.5412,0.5809,0.1223,0.2194,-0.0810,0.4245
ecn,at_19,15,40,0.7500,18,eurusd+audusd+nzdusd,406,0.5493,-0.1362,-42.0527,0.4829,0.0507,0.2882,-0.0063,0.5212
ecn,at_19,15,40,0.7500,18,eurusd+audusd+usdjpy,663,0.5701,-0.0312,-41.2962,0.5325,0.1422,0.1946,-0.0026,0.4264
ecn,at_19,15,40,0.7500,18,eurusd+nzdusd+usdjpy,673,0.5721,0.0351,-41.5439,0.5453,0.0663,0.2080,0.0034,0.4008
ecn,at_19,15,40,0.7500,18,gbpusd+audusd+nzdusd,498,0.5221,-1.5703,-42.4004,0.4657,0.0534,0.2691,-0.0468,0.5103
ecn,at_19,15,40,0.7500,18,gbpusd+audusd+usdjpy,755,0.5497,-0.9899,-41.4939,0.5904,0.1325,0.1907,-0.0585,0.4307
ecn,at_19,15,40,0.7500,18,gbpusd+nzdusd+usdjpy,765,0.5516,-0.9191,-41.7170,0.5976,0.0753,0.1922,-0.0557,0.4082
ecn,at_19,15,40,0.7500,18,audusd+nzdusd+usdjpy,676,0.5740,0.8353,-41.4791,0.5362,0.0855,0.2071,0.0983,0.4079
ecn,at_19,15,40,1.0000,12,eurusd+gbpusd+audusd,485,0.4557,-3.0718,-42.2984,0.5115,0.0381,0.2887,-0.0733,0.5383
ecn,at_19,15,40,1.0000,12,eurusd+gbpusd+nzdusd,495,0.4687,-1.6767,-42.3719,0.4998,0.1251,0.2566,-0.0559,0.5013
ecn,at_19,15,40,1.0000,12,eurusd+gbpusd+usdjpy,752,0.4973,-0.7347,-41.5412,0.5809,0.1562,0.2194,-0.0461,0.4245
ecn,at_19,15,40,1.0000,12,eurusd+audusd+nzdusd,406,0.4877,-0.4472,-42.0527,0.4829,0.0986,0.2882,-0.0155,0.5212
ecn,at_19,15,40,1.0000,12,eurusd+audusd+usdjpy,663,0.5128,0.1447,-41.2962,0.5325,0.1362,0.1946,0.0100,0.4264
ecn,at_19,15,40,1.0000,12,eurusd+nzdusd+usdjpy,673,0.5215,1.1230,-41.5439,0.5453,0.2145,0.2080,0.0993,0.4008
ecn,at_19,15,40,1.0000,12,gbpusd+audusd+nzdusd,498,0.4699,-1.7567,-42.4004,0.4657,0.1056,0.2691,-0.0453,0.5103
ecn,at_19,15,40,1.0000,12,gbpusd+audusd+usdjpy,755,0.4980,-0.7911,-41.4939,0.5904,0.1410,0.1907,-0.0357,0.4307
ecn,at_19,15,40,1.0000,12,gbpusd+nzdusd+usdjpy,765,0.5059,0.0817,-41.7170,0.5976,0.2215,0.1922,0.0057,0.4082
ecn,at_19,15,40,1.0000,12,audusd+nzdusd+usdjpy,676,0.5222,1.0517,-41.4791,0.5362,0.2056,0.2071,0.0787,0.4079
ecn,at_19,15,40,1.0000,16,eurusd+gbpusd+audusd,485,0.4536,-3.0161,-42.2984,0.5115,0.0220,0.2887,-0.0720,0.5383
ecn,at_19,15,40,1.0000,16,eurusd+gbpusd+nzdusd,495,0.4667,-2.3044,-42.3719,0.4998,0.0255,0.2566,-0.0625,0.5013
ecn,at_19,15,40,1.0000,16,eurusd+gbpusd+usdjpy,752,0.4934,-1.1911,-41.5412,0.5809,0.1747,0.2194,-0.0617,0.4245
ecn,at_19,15,40,1.0000,16,eurusd+audusd+nzdusd,406,0.4926,0.0226,-42.0527,0.4829,-0.0155,0.2882,0.0008,0.5212
ecn,at_19,15,40,1.0000,16,eurusd+audusd+usdjpy,663,0.5128,0.3833,-41.2962,0.5325,0.1378,0.1946,0.0246,0.4264
ecn,at_19,15,40,1.0000,16,eurusd+nzdusd+usdjpy,673,0.5215,0.8563,-41.5439,0.5453,0.1316,0.2080,0.0621,0.4008
ecn,at_19,15,40,1.0000,16,gbpusd+audusd+nzdusd,498,0.4699,-1.7149,-42.4004,0.4657,0.0329,0.2691,-0.0431,0.5103
ecn,at_19,15,40,1.0000,16,gbpusd+audusd+usdjpy,755,0.4954,-0.8067,-41.4939,0.5904,0.1618,0.1907,-0.0358,0.4307
ecn,at_19,15,40,1.0000,16,gbpusd+nzdusd+usdjpy,765,0.5033,-0.3750,-41.7170,0.5976,0.1587,0.1922,-0.0204,0.4082
ecn,at_19,15,40,1.0000,16,audusd+nzdusd+usdjpy,676,0.5237,1.2765,-41.4791,0.5362,0.1357,0.2071,0.0813,0.4079
ecn,at_19,15,40,1.0000,18,eurusd+gbpusd+audusd,485,0.4598,-3.3312,-42.2984,0.5115,0.0491,0.2887,-0.0784,0.5383
ecn,at_19,15,40,1.0000,18,eurusd+gbpusd+nzdusd,495,0.4687,-2.2702,-42.3719,0.4998,0.0032,0.2566,-0.0627,0.5013
ecn,at_19,15,40,1.0000,18,eurusd+gbpusd+usdjpy,752,0.4920,-1.3712,-41.5412,0.5809,0.1650,0.2194,-0.0669,0.4245
ecn,at_19,15,40,1.0000,18,eurusd+audusd+nzdusd,406,0.5025,-0.1043,-42.0527,0.4829,-0.0092,0.2882,-0.0036,0.5212
ecn,at_19,15,40,1.0000,18,eurusd+audusd+usdjpy,663,0.5158,0.0759,-41.2962,0.5325,0.1542,0.1946,0.0049,0.4264
ecn,at_19,15,40,1.0000,18,eurusd+nzdusd+usdjpy,673,0.5215,0.8056,-41.5439,0.5453,0.0959,0.2080,0.0650,0.4008
ecn,at_19,15,40,1.0000,18,gbpusd+audusd+nzdusd,498,0.4719,-1.6720,-42.4004,0.4657,0.0332,0.2691,-0.0423,0.5103
ecn,at_19,15,40,1.0000,18,gbpusd+audusd+usdjpy,755,0.4940,-0.9802,-41.4939,0.5904,0.1708,0.1907,-0.0433,0.4307
ecn,at_19,15,40,1.0000,18,gbpusd+nzdusd+usdjpy,765,0.4993,-0.3244,-41.7170,0.5976,0.1251,0.1922,-0.0181,0.4082
ecn,at_19,15,40,1.0000,18,audusd+nzdusd+usdjpy,676,0.5237,1.2326,-41.4791,0.5362,0.1200,0.2071,0.0840,0.4079
ecn,at_19,20,20,0.7500,12,eurusd+gbpusd+audusd,278,0.5432,-1.5743,-44.2214,0.4665,0.1722,0.2374,-0.0621,0.5918
ecn,at_19,20,20,0.7500,12,eurusd+gbpusd+nzdusd,289,0.5606,-0.9448,-43.6801,0.4317,0.3845,0.2180,-0.0485,0.5521
ecn,at_19,20,20,0.7500,12,eurusd+gbpusd+usdjpy,466,0.5730,-0.5238,-41.8446,0.5526,0.2867,0.1695,-0.0511,0.4799
ecn,at_19,20,20,0.7500,12,eurusd+audusd+nzdusd,233,0.5665,-0.9858,-43.7731,0.4102,0.2670,0.2318,-0.0388,0.5646
ecn,at_19,20,20,0.7500,12,eurusd+audusd+usdjpy,410,0.5780,-0.4896,-41.6725,0.5263,0.1897,0.1610,-0.0357,0.4772
ecn,at_19,20,20,0.7500,12,eurusd+nzdusd+usdjpy,421,0.5891,-0.0857,-41.7100,0.5151,0.4163,0.1591,-0.0117,0.4529
ecn,at_19,20,20,0.7500,12,gbpusd+audusd+nzdusd,280,0.5429,-1.6768,-43.5881,0.4169,0.2824,0.2714,-0.0625,0.5413
ecn,at_19,20,20,0.7500,12,gbpusd+audusd+usdjpy,457,0.5624,-0.9640,-41.7876,0.5759,0.2237,0.1466,-0.0636,0.4719
ecn,at_19,20,20,0.7500,12,gbpusd+nzdusd+usdjpy,468,0.5726,-0.5895,-41.8373,0.5573,0.4446,0.1432,-0.0634,0.4502
ecn,at_19,20,20,0.7500,12,audusd+nzdusd+usdjpy,412,0.5777,-0.5645,-41.7093,0.5021,0.3127,0.1626,-0.0433,0.4434
ecn,at_19,20,20,0.7500,16,eurusd+gbpusd+audusd,278,0.5468,-1.6588,-44.2214,0.4665,0.1320,0.2374,-0.0659,0.5918
ecn,at_19,20,20,0.7500,16,eurusd+gbpusd+nzdusd,289,0.5640,-0.9121,-43.6801,0.4317,0.3458,0.2180,-0.0478,0.5521
ecn,at_19,20,20,0.7500,16,eurusd+gbpusd+usdjpy,466,0.5751,-0.5461,-41.8446,0.5526,0.2840,0.1695,-0.0527,0.4799
ecn,at_19,20,20,0.7500,16,eurusd+audusd+nzdusd,233,0.5708,-0.9888,-43.7731,0.4102,0.2147,0.2318,-0.0383,0.5646
ecn,at_19,20,20,0.7500,16,eurusd+audusd+usdjpy,410,0.5805,-0.5397,-41.6725,0.5263,0.1540,0.1610,-0.0393,0.4772
ecn,at_19,20,20,0.7500,16,eurusd+nzdusd+usdjpy,421,0.5914,-0.0564,-41.7100,0.5151,0.3763,0.1591,-0.0070,0.4529
ecn,at_19,20,20,0.7500,16,gbpusd+audusd+nzdusd,280,0.5429,-1.7327,-43.5881,0.4169,0.2245,0.2714,-0.0663,0.5413
ecn,at_19,20,20,0.7500,16,gbpusd+audusd+usdjpy,457,0.5624,-1.0417,-41.7876,0.5759,0.1784,0.1466,-0.0686,0.4719
ecn,at_19,20,20,0.7500,16,gbpusd+nzdusd+usdjpy,468,0.5726,-0.5950,-41.8373,0.5573,0.3991,0.1432,-0.0605,0.4502
ecn,at_19,20,20,0.7500,16,audusd+nzdusd+usdjpy,412,0.5777,-0.5954,-41.7093,0.5021,0.2549,0.1626,-0.0437,0.4434
ecn,at_19,20,20,0.7500,18,eurusd+gbpusd+audusd,278,0.5540,-1.6125,-44.2214,0.4665,0.1281,0.2374,-0.0650,0.5918
ecn,at_19,20,20,0.7500,18,eurusd+gbpusd+nzdusd,289,0.5675,-0.8829,-43.6801,0.4317,0.3418,0.2180,-0.0466,0.5521
ecn,at_19,20,20,0.7500,18,eurusd+gbpusd+usdjpy,466,0.5773,-0.5517,-41.8446,0.5526,0.2925,0.1695,-0.0526,0.4799
ecn,at_19,20,20,0.7500,18,eurusd+audusd+nzdusd,233,0.5794,-0.9167,-43.7731,0.4102,0.2059,0.2318,-0.0363,0.5646
ecn,at_19,20,20,0.7500,18,eurusd+audusd+usdjpy,410,0.5854,-0.5257,-41.6725,0.5263,0.1540,0.1610,-0.0385,0.4772
ecn,at_19,20,20,0.7500,18,eurusd+nzdusd+usdjpy,421,0.5938,-0.0532,-41.7100,0.5151,0.3753,0.1591,-0.0067,0.4529
ecn,at_19,20,20,0.7500,18,gbpusd+audusd+nzdusd,280,0.5464,-1.6886,-43.5881,0.4169,0.2138,0.2714,-0.0659,0.5413
ecn,at_19,20,20,0.7500,18,gbpusd+audusd+usdjpy,457,0.5646,-1.0389,-41.7876,0.5759,0.1750,0.1466,-0.0688,0.4719
ecn,at_19,20,20,0.7500,18,gbpusd+nzdusd+usdjpy,468,0.5726,-0.6018,-41.8373,0.5573,0.3953,0.1432,-0.0609,0.4502
ecn,at_19,20,20,0.7500,18,audusd+nzdusd+usdjpy,412,0.5801,-0.5827,-41.7093,0.5021,0.2468,0.1626,-0.0433,0.4434
ecn,at_19,20,20,1.0000,12,eurusd+gbpusd+audusd,278,0.4928,-0.7354,-44.2214,0.4665,0.2072,0.2374,-0.0346,0.5918
ecn,at_19,20,20,1.0000,12,eurusd+gbpusd+nzdusd,289,0.5121,0.0620,-43.6801,0.4317,0.4245,0.2180,0.0045,0.5521
ecn,at_19,20,20,1.0000,12,eurusd+gbpusd+usdjpy,466,0.5043,-0.4132,-41.8446,0.5526,0.3305,0.1695,-0.0386,0.4799
ecn,at_19,20,20,1.0000,12,eurusd+audusd+nzdusd,233,0.5236,0.5974,-43.7731,0.4102,0.2925,0.2318,0.0332,0.5646
ecn,at_19,20,20,1.0000,12,eurusd+audusd+usdjpy,410,0.5098,-0.1738,-41.6725,0.5263,0.1882,0.1610,-0.0124,0.4772
ecn,at_19,20,20,1.0000,12,eurusd+nzdusd+usdjpy,421,0.5226,0.3589,-41.7100,0.5151,0.4110,0.1591,0.0396,0.4529
ecn,at_19,20,20,1.0000,12,gbpusd+audusd+nzdusd,280,0.5071,-0.1201,-43.5881,0.4169,0.3331,0.2714,-0.0058,0.5413
ecn,at_19,20,20,1.0000,12,gbpusd+audusd+usdjpy,457,0.5011,-0.5341,-41.7876,0.5759,0.2598,0.1466,-0.0368,0.4719
ecn,at_19,20,20,1.0000,12,gbpusd+nzdusd+usdjpy,468,0.5128,-0.0464,-41.8373,0.5573,0.4584,0.1432,-0.0052,0.4502
ecn,at_19,20,20,1.0000,12,audusd+nzdusd+usdjpy,412,0.5194,0.2416,-41.7093,0.5021,0.3203,0.1626,0.0221,0.4434
ecn,at_19,20,20,1.0000,16,eurusd+gbpusd+audusd,278,0.4964,-0.8395,-44.2214,0.4665,0.1744,0.2374,-0.0397,0.5918
ecn,at_19,20,20,1.0000,16,eurusd+gbpusd+nzdusd,289,0.5156,0.1896,-43.6801,0.4317,0.3971,0.2180,0.0143,0.5521
ecn,at_19,20,20,1.0000,16,eurusd+gbpusd+usdjpy,466,0.5064,-0.4926,-41.8446,0.5526,0.3357,0.1695,-0.0433,0.4799
ecn,at_19,20,20,1.0000,16,eurusd+audusd+nzdusd,233,0.5279,0.7120,-43.7731,0.4102,0.2496,0.2318,0.0384,0.5646
ecn,at_19,20,20,1.0000,16,eurusd+audusd+usdjpy,410,0.5122,-0.2889,-41.6725,0.5263,0.1622,0.1610,-0.0197,0.4772
ecn,at_19,20,20,1.0000,16,eurusd+nzdusd+usdjpy,421,0.5249,0.4031,-41.7100,0.5151,0.3814,0.1591,0.0421,0.4529
ecn,at_19,20,20,1.0000,16,gbpusd+audusd+nzdusd,280,0.5071,-0.0586,-43.5881,0.4169,0.2865,0.2714,-0.0030,0.5413
ecn,at_19,20,20,1.0000,16,gbpusd+audusd+usdjpy,457,0.5011,-0.6582,-41.7876,0.5759,0.2248,0.1466,-0.0441,0.4719
ecn,at_19,20,20,1.0000,16,gbpusd+nzdusd+usdjpy,468,0.5128,-0.0270,-41.8373,0.5573,0.4204,0.1432,-0.0029,0.4502
ecn,at_19,20,20,1.0000,16,audusd+nzdusd+usdjpy,412,0.5194,0.2390,-41.7093,0.5021,0.2719,0.1626,0.0203,0.4434
ecn,at_19,20,20,1.0000,18,eurusd+gbpusd+audusd,278,0.5036,-0.8070,-44.2214,0.4665,0.1698,0.2374,-0.0389,0.5918
ecn,at_19,20,20,1.0000,18,eurusd+gbpusd+nzdusd,289,0.5190,0.2234,-43.6801,0.4317,0.4037,0.2180,0.0165,0.5521
ecn,at_19,20,20,1.0000,18,eurusd+gbpusd+usdjpy,466,0.5086,-0.5098,-41.8446,0.5526,0.3401,0.1695,-0.0440,0.4799
ecn,at_19,20,20,1.0000,18,eurusd+audusd+nzdusd,233,0.5365,0.7899,-43.7731,0.4102,0.2546,0.2318,0.0430,0.5646
ecn,at_19,20,20,1.0000,18,eurusd+audusd+usdjpy,410,0.5171,-0.2880,-41.6725,0.5263,0.1598,0.1610,-0.0197,0.4772
ecn,at_19,20,20,1.0000,18,eurusd+nzdusd+usdjpy,421,0.5273,0.4057,-41.7100,0.5151,0.3880,0.1591,0.0424,0.4529
ecn,at_19,20,20,1.0000,18,gbpusd+audusd+nzdusd,280,0.5107,0.0038,-43.5881,0.4169,0.2903,0.2714,0.0002,0.5413
ecn,at_19,20,20,1.0000,18,gbpusd+audusd+usdjpy,457,0.5033,-0.6588,-41.7876,0.5759,0.2210,0.1466,-0.0444,0.4719
ecn,at_19,20,20,1.0000,18,gbpusd+nzdusd+usdjpy,468,0.5128,-0.0260,-41.8373,0.5573,0.4259,0.1432,-0.0027,0.4502
ecn,at_19,20,20,1.0000,18,audusd+nzdusd+usdjpy,412,0.5218,0.2605,-41.7093,0.5021,0.2766,0.1626,0.0220,0.4434
ecn,at_19,20,30,0.7500,12,eurusd+gbpusd+audusd,278,0.5144,-2.1103,-44.2214,0.4665,0.0853,0.2374,-0.0630,0.5918
ecn,at_19,20,30,0.7500,12,eurusd+gbpusd+nzdusd,289,0.5329,-1.0246,-43.6801,0.4317,0.4082,0.2180,-0.0437,0.5521
ecn,at_19,20,30,0.7500,12,eurusd+gbpusd+usdjpy,466,0.5365,-1.5665,-41.8446,0.5526,0.1675,0.1695,-0.0718,0.4799
ecn,at_19,20,30,0.7500,12,eurusd+audusd+nzdusd,233,0.5451,0.4138,-43.7731,0.4102,0.3316,0.2318,0.0284,0.5646
ecn,at_19,20,30,0.7500,12,eurusd+audusd+usdjpy,410,0.5439,-0.8231,-41.6725,0.5263,0.1047,0.1610,-0.0448,0.4772
ecn,at_19,20,30,0.7500,12,eurusd+nzdusd+usdjpy,421,0.5558,-0.1115,-41.7100,0.5151,0.4503,0.1591,-0.0097,0.4529
ecn,at_19,20,30,0.7500,12,gbpusd+audusd+nzdusd,280,0.5429,-0.1342,-43.5881,0.4169,0.2396,0.2714,-0.0076,0.5413
ecn,at_19,20,30,0.7500,12,gbpusd+audusd+usdjpy,457,0.5427,-1.0317,-41.7876,0.5759,0.0299,0.1466,-0.0516,0.4719
ecn,at_19,20,30,0.7500,12,gbpusd+nzdusd+usdjpy,468,0.5534,-0.3866,-41.8373,0.5573,0.3492,0.1432,-0.0315,0.4502
ecn,at_19,20,30,0.7500,12,audusd+nzdusd+usdjpy,412,0.5631,0.5136,-41.7093,0.5021,0.2575,0.1626,0.0491,0.4434
ecn,at_19,20,30,0.7500,16,eurusd+gbpusd+audusd,278,0.5216,-2.5501,-44.2214,0.4665,0.0461,0.2374,-0.0670,0.5918
ecn,at_19,20,30,0.7500,16,eurusd+gbpusd+nzdusd,289,0.5398,-1.5133,-43.6801,0.4317,0.3902,0.2180,-0.0546,0.5521
ecn,at_19,20,30,0.7500,16,eurusd+gbpusd+usdjpy,466,0.5408,-1.7401,-41.8446,0.5526,0.1932,0.1695,-0.0701,0.4799
ecn,at_19,20,30,0.7500,16,eurusd+audusd+nzdusd,233,0.5579,-0.2714,-43.7731,0.4102,0.2938,0.2318,-0.0123,0.5646
ecn,at_19,20,30,0.7500,16,eurusd+audusd+usdjpy,410,0.5512,-1.0653,-41.6725,0.5263,0.1047,0.1610,-0.0486,0.4772
ecn,at_19,20,30,0.7500,16,eurusd+nzdusd+usdjpy,421,0.5629,-0.3924,-41.7100,0.5151,0.4370,0.1591,-0.0254,0.4529
ecn,at_19,20,30,0.7500,16,gbpusd+audusd+nzdusd,280,0.5500,-0.7782,-43.5881,0.4169,0.1812,0.2714,-0.0340,0.5413
ecn,at_19,20,30,0.7500,16,gbpusd+audusd+usdjpy,457,0.5470,-1.2942,-41.7876,0.5759,0.0043,0.1466,-0.0570,0.4719
ecn,at_19,20,30,0.7500,16,gbpusd+nzdusd+usdjpy,468,0.5577,-0.6835,-41.8373,0.5573,0.3293,0.1432,-0.0414,0.4502
ecn,at_19,20,30,0.7500,16,audusd+nzdusd+usdjpy,412,0.5704,0.1317,-41.7093,0.5021,0.2203,0.1626,0.0099,0.4434
ecn,at_19,20,30,0.7500,18,eurusd+gbpusd+audusd,278,0.5396,-2.5414,-44.2214,0.4665,0.0571,0.2374,-0.0678,0.5918
ecn,at_19,20,30,0.7500,18,eurusd+gbpusd+nzdusd,289,0.5467,-1.4725,-43.6801,0.4317,0.4005,0.2180,-0.0523,0.5521
ecn,at_19,20,30,0.7500,18,eurusd+gbpusd+usdjpy,466,0.5451,-1.7706,-41.8446,0.5526,0.1714,0.1695,-0.0715,0.4799
ecn,at_19,20,30,0.7500,18,eurusd+audusd+nzdusd,233,0.5794,-0.1314,-43.7731,0.4102,0.3336,0.2318,-0.0061,0.5646
ecn,at_19,20,30,0.7500,18,eurusd+audusd+usdjpy,410,0.5634,-1.0492,-41.6725,0.5263,0.1107,0.1610,-0.0497,0.4772
ecn,at_19,20,30,0.7500,18,eurusd+nzdusd+usdjpy,421,0.5677,-0.3544,-41.7100,0.5151,0.4373,0.1591,-0.0231,0.4529
ecn,at_19,20,30,0.7500,18,gbpusd+audusd+nzdusd,280,0.5607,-0.7054,-43.5881,0.4169,0.2133,0.2714,-0.0310,0.5413
ecn,at_19,20,30,0.7500,18,gbpusd+audusd+usdjpy,457,0.5536,-1.3065,-41.7876,0.5759,0.0063,0.1466,-0.0588,0.4719
ecn,at_19,20,30,0.7500,18,gbpusd+nzdusd+usdjpy,468,0.5577,-0.6754,-41.8373,0.5573,0.3327,0.1432,-0.0407,0.4502
ecn,at_19,20,30,0.7500,18,audusd+nzdusd+usdjpy,412,0.5777,0.1913,-41.7093,0.5021,0.2473,0.1626,0.0150,0.4434
ecn,at_19,20,30,1.0000,12,eurusd+gbpusd+audusd,278,0.4353,-3.3399,-44.2214,0.4665,0.1462,0.2374,-0.0695,0.5918
ecn,at_19,20,30,1.0000,12,eurusd+gbpusd+nzdusd,289,0.4637,-1.4884,-43.6801,0.4317,0.3424,0.2180,-0.0488,0.5521
ecn,at_19,20,30,1.0000,12,eurusd+gbpusd+usdjpy,466,0.4614,-2.3263,-41.8446,0.5526,0.1695,0.1695,-0.0790,0.4799
ecn,at_19,20,30,1.0000,12,eurusd+audusd+nzdusd,233,0.5107,1.1552,-43.7731,0.4102,0.3417,0.2318,0.0749,0.5646
ecn,at_19,20,30,1.0000,12,eurusd+audusd+usdjpy,410,0.4878,-0.9384,-41.6725,0.5263,0.1684,0.1610,-0.0484,0.4772
ecn,at_19,20,30,1.0000,12,eurusd+nzdusd+usdjpy,421,0.5059,0.2698,-41.7100,0.5151,0.3826,0.1591,0.0236,0.4529
ecn,at_19,20,30,1.0000,12,gbpusd+audusd+nzdusd,280,0.4643,-1.2890,-43.5881,0.4169,0.2600,0.2714,-0.0421,0.5413
ecn,at_19,20,30,1.0000,12,gbpusd+audusd+usdjpy,457,0.4617,-2.2207,-41.7876,0.5759,0.1300,0.1466,-0.0726,0.4719
ecn,at_19,20,30,1.0000,12,gbpusd+nzdusd+usdjpy,468,0.4786,-1.1037,-41.8373,0.5573,0.3138,0.1432,-0.0552,0.4502
ecn,at_19,20,30,1.0000,12,audusd+nzdusd+usdjpy,412,0.5073,0.4437,-41.7093,0.5021,0.2913,0.1626,0.0390,0.4434
ecn,at_19,20,30,1.0000,16,eurusd+gbpusd+audusd,278,0.4424,-3.6757,-44.2214,0.4665,0.0981,0.2374,-0.0723,0.5918
ecn,at_19,20,30,1.0000,16,eurusd+gbpusd+nzdusd,289,0.4637,-2.2303,-43.6801,0.4317,0.2215,0.2180,-0.0587,0.5521
ecn,at_19,20,30,1.0000,16,eurusd+gbpusd+usdjpy,466,0.4657,-2.4185,-41.8446,0.5526,0.1551,0.1695,-0.0761,0.4799
ecn,at_19,20,30,1.0000,16,eurusd+audusd+nzdusd,233,0.5107,0.1949,-43.7731,0.4102,0.2528,0.2318,0.0081,0.5646
ecn,at_19,20,30,1.0000,16,eurusd+audusd+usdjpy,410,0.4927,-1.0660,-41.6725,0.5263,0.1799,0.1610,-0.0467,0.4772
ecn,at_19,20,30,1.0000,16,eurusd+nzdusd+usdjpy,421,0.5059,-0.1420,-41.7100,0.5151,0.3192,0.1591,-0.0094,0.4529
ecn,at_19,20,30,1.0000,16,gbpusd+audusd+nzdusd,280,0.4679,-1.9588,-43.5881,0.4169,0.1490,0.2714,-0.0504,0.5413
ecn,at_19,20,30,1.0000,16,gbpusd+audusd+usdjpy,457,0.4683,-2.2559,-41.7876,0.5759,0.1032,0.1466,-0.0719,0.4719
ecn,at_19,20,30,1.0000,16,gbpusd+nzdusd+usdjpy,468,0.4808,-1.3967,-41.8373,0.5573,0.2178,0.1432,-0.0576,0.4502
ecn,at_19,20,30,1.0000,16,audusd+nzdusd+usdjpy,412,0.5097,0.0882,-41.7093,0.5021,0.2244,0.1626,0.0061,0.4434
ecn,at_19,20,30,1.0000,18,eurusd+gbpusd+audusd,278,0.4604,-3.6646,-44.2214,0.4665,0.1104,0.2374,-0.0727,0.5918
ecn,at_19,20,30,1.0000,18,eurusd+gbpusd+nzdusd,289,0.4671,-2.4240,-43.6801,0.4317,0.2117,0.2180,-0.0612,0.5521
ecn,at_19,20,30,1.0000,18,eurusd+gbpusd+usdjpy,466,0.4700,-2.4597,-41.8446,0.5526,0.1451,0.1695,-0.0770,0.4799
ecn,at_19,20,30,1.0000,18,eurusd+audusd+nzdusd,233,0.5279,0.1706,-43.7731,0.4102,0.2693,0.2318,0.0070,0.5646
ecn,at_19,20,30,1.0000,18,eurusd+audusd+usdjpy,410,0.5049,-0.9900,-41.6725,0.5263,0.1972,0.1610,-0.0448,0.4772
ecn,at_19,20,30,1.0000,18,eurusd+nzdusd+usdjpy,421,0.5083,-0.2083,-41.7100,0.5151,0.3126,0.1591,-0.0132,0.4529
ecn,at_19,20,30,1.0000,18,gbpusd+audusd+nzdusd,280,0.4750,-2.0499,-43.5881,0.4169,0.1637,0.2714,-0.0517,0.5413
ecn,at_19,20,30,1.0000,18,gbpusd+audusd+usdjpy,457,0.4748,-2.2312,-41.7876,0.5759,0.1182,0.1466,-0.0718,0.4719
ecn,at_19,20,30,1.0000,18,gbpusd+nzdusd+usdjpy,468,0.4786,-1.4988,-41.8373,0.5573,0.2126,0.1432,-0.0594,0.4502
ecn,at_19,20,30,1.0000,18,audusd+nzdusd+usdjpy,412,0.5146,0.0943,-41.7093,0.5021,0.2433,0.1626,0.0064,0.4434
ecn,at_19,20,40,0.7500,12,eurusd+gbpusd+audusd,278,0.5144,-1.4089,-44.2214,0.4665,0.2443,0.2374,-0.0410,0.5918
ecn,at_19,20,40,0.7500,12,eurusd+gbpusd+nzdusd,289,0.5225,-1.0456,-43.6801,0.4317,0.3837,0.2180,-0.0364,0.5521
ecn,at_19,20,40,0.7500,12,eurusd+gbpusd+usdjpy,466,0.5322,-1.7666,-41.8446,0.5526,0.1644,0.1695,-0.0651,0.4799
ecn,at_19,20,40,0.7500,12,eurusd+audusd+nzdusd,233,0.5708,3.3841,-43.7731,0.4102,0.4497,0.2318,0.2807,0.5646
ecn,at_19,20,40,0.7500,12,eurusd+audusd+usdjpy,410,0.5610,0.6523,-41.6725,0.5263,0.2424,0.1610,0.0562,0.4772
ecn,at_19,20,40,0.7500,12,eurusd+nzdusd+usdjpy,421,0.5653,0.8478,-41.7100,0.5151,0.3832,0.1591,0.0730,0.4529
ecn,at_19,20,40,0.7500,12,gbpusd+audusd+nzdusd,280,0.5214,-0.1322,-43.5881,0.4169,0.3346,0.2714,-0.0045,0.5413
ecn,at_19,20,40,0.7500,12,gbpusd+audusd+usdjpy,457,0.5317,-1.2212,-41.7876,0.5759,0.1817,0.1466,-0.0514,0.4719
ecn,at_19,20,40,0.7500,12,gbpusd+nzdusd+usdjpy,468,0.5363,-1.0012,-41.8373,0.5573,0.3164,0.1432,-0.0487,0.4502
ecn,at_19,20,40,0.7500,12,audusd+nzdusd+usdjpy,412,0.5655,1.5100,-41.7093,0.5021,0.3886,0.1626,0.1844,0.4434
ecn,at_19,20,40,0.7500,16,eurusd+gbpusd+audusd,278,0.5252,-1.6196,-44.2214,0.4665,0.1867,0.2374,-0.0467,0.5918
ecn,at_19,20,40,0.7500,16,eurusd+gbpusd+nzdusd,289,0.5294,-1.5561,-43.6801,0.4317,0.2598,0.2180,-0.0435,0.5521
ecn,at_19,20,40,0.7500,16,eurusd+gbpusd+usdjpy,466,0.5408,-1.9270,-41.8446,0.5526,0.1565,0.1695,-0.0643,0.4799
ecn,at_19,20,40,0.7500,16,eurusd+audusd+nzdusd,233,0.5794,2.9148,-43.7731,0.4102,0.3666,0.2318,0.1361,0.5646
ecn,at_19,20,40,0.7500,16,eurusd+audusd+usdjpy,410,0.5707,0.5631,-41.6725,0.5263,0.2563,0.1610,0.0411,0.4772
ecn,at_19,20,40,0.7500,16,eurusd+nzdusd+usdjpy,421,0.5724,0.5497,-41.7100,0.5151,0.3270,0.1591,0.0405,0.4529
ecn,at_19,20,40,0.7500,16,gbpusd+audusd+nzdusd,280,0.5286,-0.6707,-43.5881,0.4169,0.2076,0.2714,-0.0185,0.5413
ecn,at_19,20,40,0.7500,16,gbpusd+audusd+usdjpy,457,0.5405,-1.3918,-41.7876,0.5759,0.1454,0.1466,-0.0547,0.4719
ecn,at_19,20,40,0.7500,16,gbpusd+nzdusd+usdjpy,468,0.5427,-1.3579,-41.8373,0.5573,0.2138,0.1432,-0.0538,0.4502
ecn,at_19,20,40,0.7500,16,audusd+nzdusd+usdjpy,412,0.5728,1.1975,-41.7093,0.5021,0.3057,0.1626,0.1111,0.4434
ecn,at_19,20,40,0.7500,18,eurusd+gbpusd+audusd,278,0.5432,-1.7606,-44.2214,0.4665,0.2123,0.2374,-0.0492,0.5918
ecn,at_19,20,40,0.7500,18,eurusd+gbpusd+nzdusd,289,0.5363,-1.7087,-43.6801,0.4317,0.2453,0.2180,-0.0465,0.5521
ecn,at_19,20,40,0.7500,18,eurusd+gbpusd+usdjpy,466,0.5472,-2.0108,-41.8446,0.5526,0.1442,0.1695,-0.0655,0.4799
ecn,at_19,20,40,0.7500,18,eurusd+audusd+nzdusd,233,0.5923,2.7302,-43.7731,0.4102,0.3809,0.2318,0.1266,0.5646
ecn,at_19,20,40,0.7500,18,eurusd+audusd+usdjpy,410,0.5805,0.4705,-41.6725,0.5263,0.2792,0.1610,0.0333,0.4772
ecn,at_19,20,40,0.7500,18,eurusd+nzdusd+usdjpy,421,0.5748,0.4478,-41.7100,0.5151,0.3180,0.1591,0.0312,0.4529
ecn,at_19,20,40,0.7500,18,gbpusd+audusd+nzdusd,280,0.5357,-0.8537,-43.5881,0.4169,0.2173,0.2714,-0.0228,0.5413
ecn,at_19,20,40,0.7500,18,gbpusd+audusd+usdjpy,457,0.5470,-1.4929,-41.7876,0.5759,0.1649,0.1466,-0.0573,0.4719
ecn,at_19,20,40,0.7500,18,gbpusd+nzdusd+usdjpy,468,0.5427,-1.4672,-41.8373,0.5573,0.1967,0.1432,-0.0562,0.4502
ecn,at_19,20,40,0.7500,18,audusd+nzdusd+usdjpy,412,0.5752,1.0760,-41.7093,0.5021,0.3151,0.1626,0.1027,0.4434
ecn,at_19,20,40,1.0000,12,eurusd+gbpusd+audusd,278,0.4640,-2.0461,-44.2214,0.4665,0.1663,0.2374,-0.0482,0.5918
ecn,at_19,20,40,1.0000,12,eurusd+gbpusd+nzdusd,289,0.4775,-1.1828,-43.6801,0.4317,0.2790,0.2180,-0.0316,0.5521
ecn,at_19,20,40,1.0000,12,eurusd+gbpusd+usdjpy,466,0.4828,-1.5585,-41.8446,0.5526,0.1690,0.1695,-0.0580,0.4799
ecn,at_19,20,40,1.0000,12,eurusd+audusd+nzdusd,233,0.5279,2.5762,-43.7731,0.4102,0.3340,0.2318,0.1014,0.5646
ecn,at_19,20,40,1.0000,12,eurusd+audusd+usdjpy,410,0.5122,0.5264,-41.6725,0.5263,0.2341,0.1610,0.0325,0.4772
ecn,at_19,20,40,1.0000,12,eurusd+nzdusd+usdjpy,421,0.5202,1.0518,-41.7100,0.5151,0.3326,0.1591,0.0582,0.4529
ecn,at_19,20,40,1.0000,12,gbpusd+audusd+nzdusd,280,0.4821,-0.3881,-43.5881,0.4169,0.2641,0.2714,-0.0095,0.5413
ecn,at_19,20,40,1.0000,12,gbpusd+audusd+usdjpy,457,0.4858,-1.0790,-41.7876,0.5759,0.1919,0.1466,-0.0431,0.4719
ecn,at_19,20,40,1.0000,12,gbpusd+nzdusd+usdjpy,468,0.4936,-0.5686,-41.8373,0.5573,0.2899,0.1432,-0.0239,0.4502
ecn,at_19,20,40,1.0000,12,audusd+nzdusd+usdjpy,412,0.5243,1.6407,-41.7093,0.5021,0.3462,0.1626,0.0826,0.4434
ecn,at_19,20,40,1.0000,16,eurusd+gbpusd+audusd,278,0.4640,-2.3811,-44.2214,0.4665,0.1496,0.2374,-0.0565,0.5918
ecn,at_19,20,40,1.0000,16,eurusd+gbpusd+nzdusd,289,0.4706,-1.5349,-43.6801,0.4317,0.1981,0.2180,-0.0338,0.5521
ecn,at_19,20,40,1.0000,16,eurusd+gbpusd+usdjpy,466,0.4914,-1.4983,-41.8446,0.5526,0.1540,0.1695,-0.0527,0.4799
ecn,at_19,20,40,1.0000,16,eurusd+audusd+nzdusd,233,0.5064,1.9652,-43.7731,0.4102,0.3132,0.2318,0.0561,0.5646
ecn,at_19,20,40,1.0000,16,eurusd+audusd+usdjpy,410,0.5146,0.4957,-41.6725,0.5263,0.2673,0.1610,0.0283,0.4772
ecn,at_19,20,40,1.0000,16,eurusd+nzdusd+usdjpy,421,0.5178,1.0015,-41.7100,0.5151,0.2973,0.1591,0.0449,0.4529
ecn,at_19,20,40,1.0000,16,gbpusd+audusd+nzdusd,280,0.4643,-1.4789,-43.5881,0.4169,0.2006,0.2714,-0.0286,0.5413
ecn,at_19,20,40,1.0000,16,gbpusd+audusd+usdjpy,457,0.4880,-1.4633,-41.7876,0.5759,0.1786,0.1466,-0.0522,0.4719
ecn,at_19,20,40,1.0000,16,gbpusd+nzdusd+usdjpy,468,0.4915,-0.9623,-41.8373,0.5573,0.2069,0.1432,-0.0314,0.4502
ecn,at_19,20,40,1.0000,16,audusd+nzdusd+usdjpy,412,0.5146,1.0949,-41.7093,0.5021,0.3206,0.1626,0.0465,0.4434
ecn,at_19,20,40,1.0000,18,eurusd+gbpusd+audusd,278,0.4820,-2.4768,-44.2214,0.4665,0.1561,0.2374,-0.0586,0.5918
ecn,at_19,20,40,1.0000,18,eurusd+gbpusd+nzdusd,289,0.4810,-1.5990,-43.6801,0.4317,0.1918,0.2180,-0.0356,0.5521
ecn,at_19,20,40,1.0000,18,eurusd+gbpusd+usdjpy,466,0.4936,-1.6388,-41.8446,0.5526,0.1345,0.1695,-0.0559,0.4799
ecn,at_19,20,40,1.0000,18,eurusd+audusd+nzdusd,233,0.5322,1.9570,-43.7731,0.4102,0.3183,0.2318,0.0593,0.5646
ecn,at_19,20,40,1.0000,18,eurusd+audusd+usdjpy,410,0.5244,0.3766,-41.6725,0.5263,0.2591,0.1610,0.0229,0.4772
ecn,at_19,20,40,1.0000,18,eurusd+nzdusd+usdjpy,421,0.5226,0.9046,-41.7100,0.5151,0.2880,0.1591,0.0427,0.4529
ecn,at_19,20,40,1.0000,18,gbpusd+audusd+nzdusd,280,0.4786,-1.4295,-43.5881,0.4169,0.2058,0.2714,-0.0282,0.5413
ecn,at_19,20,40,1.0000,18,gbpusd+audusd+usdjpy,457,0.4923,-1.5357,-41.7876,0.5759,0.1775,0.1466,-0.0575,0.4719
ecn,at_19,20,40,1.0000,18,gbpusd+nzdusd+usdjpy,468,0.4915,-1.0158,-41.8373,0.5573,0.1959,0.1432,-0.0334,0.4502
ecn,at_19,20,40,1.0000,18,audusd+nzdusd+usdjpy,412,0.5218,1.0745,-41.7093,0.5021,0.3199,0.1626,0.0478,0.4434
ecn,at_19,25,20,0.7500,12,eurusd+gbpusd+audusd,182,0.5714,-0.9448,-45.6300,0.2875,0.3011,0.2088,-0.0349,0.6071
ecn,at_19,25,20,0.7500,12,eurusd+gbpusd+nzdusd,184,0.6087,0.9306,-45.2906,0.2540,0.5428,0.2011,0.0725,0.5735
ecn,at_19,25,20,0.7500,12,eurusd+gbpusd+usdjpy,304,0.5822,-0.0878,-41.8036,0.5443,0.2150,0.1250,-0.0076,0.4824
ecn,at_19,25,20,0.7500,12,eurusd+audusd+nzdusd,148,0.5946,0.1588,-45.0763,0.3036,0.4470,0.2162,0.0067,0.5712
ecn,at_19,25,20,0.7500,12,eurusd+audusd+usdjpy,268,0.5709,-0.6509,-41.5698,0.5445,0.1984,0.1269,-0.0417,0.4689
ecn,at_19,25,20,0.7500,12,eurusd+nzdusd+usdjpy,270,0.5963,0.6250,-41.6966,0.5582,0.4287,0.1296,0.0647,0.4470
ecn,at_19,25,20,0.7500,12,gbpusd+audusd+nzdusd,185,0.5784,-0.4947,-45.2249,0.2565,0.4552,0.2486,-0.0216,0.5705
ecn,at_19,25,20,0.7500,12,gbpusd+audusd+usdjpy,305,0.5639,-0.9490,-41.8085,0.5424,0.2051,0.1541,-0.0539,0.4808
ecn,at_19,25,20,0.7500,12,gbpusd+nzdusd+usdjpy,307,0.5863,0.1751,-41.9144,0.5508,0.4530,0.1564,0.0182,0.4615
ecn,at_19,25,20,0.7500,12,audusd+nzdusd+usdjpy,271,0.5756,-0.3468,-41.7185,0.4991,0.3909,0.1845,-0.0274,0.4454
ecn,at_19,25,20,0.7500,16,eurusd+gbpusd+audusd,182,0.5714,-1.1360,-45.6300,0.2875,0.2602,0.2088,-0.0424,0.6071
ecn,at_19,25,20,0.7500,16,eurusd+gbpusd+nzdusd,184,0.6141,1.0310,-45.2906,0.2540,0.5314,0.2011,0.0821,0.5735
ecn,at_19,25,20,0.7500,16,eurusd+gbpusd+usdjpy,304,0.5855,-0.1253,-41.8036,0.5443,0.2130,0.1250,-0.0106,0.4824
ecn,at_19,25,20,0.7500,16,eurusd+audusd+nzdusd,148,0.5946,0.1384,-45.0763,0.3036,0.4177,0.2162,0.0060,0.5712
ecn,at_19,25,20,0.7500,16,eurusd+audusd+usdjpy,268,0.5709,-0.7736,-41.5698,0.5445,0.1672,0.1269,-0.0493,0.4689
ecn,at_19,25,20,0.7500,16,eurusd+nzdusd+usdjpy,270,0.6000,0.7005,-41.6966,0.5582,0.4190,0.1296,0.0721,0.4470
ecn,at_19,25,20,0.7500,16,gbpusd+audusd+nzdusd,185,0.5730,-0.5916,-45.2249,0.2565,0.4201,0.2486,-0.0266,0.5705
ecn,at_19,25,20,0.7500,16,gbpusd+audusd+usdjpy,305,0.5607,-1.1057,-41.8085,0.5424,0.1661,0.1541,-0.0626,0.4808
ecn,at_19,25,20,0.7500,16,gbpusd+nzdusd+usdjpy,307,0.5863,0.1929,-41.9144,0.5508,0.4322,0.1564,0.0200,0.4615
ecn,at_19,25,20,0.7500,16,audusd+nzdusd+usdjpy,271,0.5720,-0.4059,-41.7185,0.4991,0.3560,0.1845,-0.0323,0.4454
ecn,at_19,25,20,0.7500,18,eurusd+gbpusd+audusd,182,0.5824,-1.0263,-45.6300,0.2875,0.2604,0.2088,-0.0391,0.6071
ecn,at_19,25,20,0.7500,18,eurusd+gbpusd+nzdusd,184,0.6196,1.1072,-45.2906,0.2540,0.5282,0.2011,0.0914,0.5735
ecn,at_19,25,20,0.7500,18,eurusd+gbpusd+usdjpy,304,0.5888,-0.1106,-41.8036,0.5443,0.2167,0.1250,-0.0094,0.4824
ecn,at_19,25,20,0.7500,18,eurusd+audusd+nzdusd,148,0.6081,0.3377,-45.0763,0.3036,0.4132,0.2162,0.0156,0.5712
ecn,at_19,25,20,0.7500,18,eurusd+audusd+usdjpy,268,0.5784,-0.6991,-41.5698,0.5445,0.1681,0.1269,-0.0456,0.4689
ecn,at_19,25,20,0.7500,18,eurusd+nzdusd+usdjpy,270,0.6037,0.7524,-41.6966,0.5582,0.4148,0.1296,0.0800,0.4470
ecn,at_19,25,20,0.7500,18,gbpusd+audusd+nzdusd,185,0.5784,-0.4564,-45.2249,0.2565,0.4121,0.2486,-0.0215,0.5705
ecn,at_19,25,20,0.7500,18,gbpusd+audusd+usdjpy,305,0.5639,-1.0550,-41.8085,0.5424,0.1626,0.1541,-0.0608,0.4808
ecn,at_19,25,20,0.7500,18,gbpusd+nzdusd+usdjpy,307,0.5863,0.2239,-41.9144,0.5508,0.4255,0.1564,0.0239,0.4615
ecn,at_19,25,20,0.7500,18,audusd+nzdusd+usdjpy,271,0.5756,-0.3136,-41.7185,0.4991,0.3469,0.1845,-0.0264,0.4454
ecn,at_19,25,20,1.0000,12,eurusd+gbpusd+audusd,182,0.5220,0.0451,-45.6300,0.2875,0.3749,0.2088,0.0018,0.6071
ecn,at_19,25,20,1.0000,12,eurusd+gbpusd+nzdusd,184,0.5598,2.2534,-45.2906,0.2540,0.6212,0.2011,0.2022,0.5735
ecn,at_19,25,20,1.0000,12,eurusd+gbpusd+usdjpy,304,0.5197,0.2785,-41.8036,0.5443,0.3174,0.1250,0.0269,0.4824
ecn,at_19,25,20,1.0000,12,eurusd+audusd+nzdusd,148,0.5405,1.6094,-45.0763,0.3036,0.5091,0.2162,0.0777,0.5712
ecn,at_19,25,20,1.0000,12,eurusd+audusd+usdjpy,268,0.5037,-0.3424,-41.5698,0.5445,0.2330,0.1269,-0.0221,0.4689
ecn,at_19,25,20,1.0000,12,eurusd+nzdusd+usdjpy,270,0.5296,1.1654,-41.6966,0.5582,0.4745,0.1296,0.1194,0.4470
ecn,at_19,25,20,1.0000,12,gbpusd+audusd+nzdusd,185,0.5405,1.0962,-45.2249,0.2565,0.5375,0.2486,0.0570,0.5705
ecn,at_19,25,20,1.0000,12,gbpusd+audusd+usdjpy,305,0.5082,-0.4169,-41.8085,0.5424,0.2900,0.1541,-0.0266,0.4808
ecn,at_19,25,20,1.0000,12,gbpusd+nzdusd+usdjpy,307,0.5309,0.9096,-41.9144,0.5508,0.5465,0.1564,0.1135,0.4615
ecn,at_19,25,20,1.0000,12,audusd+nzdusd+usdjpy,271,0.5166,0.3794,-41.7185,0.4991,0.4242,0.1845,0.0353,0.4454
ecn,at_19,25,20,1.0000,16,eurusd+gbpusd+audusd,182,0.5220,-0.2458,-45.6300,0.2875,0.3359,0.2088,-0.0100,0.6071
ecn,at_19,25,20,1.0000,16,eurusd+gbpusd+nzdusd,184,0.5652,2.3306,-45.2906,0.2540,0.6081,0.2011,0.2096,0.5735
ecn,at_19,25,20,1.0000,16,eurusd+gbpusd+usdjpy,304,0.5230,0.1203,-41.8036,0.5443,0.3165,0.1250,0.0111,0.4824
ecn,at_19,25,20,1.0000,16,eurusd+audusd+nzdusd,148,0.5405,1.5603,-45.0763,0.3036,0.4804,0.2162,0.0766,0.5712
ecn,at_19,25,20,1.0000,16,eurusd+audusd+usdjpy,268,0.5037,-0.6020,-41.5698,0.5445,0.2028,0.1269,-0.0366,0.4689
ecn,at_19,25,20,1.0000,16,eurusd+nzdusd+usdjpy,270,0.5333,1.1565,-41.6966,0.5582,0.4673,0.1296,0.1141,0.4470
ecn,at_19,25,20,1.0000,16,gbpusd+audusd+nzdusd,185,0.5351,1.0743,-45.2249,0.2565,0.5139,0.2486,0.0571,0.5705
ecn,at_19,25,20,1.0000,16,gbpusd+audusd+usdjpy,305,0.5049,-0.6344,-41.8085,0.5424,0.2647,0.1541,-0.0392,0.4808
ecn,at_19,25,20,1.0000,16,gbpusd+nzdusd+usdjpy,307,0.5309,0.9122,-41.9144,0.5508,0.5441,0.1564,0.1132,0.4615
ecn,at_19,25,20,1.0000,16,audusd+nzdusd+usdjpy,271,0.5129,0.3031,-41.7185,0.4991,0.4014,0.1845,0.0278,0.4454
ecn,at_19,25,20,1.0000,18,eurusd+gbpusd+audusd,182,0.5330,-0.1571,-45.6300,0.2875,0.3367,0.2088,-0.0065,0.6071
ecn,at_19,25,20,1.0000,18,eurusd+gbpusd+nzdusd,184,0.5707,2.3396,-45.2906,0.2540,0.6096,0.2011,0.2009,0.5735
ecn,at_19,25,20,1.0000,18,eurusd+gbpusd+usdjpy,304,0.5263,0.1174,-41.8036,0.5443,0.3161,0.1250,0.0107,0.4824
ecn,at_19,25,20,1.0000,18,eurusd+audusd+nzdusd,148,0.5541,1.6761,-45.0763,0.3036,0.4851,0.2162,0.0822,0.5712
ecn,at_19,25,20,1.0000,18,eurusd+audusd+usdjpy,268,0.5112,-0.5475,-41.5698,0.5445,0.2020,0.1269,-0.0338,0.4689
ecn,at_19,25,20,1.0000,18,eurusd+nzdusd+usdjpy,270,0.5370,1.1569,-41.6966,0.5582,0.4667,0.1296,0.1162,0.4470
ecn,at_19,25,20,1.0000,18,gbpusd+audusd+nzdusd,185,0.5405,1.1634,-45.2249,0.2565,0.5154,0.2486,0.0619,0.5705
ecn,at_19,25,20,1.0000,18,gbpusd+audusd+usdjpy,305,0.5082,-0.5887,-41.8085,0.5424,0.2622,0.1541,-0.0371,0.4808
ecn,at_19,25,20,1.0000,18,gbpusd+nzdusd+usdjpy,307,0.5309,0.9105,-41.9144,0.5508,0.5444,0.1564,0.1169,0.4615
ecn,at_19,25,20,1.0000,18,audusd+nzdusd+usdjpy,271,0.5166,0.3583,-41.7185,0.4991,0.4019,0.1845,0.0339,0.4454
ecn,at_19,25,30,0.7500,12,eurusd+gbpusd+audusd,182,0.5440,-1.5288,-45.6300,0.2875,0.3193,0.2088,-0.0404,0.6071
ecn,at_19,25,30,0.7500,12,eurusd+gbpusd+nzdusd,184,0.5815,1.4734,-45.2906,0.2540,0.5656,0.2011,0.0780,0.5735
ecn,at_19,25,30,0.7500,12,eurusd+gbpusd+usdjpy,304,0.5526,-0.8527,-41.8036,0.5443,0.1309,0.1250,-0.0387,0.4824
ecn,at_19,25,30,0.7500,12,eurusd+audusd+nzdusd,148,0.5541,0.6956,-45.0763,0.3036,0.6099,0.2162,0.0362,0.5712
ecn,at_19,25,30,0.7500,12,eurusd+audusd+usdjpy,268,0.5336,-1.5947,-41.5698,0.5445,0.1995,0.1269,-0.0617,0.4689
ecn,at_19,25,30,0.7500,12,eurusd+nzdusd+usdjpy,270,0.5593,0.4517,-41.6966,0.5582,0.4431,0.1296,0.0303,0.4470
ecn,at_19,25,30,0.7500,12,gbpusd+audusd+nzdusd,185,0.5838,1.3348,-45.2249,0.2565,0.5102,0.2486,0.0767,0.5705
ecn,at_19,25,30,0.7500,12,gbpusd+audusd+usdjpy,305,0.5541,-0.9292,-41.8085,0.5424,0.0977,0.1541,-0.0395,0.4808
ecn,at_19,25,30,0.7500,12,gbpusd+nzdusd+usdjpy,307,0.5765,0.8663,-41.9144,0.5508,0.3630,0.1564,0.0655,0.4615
ecn,at_19,25,30,0.7500,12,audusd+nzdusd+usdjpy,271,0.5609,0.3609,-41.7185,0.4991,0.3946,0.1845,0.0267,0.4454
ecn,at_19,25,30,0.7500,16,eurusd+gbpusd+audusd,182,0.5440,-1.8662,-45.6300,0.2875,0.2944,0.2088,-0.0477,0.6071
ecn,at_19,25,30,0.7500,16,eurusd+gbpusd+nzdusd,184,0.5815,0.7614,-45.2906,0.2540,0.5631,0.2011,0.0359,0.5735
ecn,at_19,25,30,0.7500,16,eurusd+gbpusd+usdjpy,304,0.5559,-1.0543,-41.8036,0.5443,0.1625,0.1250,-0.0436,0.4824
ecn,at_19,25,30,0.7500,16,eurusd+audusd+nzdusd,148,0.5541,0.0115,-45.0763,0.3036,0.5956,0.2162,0.0006,0.5712
ecn,at_19,25,30,0.7500,16,eurusd+audusd+usdjpy,268,0.5373,-1.7123,-41.5698,0.5445,0.2100,0.1269,-0.0614,0.4689
ecn,at_19,25,30,0.7500,16,eurusd+nzdusd+usdjpy,270,0.5630,0.0772,-41.6966,0.5582,0.4584,0.1296,0.0045,0.4470
ecn,at_19,25,30,0.7500,16,gbpusd+audusd+nzdusd,185,0.5838,0.7657,-45.2249,0.2565,0.4865,0.2486,0.0419,0.5705
ecn,at_19,25,30,0.7500,16,gbpusd+audusd+usdjpy,305,0.5574,-1.0457,-41.8085,0.5424,0.0926,0.1541,-0.0415,0.4808
ecn,at_19,25,30,0.7500,16,gbpusd+nzdusd+usdjpy,307,0.5798,0.5238,-41.9144,0.5508,0.3680,0.1564,0.0344,0.4615
ecn,at_19,25,30,0.7500,16,audusd+nzdusd+usdjpy,271,0.5646,0.0827,-41.7185,0.4991,0.3887,0.1845,0.0055,0.4454
ecn,at_19,25,30,0.7500,18,eurusd+gbpusd+audusd,182,0.5659,-1.7017,-45.6300,0.2875,0.3149,0.2088,-0.0453,0.6071
ecn,at_19,25,30,0.7500,18,eurusd+gbpusd+nzdusd,184,0.5924,0.8238,-45.2906,0.2540,0.5679,0.2011,0.0389,0.5735
ecn,at_19,25,30,0.7500,18,eurusd+gbpusd+usdjpy,304,0.5625,-1.0169,-41.8036,0.5443,0.1455,0.1250,-0.0418,0.4824
ecn,at_19,25,30,0.7500,18,eurusd+audusd+nzdusd,148,0.5811,0.2802,-45.0763,0.3036,0.6350,0.2162,0.0146,0.5712
ecn,at_19,25,30,0.7500,18,eurusd+audusd+usdjpy,268,0.5522,-1.5644,-41.5698,0.5445,0.2262,0.1269,-0.0592,0.4689
ecn,at_19,25,30,0.7500,18,eurusd+nzdusd+usdjpy,270,0.5704,0.1556,-41.6966,0.5582,0.4530,0.1296,0.0092,0.4470
ecn,at_19,25,30,0.7500,18,gbpusd+audusd+nzdusd,185,0.5946,0.9297,-45.2249,0.2565,0.5147,0.2486,0.0523,0.5705
ecn,at_19,25,30,0.7500,18,gbpusd+audusd+usdjpy,305,0.5639,-0.9466,-41.8085,0.5424,0.1039,0.1541,-0.0395,0.4808
ecn,at_19,25,30,0.7500,18,gbpusd+nzdusd+usdjpy,307,0.5798,0.5620,-41.9144,0.5508,0.3629,0.1564,0.0372,0.4615
ecn,at_19,25,30,0.7500,18,audusd+nzdusd+usdjpy,271,0.5720,0.2304,-41.7185,0.4991,0.4152,0.1845,0.0164,0.4454
ecn,at_19,25,30,1.0000,12,eurusd+gbpusd+audusd,182,0.4560,-2.9584,-45.6300,0.2875,0.3217,0.2088,-0.0582,0.6071
ecn,at_19,25,30,1.0000,12,eurusd+gbpusd+nzdusd,184,0.5054,0.8795,-45.2906,0.2540,0.4666,0.2011,0.0275,0.5735
ecn,at_19,25,30,1.0000,12,eurusd+gbpusd+usdjpy,304,0.4605,-2.3693,-41.8036,0.5443,0.1169,0.1250,-0.0741,0.4824
ecn,at_19,25,30,1.0000,12,eurusd+audusd+nzdusd,148,0.5135,1.0767,-45.0763,0.3036,0.5665,0.2162,0.0584,0.5712
ecn,at_19,25,30,1.0000,12,eurusd+audusd+usdjpy,268,0.4590,-2.6968,-41.5698,0.5445,0.2123,0.1269,-0.0837,0.4689
ecn,at_19,25,30,1.0000,12,eurusd+nzdusd+usdjpy,270,0.4926,-0.0833,-41.6966,0.5582,0.3347,0.1296,-0.0044,0.4470
ecn,at_19,25,30,1.0000,12,gbpusd+audusd+nzdusd,185,0.5027,0.3669,-45.2249,0.2565,0.4542,0.2486,0.0114,0.5705
ecn,at_19,25,30,1.0000,12,gbpusd+audusd+usdjpy,305,0.4590,-2.6695,-41.8085,0.5424,0.1623,0.1541,-0.0724,0.4808
ecn,at_19,25,30,1.0000,12,gbpusd+nzdusd+usdjpy,307,0.4886,-0.3712,-41.9144,0.5508,0.2804,0.1564,-0.0158,0.4615
ecn,at_19,25,30,1.0000,12,audusd+nzdusd+usdjpy,271,0.4908,-0.4296,-41.7185,0.4991,0.3613,0.1845,-0.0236,0.4454
ecn,at_19,25,30,1.0000,16,eurusd+gbpusd+audusd,182,0.4505,-3.2834,-45.6300,0.2875,0.2867,0.2088,-0.0638,0.6071
ecn,at_19,25,30,1.0000,16,eurusd+gbpusd+nzdusd,184,0.4891,-0.5067,-45.2906,0.2540,0.3694,0.2011,-0.0133,0.5735
ecn,at_19,25,30,1.0000,16,eurusd+gbpusd+usdjpy,304,0.4605,-2.5362,-41.8036,0.5443,0.1090,0.1250,-0.0728,0.4824
ecn,at_19,25,30,1.0000,16,eurusd+audusd+nzdusd,148,0.4932,-0.1448,-45.0763,0.3036,0.4885,0.2162,-0.0059,0.5712
ecn,at_19,25,30,1.0000,16,eurusd+audusd+usdjpy,268,0.4590,-2.6089,-41.5698,0.5445,0.2223,0.1269,-0.0761,0.4689
ecn,at_19,25,30,1.0000,16,eurusd+nzdusd+usdjpy,270,0.4852,-0.7216,-41.6966,0.5582,0.2881,0.1296,-0.0330,0.4470
ecn,at_19,25,30,1.0000,16,gbpusd+audusd+nzdusd,185,0.4919,-0.5416,-45.2249,0.2565,0.3568,0.2486,-0.0147,0.5705
ecn,at_19,25,30,1.0000,16,gbpusd+audusd+usdjpy,305,0.4623,-2.5507,-41.8085,0.5424,0.1464,0.1541,-0.0667,0.4808
ecn,at_19,25,30,1.0000,16,gbpusd+nzdusd+usdjpy,307,0.4853,-0.8913,-41.9144,0.5508,0.2042,0.1564,-0.0319,0.4615
ecn,at_19,25,30,1.0000,16,audusd+nzdusd+usdjpy,271,0.4871,-0.7447,-41.7185,0.4991,0.3084,0.1845,-0.0346,0.4454
ecn,at_19,25,30,1.0000,18,eurusd+gbpusd+audusd,182,0.4725,-3.0204,-45.6300,0.2875,0.3080,0.2088,-0.0608,0.6071
ecn,at_19,25,30,1.0000,18,eurusd+gbpusd+nzdusd,184,0.4946,-0.6303,-45.2906,0.2540,0.3367,0.2011,-0.0161,0.5735
ecn,at_19,25,30,1.0000,18,eurusd+gbpusd+usdjpy,304,0.4671,-2.4190,-41.8036,0.5443,0.1092,0.1250,-0.0698,0.4824
ecn,at_19,25,30,1.0000,18,eurusd+audusd+nzdusd,148,0.5135,0.0139,-45.0763,0.3036,0.4887,0.2162,0.0006,0.5712
ecn,at_19,25,30,1.0000,18,eurusd+audusd+usdjpy,268,0.4739,-2.3035,-41.5698,0.5445,0.2534,0.1269,-0.0699,0.4689
ecn,at_19,25,30,1.0000,18,eurusd+nzdusd+usdjpy,270,0.4889,-0.6800,-41.6966,0.5582,0.2679,0.1296,-0.0296,0.4470
ecn,at_19,25,30,1.0000,18,gbpusd+audusd+nzdusd,185,0.4973,-0.4657,-45.2249,0.2565,0.3538,0.2486,-0.0127,0.5705
ecn,at_19,25,30,1.0000,18,gbpusd+audusd+usdjpy,305,0.4689,-2.3133,-41.8085,0.5424,0.1718,0.1541,-0.0623,0.4808
ecn,at_19,25,30,1.0000,18,gbpusd+nzdusd+usdjpy,307,0.4821,-0.8854,-41.9144,0.5508,0.1873,0.1564,-0.0308,0.4615
ecn,at_19,25,30,1.0000,18,audusd+nzdusd+usdjpy,271,0.4908,-0.5675,-41.7185,0.4991,0.3181,0.1845,-0.0267,0.4454
ecn,at_19,25,40,0.7500,12,eurusd+gbpusd+audusd,182,0.5440,-0.0889,-45.6300,0.2875,0.4585,0.2088,-0.0025,0.6071
ecn,at_19,25,40,0.7500,12,eurusd+gbpusd+nzdusd,184,0.5652,1.3969,-45.2906,0.2540,0.5248,0.2011,0.0457,0.5735
ecn,at_19,25,40,0.7500,12,eurusd+gbpusd+usdjpy,304,0.5395,-1.6335,-41.8036,0.5443,0.1686,0.1250,-0.0532,0.4824
ecn,at_19,25,40,0.7500,12,eurusd+audusd+nzdusd,148,0.5811,4.1641,-45.0763,0.3036,0.6140,0.2162,0.2235,0.5712
ecn,at_19,25,40,0.7500,12,eurusd+audusd+usdjpy,268,0.5448,-0.5125,-41.5698,0.5445,0.3024,0.1269,-0.0234,0.4689
ecn,at_19,25,40,0.7500,12,eurusd+nzdusd+usdjpy,270,0.5593,0.5032,-41.6966,0.5582,0.3584,0.1296,0.0277,0.4470
ecn,at_19,25,40,0.7500,12,gbpusd+audusd+nzdusd,185,0.5784,3.3164,-45.2249,0.2565,0.5813,0.2486,0.1478,0.5705
ecn,at_19,25,40,0.7500,12,gbpusd+audusd+usdjpy,305,0.5475,-0.4593,-41.8085,0.5424,0.3194,0.1541,-0.0196,0.4808
ecn,at_19,25,40,0.7500,12,gbpusd+nzdusd+usdjpy,307,0.5603,0.4336,-41.9144,0.5508,0.3857,0.1564,0.0233,0.4615
ecn,at_19,25,40,0.7500,12,audusd+nzdusd+usdjpy,271,0.5683,1.8169,-41.7185,0.4991,0.5107,0.1845,0.1486,0.4454
ecn,at_19,25,40,0.7500,16,eurusd+gbpusd+audusd,182,0.5330,-0.5953,-45.6300,0.2875,0.4245,0.2088,-0.0155,0.6071
ecn,at_19,25,40,0.7500,16,eurusd+gbpusd+nzdusd,184,0.5543,0.6809,-45.2906,0.2540,0.4091,0.2011,0.0195,0.5735
ecn,at_19,25,40,0.7500,16,eurusd+gbpusd+usdjpy,304,0.5428,-1.8359,-41.8036,0.5443,0.1547,0.1250,-0.0561,0.4824
ecn,at_19,25,40,0.7500,16,eurusd+audusd+nzdusd,148,0.5608,3.6650,-45.0763,0.3036,0.5095,0.2162,0.1704,0.5712
ecn,at_19,25,40,0.7500,16,eurusd+audusd+usdjpy,268,0.5448,-0.5261,-41.5698,0.5445,0.3114,0.1269,-0.0224,0.4689
ecn,at_19,25,40,0.7500,16,eurusd+nzdusd+usdjpy,270,0.5593,0.3432,-41.6966,0.5582,0.2860,0.1296,0.0216,0.4470
ecn,at_19,25,40,0.7500,16,gbpusd+audusd+nzdusd,185,0.5676,2.5609,-45.2249,0.2565,0.4805,0.2486,0.0945,0.5705
ecn,at_19,25,40,0.7500,16,gbpusd+audusd+usdjpy,305,0.5508,-0.6874,-41.8085,0.5424,0.3017,0.1541,-0.0260,0.4808
ecn,at_19,25,40,0.7500,16,gbpusd+nzdusd+usdjpy,307,0.5635,0.0782,-41.9144,0.5508,0.2919,0.1564,0.0035,0.4615
ecn,at_19,25,40,0.7500,16,audusd+nzdusd+usdjpy,271,0.5683,1.6278,-41.7185,0.4991,0.4262,0.1845,0.1451,0.4454
ecn,at_19,25,40,0.7500,18,eurusd+gbpusd+audusd,182,0.5549,-0.3422,-45.6300,0.2875,0.4493,0.2088,-0.0093,0.6071
ecn,at_19,25,40,0.7500,18,eurusd+gbpusd+nzdusd,184,0.5598,0.4250,-45.2906,0.2540,0.3808,0.2011,0.0111,0.5735
ecn,at_19,25,40,0.7500,18,eurusd+gbpusd+usdjpy,304,0.5493,-1.7559,-41.8036,0.5443,0.1599,0.1250,-0.0534,0.4824
ecn,at_19,25,40,0.7500,18,eurusd+audusd+nzdusd,148,0.5811,3.7102,-45.0763,0.3036,0.5135,0.2162,0.1791,0.5712
ecn,at_19,25,40,0.7500,18,eurusd+audusd+usdjpy,268,0.5597,-0.2346,-41.5698,0.5445,0.3415,0.1269,-0.0106,0.4689
ecn,at_19,25,40,0.7500,18,eurusd+nzdusd+usdjpy,270,0.5630,0.2874,-41.6966,0.5582,0.2717,0.1296,0.0155,0.4470
ecn,at_19,25,40,0.7500,18,gbpusd+audusd+nzdusd,185,0.5730,2.5490,-45.2249,0.2565,0.4764,0.2486,0.0872,0.5705
ecn,at_19,25,40,0.7500,18,gbpusd+audusd+usdjpy,305,0.5574,-0.4604,-41.8085,0.5424,0.3281,0.1541,-0.0183,0.4808
ecn,at_19,25,40,0.7500,18,gbpusd+nzdusd+usdjpy,307,0.5603,0.0002,-41.9144,0.5508,0.2746,0.1564,0.0000,0.4615
ecn,at_19,25,40,0.7500,18,audusd+nzdusd+usdjpy,271,0.5720,1.7379,-41.7185,0.4991,0.4338,0.1845,0.1590,0.4454
ecn,at_19,25,40,1.0000,12,eurusd+gbpusd+audusd,182,0.4780,-0.6344,-45.6300,0.2875,0.3607,0.2088,-0.0155,0.6071
ecn,at_19,25,40,1.0000,12,eurusd+gbpusd+nzdusd,184,0.5000,0.9641,-45.2906,0.2540,0.4371,0.2011,0.0341,0.5735
ecn,at_19,25,40,1.0000,12,eurusd+gbpusd+usdjpy,304,0.4737,-1.9888,-41.8036,0.5443,0.1287,0.1250,-0.0574,0.4824
ecn,at_19,25,40,1.0000,12,eurusd+audusd+nzdusd,148,0.5270,3.8960,-45.0763,0.3036,0.4916,0.2162,0.1430,0.5712
ecn,at_19,25,40,1.0000,12,eurusd+audusd+usdjpy,268,0.4851,-0.7664,-41.5698,0.5445,0.2443,0.1269,-0.0267,0.4689
ecn,at_19,25,40,1.0000,12,eurusd+nzdusd+usdjpy,270,0.5000,0.3240,-41.6966,0.5582,0.2966,0.1296,0.0172,0.4470
ecn,at_19,25,40,1.0000,12,gbpusd+audusd+nzdusd,185,0.5243,3.2983,-45.2249,0.2565,0.4965,0.2486,0.1281,0.5705
ecn,at_19,25,40,1.0000,12,gbpusd+audusd+usdjpy,305,0.4885,-0.5633,-41.8085,0.5424,0.2800,0.1541,-0.0201,0.4808
ecn,at_19,25,40,1.0000,12,gbpusd+nzdusd+usdjpy,307,0.5016,0.3943,-41.9144,0.5508,0.3568,0.1564,0.0208,0.4615
ecn,at_19,25,40,1.0000,12,audusd+nzdusd+usdjpy,271,0.5166,1.9198,-41.7185,0.4991,0.4364,0.1845,0.0969,0.4454
ecn,at_19,25,40,1.0000,16,eurusd+gbpusd+audusd,182,0.4670,-1.1779,-45.6300,0.2875,0.3735,0.2088,-0.0250,0.6071
ecn,at_19,25,40,1.0000,16,eurusd+gbpusd+nzdusd,184,0.4837,0.1380,-45.2906,0.2540,0.3849,0.2011,0.0038,0.5735
ecn,at_19,25,40,1.0000,16,eurusd+gbpusd+usdjpy,304,0.4868,-1.8477,-41.8036,0.5443,0.1134,0.1250,-0.0541,0.4824
ecn,at_19,25,40,1.0000,16,eurusd+audusd+nzdusd,148,0.4932,3.2820,-45.0763,0.3036,0.4966,0.2162,0.0929,0.5712
ecn,at_19,25,40,1.0000,16,eurusd+audusd+usdjpy,268,0.4925,-0.3782,-41.5698,0.5445,0.3080,0.1269,-0.0135,0.4689
ecn,at_19,25,40,1.0000,16,eurusd+nzdusd+usdjpy,270,0.5037,0.5126,-41.6966,0.5582,0.3027,0.1296,0.0235,0.4470
ecn,at_19,25,40,1.0000,16,gbpusd+audusd+nzdusd,185,0.4973,2.0372,-45.2249,0.2565,0.5022,0.2486,0.0582,0.5705
ecn,at_19,25,40,1.0000,16,gbpusd+audusd+usdjpy,305,0.4951,-0.6892,-41.8085,0.5424,0.3150,0.1541,-0.0231,0.4808
ecn,at_19,25,40,1.0000,16,gbpusd+nzdusd+usdjpy,307,0.5049,0.0963,-41.9144,0.5508,0.3353,0.1564,0.0041,0.4615
ecn,at_19,25,40,1.0000,16,audusd+nzdusd+usdjpy,271,0.5129,1.8078,-41.7185,0.4991,0.4754,0.1845,0.0721,0.4454
ecn,at_19,25,40,1.0000,18,eurusd+gbpusd+audusd,182,0.4835,-0.8723,-45.6300,0.2875,0.3880,0.2088,-0.0198,0.6071
ecn,at_19,25,40,1.0000,18,eurusd+gbpusd+nzdusd,184,0.4946,-0.0657,-45.2906,0.2540,0.3702,0.2011,-0.0017,0.5735
ecn,at_19,25,40,1.0000,18,eurusd+gbpusd+usdjpy,304,0.4868,-1.8527,-41.8036,0.5443,0.1080,0.1250,-0.0544,0.4824
ecn,at_19,25,40,1.0000,18,eurusd+audusd+nzdusd,148,0.5270,3.3998,-45.0763,0.3036,0.5037,0.2162,0.1041,0.5712
ecn,at_19,25,40,1.0000,18,eurusd+audusd+usdjpy,268,0.5037,-0.1790,-41.5698,0.5445,0.3172,0.1269,-0.0068,0.4689
ecn,at_19,25,40,1.0000,18,eurusd+nzdusd+usdjpy,270,0.5111,0.3655,-41.6966,0.5582,0.2930,0.1296,0.0165,0.4470
ecn,at_19,25,40,1.0000,18,gbpusd+audusd+nzdusd,185,0.5081,2.2352,-45.2249,0.2565,0.4991,0.2486,0.0642,0.5705
ecn,at_19,25,40,1.0000,18,gbpusd+audusd+usdjpy,305,0.4951,-0.4513,-41.8085,0.5424,0.3279,0.1541,-0.0164,0.4808
ecn,at_19,25,40,1.0000,18,gbpusd+nzdusd+usdjpy,307,0.5016,0.0294,-41.9144,0.5508,0.3269,0.1564,0.0012,0.4615
ecn,at_19,25,40,1.0000,18,audusd+nzdusd+usdjpy,271,0.5203,1.9346,-41.7185,0.4991,0.4842,0.1845,0.0812,0.4454
ecn,at_19,30,20,0.7500,12,eurusd+gbpusd+audusd,128,0.5312,-2.2139,-46.7052,0.3826,0.1958,0.2031,-0.0661,0.5977
ecn,at_19,30,20,0.7500,12,eurusd+gbpusd+nzdusd,126,0.5714,-0.4450,-45.4788,0.3241,0.4243,0.1825,-0.0193,0.5599
ecn,at_19,30,20,0.7500,12,eurusd+gbpusd+usdjpy,217,0.5668,-0.4417,-41.9281,0.6035,0.1376,0.1244,-0.0253,0.4731
ecn,at_19,30,20,0.7500,12,eurusd+audusd+nzdusd,99,0.5354,-2.2617,-47.0138,0.4039,0.3163,0.3030,-0.0539,0.5711
ecn,at_19,30,20,0.7500,12,eurusd+audusd+usdjpy,190,0.5474,-1.3878,-41.8766,0.5600,0.1241,0.1368,-0.0619,0.4667
ecn,at_19,30,20,0.7500,12,eurusd+nzdusd+usdjpy,188,0.5745,-0.1935,-41.8797,0.5664,0.3266,0.1436,-0.0118,0.4399
ecn,at_19,30,20,0.7500,12,gbpusd+audusd+nzdusd,127,0.5354,-2.2296,-45.1744,0.3270,0.3642,0.2598,-0.0638,0.5556
ecn,at_19,30,20,0.7500,12,gbpusd+audusd+usdjpy,218,0.5459,-1.4814,-41.8695,0.5807,0.1972,0.1330,-0.0666,0.4709
ecn,at_19,30,20,0.7500,12,gbpusd+nzdusd+usdjpy,216,0.5694,-0.4427,-41.8393,0.5851,0.3826,0.1435,-0.0271,0.4476
ecn,at_19,30,20,0.7500,12,audusd+nzdusd+usdjpy,189,0.5503,-1.3940,-41.8715,0.5119,0.3299,0.1905,-0.0626,0.4376
ecn,at_19,30,20,0.7500,16,eurusd+gbpusd+audusd,128,0.5391,-2.3329,-46.7052,0.3826,0.1639,0.2031,-0.0704,0.5977
ecn,at_19,30,20,0.7500,16,eurusd+gbpusd+nzdusd,126,0.5794,-0.4760,-45.4788,0.3241,0.4189,0.1825,-0.0206,0.5599
ecn,at_19,30,20,0.7500,16,eurusd+gbpusd+usdjpy,217,0.5714,-0.4943,-41.9281,0.6035,0.1357,0.1244,-0.0279,0.4731
ecn,at_19,30,20,0.7500,16,eurusd+audusd+nzdusd,99,0.5455,-2.3204,-47.0138,0.4039,0.3007,0.3030,-0.0560,0.5711
ecn,at_19,30,20,0.7500,16,eurusd+audusd+usdjpy,190,0.5526,-1.4579,-41.8766,0.5600,0.1077,0.1368,-0.0647,0.4667
ecn,at_19,30,20,0.7500,16,eurusd+nzdusd+usdjpy,188,0.5798,-0.2041,-41.8797,0.5664,0.3335,0.1436,-0.0121,0.4399
ecn,at_19,30,20,0.7500,16,gbpusd+audusd+nzdusd,127,0.5354,-2.3929,-45.1744,0.3270,0.3347,0.2598,-0.0692,0.5556
ecn,at_19,30,20,0.7500,16,gbpusd+audusd+usdjpy,218,0.5459,-1.6109,-41.8695,0.5807,0.1652,0.1330,-0.0714,0.4709
ecn,at_19,30,20,0.7500,16,gbpusd+nzdusd+usdjpy,216,0.5694,-0.5211,-41.8393,0.5851,0.3728,0.1435,-0.0313,0.4476
ecn,at_19,30,20,0.7500,16,audusd+nzdusd+usdjpy,189,0.5503,-1.4936,-41.8715,0.5119,0.3112,0.1905,-0.0667,0.4376
ecn,at_19,30,20,0.7500,18,eurusd+gbpusd+audusd,128,0.5547,-2.2376,-46.7052,0.3826,0.1536,0.2031,-0.0691,0.5977
ecn,at_19,30,20,0.7500,18,eurusd+gbpusd+nzdusd,126,0.5873,-0.4404,-45.4788,0.3241,0.4251,0.1825,-0.0191,0.5599
ecn,at_19,30,20,0.7500,18,eurusd+gbpusd+usdjpy,217,0.5760,-0.4736,-41.9281,0.6035,0.1407,0.1244,-0.0267,0.4731
ecn,at_19,30,20,0.7500,18,eurusd+audusd+nzdusd,99,0.5657,-2.1972,-47.0138,0.4039,0.2946,0.3030,-0.0543,0.5711
ecn,at_19,30,20,0.7500,18,eurusd+audusd+usdjpy,190,0.5632,-1.3937,-41.8766,0.5600,0.0986,0.1368,-0.0633,0.4667
ecn,at_19,30,20,0.7500,18,eurusd+nzdusd+usdjpy,188,0.5851,-0.1802,-41.8797,0.5664,0.3388,0.1436,-0.0107,0.4399
ecn,at_19,30,20,0.7500,18,gbpusd+audusd+nzdusd,127,0.5433,-2.3322,-45.1744,0.3270,0.3246,0.2598,-0.0689,0.5556
ecn,at_19,30,20,0.7500,18,gbpusd+audusd+usdjpy,218,0.5505,-1.5755,-41.8695,0.5807,0.1516,0.1330,-0.0708,0.4709
ecn,at_19,30,20,0.7500,18,gbpusd+nzdusd+usdjpy,216,0.5694,-0.5211,-41.8393,0.5851,0.3728,0.1435,-0.0313,0.4476
ecn,at_19,30,20,0.7500,18,audusd+nzdusd+usdjpy,189,0.5556,-1.4528,-41.8715,0.5119,0.3015,0.1905,-0.0665,0.4376
ecn,at_19,30,20,1.0000,12,eurusd+gbpusd+audusd,128,0.5000,-0.8266,-46.7052,0.3826,0.2779,0.2031,-0.0265,0.5977
ecn,at_19,30,20,1.0000,12,eurusd+gbpusd+nzdusd,126,0.5476,1.7296,-45.4788,0.3241,0.5236,0.1825,0.0946,0.5599
ecn,at_19,30,20,1.0000,12,eurusd+gbpusd+usdjpy,217,0.5207,0.3323,-41.9281,0.6035,0.1883,0.1244,0.0249,0.4731
ecn,at_19,30,20,1.0000,12,eurusd+audusd+nzdusd,99,0.5152,0.3966,-47.0138,0.4039,0.3700,0.3030,0.0123,0.5711
ecn,at_19,30,20,1.0000,12,eurusd+audusd+usdjpy,190,0.5000,-0.5608,-41.8766,0.5600,0.1042,0.1368,-0.0286,0.4667
ecn,at_19,30,20,1.0000,12,eurusd+nzdusd+usdjpy,188,0.5319,1.1552,-41.8797,0.5664,0.3462,0.1436,0.0903,0.4399
ecn,at_19,30,20,1.0000,12,gbpusd+audusd+nzdusd,127,0.5118,-0.0098,-45.1744,0.3270,0.4356,0.2598,-0.0004,0.5556
ecn,at_19,30,20,1.0000,12,gbpusd+audusd+usdjpy,218,0.5000,-0.6746,-41.8695,0.5807,0.2090,0.1330,-0.0386,0.4709
ecn,at_19,30,20,1.0000,12,gbpusd+nzdusd+usdjpy,216,0.5278,0.8179,-41.8393,0.5851,0.4304,0.1435,0.0742,0.4476
ecn,at_19,30,20,1.0000,12,audusd+nzdusd+usdjpy,189,0.5079,-0.0106,-41.8715,0.5119,0.3182,0.1905,-0.0006,0.4376
ecn,at_19,30,20,1.0000,16,eurusd+gbpusd+audusd,128,0.5078,-0.9455,-46.7052,0.3826,0.2501,0.2031,-0.0307,0.5977
ecn,at_19,30,20,1.0000,16,eurusd+gbpusd+nzdusd,126,0.5556,1.6986,-45.4788,0.3241,0.5192,0.1825,0.0929,0.5599
ecn,at_19,30,20,1.0000,16,eurusd+gbpusd+usdjpy,217,0.5253,0.1943,-41.9281,0.6035,0.1994,0.1244,0.0142,0.4731
ecn,at_19,30,20,1.0000,16,eurusd+audusd+nzdusd,99,0.5253,0.3379,-47.0138,0.4039,0.3566,0.3030,0.0106,0.5711
ecn,at_19,30,20,1.0000,16,eurusd+audusd+usdjpy,190,0.5053,-0.7284,-41.8766,0.5600,0.1002,0.1368,-0.0356,0.4667
ecn,at_19,30,20,1.0000,16,eurusd+nzdusd+usdjpy,188,0.5372,1.0460,-41.8797,0.5664,0.3597,0.1436,0.0796,0.4399
ecn,at_19,30,20,1.0000,16,gbpusd+audusd+nzdusd,127,0.5118,-0.1731,-45.1744,0.3270,0.4106,0.2598,-0.0067,0.5556
ecn,at_19,30,20,1.0000,16,gbpusd+audusd+usdjpy,218,0.5000,-0.8892,-41.8695,0.5807,0.1888,0.1330,-0.0488,0.4709
ecn,at_19,30,20,1.0000,16,gbpusd+nzdusd+usdjpy,216,0.5278,0.6538,-41.8393,0.5851,0.4282,0.1435,0.0577,0.4476
ecn,at_19,30,20,1.0000,16,audusd+nzdusd+usdjpy,189,0.5079,-0.2082,-41.8715,0.5119,0.3069,0.1905,-0.0121,0.4376
ecn,at_19,30,20,1.0000,18,eurusd+gbpusd+audusd,128,0.5234,-0.8503,-46.7052,0.3826,0.2417,0.2031,-0.0283,0.5977
ecn,at_19,30,20,1.0000,18,eurusd+gbpusd+nzdusd,126,0.5635,1.7341,-45.4788,0.3241,0.5242,0.1825,0.0948,0.5599
ecn,at_19,30,20,1.0000,18,eurusd+gbpusd+usdjpy,217,0.5300,0.2079,-41.9281,0.6035,0.2028,0.1244,0.0152,0.4731
ecn,at_19,30,20,1.0000,18,eurusd+audusd+nzdusd,99,0.5455,0.4611,-47.0138,0.4039,0.3520,0.3030,0.0150,0.5711
ecn,at_19,30,20,1.0000,18,eurusd+audusd+usdjpy,190,0.5158,-0.6724,-41.8766,0.5600,0.0908,0.1368,-0.0337,0.4667
ecn,at_19,30,20,1.0000,18,eurusd+nzdusd+usdjpy,188,0.5426,1.0617,-41.8797,0.5664,0.3628,0.1436,0.0808,0.4399
ecn,at_19,30,20,1.0000,18,gbpusd+audusd+nzdusd,127,0.5197,-0.1124,-45.1744,0.3270,0.4025,0.2598,-0.0045,0.5556
ecn,at_19,30,20,1.0000,18,gbpusd+audusd+usdjpy,218,0.5046,-0.8609,-41.8695,0.5807,0.1753,0.1330,-0.0485,0.4709
ecn,at_19,30,20,1.0000,18,gbpusd+nzdusd+usdjpy,216,0.5278,0.6466,-41.8393,0.5851,0.4268,0.1435,0.0571,0.4476
ecn,at_19,30,20,1.0000,18,audusd+nzdusd+usdjpy,189,0.5132,-0.1756,-41.8715,0.5119,0.2978,0.1905,-0.0105,0.4376
ecn,at_19,30,30,0.7500,12,eurusd+gbpusd+audusd,128,0.5469,-1.5832,-46.7052,0.3826,0.1755,0.2031,-0.0401,0.5977
ecn,at_19,30,30,0.7500,12,eurusd+gbpusd+nzdusd,126,0.5952,1.5310,-45.4788,0.3241,0.4928,0.1825,0.0622,0.5599
ecn,at_19,30,30,0.7500,12,eurusd+gbpusd+usdjpy,217,0.5668,-0.6290,-41.9281,0.6035,0.0011,0.1244,-0.0267,0.4731
ecn,at_19,30,30,0.7500,12,eurusd+audusd+nzdusd,99,0.5556,0.4664,-47.0138,0.4039,0.4382,0.3030,0.0196,0.5711
ecn,at_19,30,30,0.7500,12,eurusd+audusd+usdjpy,190,0.5421,-1.4907,-41.8766,0.5600,-0.0772,0.1368,-0.0554,0.4667
ecn,at_19,30,30,0.7500,12,eurusd+nzdusd+usdjpy,188,0.5745,0.5975,-41.8797,0.5664,0.3003,0.1436,0.0378,0.4399
ecn,at_19,30,30,0.7500,12,gbpusd+audusd+nzdusd,127,0.5984,1.7991,-45.1744,0.3270,0.3878,0.2598,0.1159,0.5556
ecn,at_19,30,30,0.7500,12,gbpusd+audusd+usdjpy,218,0.5688,-0.4629,-41.8695,0.5807,-0.0848,0.1330,-0.0213,0.4709
ecn,at_19,30,30,0.7500,12,gbpusd+nzdusd+usdjpy,216,0.5972,1.3640,-41.8393,0.5851,0.2392,0.1435,0.0989,0.4476
ecn,at_19,30,30,0.7500,12,audusd+nzdusd+usdjpy,189,0.5767,0.7825,-41.8715,0.5119,0.1920,0.1905,0.0496,0.4376
ecn,at_19,30,30,0.7500,16,eurusd+gbpusd+audusd,128,0.5547,-1.5051,-46.7052,0.3826,0.1725,0.2031,-0.0380,0.5977
ecn,at_19,30,30,0.7500,16,eurusd+gbpusd+nzdusd,126,0.5952,1.3174,-45.4788,0.3241,0.5097,0.1825,0.0483,0.5599
ecn,at_19,30,30,0.7500,16,eurusd+gbpusd+usdjpy,217,0.5668,-0.7367,-41.9281,0.6035,0.0341,0.1244,-0.0294,0.4731
ecn,at_19,30,30,0.7500,16,eurusd+audusd+nzdusd,99,0.5657,0.5227,-47.0138,0.4039,0.4446,0.3030,0.0206,0.5711
ecn,at_19,30,30,0.7500,16,eurusd+audusd+usdjpy,190,0.5474,-1.4427,-41.8766,0.5600,-0.0652,0.1368,-0.0517,0.4667
ecn,at_19,30,30,0.7500,16,eurusd+nzdusd+usdjpy,188,0.5745,0.4496,-41.8797,0.5664,0.3366,0.1436,0.0269,0.4399
ecn,at_19,30,30,0.7500,16,gbpusd+audusd+nzdusd,127,0.6063,1.7622,-45.1744,0.3270,0.3691,0.2598,0.1119,0.5556
ecn,at_19,30,30,0.7500,16,gbpusd+audusd+usdjpy,218,0.5734,-0.4682,-41.8695,0.5807,-0.0998,0.1330,-0.0215,0.4709
ecn,at_19,30,30,0.7500,16,gbpusd+nzdusd+usdjpy,216,0.5972,1.1879,-41.8393,0.5851,0.2504,0.1435,0.0828,0.4476
ecn,at_19,30,30,0.7500,16,audusd+nzdusd+usdjpy,189,0.5820,0.7531,-41.8715,0.5119,0.1826,0.1905,0.0481,0.4376
ecn,at_19,30,30,0.7500,18,eurusd+gbpusd+audusd,128,0.5859,-1.1570,-46.7052,0.3826,0.1724,0.2031,-0.0312,0.5977
ecn,at_19,30,30,0.7500,18,eurusd+gbpusd+nzdusd,126,0.6111,1.3914,-45.4788,0.3241,0.5063,0.1825,0.0519,0.5599
ecn,at_19,30,30,0.7500,18,eurusd+gbpusd+usdjpy,217,0.5760,-0.6417,-41.9281,0.6035,0.0209,0.1244,-0.0259,0.4731
ecn,at_19,30,30,0.7500,18,eurusd+audusd+nzdusd,99,0.6061,0.9990,-47.0138,0.4039,0.4486,0.3030,0.0430,0.5711
ecn,at_19,30,30,0.7500,18,eurusd+audusd+usdjpy,190,0.5684,-1.1351,-41.8766,0.5600,-0.0669,0.1368,-0.0442,0.4667
ecn,at_19,30,30,0.7500,18,eurusd+nzdusd+usdjpy,188,0.5851,0.5731,-41.8797,0.5664,0.3279,0.1436,0.0343,0.4399
ecn,at_19,30,30,0.7500,18,gbpusd+audusd+nzdusd,127,0.6220,2.0192,-45.1744,0.3270,0.3691,0.2598,0.1282,0.5556
ecn,at_19,30,30,0.7500,18,gbpusd+audusd+usdjpy,218,0.5826,-0.2666,-41.8695,0.5807,-0.0998,0.1330,-0.0127,0.4709
ecn,at_19,30,30,0.7500,18,gbpusd+nzdusd+usdjpy,216,0.5972,1.2282,-41.8393,0.5851,0.2410,0.1435,0.0856,0.4476
ecn,at_19,30,30,0.7500,18,audusd+nzdusd+usdjpy,189,0.5926,0.9994,-41.8715,0.5119,0.1815,0.1905,0.0673,0.4376
ecn,at_19,30,30,1.0000,12,eurusd+gbpusd+audusd,128,0.4531,-3.1340,-46.7052,0.3826,0.2810,0.2031,-0.0593,0.5977
ecn,at_19,30,30,1.0000,12,eurusd+gbpusd+nzdusd,126,0.5159,1.1848,-45.4788,0.3241,0.4567,0.1825,0.0358,0.5599
ecn,at_19,30,30,1.0000,12,eurusd+gbpusd+usdjpy,217,0.4608,-2.7587,-41.9281,0.6035,0.0823,0.1244,-0.0745,0.4731
ecn,at_19,30,30,1.0000,12,eurusd+audusd+nzdusd,99,0.5051,0.9154,-47.0138,0.4039,0.4828,0.3030,0.0366,0.5711
ecn,at_19,30,30,1.0000,12,eurusd+audusd+usdjpy,190,0.4474,-3.4594,-41.8766,0.5600,0.0839,0.1368,-0.0891,0.4667
ecn,at_19,30,30,1.0000,12,eurusd+nzdusd+usdjpy,188,0.4894,-0.5684,-41.8797,0.5664,0.3014,0.1436,-0.0232,0.4399
ecn,at_19,30,30,1.0000,12,gbpusd+audusd+nzdusd,127,0.5039,0.8084,-45.1744,0.3270,0.4187,0.2598,0.0305,0.5556
ecn,at_19,30,30,1.0000,12,gbpusd+audusd+usdjpy,218,0.4541,-2.9598,-41.8695,0.5807,0.0700,0.1330,-0.0780,0.4709
ecn,at_19,30,30,1.0000,12,gbpusd+nzdusd+usdjpy,216,0.4907,-0.4390,-41.8393,0.5851,0.2427,0.1435,-0.0174,0.4476
ecn,at_19,30,30,1.0000,12,audusd+nzdusd+usdjpy,189,0.4815,-0.8120,-41.8715,0.5119,0.2591,0.1905,-0.0340,0.4376
ecn,at_19,30,30,1.0000,16,eurusd+gbpusd+audusd,128,0.4531,-3.2875,-46.7052,0.3826,0.2549,0.2031,-0.0585,0.5977
ecn,at_19,30,30,1.0000,16,eurusd+gbpusd+nzdusd,126,0.4921,-0.1247,-45.4788,0.3241,0.3845,0.1825,-0.0028,0.5599
ecn,at_19,30,30,1.0000,16,eurusd+gbpusd+usdjpy,217,0.4562,-2.8158,-41.9281,0.6035,0.0726,0.1244,-0.0720,0.4731
ecn,at_19,30,30,1.0000,16,eurusd+audusd+nzdusd,99,0.4848,-0.2954,-47.0138,0.4039,0.4166,0.3030,-0.0087,0.5711
ecn,at_19,30,30,1.0000,16,eurusd+audusd+usdjpy,190,0.4474,-3.2872,-41.8766,0.5600,0.0957,0.1368,-0.0784,0.4667
ecn,at_19,30,30,1.0000,16,eurusd+nzdusd+usdjpy,188,0.4734,-1.1674,-41.8797,0.5664,0.2586,0.1436,-0.0398,0.4399
ecn,at_19,30,30,1.0000,16,gbpusd+audusd+nzdusd,127,0.4961,-0.0844,-45.1744,0.3270,0.3184,0.2598,-0.0025,0.5556
ecn,at_19,30,30,1.0000,16,gbpusd+audusd+usdjpy,218,0.4587,-2.7800,-41.8695,0.5807,0.0454,0.1330,-0.0712,0.4709
ecn,at_19,30,30,1.0000,16,gbpusd+nzdusd+usdjpy,216,0.4815,-0.9304,-41.8393,0.5851,0.1685,0.1435,-0.0303,0.4476
ecn,at_19,30,30,1.0000,16,audusd+nzdusd+usdjpy,189,0.4762,-1.1349,-41.8715,0.5119,0.2013,0.1905,-0.0423,0.4376
ecn,at_19,30,30,1.0000,18,eurusd+gbpusd+audusd,128,0.4844,-2.9361,-46.7052,0.3826,0.2549,0.2031,-0.0547,0.5977
ecn,at_19,30,30,1.0000,18,eurusd+gbpusd+nzdusd,126,0.5079,-0.4109,-45.4788,0.3241,0.3418,0.1825,-0.0089,0.5599
ecn,at_19,30,30,1.0000,18,eurusd+gbpusd+usdjpy,217,0.4654,-2.6451,-41.9281,0.6035,0.0655,0.1244,-0.0691,0.4731
ecn,at_19,30,30,1.0000,18,eurusd+audusd+nzdusd,99,0.5253,-0.2732,-47.0138,0.4039,0.3801,0.3030,-0.0080,0.5711
ecn,at_19,30,30,1.0000,18,eurusd+audusd+usdjpy,190,0.4684,-2.8908,-41.8766,0.5600,0.0976,0.1368,-0.0729,0.4667
ecn,at_19,30,30,1.0000,18,eurusd+nzdusd+usdjpy,188,0.4840,-1.1979,-41.8797,0.5664,0.2165,0.1436,-0.0389,0.4399
ecn,at_19,30,30,1.0000,18,gbpusd+audusd+nzdusd,127,0.5118,-0.1814,-45.1744,0.3270,0.2853,0.2598,-0.0052,0.5556
ecn,at_19,30,30,1.0000,18,gbpusd+audusd+usdjpy,218,0.4679,-2.5011,-41.8695,0.5807,0.0470,0.1330,-0.0669,0.4709
ecn,at_19,30,30,1.0000,18,gbpusd+nzdusd+usdjpy,216,0.4815,-1.0241,-41.8393,0.5851,0.1311,0.1435,-0.0323,0.4476
ecn,at_19,30,30,1.0000,18,audusd+nzdusd+usdjpy,189,0.4868,-1.0396,-41.8715,0.5119,0.1727,0.1905,-0.0391,0.4376
ecn,at_19,30,40,0.7500,12,eurusd+gbpusd+audusd,128,0.5312,-1.2405,-46.7052,0.3826,0.4580,0.2031,-0.0267,0.5977
ecn,at_19,30,40,0.7500,12,eurusd+gbpusd+nzdusd,126,0.5714,1.5806,-45.4788,0.3241,0.4984,0.1825,0.0452,0.5599
ecn,at_19,30,40,0.7500,12,eurusd+gbpusd+usdjpy,217,0.5346,-2.2991,-41.9281,0.6035,0.1532,0.1244,-0.0598,0.4731
ecn,at_19,30,40,0.7500,12,eurusd+audusd+nzdusd,99,0.5758,3.8690,-47.0138,0.4039,0.5687,0.3030,0.1415,0.5711
ecn,at_19,30,40,0.7500,12,eurusd+audusd+usdjpy,190,0.5316,-1.6580,-41.8766,0.5600,0.2702,0.1368,-0.0516,0.4667
ecn,at_19,30,40,0.7500,12,eurusd+nzdusd+usdjpy,188,0.5585,0.2282,-41.8797,0.5664,0.3651,0.1436,0.0109,0.4399
ecn,at_19,30,40,0.7500,12,gbpusd+audusd+nzdusd,127,0.5748,3.0759,-45.1744,0.3270,0.5534,0.2598,0.1211,0.5556
ecn,at_19,30,40,0.7500,12,gbpusd+audusd+usdjpy,218,0.5367,-1.4102,-41.8695,0.5807,0.2906,0.1330,-0.0469,0.4709
ecn,at_19,30,40,0.7500,12,gbpusd+nzdusd+usdjpy,216,0.5602,0.2339,-41.8393,0.5851,0.3403,0.1435,0.0102,0.4476
ecn,at_19,30,40,0.7500,12,audusd+nzdusd+usdjpy,189,0.5608,1.2402,-41.8715,0.5119,0.4713,0.1905,0.0711,0.4376
ecn,at_19,30,40,0.7500,16,eurusd+gbpusd+audusd,128,0.5234,-1.8153,-46.7052,0.3826,0.4268,0.2031,-0.0353,0.5977
ecn,at_19,30,40,0.7500,16,eurusd+gbpusd+nzdusd,126,0.5556,0.7084,-45.4788,0.3241,0.4089,0.1825,0.0154,0.5599
ecn,at_19,30,40,0.7500,16,eurusd+gbpusd+usdjpy,217,0.5346,-2.3581,-41.9281,0.6035,0.1299,0.1244,-0.0595,0.4731
ecn,at_19,30,40,0.7500,16,eurusd+audusd+nzdusd,99,0.5556,2.8623,-47.0138,0.4039,0.4887,0.3030,0.0906,0.5711
ecn,at_19,30,40,0.7500,16,eurusd+audusd+usdjpy,190,0.5316,-1.6716,-41.8766,0.5600,0.2716,0.1368,-0.0494,0.4667
ecn,at_19,30,40,0.7500,16,eurusd+nzdusd+usdjpy,188,0.5532,0.0213,-41.8797,0.5664,0.2950,0.1436,0.0009,0.4399
ecn,at_19,30,40,0.7500,16,gbpusd+audusd+nzdusd,127,0.5669,2.2129,-45.1744,0.3270,0.4504,0.2598,0.0660,0.5556
ecn,at_19,30,40,0.7500,16,gbpusd+audusd+usdjpy,218,0.5413,-1.4676,-41.8695,0.5807,0.2481,0.1330,-0.0466,0.4709
ecn,at_19,30,40,0.7500,16,gbpusd+nzdusd+usdjpy,216,0.5602,0.0078,-41.8393,0.5851,0.2426,0.1435,0.0003,0.4476
ecn,at_19,30,40,0.7500,16,audusd+nzdusd+usdjpy,189,0.5608,1.0359,-41.8715,0.5119,0.3756,0.1905,0.0572,0.4376
ecn,at_19,30,40,0.7500,18,eurusd+gbpusd+audusd,128,0.5547,-1.4531,-46.7052,0.3826,0.4270,0.2031,-0.0298,0.5977
ecn,at_19,30,40,0.7500,18,eurusd+gbpusd+nzdusd,126,0.5714,0.1582,-45.4788,0.3241,0.3689,0.1825,0.0031,0.5599
ecn,at_19,30,40,0.7500,18,eurusd+gbpusd+usdjpy,217,0.5438,-2.2216,-41.9281,0.6035,0.1254,0.1244,-0.0570,0.4731
ecn,at_19,30,40,0.7500,18,eurusd+audusd+nzdusd,99,0.5960,2.6173,-47.0138,0.4039,0.4570,0.3030,0.0774,0.5711
ecn,at_19,30,40,0.7500,18,eurusd+audusd+usdjpy,190,0.5526,-1.2784,-41.8766,0.5600,0.2709,0.1368,-0.0408,0.4667
ecn,at_19,30,40,0.7500,18,eurusd+nzdusd+usdjpy,188,0.5638,-0.1966,-41.8797,0.5664,0.2455,0.1436,-0.0073,0.4399
ecn,at_19,30,40,0.7500,18,gbpusd+audusd+nzdusd,127,0.5827,1.8814,-45.1744,0.3270,0.4213,0.2598,0.0522,0.5556
ecn,at_19,30,40,0.7500,18,gbpusd+audusd+usdjpy,218,0.5505,-1.2068,-41.8695,0.5807,0.2509,0.1330,-0.0406,0.4709
ecn,at_19,30,40,0.7500,18,gbpusd+nzdusd+usdjpy,216,0.5602,-0.2646,-41.8393,0.5851,0.2030,0.1435,-0.0087,0.4476
ecn,at_19,30,40,0.7500,18,audusd+nzdusd+usdjpy,189,0.5714,0.9631,-41.8715,0.5119,0.3389,0.1905,0.0506,0.4376
ecn,at_19,30,40,1.0000,12,eurusd+gbpusd+audusd,128,0.4453,-3.2289,-46.7052,0.3826,0.3181,0.2031,-0.0509,0.5977
ecn,at_19,30,40,1.0000,12,eurusd+gbpusd+nzdusd,126,0.4841,-0.2005,-45.4788,0.3241,0.4367,0.1825,-0.0045,0.5599
ecn,at_19,30,40,1.0000,12,eurusd+gbpusd+usdjpy,217,0.4608,-3.0247,-41.9281,0.6035,0.1083,0.1244,-0.0673,0.4731
ecn,at_19,30,40,1.0000,12,eurusd+audusd+nzdusd,99,0.4949,1.0237,-47.0138,0.4039,0.4334,0.3030,0.0193,0.5711
ecn,at_19,30,40,1.0000,12,eurusd+audusd+usdjpy,190,0.4632,-2.7881,-41.8766,0.5600,0.1980,0.1368,-0.0628,0.4667
ecn,at_19,30,40,1.0000,12,eurusd+nzdusd+usdjpy,188,0.4894,-0.7538,-41.8797,0.5664,0.3315,0.1436,-0.0240,0.4399
ecn,at_19,30,40,1.0000,12,gbpusd+audusd+nzdusd,127,0.5039,1.5112,-45.1744,0.3270,0.4669,0.2598,0.0345,0.5556
ecn,at_19,30,40,1.0000,12,gbpusd+audusd+usdjpy,218,0.4725,-2.0145,-41.8695,0.5807,0.2520,0.1330,-0.0499,0.4709
ecn,at_19,30,40,1.0000,12,gbpusd+nzdusd+usdjpy,216,0.4954,-0.2367,-41.8393,0.5851,0.3757,0.1435,-0.0080,0.4476
ecn,at_19,30,40,1.0000,12,audusd+nzdusd+usdjpy,189,0.5026,0.3994,-41.8715,0.5119,0.4159,0.1905,0.0124,0.4376
ecn,at_19,30,40,1.0000,16,eurusd+gbpusd+audusd,128,0.4375,-3.9262,-46.7052,0.3826,0.3288,0.2031,-0.0541,0.5977
ecn,at_19,30,40,1.0000,16,eurusd+gbpusd+nzdusd,126,0.4603,-1.2133,-45.4788,0.3241,0.3761,0.1825,-0.0207,0.5599
ecn,at_19,30,40,1.0000,16,eurusd+gbpusd+usdjpy,217,0.4700,-2.8946,-41.9281,0.6035,0.0646,0.1244,-0.0616,0.4731
ecn,at_19,30,40,1.0000,16,eurusd+audusd+nzdusd,99,0.4545,-0.1394,-47.0138,0.4039,0.4457,0.3030,-0.0020,0.5711
ecn,at_19,30,40,1.0000,16,eurusd+audusd+usdjpy,190,0.4684,-2.5740,-41.8766,0.5600,0.2490,0.1368,-0.0522,0.4667
ecn,at_19,30,40,1.0000,16,eurusd+nzdusd+usdjpy,188,0.4840,-0.7414,-41.8797,0.5664,0.3235,0.1436,-0.0187,0.4399
ecn,at_19,30,40,1.0000,16,gbpusd+audusd+nzdusd,127,0.4724,0.0104,-45.1744,0.3270,0.4517,0.2598,0.0002,0.5556
ecn,at_19,30,40,1.0000,16,gbpusd+audusd+usdjpy,218,0.4771,-2.1740,-41.8695,0.5807,0.2547,0.1330,-0.0495,0.4709
ecn,at_19,30,40,1.0000,16,gbpusd+nzdusd+usdjpy,216,0.4907,-0.5752,-41.8393,0.5851,0.3175,0.1435,-0.0166,0.4476
ecn,at_19,30,40,1.0000,16,audusd+nzdusd+usdjpy,189,0.4921,0.0784,-41.8715,0.5119,0.4315,0.1905,0.0020,0.4376
ecn,at_19,30,40,1.0000,18,eurusd+gbpusd+audusd,128,0.4688,-3.3795,-46.7052,0.3826,0.3252,0.2031,-0.0493,0.5977
ecn,at_19,30,40,1.0000,18,eurusd+gbpusd+nzdusd,126,0.4921,-1.6022,-45.4788,0.3241,0.3462,0.1825,-0.0251,0.5599
ecn,at_19,30,40,1.0000,18,eurusd+gbpusd+usdjpy,217,0.4747,-2.7489,-41.9281,0.6035,0.0601,0.1244,-0.0596,0.4731
ecn,at_19,30,40,1.0000,18,eurusd+audusd+nzdusd,99,0.5152,-0.1929,-47.0138,0.4039,0.4206,0.3030,-0.0027,0.5711
ecn,at_19,30,40,1.0000,18,eurusd+audusd+usdjpy,190,0.4842,-2.1776,-41.8766,0.5600,0.2401,0.1368,-0.0476,0.4667
ecn,at_19,30,40,1.0000,18,eurusd+nzdusd+usdjpy,188,0.5000,-0.9736,-41.8797,0.5664,0.2890,0.1436,-0.0230,0.4399
ecn,at_19,30,40,1.0000,18,gbpusd+audusd+nzdusd,127,0.5039,-0.0735,-45.1744,0.3270,0.4284,0.2598,-0.0013,0.5556
ecn,at_19,30,40,1.0000,18,gbpusd+audusd+usdjpy,218,0.4817,-1.8531,-41.8695,0.5807,0.2509,0.1330,-0.0443,0.4709
ecn,at_19,30,40,1.0000,18,gbpusd+nzdusd+usdjpy,216,0.4954,-0.8022,-41.8393,0.5851,0.2873,0.1435,-0.0216,0.4476
ecn,at_19,30,40,1.0000,18,audusd+nzdusd+usdjpy,189,0.5079,0.0503,-41.8715,0.5119,0.4046,0.1905,0.0012,0.4376
ecn,at_19,40,20,0.7500,12,eurusd+gbpusd+audusd,67,0.5970,-0.4853,-47.1509,0.3996,0.3337,0.2537,-0.0118,0.6044
ecn,at_19,40,20,0.7500,12,eurusd+gbpusd+nzdusd,60,0.6167,0.4553,-46.2850,0.2872,0.4421,0.1500,0.0183,0.5755
ecn,at_19,40,20,0.7500,12,eurusd+gbpusd+usdjpy,116,0.6034,0.5384,-43.2949,0.4576,0.1891,0.1293,0.0293,0.5394
ecn,at_19,40,20,0.7500,12,eurusd+audusd+nzdusd,46,0.5652,-2.0126,-47.6091,0.3188,0.3717,0.3043,-0.0338,0.5556
ecn,at_19,40,20,0.7500,12,eurusd+audusd+usdjpy,102,0.5784,-0.5631,-43.1640,0.3540,0.1737,0.1373,-0.0220,0.5254
ecn,at_19,40,20,0.7500,12,eurusd+nzdusd+usdjpy,95,0.5895,0.0252,-42.8221,0.3413,0.2520,0.1263,0.0014,0.5013
ecn,at_19,40,20,0.7500,12,gbpusd+audusd+nzdusd,64,0.5938,-0.7247,-46.4506,0.3355,0.3479,0.2656,-0.0159,0.6015
ecn,at_19,40,20,0.7500,12,gbpusd+audusd+usdjpy,120,0.5917,-0.0936,-43.3140,0.4807,0.1720,0.1750,-0.0039,0.5546
ecn,at_19,40,20,0.7500,12,gbpusd+nzdusd+usdjpy,113,0.6018,0.4301,-42.9614,0.4622,0.2619,0.1593,0.0252,0.5361
ecn,at_19,40,20,0.7500,12,audusd+nzdusd+usdjpy,99,0.5758,-0.7202,-43.1147,0.3459,0.1958,0.1616,-0.0252,0.5212
ecn,at_19,40,20,0.7500,16,eurusd+gbpusd+audusd,67,0.5970,-0.6259,-47.1509,0.3996,0.3198,0.2537,-0.0152,0.6044
ecn,at_19,40,20,0.7500,16,eurusd+gbpusd+nzdusd,60,0.6167,0.2983,-46.2850,0.2872,0.4234,0.1500,0.0120,0.5755
ecn,at_19,40,20,0.7500,16,eurusd+gbpusd+usdjpy,116,0.6034,0.4573,-43.2949,0.4576,0.1724,0.1293,0.0248,0.5394
ecn,at_19,40,20,0.7500,16,eurusd+audusd+nzdusd,46,0.5652,-2.0126,-47.6091,0.3188,0.3717,0.3043,-0.0338,0.5556
ecn,at_19,40,20,0.7500,16,eurusd+audusd+usdjpy,102,0.5784,-0.5631,-43.1640,0.3540,0.1737,0.1373,-0.0220,0.5254
ecn,at_19,40,20,0.7500,16,eurusd+nzdusd+usdjpy,95,0.5895,0.0252,-42.8221,0.3413,0.2520,0.1263,0.0014,0.5013
ecn,at_19,40,20,0.7500,16,gbpusd+audusd+nzdusd,64,0.5938,-0.8718,-46.4506,0.3355,0.3346,0.2656,-0.0192,0.6015
ecn,at_19,40,20,0.7500,16,gbpusd+audusd+usdjpy,120,0.5917,-0.1721,-43.3140,0.4807,0.1567,0.1750,-0.0071,0.5546
ecn,at_19,40,20,0.7500,16,gbpusd+nzdusd+usdjpy,113,0.6018,0.3467,-42.9614,0.4622,0.2431,0.1593,0.0203,0.5361
ecn,at_19,40,20,0.7500,16,audusd+nzdusd+usdjpy,99,0.5758,-0.7202,-43.1147,0.3459,0.1958,0.1616,-0.0252,0.5212
ecn,at_19,40,20,0.7500,18,eurusd+gbpusd+audusd,67,0.5970,-0.6259,-47.1509,0.3996,0.3198,0.2537,-0.0152,0.6044
ecn,at_19,40,20,0.7500,18,eurusd+gbpusd+nzdusd,60,0.6167,0.2983,-46.2850,0.2872,0.4234,0.1500,0.0120,0.5755
ecn,at_19,40,20,0.7500,18,eurusd+gbpusd+usdjpy,116,0.6034,0.4573,-43.2949,0.4576,0.1724,0.1293,0.0248,0.5394
ecn,at_19,40,20,0.7500,18,eurusd+audusd+nzdusd,46,0.5652,-2.0126,-47.6091,0.3188,0.3717,0.3043,-0.0338,0.5556
ecn,at_19,40,20,0.7500,18,eurusd+audusd+usdjpy,102,0.5784,-0.5631,-43.1640,0.3540,0.1737,0.1373,-0.0220,0.5254
ecn,at_19,40,20,0.7500,18,eurusd+nzdusd+usdjpy,95,0.5895,0.0252,-42.8221,0.3413,0.2520,0.1263,0.0014,0.5013
ecn,at_19,40,20,0.7500,18,gbpusd+audusd+nzdusd,64,0.5938,-0.8718,-46.4506,0.3355,0.3346,0.2656,-0.0192,0.6015
ecn,at_19,40,20,0.7500,18,gbpusd+audusd+usdjpy,120,0.5917,-0.1721,-43.3140,0.4807,0.1567,0.1750,-0.0071,0.5546
ecn,at_19,40,20,0.7500,18,gbpusd+nzdusd+usdjpy,113,0.6018,0.3467,-42.9614,0.4622,0.2431,0.1593,0.0203,0.5361
ecn,at_19,40,20,0.7500,18,audusd+nzdusd+usdjpy,99,0.5758,-0.7202,-43.1147,0.3459,0.1958,0.1616,-0.0252,0.5212
ecn,at_19,40,20,1.0000,12,eurusd+gbpusd+audusd,67,0.5373,0.1584,-47.1509,0.3996,0.4129,0.2537,0.0035,0.6044
ecn,at_19,40,20,1.0000,12,eurusd+gbpusd+nzdusd,60,0.5667,1.7954,-46.2850,0.2872,0.5272,0.1500,0.0603,0.5755
ecn,at_19,40,20,1.0000,12,eurusd+gbpusd+usdjpy,116,0.5345,0.8461,-43.2949,0.4576,0.2102,0.1293,0.0395,0.5394
ecn,at_19,40,20,1.0000,12,eurusd+audusd+nzdusd,46,0.5217,-0.1941,-47.6091,0.3188,0.4311,0.3043,-0.0034,0.5556
ecn,at_19,40,20,1.0000,12,eurusd+audusd+usdjpy,102,0.5098,-0.1814,-43.1640,0.3540,0.1424,0.1373,-0.0059,0.5254
ecn,at_19,40,20,1.0000,12,eurusd+nzdusd+usdjpy,95,0.5263,0.8274,-42.8221,0.3413,0.2318,0.1263,0.0427,0.5013
ecn,at_19,40,20,1.0000,12,gbpusd+audusd+nzdusd,64,0.5469,0.7350,-46.4506,0.3355,0.3882,0.2656,0.0160,0.6015
ecn,at_19,40,20,1.0000,12,gbpusd+audusd+usdjpy,120,0.5250,0.3122,-43.3140,0.4807,0.1422,0.1750,0.0103,0.5546
ecn,at_19,40,20,1.0000,12,gbpusd+nzdusd+usdjpy,113,0.5398,1.1909,-42.9614,0.4622,0.2436,0.1593,0.0572,0.5361
ecn,at_19,40,20,1.0000,12,audusd+nzdusd+usdjpy,99,0.5152,0.1810,-43.1147,0.3459,0.1417,0.1616,0.0057,0.5212
ecn,at_19,40,20,1.0000,16,eurusd+gbpusd+audusd,67,0.5373,0.0178,-47.1509,0.3996,0.4020,0.2537,0.0004,0.6044
ecn,at_19,40,20,1.0000,16,eurusd+gbpusd+nzdusd,60,0.5667,1.6384,-46.2850,0.2872,0.5118,0.1500,0.0550,0.5755
ecn,at_19,40,20,1.0000,16,eurusd+gbpusd+usdjpy,116,0.5345,0.6186,-43.2949,0.4576,0.2101,0.1293,0.0273,0.5394
ecn,at_19,40,20,1.0000,16,eurusd+audusd+nzdusd,46,0.5217,-0.1941,-47.6091,0.3188,0.4311,0.3043,-0.0034,0.5556
ecn,at_19,40,20,1.0000,16,eurusd+audusd+usdjpy,102,0.5098,-0.3478,-43.1640,0.3540,0.1618,0.1373,-0.0108,0.5254
ecn,at_19,40,20,1.0000,16,eurusd+nzdusd+usdjpy,95,0.5263,0.6489,-42.8221,0.3413,0.2507,0.1263,0.0310,0.5013
ecn,at_19,40,20,1.0000,16,gbpusd+audusd+nzdusd,64,0.5469,0.5878,-46.4506,0.3355,0.3773,0.2656,0.0128,0.6015
ecn,at_19,40,20,1.0000,16,gbpusd+audusd+usdjpy,120,0.5250,0.0923,-43.3140,0.4807,0.1434,0.1750,0.0029,0.5546
ecn,at_19,40,20,1.0000,16,gbpusd+nzdusd+usdjpy,113,0.5398,0.9574,-42.9614,0.4622,0.2412,0.1593,0.0433,0.5361
ecn,at_19,40,20,1.0000,16,audusd+nzdusd+usdjpy,99,0.5152,0.0097,-43.1147,0.3459,0.1556,0.1616,0.0003,0.5212
ecn,at_19,40,20,1.0000,18,eurusd+gbpusd+audusd,67,0.5373,0.0178,-47.1509,0.3996,0.4020,0.2537,0.0004,0.6044
ecn,at_19,40,20,1.0000,18,eurusd+gbpusd+nzdusd,60,0.5667,1.6384,-46.2850,0.2872,0.5118,0.1500,0.0550,0.5755
ecn,at_19,40,20,1.0000,18,eurusd+gbpusd+usdjpy,116,0.5345,0.6186,-43.2949,0.4576,0.2101,0.1293,0.0273,0.5394
ecn,at_19,40,20,1.0000,18,eurusd+audusd+nzdusd,46,0.5217,-0.1941,-47.6091,0.3188,0.4311,0.3043,-0.0034,0.5556
ecn,at_19,40,20,1.0000,18,eurusd+audusd+usdjpy,102,0.5098,-0.3478,-43.1640,0.3540,0.1618,0.1373,-0.0108,0.5254
ecn,at_19,40,20,1.0000,18,eurusd+nzdusd+usdjpy,95,0.5263,0.6489,-42.8221,0.3413,0.2507,0.1263,0.0310,0.5013
ecn,at_19,40,20,1.0000,18,gbpusd+audusd+nzdusd,64,0.5469,0.5878,-46.4506,0.3355,0.3773,0.2656,0.0128,0.6015
ecn,at_19,40,20,1.0000,18,gbpusd+audusd+usdjpy,120,0.5250,0.0923,-43.3140,0.4807,0.1434,0.1750,0.0029,0.5546
ecn,at_19,40,20,1.0000,18,gbpusd+nzdusd+usdjpy,113,0.5398,0.9574,-42.9614,0.4622,0.2412,0.1593,0.0433,0.5361
ecn,at_19,40,20,1.0000,18,audusd+nzdusd+usdjpy,99,0.5152,0.0097,-43.1147,0.3459,0.1556,0.1616,0.0003,0.5212
ecn,at_19,40,30,0.7500,12,eurusd+gbpusd+audusd,67,0.5821,-0.6461,-47.1509,0.3996,0.2663,0.2537,-0.0136,0.6044
ecn,at_19,40,30,0.7500,12,eurusd+gbpusd+nzdusd,60,0.6167,1.6663,-46.2850,0.2872,0.4042,0.1500,0.0444,0.5755
ecn,at_19,40,30,0.7500,12,eurusd+gbpusd+usdjpy,116,0.5776,0.0519,-43.2949,0.4576,0.0284,0.1293,0.0016,0.5394
ecn,at_19,40,30,0.7500,12,eurusd+audusd+nzdusd,46,0.5652,-0.8041,-47.6091,0.3188,0.4285,0.3043,-0.0173,0.5556
ecn,at_19,40,30,0.7500,12,eurusd+audusd+usdjpy,102,0.5490,-1.2838,-43.1640,0.3540,0.0512,0.1373,-0.0330,0.5254
ecn,at_19,40,30,0.7500,12,eurusd+nzdusd+usdjpy,95,0.5684,0.1297,-42.8221,0.3413,0.1693,0.1263,0.0047,0.5013
ecn,at_19,40,30,0.7500,12,gbpusd+audusd+nzdusd,64,0.6094,1.2790,-46.4506,0.3355,0.2909,0.2656,0.0363,0.6015
ecn,at_19,40,30,0.7500,12,gbpusd+audusd+usdjpy,120,0.5750,-0.1009,-43.3140,0.4807,-0.0405,0.1750,-0.0027,0.5546
ecn,at_19,40,30,0.7500,12,gbpusd+nzdusd+usdjpy,113,0.5929,1.1607,-42.9614,0.4622,0.0616,0.1593,0.0392,0.5361
ecn,at_19,40,30,0.7500,12,audusd+nzdusd+usdjpy,99,0.5657,-0.0586,-43.1147,0.3459,0.0771,0.1616,-0.0016,0.5212
ecn,at_19,40,30,0.7500,16,eurusd+gbpusd+audusd,67,0.5970,-0.6412,-47.1509,0.3996,0.2797,0.2537,-0.0127,0.6044
ecn,at_19,40,30,0.7500,16,eurusd+gbpusd+nzdusd,60,0.6167,1.6151,-46.2850,0.2872,0.3995,0.1500,0.0414,0.5755
ecn,at_19,40,30,0.7500,16,eurusd+gbpusd+usdjpy,116,0.5776,0.0589,-43.2949,0.4576,0.0465,0.1293,0.0018,0.5394
ecn,at_19,40,30,0.7500,16,eurusd+audusd+nzdusd,46,0.5870,-0.5596,-47.6091,0.3188,0.4467,0.3043,-0.0112,0.5556
ecn,at_19,40,30,0.7500,16,eurusd+audusd+usdjpy,102,0.5588,-1.1354,-43.1640,0.3540,0.0904,0.1373,-0.0275,0.5254
ecn,at_19,40,30,0.7500,16,eurusd+nzdusd+usdjpy,95,0.5684,0.2531,-42.8221,0.3413,0.1897,0.1263,0.0087,0.5013
ecn,at_19,40,30,0.7500,16,gbpusd+audusd+nzdusd,64,0.6250,1.1617,-46.4506,0.3355,0.2969,0.2656,0.0310,0.6015
ecn,at_19,40,30,0.7500,16,gbpusd+audusd+usdjpy,120,0.5833,-0.1310,-43.3140,0.4807,-0.0228,0.1750,-0.0034,0.5546
ecn,at_19,40,30,0.7500,16,gbpusd+nzdusd+usdjpy,113,0.5929,1.0986,-42.9614,0.4622,0.0665,0.1593,0.0367,0.5361
ecn,at_19,40,30,0.7500,16,audusd+nzdusd+usdjpy,99,0.5758,0.0150,-43.1147,0.3459,0.0987,0.1616,0.0004,0.5212
ecn,at_19,40,30,0.7500,18,eurusd+gbpusd+audusd,67,0.5970,-0.6657,-47.1509,0.3996,0.2770,0.2537,-0.0132,0.6044
ecn,at_19,40,30,0.7500,18,eurusd+gbpusd+nzdusd,60,0.6167,1.5718,-46.2850,0.2872,0.3958,0.1500,0.0403,0.5755
ecn,at_19,40,30,0.7500,18,eurusd+gbpusd+usdjpy,116,0.5776,0.1473,-43.2949,0.4576,0.0337,0.1293,0.0045,0.5394
ecn,at_19,40,30,0.7500,18,eurusd+audusd+nzdusd,46,0.5870,-0.5390,-47.6091,0.3188,0.4467,0.3043,-0.0108,0.5556
ecn,at_19,40,30,0.7500,18,eurusd+audusd+usdjpy,102,0.5588,-1.0002,-43.1640,0.3540,0.0780,0.1373,-0.0248,0.5254
ecn,at_19,40,30,0.7500,18,eurusd+nzdusd+usdjpy,95,0.5684,0.3883,-42.8221,0.3413,0.1783,0.1263,0.0138,0.5013
ecn,at_19,40,30,0.7500,18,gbpusd+audusd+nzdusd,64,0.6250,1.1360,-46.4506,0.3355,0.2939,0.2656,0.0303,0.6015
ecn,at_19,40,30,0.7500,18,gbpusd+audusd+usdjpy,120,0.5833,-0.0377,-43.3140,0.4807,-0.0341,0.1750,-0.0010,0.5546
ecn,at_19,40,30,0.7500,18,gbpusd+nzdusd+usdjpy,113,0.5929,1.1892,-42.9614,0.4622,0.0556,0.1593,0.0398,0.5361
ecn,at_19,40,30,0.7500,18,audusd+nzdusd+usdjpy,99,0.5758,0.1544,-43.1147,0.3459,0.0886,0.1616,0.0043,0.5212
ecn,at_19,40,30,1.0000,12,eurusd+gbpusd+audusd,67,0.5075,-0.3240,-47.1509,0.3996,0.2965,0.2537,-0.0063,0.6044
ecn,at_19,40,30,1.0000,12,eurusd+gbpusd+nzdusd,60,0.5333,1.7758,-46.2850,0.2872,0.4177,0.1500,0.0500,0.5755
ecn,at_19,40,30,1.0000,12,eurusd+gbpusd+usdjpy,116,0.5000,-0.4595,-43.2949,0.4576,0.1302,0.1293,-0.0142,0.5394
ecn,at_19,40,30,1.0000,12,eurusd+audusd+nzdusd,46,0.5217,-0.0164,-47.6091,0.3188,0.3973,0.3043,-0.0003,0.5556
ecn,at_19,40,30,1.0000,12,eurusd+audusd+usdjpy,102,0.4902,-1.5746,-43.1640,0.3540,0.1504,0.1373,-0.0407,0.5254
ecn,at_19,40,30,1.0000,12,eurusd+nzdusd+usdjpy,95,0.5053,-0.3406,-42.8221,0.3413,0.1974,0.1263,-0.0101,0.5013
ecn,at_19,40,30,1.0000,12,gbpusd+audusd+nzdusd,64,0.5156,0.8365,-46.4506,0.3355,0.2945,0.2656,0.0199,0.6015
ecn,at_19,40,30,1.0000,12,gbpusd+audusd+usdjpy,120,0.4917,-0.8860,-43.3140,0.4807,0.0687,0.1750,-0.0247,0.5546
ecn,at_19,40,30,1.0000,12,gbpusd+nzdusd+usdjpy,113,0.5044,0.1941,-42.9614,0.4622,0.0927,0.1593,0.0052,0.5361
ecn,at_19,40,30,1.0000,12,audusd+nzdusd+usdjpy,99,0.4949,-0.8623,-43.1147,0.3459,0.1186,0.1616,-0.0207,0.5212
ecn,at_19,40,30,1.0000,16,eurusd+gbpusd+audusd,67,0.5522,0.6895,-47.1509,0.3996,0.3147,0.2537,0.0127,0.6044
ecn,at_19,40,30,1.0000,16,eurusd+gbpusd+nzdusd,60,0.5667,2.8509,-46.2850,0.2872,0.4299,0.1500,0.0772,0.5755
ecn,at_19,40,30,1.0000,16,eurusd+gbpusd+usdjpy,116,0.5172,0.4086,-43.2949,0.4576,0.1629,0.1293,0.0123,0.5394
ecn,at_19,40,30,1.0000,16,eurusd+audusd+nzdusd,46,0.5435,0.5070,-47.6091,0.3188,0.4211,0.3043,0.0095,0.5556
ecn,at_19,40,30,1.0000,16,eurusd+audusd+usdjpy,102,0.5000,-0.9837,-43.1640,0.3540,0.1889,0.1373,-0.0240,0.5254
ecn,at_19,40,30,1.0000,16,eurusd+nzdusd+usdjpy,95,0.5053,0.2581,-42.8221,0.3413,0.2299,0.1263,0.0076,0.5013
ecn,at_19,40,30,1.0000,16,gbpusd+audusd+nzdusd,64,0.5625,1.5745,-46.4506,0.3355,0.3028,0.2656,0.0385,0.6015
ecn,at_19,40,30,1.0000,16,gbpusd+audusd+usdjpy,120,0.5167,-0.1908,-43.3140,0.4807,0.0904,0.1750,-0.0054,0.5546
ecn,at_19,40,30,1.0000,16,gbpusd+nzdusd+usdjpy,113,0.5221,0.9023,-42.9614,0.4622,0.1067,0.1593,0.0255,0.5361
ecn,at_19,40,30,1.0000,16,audusd+nzdusd+usdjpy,99,0.5051,-0.4623,-43.1147,0.3459,0.1407,0.1616,-0.0111,0.5212
ecn,at_19,40,30,1.0000,18,eurusd+gbpusd+audusd,67,0.5522,0.6650,-47.1509,0.3996,0.3127,0.2537,0.0122,0.6044
ecn,at_19,40,30,1.0000,18,eurusd+gbpusd+nzdusd,60,0.5667,2.8076,-46.2850,0.2872,0.4265,0.1500,0.0760,0.5755
ecn,at_19,40,30,1.0000,18,eurusd+gbpusd+usdjpy,116,0.5172,0.6386,-43.2949,0.4576,0.1565,0.1293,0.0198,0.5394
ecn,at_19,40,30,1.0000,18,eurusd+audusd+nzdusd,46,0.5435,0.5277,-47.6091,0.3188,0.4210,0.3043,0.0099,0.5556
ecn,at_19,40,30,1.0000,18,eurusd+audusd+usdjpy,102,0.5000,-0.6874,-43.1640,0.3540,0.1876,0.1373,-0.0176,0.5254
ecn,at_19,40,30,1.0000,18,eurusd+nzdusd+usdjpy,95,0.5053,0.5662,-42.8221,0.3413,0.2235,0.1263,0.0166,0.5013
ecn,at_19,40,30,1.0000,18,gbpusd+audusd+nzdusd,64,0.5625,1.5488,-46.4506,0.3355,0.3004,0.2656,0.0379,0.6015
ecn,at_19,40,30,1.0000,18,gbpusd+audusd+usdjpy,120,0.5167,0.0395,-43.3140,0.4807,0.0868,0.1750,0.0011,0.5546
ecn,at_19,40,30,1.0000,18,gbpusd+nzdusd+usdjpy,113,0.5221,1.1384,-42.9614,0.4622,0.1010,0.1593,0.0321,0.5361
ecn,at_19,40,30,1.0000,18,audusd+nzdusd+usdjpy,99,0.5051,-0.1570,-43.1147,0.3459,0.1389,0.1616,-0.0038,0.5212
ecn,at_19,40,40,0.7500,12,eurusd+gbpusd+audusd,67,0.5821,1.9135,-47.1509,0.3996,0.3842,0.2537,0.0351,0.6044
ecn,at_19,40,40,0.7500,12,eurusd+gbpusd+nzdusd,60,0.5833,2.7637,-46.2850,0.2872,0.4217,0.1500,0.0660,0.5755
ecn,at_19,40,40,0.7500,12,eurusd+gbpusd+usdjpy,116,0.5776,0.3639,-43.2949,0.4576,0.1702,0.1293,0.0127,0.5394
ecn,at_19,40,40,0.7500,12,eurusd+audusd+nzdusd,46,0.6304,5.9418,-47.6091,0.3188,0.4646,0.3043,0.1286,0.5556
ecn,at_19,40,40,0.7500,12,eurusd+audusd+usdjpy,102,0.5980,1.4678,-43.1640,0.3540,0.2874,0.1373,0.0699,0.5254
ecn,at_19,40,40,0.7500,12,eurusd+nzdusd+usdjpy,95,0.6000,1.9719,-42.8221,0.3413,0.2644,0.1263,0.0986,0.5013
ecn,at_19,40,40,0.7500,12,gbpusd+audusd+nzdusd,64,0.5938,4.3966,-46.4506,0.3355,0.3669,0.2656,0.0913,0.6015
ecn,at_19,40,40,0.7500,12,gbpusd+audusd+usdjpy,120,0.5833,1.3148,-43.3140,0.4807,0.1758,0.1750,0.0510,0.5546
ecn,at_19,40,40,0.7500,12,gbpusd+nzdusd+usdjpy,113,0.5841,1.7291,-42.9614,0.4622,0.1529,0.1593,0.0620,0.5361
ecn,at_19,40,40,0.7500,12,audusd+nzdusd+usdjpy,99,0.6061,3.0595,-43.1147,0.3459,0.2565,0.1616,0.1276,0.5212
ecn,at_19,40,40,0.7500,16,eurusd+gbpusd+audusd,67,0.6119,2.5416,-47.1509,0.3996,0.3731,0.2537,0.0446,0.6044
ecn,at_19,40,40,0.7500,16,eurusd+gbpusd+nzdusd,60,0.6333,5.0348,-46.2850,0.2872,0.3971,0.1500,0.1228,0.5755
ecn,at_19,40,40,0.7500,16,eurusd+gbpusd+usdjpy,116,0.5948,1.3705,-43.2949,0.4576,0.1802,0.1293,0.0512,0.5394
ecn,at_19,40,40,0.7500,16,eurusd+audusd+nzdusd,46,0.6522,7.0380,-47.6091,0.3188,0.4261,0.3043,0.1415,0.5556
ecn,at_19,40,40,0.7500,16,eurusd+audusd+usdjpy,102,0.5980,1.7710,-43.1640,0.3540,0.2929,0.1373,0.0754,0.5254
ecn,at_19,40,40,0.7500,16,eurusd+nzdusd+usdjpy,95,0.6105,3.2888,-42.8221,0.3413,0.2456,0.1263,0.1697,0.5013
ecn,at_19,40,40,0.7500,16,gbpusd+audusd+nzdusd,64,0.6406,5.4054,-46.4506,0.3355,0.3327,0.2656,0.1047,0.6015
ecn,at_19,40,40,0.7500,16,gbpusd+audusd+usdjpy,120,0.6000,1.6904,-43.3140,0.4807,0.1757,0.1750,0.0594,0.5546
ecn,at_19,40,40,0.7500,16,gbpusd+nzdusd+usdjpy,113,0.6106,2.9614,-42.9614,0.4622,0.1389,0.1593,0.1180,0.5361
ecn,at_19,40,40,0.7500,16,audusd+nzdusd+usdjpy,99,0.6162,3.5990,-43.1147,0.3459,0.2300,0.1616,0.1502,0.5212
ecn,at_19,40,40,0.7500,18,eurusd+gbpusd+audusd,67,0.6119,2.4437,-47.1509,0.3996,0.3714,0.2537,0.0426,0.6044
ecn,at_19,40,40,0.7500,18,eurusd+gbpusd+nzdusd,60,0.6333,4.9474,-46.2850,0.2872,0.3955,0.1500,0.1195,0.5755
ecn,at_19,40,40,0.7500,18,eurusd+gbpusd+usdjpy,116,0.5948,1.5777,-43.2949,0.4576,0.1779,0.1293,0.0607,0.5394
ecn,at_19,40,40,0.7500,18,eurusd+audusd+nzdusd,46,0.6522,7.0156,-47.6091,0.3188,0.4239,0.3043,0.1412,0.5556
ecn,at_19,40,40,0.7500,18,eurusd+audusd+usdjpy,102,0.5980,2.0479,-43.1640,0.3540,0.2896,0.1373,0.0915,0.5254
ecn,at_19,40,40,0.7500,18,eurusd+nzdusd+usdjpy,95,0.6105,3.6000,-42.8221,0.3413,0.2413,0.1263,0.1860,0.5013
ecn,at_19,40,40,0.7500,18,gbpusd+audusd+nzdusd,64,0.6406,5.2985,-46.4506,0.3355,0.3308,0.2656,0.1018,0.6015
ecn,at_19,40,40,0.7500,18,gbpusd+audusd+usdjpy,120,0.6000,1.8773,-43.3140,0.4807,0.1735,0.1750,0.0677,0.5546
ecn,at_19,40,40,0.7500,18,gbpusd+nzdusd+usdjpy,113,0.6106,3.1716,-42.9614,0.4622,0.1368,0.1593,0.1252,0.5361
ecn,at_19,40,40,0.7500,18,audusd+nzdusd+usdjpy,99,0.6162,3.8814,-43.1147,0.3459,0.2265,0.1616,0.1619,0.5212
ecn,at_19,40,40,1.0000,12,eurusd+gbpusd+audusd,67,0.5373,3.5838,-47.1509,0.3996,0.3582,0.2537,0.0718,0.6044
ecn,at_19,40,40,1.0000,12,eurusd+gbpusd+nzdusd,60,0.5333,5.3457,-46.2850,0.2872,0.3721,0.1500,0.1407,0.5755
ecn,at_19,40,40,1.0000,12,eurusd+gbpusd+usdjpy,116,0.5172,0.4597,-43.2949,0.4576,0.2003,0.1293,0.0185,0.5394
ecn,at_19,40,40,1.0000,12,eurusd+audusd+nzdusd,46,0.5870,9.7621,-47.6091,0.3188,0.4271,0.3043,0.2178,0.5556
ecn,at_19,40,40,1.0000,12,eurusd+audusd+usdjpy,102,0.5392,1.7808,-43.1640,0.3540,0.2975,0.1373,0.0660,0.5254
ecn,at_19,40,40,1.0000,12,eurusd+nzdusd+usdjpy,95,0.5368,2.7607,-42.8221,0.3413,0.3028,0.1263,0.1495,0.5013
ecn,at_19,40,40,1.0000,12,gbpusd+audusd+nzdusd,64,0.5781,8.8856,-46.4506,0.3355,0.3627,0.2656,0.2311,0.6015
ecn,at_19,40,40,1.0000,12,gbpusd+audusd+usdjpy,120,0.5417,2.5105,-43.3140,0.4807,0.2306,0.1750,0.0916,0.5546
ecn,at_19,40,40,1.0000,12,gbpusd+nzdusd+usdjpy,113,0.5398,3.3795,-42.9614,0.4622,0.2299,0.1593,0.1449,0.5361
ecn,at_19,40,40,1.0000,12,audusd+nzdusd+usdjpy,99,0.5657,5.1535,-43.1147,0.3459,0.3090,0.1616,0.2272,0.5212
ecn,at_19,40,40,1.0000,16,eurusd+gbpusd+audusd,67,0.5522,3.7538,-47.1509,0.3996,0.3771,0.2537,0.0586,0.6044
ecn,at_19,40,40,1.0000,16,eurusd+gbpusd+nzdusd,60,0.5667,6.6649,-46.2850,0.2872,0.3490,0.1500,0.1566,0.5755
ecn,at_19,40,40,1.0000,16,eurusd+gbpusd+usdjpy,116,0.5345,1.4438,-43.2949,0.4576,0.1828,0.1293,0.0517,0.5394
ecn,at_19,40,40,1.0000,16,eurusd+audusd+nzdusd,46,0.5652,9.1445,-47.6091,0.3188,0.4560,0.3043,0.1705,0.5556
ecn,at_19,40,40,1.0000,16,eurusd+audusd+usdjpy,102,0.5294,1.8454,-43.1640,0.3540,0.3349,0.1373,0.0497,0.5254
ecn,at_19,40,40,1.0000,16,eurusd+nzdusd+usdjpy,95,0.5368,3.5433,-42.8221,0.3413,0.2889,0.1263,0.1664,0.5013
ecn,at_19,40,40,1.0000,16,gbpusd+audusd+nzdusd,64,0.5938,9.0734,-46.4506,0.3355,0.3851,0.2656,0.1933,0.6015
ecn,at_19,40,40,1.0000,16,gbpusd+audusd+usdjpy,120,0.5500,2.9023,-43.3140,0.4807,0.2679,0.1750,0.0858,0.5546
ecn,at_19,40,40,1.0000,16,gbpusd+nzdusd+usdjpy,113,0.5575,4.3953,-42.9614,0.4622,0.2305,0.1593,0.1916,0.5361
ecn,at_19,40,40,1.0000,16,audusd+nzdusd+usdjpy,99,0.5556,5.2265,-43.1147,0.3459,0.3475,0.1616,0.2070,0.5212
ecn,at_19,40,40,1.0000,18,eurusd+gbpusd+audusd,67,0.5522,4.0457,-47.1509,0.3996,0.3735,0.2537,0.0654,0.6044
ecn,at_19,40,40,1.0000,18,eurusd+gbpusd+nzdusd,60,0.5833,7.0427,-46.2850,0.2872,0.3456,0.1500,0.1640,0.5755
ecn,at_19,40,40,1.0000,18,eurusd+gbpusd+usdjpy,116,0.5259,1.5809,-43.2949,0.4576,0.1807,0.1293,0.0582,0.5394
ecn,at_19,40,40,1.0000,18,eurusd+audusd+nzdusd,46,0.5870,10.0104,-47.6091,0.3188,0.4357,0.3043,0.2005,0.5556
ecn,at_19,40,40,1.0000,18,eurusd+audusd+usdjpy,102,0.5196,2.1697,-43.1640,0.3540,0.3227,0.1373,0.0631,0.5254
ecn,at_19,40,40,1.0000,18,eurusd+nzdusd+usdjpy,95,0.5368,3.9242,-42.8221,0.3413,0.2723,0.1263,0.1846,0.5013
ecn,at_19,40,40,1.0000,18,gbpusd+audusd+nzdusd,64,0.6094,9.7078,-46.4506,0.3355,0.3754,0.2656,0.2172,0.6015
ecn,at_19,40,40,1.0000,18,gbpusd+audusd+usdjpy,120,0.5417,3.1844,-43.3140,0.4807,0.2613,0.1750,0.1004,0.5546
ecn,at_19,40,40,1.0000,18,gbpusd+nzdusd+usdjpy,113,0.5575,4.7223,-42.9614,0.4622,0.2234,0.1593,0.2038,0.5361
ecn,at_19,40,40,1.0000,18,audusd+nzdusd+usdjpy,99,0.5556,5.7731,-43.1147,0.3459,0.3311,0.1616,0.2572,0.5212
ecn,touch_19,15,20,0.7500,12,eurusd+gbpusd+audusd,757,0.5865,0.0704,-42.4399,0.5362,0.4956,0.0423,0.0066,0.5209
ecn,touch_19,15,20,0.7500,12,eurusd+gbpusd+nzdusd,771,0.5798,-0.2561,-42.2944,0.5252,0.3658,0.0428,-0.0188,0.5031
ecn,touch_19,15,20,0.7500,12,eurusd+gbpusd+usdjpy,1114,0.5628,-0.7630,-41.6965,0.6303,0.2528,0.0368,-0.0665,0.4165
ecn,touch_19,15,20,0.7500,12,eurusd+audusd+nzdusd,685,0.5971,0.5751,-42.0753,0.4961,0.3264,0.0526,0.0459,0.5113
ecn,touch_19,15,20,0.7500,12,eurusd+audusd+usdjpy,1028,0.5730,-0.2515,-41.5415,0.5985,0.1849,0.0253,-0.0252,0.4144
ecn,touch_19,15,20,0.7500,12,eurusd+nzdusd+usdjpy,1042,0.5681,-0.4888,-41.5897,0.6053,0.0937,0.0269,-0.0426,0.4029
ecn,touch_19,15,20,0.7500,12,gbpusd+audusd+nzdusd,823,0.5857,0.0940,-42.3438,0.4184,0.4274,0.0450,0.0066,0.5026
ecn,touch_19,15,20,0.7500,12,gbpusd+audusd+usdjpy,1166,0.5678,-0.4933,-41.7127,0.5906,0.3500,0.0326,-0.0418,0.4197
ecn,touch_19,15,20,0.7500,12,gbpusd+nzdusd+usdjpy,1180,0.5636,-0.6999,-41.7445,0.6042,0.2673,0.0229,-0.0546,0.4094
ecn,touch_19,15,20,0.7500,12,audusd+nzdusd+usdjpy,1094,0.5731,-0.2144,-41.6079,0.5646,0.2033,0.0293,-0.0155,0.4070
ecn,touch_19,15,20,0.7500,16,eurusd+gbpusd+audusd,757,0.5826,-0.1752,-42.4399,0.5362,0.5040,0.0423,-0.0152,0.5209
ecn,touch_19,15,20,0.7500,16,eurusd+gbpusd+nzdusd,771,0.5837,-0.2842,-42.2944,0.5252,0.3854,0.0428,-0.0195,0.5031
ecn,touch_19,15,20,0.7500,16,eurusd+gbpusd+usdjpy,1114,0.5637,-0.8251,-41.6965,0.6303,0.2548,0.0368,-0.0690,0.4165
ecn,touch_19,15,20,0.7500,16,eurusd+audusd+nzdusd,685,0.5985,0.4039,-42.0753,0.4961,0.3402,0.0526,0.0285,0.5113
ecn,touch_19,15,20,0.7500,16,eurusd+audusd+usdjpy,1028,0.5720,-0.4118,-41.5415,0.5985,0.1853,0.0253,-0.0375,0.4144
ecn,touch_19,15,20,0.7500,16,eurusd+nzdusd+usdjpy,1042,0.5729,-0.4893,-41.5897,0.6053,0.1013,0.0269,-0.0388,0.4029
ecn,touch_19,15,20,0.7500,16,gbpusd+audusd+nzdusd,823,0.5844,-0.1028,-42.3438,0.4184,0.4550,0.0450,-0.0065,0.5026
ecn,touch_19,15,20,0.7500,16,gbpusd+audusd+usdjpy,1166,0.5652,-0.6729,-41.7127,0.5906,0.3615,0.0326,-0.0527,0.4197
ecn,touch_19,15,20,0.7500,16,gbpusd+nzdusd+usdjpy,1180,0.5661,-0.7382,-41.7445,0.6042,0.2759,0.0229,-0.0536,0.4094
ecn,touch_19,15,20,0.7500,16,audusd+nzdusd+usdjpy,1094,0.5740,-0.3430,-41.6079,0.5646,0.2175,0.0293,-0.0227,0.4070
ecn,touch_19,15,20,0.7500,18,eurusd+gbpusd+audusd,757,0.5878,-0.0782,-42.4399,0.5362,0.5097,0.0423,-0.0072,0.5209
ecn,touch_19,15,20,0.7500,18,eurusd+gbpusd+nzdusd,771,0.5888,-0.1251,-42.2944,0.5252,0.4335,0.0428,-0.0091,0.5031
ecn,touch_19,15,20,0.7500,18,eurusd+gbpusd+usdjpy,1114,0.5655,-0.7995,-41.6965,0.6303,0.2601,0.0368,-0.0675,0.4165
ecn,touch_19,15,20,0.7500,18,eurusd+audusd+nzdusd,685,0.6088,0.6700,-42.0753,0.4961,0.3833,0.0526,0.0505,0.5113
ecn,touch_19,15,20,0.7500,18,eurusd+audusd+usdjpy,1028,0.5768,-0.3261,-41.5415,0.5985,0.1741,0.0253,-0.0313,0.4144
ecn,touch_19,15,20,0.7500,18,eurusd+nzdusd+usdjpy,1042,0.5777,-0.3575,-41.5897,0.6053,0.1506,0.0269,-0.0288,0.4029
ecn,touch_19,15,20,0.7500,18,gbpusd+audusd+nzdusd,823,0.5917,0.1018,-42.3438,0.4184,0.4901,0.0450,0.0068,0.5026
ecn,touch_19,15,20,0.7500,18,gbpusd+audusd+usdjpy,1166,0.5686,-0.6092,-41.7127,0.5906,0.3517,0.0326,-0.0498,0.4197
ecn,touch_19,15,20,0.7500,18,gbpusd+nzdusd+usdjpy,1180,0.5695,-0.6336,-41.7445,0.6042,0.3179,0.0229,-0.0470,0.4094
ecn,touch_19,15,20,0.7500,18,audusd+nzdusd+usdjpy,1094,0.5804,-0.1757,-41.6079,0.5646,0.2434,0.0293,-0.0121,0.4070
ecn,touch_19,15,20,1.0000,12,eurusd+gbpusd+audusd,757,0.5086,-0.1996,-42.4426,0.5362,0.3889,0.0423,-0.0155,0.5212
ecn,touch_19,15,20,1.0000,12,eurusd+gbpusd+nzdusd,771,0.5032,-0.4676,-42.3015,0.5252,0.3963,0.0428,-0.0303,0.5028
ecn,touch_19,15,20,1.0000,12,eurusd+gbpusd+usdjpy,1114,0.4892,-0.9152,-41.6955,0.6303,0.1674,0.0368,-0.0686,0.4167
ecn,touch_19,15,20,1.0000,12,eurusd+audusd+nzdusd,685,0.5212,0.2811,-42.0797,0.4961,0.3012,0.0526,0.0181,0.5105
ecn,touch_19,15,20,1.0000,12,eurusd+audusd+usdjpy,1028,0.5000,-0.4538,-41.5415,0.5985,0.0637,0.0253,-0.0366,0.4144
ecn,touch_19,15,20,1.0000,12,eurusd+nzdusd+usdjpy,1042,0.4962,-0.6487,-41.5974,0.6053,0.0639,0.0269,-0.0461,0.4025
ecn,touch_19,15,20,1.0000,12,gbpusd+audusd+nzdusd,823,0.5188,0.1133,-42.3507,0.4184,0.4408,0.0450,0.0073,0.5023
ecn,touch_19,15,20,1.0000,12,gbpusd+audusd+usdjpy,1166,0.5009,-0.4852,-41.7118,0.5906,0.2664,0.0326,-0.0392,0.4199
ecn,touch_19,15,20,1.0000,12,gbpusd+nzdusd+usdjpy,1180,0.4975,-0.6570,-41.7502,0.6042,0.2759,0.0229,-0.0472,0.4093
ecn,touch_19,15,20,1.0000,12,audusd+nzdusd+usdjpy,1094,0.5082,-0.2031,-41.6152,0.5646,0.1772,0.0293,-0.0133,0.4065
ecn,touch_19,15,20,1.0000,16,eurusd+gbpusd+audusd,757,0.5059,-0.3013,-42.4426,0.5362,0.3691,0.0423,-0.0243,0.5212
ecn,touch_19,15,20,1.0000,16,eurusd+gbpusd+nzdusd,771,0.5045,-0.5790,-42.3015,0.5252,0.3422,0.0428,-0.0346,0.5028
ecn,touch_19,15,20,1.0000,16,eurusd+gbpusd+usdjpy,1114,0.4910,-0.9884,-41.6955,0.6303,0.1754,0.0368,-0.0699,0.4167
ecn,touch_19,15,20,1.0000,16,eurusd+audusd+nzdusd,685,0.5168,0.1161,-42.0797,0.4961,0.2231,0.0526,0.0070,0.5105
ecn,touch_19,15,20,1.0000,16,eurusd+audusd+usdjpy,1028,0.4981,-0.5595,-41.5415,0.5985,0.0487,0.0253,-0.0432,0.4144
ecn,touch_19,15,20,1.0000,16,eurusd+nzdusd+usdjpy,1042,0.4971,-0.7614,-41.5974,0.6053,0.0283,0.0269,-0.0484,0.4025
ecn,touch_19,15,20,1.0000,16,gbpusd+audusd+nzdusd,823,0.5164,0.0357,-42.3507,0.4184,0.3840,0.0450,0.0022,0.5023
ecn,touch_19,15,20,1.0000,16,gbpusd+audusd+usdjpy,1166,0.5000,-0.5362,-41.7118,0.5906,0.2482,0.0326,-0.0423,0.4199
ecn,touch_19,15,20,1.0000,16,gbpusd+nzdusd+usdjpy,1180,0.4992,-0.7149,-41.7502,0.6042,0.2292,0.0229,-0.0467,0.4093
ecn,touch_19,15,20,1.0000,16,audusd+nzdusd+usdjpy,1094,0.5064,-0.2903,-41.6152,0.5646,0.1209,0.0293,-0.0180,0.4065
ecn,touch_19,15,20,1.0000,18,eurusd+gbpusd+audusd,757,0.5099,-0.2612,-42.4426,0.5362,0.3439,0.0423,-0.0223,0.5212
ecn,touch_19,15,20,1.0000,18,eurusd+gbpusd+nzdusd,771,0.5084,-0.4298,-42.3015,0.5252,0.3762,0.0428,-0.0268,0.5028
ecn,touch_19,15,20,1.0000,18,eurusd+gbpusd+usdjpy,1114,0.4919,-0.9871,-41.6955,0.6303,0.1795,0.0368,-0.0695,0.4167
ecn,touch_19,15,20,1.0000,18,eurusd+audusd+nzdusd,685,0.5241,0.3112,-42.0797,0.4961,0.2182,0.0526,0.0194,0.5105
ecn,touch_19,15,20,1.0000,18,eurusd+audusd+usdjpy,1028,0.5010,-0.5400,-41.5415,0.5985,0.0042,0.0253,-0.0434,0.4144
ecn,touch_19,15,20,1.0000,18,eurusd+nzdusd+usdjpy,1042,0.5000,-0.6610,-41.5974,0.6053,0.0603,0.0269,-0.0422,0.4025
ecn,touch_19,15,20,1.0000,18,gbpusd+audusd+nzdusd,823,0.5213,0.1840,-42.3507,0.4184,0.3780,0.0450,0.0120,0.5023
ecn,touch_19,15,20,1.0000,18,gbpusd+audusd+usdjpy,1166,0.5017,-0.5291,-41.7118,0.5906,0.2102,0.0326,-0.0440,0.4199
ecn,touch_19,15,20,1.0000,18,gbpusd+nzdusd+usdjpy,1180,0.5008,-0.6360,-41.7502,0.6042,0.2528,0.0229,-0.0418,0.4093
ecn,touch_19,15,20,1.0000,18,audusd+nzdusd+usdjpy,1094,0.5101,-0.1882,-41.6152,0.5646,0.1042,0.0293,-0.0122,0.4065
ecn,touch_19,15,30,0.7500,12,eurusd+gbpusd+audusd,757,0.5403,-0.8482,-42.4547,0.5362,0.3025,0.0423,-0.0400,0.5202
ecn,touch_19,15,30,0.7500,12,eurusd+gbpusd+nzdusd,771,0.5357,-1.1117,-42.3087,0.5252,0.3390,0.0428,-0.0521,0.5024
ecn,touch_19,15,30,0.7500,12,eurusd+gbpusd+usdjpy,1114,0.5413,-1.2496,-41.7015,0.6303,0.1317,0.0368,-0.0724,0.4165
ecn,touch_19,15,30,0.7500,12,eurusd+audusd+nzdusd,685,0.5591,0.3089,-42.0843,0.4961,0.2373,0.0526,0.0191,0.5098
ecn,touch_19,15,30,0.7500,12,eurusd+audusd+usdjpy,1028,0.5574,-0.3145,-41.5489,0.5985,0.0342,0.0253,-0.0208,0.4140
ecn,touch_19,15,30,0.7500,12,eurusd+nzdusd+usdjpy,1042,0.5537,-0.5167,-41.5974,0.6053,0.0565,0.0269,-0.0390,0.4025
ecn,touch_19,15,30,0.7500,12,gbpusd+audusd+nzdusd,823,0.5553,-0.1252,-42.3628,0.4184,0.3681,0.0450,-0.0073,0.5014
ecn,touch_19,15,30,0.7500,12,gbpusd+audusd+usdjpy,1166,0.5549,-0.5471,-41.7243,0.5906,0.1919,0.0326,-0.0362,0.4193
ecn,touch_19,15,30,0.7500,12,gbpusd+nzdusd+usdjpy,1180,0.5517,-0.7229,-41.7559,0.6042,0.2313,0.0229,-0.0494,0.4091
ecn,touch_19,15,30,0.7500,12,audusd+nzdusd+usdjpy,1094,0.5676,0.1972,-41.6226,0.5646,0.1377,0.0293,0.0145,0.4060
ecn,touch_19,15,30,0.7500,16,eurusd+gbpusd+audusd,757,0.5456,-1.2529,-42.4547,0.5362,0.2828,0.0423,-0.0530,0.5202
ecn,touch_19,15,30,0.7500,16,eurusd+gbpusd+nzdusd,771,0.5512,-1.1841,-42.3087,0.5252,0.3008,0.0428,-0.0547,0.5024
ecn,touch_19,15,30,0.7500,16,eurusd+gbpusd+usdjpy,1114,0.5521,-1.3129,-41.7015,0.6303,0.1210,0.0368,-0.0715,0.4165
ecn,touch_19,15,30,0.7500,16,eurusd+audusd+nzdusd,685,0.5650,-0.1566,-42.0843,0.4961,0.1757,0.0526,-0.0081,0.5098
ecn,touch_19,15,30,0.7500,16,eurusd+audusd+usdjpy,1028,0.5613,-0.6390,-41.5489,0.5985,-0.0045,0.0253,-0.0370,0.4140
ecn,touch_19,15,30,0.7500,16,eurusd+nzdusd+usdjpy,1042,0.5653,-0.5964,-41.5974,0.6053,0.0126,0.0269,-0.0402,0.4025
ecn,touch_19,15,30,0.7500,16,gbpusd+audusd+nzdusd,823,0.5601,-0.5174,-42.3628,0.4184,0.3383,0.0450,-0.0264,0.5014
ecn,touch_19,15,30,0.7500,16,gbpusd+audusd+usdjpy,1166,0.5583,-0.8366,-41.7243,0.5906,0.1794,0.0326,-0.0485,0.4193
ecn,touch_19,15,30,0.7500,16,gbpusd+nzdusd+usdjpy,1180,0.5619,-0.7966,-41.7559,0.6042,0.2111,0.0229,-0.0496,0.4091
ecn,touch_19,15,30,0.7500,16,audusd+nzdusd+usdjpy,1094,0.5713,-0.1228,-41.6226,0.5646,0.0968,0.0293,-0.0076,0.4060
ecn,touch_19,15,30,0.7500,18,eurusd+gbpusd+audusd,757,0.5548,-0.9165,-42.4547,0.5362,0.2693,0.0423,-0.0434,0.5202
ecn,touch_19,15,30,0.7500,18,eurusd+gbpusd+nzdusd,771,0.5538,-0.9578,-42.3087,0.5252,0.3641,0.0428,-0.0463,0.5024
ecn,touch_19,15,30,0.7500,18,eurusd+gbpusd+usdjpy,1114,0.5530,-1.2790,-41.7015,0.6303,0.1098,0.0368,-0.0695,0.4165
ecn,touch_19,15,30,0.7500,18,eurusd+audusd+nzdusd,685,0.5723,0.2228,-42.0843,0.4961,0.2203,0.0526,0.0118,0.5098
ecn,touch_19,15,30,0.7500,18,eurusd+audusd+usdjpy,1028,0.5652,-0.5191,-41.5489,0.5985,-0.0323,0.0253,-0.0321,0.4140
ecn,touch_19,15,30,0.7500,18,eurusd+nzdusd+usdjpy,1042,0.5643,-0.5551,-41.5974,0.6053,0.0649,0.0269,-0.0357,0.4025
ecn,touch_19,15,30,0.7500,18,gbpusd+audusd+nzdusd,823,0.5650,-0.1661,-42.3628,0.4184,0.3640,0.0450,-0.0095,0.5014
ecn,touch_19,15,30,0.7500,18,gbpusd+audusd+usdjpy,1166,0.5609,-0.7059,-41.7243,0.5906,0.1458,0.0326,-0.0432,0.4193
ecn,touch_19,15,30,0.7500,18,gbpusd+nzdusd+usdjpy,1180,0.5602,-0.7354,-41.7559,0.6042,0.2465,0.0229,-0.0453,0.4091
ecn,touch_19,15,30,0.7500,18,audusd+nzdusd+usdjpy,1094,0.5722,0.0214,-41.6226,0.5646,0.1136,0.0293,0.0014,0.4060
ecn,touch_19,15,30,1.0000,12,eurusd+gbpusd+audusd,757,0.4769,-1.0463,-42.4574,0.5362,0.2603,0.0423,-0.0470,0.5205
ecn,touch_19,15,30,1.0000,12,eurusd+gbpusd+nzdusd,771,0.4695,-1.6959,-42.3087,0.5252,0.3240,0.0428,-0.0621,0.5024
ecn,touch_19,15,30,1.0000,12,eurusd+gbpusd+usdjpy,1114,0.4713,-1.6925,-41.7015,0.6303,0.1422,0.0368,-0.0793,0.4165
ecn,touch_19,15,30,1.0000,12,eurusd+audusd+nzdusd,685,0.5036,0.0455,-42.0869,0.4961,0.2552,0.0526,0.0026,0.5101
ecn,touch_19,15,30,1.0000,12,eurusd+audusd+usdjpy,1028,0.4942,-0.5319,-41.5478,0.5985,0.0587,0.0253,-0.0357,0.4142
ecn,touch_19,15,30,1.0000,12,eurusd+nzdusd+usdjpy,1042,0.4885,-1.0194,-41.5974,0.6053,0.1318,0.0269,-0.0598,0.4025
ecn,touch_19,15,30,1.0000,12,gbpusd+audusd+nzdusd,823,0.4921,-0.5852,-42.3647,0.4184,0.3417,0.0450,-0.0309,0.5017
ecn,touch_19,15,30,1.0000,12,gbpusd+audusd+usdjpy,1166,0.4871,-0.9087,-41.7234,0.5906,0.1669,0.0326,-0.0534,0.4196
ecn,touch_19,15,30,1.0000,12,gbpusd+nzdusd+usdjpy,1180,0.4822,-1.3348,-41.7559,0.6042,0.2396,0.0229,-0.0698,0.4091
ecn,touch_19,15,30,1.0000,12,audusd+nzdusd+usdjpy,1094,0.5046,-0.2160,-41.6212,0.5646,0.1706,0.0293,-0.0147,0.4063
ecn,touch_19,15,30,1.0000,16,eurusd+gbpusd+audusd,757,0.4769,-1.7385,-42.4574,0.5362,0.2474,0.0423,-0.0632,0.5205
ecn,touch_19,15,30,1.0000,16,eurusd+gbpusd+nzdusd,771,0.4864,-1.7256,-42.3087,0.5252,0.2977,0.0428,-0.0620,0.5024
ecn,touch_19,15,30,1.0000,16,eurusd+gbpusd+usdjpy,1114,0.4838,-1.6447,-41.7015,0.6303,0.1595,0.0368,-0.0752,0.4165
ecn,touch_19,15,30,1.0000,16,eurusd+audusd+nzdusd,685,0.4993,-0.8253,-42.0869,0.4961,0.2060,0.0526,-0.0360,0.5101
ecn,touch_19,15,30,1.0000,16,eurusd+audusd+usdjpy,1028,0.4922,-1.0380,-41.5478,0.5985,0.0531,0.0253,-0.0534,0.4142
ecn,touch_19,15,30,1.0000,16,eurusd+nzdusd+usdjpy,1042,0.4990,-1.0379,-41.5974,0.6053,0.1059,0.0269,-0.0571,0.4025
ecn,touch_19,15,30,1.0000,16,gbpusd+audusd+nzdusd,823,0.4909,-1.2547,-42.3647,0.4184,0.3127,0.0450,-0.0524,0.5017
ecn,touch_19,15,30,1.0000,16,gbpusd+audusd+usdjpy,1166,0.4871,-1.3159,-41.7234,0.5906,0.1696,0.0326,-0.0653,0.4196
ecn,touch_19,15,30,1.0000,16,gbpusd+nzdusd+usdjpy,1180,0.4932,-1.3125,-41.7559,0.6042,0.2260,0.0229,-0.0677,0.4091
ecn,touch_19,15,30,1.0000,16,audusd+nzdusd+usdjpy,1094,0.5018,-0.7163,-41.6212,0.5646,0.1379,0.0293,-0.0393,0.4063
ecn,touch_19,15,30,1.0000,18,eurusd+gbpusd+audusd,757,0.4835,-1.4189,-42.4574,0.5362,0.2430,0.0423,-0.0570,0.5205
ecn,touch_19,15,30,1.0000,18,eurusd+gbpusd+nzdusd,771,0.4825,-1.6846,-42.3087,0.5252,0.3418,0.0428,-0.0597,0.5024
ecn,touch_19,15,30,1.0000,18,eurusd+gbpusd+usdjpy,1114,0.4776,-1.7299,-41.7015,0.6303,0.1498,0.0368,-0.0767,0.4165
ecn,touch_19,15,30,1.0000,18,eurusd+audusd+nzdusd,685,0.5080,-0.4299,-42.0869,0.4961,0.2409,0.0526,-0.0196,0.5101
ecn,touch_19,15,30,1.0000,18,eurusd+audusd+usdjpy,1028,0.4942,-0.8976,-41.5478,0.5985,0.0329,0.0253,-0.0493,0.4142
ecn,touch_19,15,30,1.0000,18,eurusd+nzdusd+usdjpy,1042,0.4933,-1.1012,-41.5974,0.6053,0.1386,0.0269,-0.0577,0.4025
ecn,touch_19,15,30,1.0000,18,gbpusd+audusd+nzdusd,823,0.4957,-0.9264,-42.3647,0.4184,0.3225,0.0450,-0.0426,0.5017
ecn,touch_19,15,30,1.0000,18,gbpusd+audusd+usdjpy,1166,0.4871,-1.1927,-41.7234,0.5906,0.1300,0.0326,-0.0628,0.4196
ecn,touch_19,15,30,1.0000,18,gbpusd+nzdusd+usdjpy,1180,0.4864,-1.3690,-41.7559,0.6042,0.2383,0.0229,-0.0691,0.4091
ecn,touch_19,15,30,1.0000,18,audusd+nzdusd+usdjpy,1094,0.5027,-0.5586,-41.6212,0.5646,0.1384,0.0293,-0.0330,0.4063
ecn,touch_19,15,40,0.7500,12,eurusd+gbpusd+audusd,757,0.5205,-0.4963,-42.4574,0.5362,0.3554,0.0423,-0.0280,0.5205
ecn,touch_19,15,40,0.7500,12,eurusd+gbpusd+nzdusd,771,0.5045,-1.6091,-42.3087,0.5252,0.3250,0.0428,-0.0622,0.5024
ecn,touch_19,15,40,0.7500,12,eurusd+gbpusd+usdjpy,1114,0.5197,-1.8199,-41.7015,0.6303,0.1712,0.0368,-0.0839,0.4165
ecn,touch_19,15,40,0.7500,12,eurusd+audusd+nzdusd,685,0.5445,1.2897,-42.0869,0.4961,0.3180,0.0526,0.1007,0.5101
ecn,touch_19,15,40,0.7500,12,eurusd+audusd+usdjpy,1028,0.5477,0.0940,-41.5478,0.5985,0.1765,0.0253,0.0087,0.4142
ecn,touch_19,15,40,0.7500,12,eurusd+nzdusd+usdjpy,1042,0.5355,-0.7373,-41.5974,0.6053,0.1602,0.0269,-0.0491,0.4025
ecn,touch_19,15,40,0.7500,12,gbpusd+audusd+nzdusd,823,0.5273,-0.2337,-42.3647,0.4184,0.3338,0.0450,-0.0145,0.5017
ecn,touch_19,15,40,0.7500,12,gbpusd+audusd+usdjpy,1166,0.5352,-0.8397,-41.7234,0.5906,0.1904,0.0326,-0.0548,0.4196
ecn,touch_19,15,40,0.7500,12,gbpusd+nzdusd+usdjpy,1180,0.5246,-1.5627,-41.7559,0.6042,0.1930,0.0229,-0.0782,0.4091
ecn,touch_19,15,40,0.7500,12,audusd+nzdusd+usdjpy,1094,0.5512,0.2560,-41.6212,0.5646,0.1948,0.0293,0.0228,0.4063
ecn,touch_19,15,40,0.7500,16,eurusd+gbpusd+audusd,757,0.5350,-1.0013,-42.4574,0.5362,0.2975,0.0423,-0.0465,0.5205
ecn,touch_19,15,40,0.7500,16,eurusd+gbpusd+nzdusd,771,0.5344,-1.7327,-42.3087,0.5252,0.2827,0.0428,-0.0644,0.5024
ecn,touch_19,15,40,0.7500,16,eurusd+gbpusd+usdjpy,1114,0.5386,-1.9621,-41.7015,0.6303,0.1726,0.0368,-0.0836,0.4165
ecn,touch_19,15,40,0.7500,16,eurusd+audusd+nzdusd,685,0.5547,0.6875,-42.0869,0.4961,0.2662,0.0526,0.0531,0.5101
ecn,touch_19,15,40,0.7500,16,eurusd+audusd+usdjpy,1028,0.5525,-0.3686,-41.5478,0.5985,0.1526,0.0253,-0.0269,0.4142
ecn,touch_19,15,40,0.7500,16,eurusd+nzdusd+usdjpy,1042,0.5518,-0.9183,-41.5974,0.6053,0.1368,0.0269,-0.0520,0.4025
ecn,touch_19,15,40,0.7500,16,gbpusd+audusd+nzdusd,823,0.5395,-0.6501,-42.3647,0.4184,0.2864,0.0450,-0.0355,0.5017
ecn,touch_19,15,40,0.7500,16,gbpusd+audusd+usdjpy,1166,0.5420,-1.1877,-41.7234,0.5906,0.1757,0.0326,-0.0709,0.4196
ecn,touch_19,15,40,0.7500,16,gbpusd+nzdusd+usdjpy,1180,0.5415,-1.6634,-41.7559,0.6042,0.1729,0.0229,-0.0796,0.4091
ecn,touch_19,15,40,0.7500,16,audusd+nzdusd+usdjpy,1094,0.5548,-0.1426,-41.6212,0.5646,0.1638,0.0293,-0.0108,0.4063
ecn,touch_19,15,40,0.7500,18,eurusd+gbpusd+audusd,757,0.5443,-0.8100,-42.4574,0.5362,0.3199,0.0423,-0.0420,0.5205
ecn,touch_19,15,40,0.7500,18,eurusd+gbpusd+nzdusd,771,0.5383,-1.5720,-42.3087,0.5252,0.3133,0.0428,-0.0613,0.5024
ecn,touch_19,15,40,0.7500,18,eurusd+gbpusd+usdjpy,1114,0.5368,-1.9983,-41.7015,0.6303,0.1411,0.0368,-0.0846,0.4165
ecn,touch_19,15,40,0.7500,18,eurusd+audusd+nzdusd,685,0.5664,1.0438,-42.0869,0.4961,0.3120,0.0526,0.0919,0.5101
ecn,touch_19,15,40,0.7500,18,eurusd+audusd+usdjpy,1028,0.5554,-0.2909,-41.5478,0.5985,0.1440,0.0253,-0.0232,0.4142
ecn,touch_19,15,40,0.7500,18,eurusd+nzdusd+usdjpy,1042,0.5509,-0.8617,-41.5974,0.6053,0.1412,0.0269,-0.0512,0.4025
ecn,touch_19,15,40,0.7500,18,gbpusd+audusd+nzdusd,823,0.5468,-0.4154,-42.3647,0.4184,0.2928,0.0450,-0.0245,0.5017
ecn,touch_19,15,40,0.7500,18,gbpusd+audusd+usdjpy,1166,0.5429,-1.1628,-41.7234,0.5906,0.1346,0.0326,-0.0721,0.4196
ecn,touch_19,15,40,0.7500,18,gbpusd+nzdusd+usdjpy,1180,0.5390,-1.6566,-41.7559,0.6042,0.1418,0.0229,-0.0809,0.4091
ecn,touch_19,15,40,0.7500,18,audusd+nzdusd+usdjpy,1094,0.5567,-0.0253,-41.6212,0.5646,0.1518,0.0293,-0.0023,0.4063
ecn,touch_19,15,40,1.0000,12,eurusd+gbpusd+audusd,757,0.4795,-0.6040,-42.4574,0.5362,0.3174,0.0423,-0.0289,0.5205
ecn,touch_19,15,40,1.0000,12,eurusd+gbpusd+nzdusd,771,0.4656,-1.7834,-42.3087,0.5252,0.3235,0.0428,-0.0674,0.5024
ecn,touch_19,15,40,1.0000,12,eurusd+gbpusd+usdjpy,1114,0.4749,-1.6616,-41.7015,0.6303,0.3182,0.0368,-0.0831,0.4165
ecn,touch_19,15,40,1.0000,12,eurusd+audusd+nzdusd,685,0.5153,1.4312,-42.0869,0.4961,0.2227,0.0526,0.1268,0.5101
ecn,touch_19,15,40,1.0000,12,eurusd+audusd+usdjpy,1028,0.5088,0.4906,-41.5478,0.5985,0.2217,0.0253,0.0615,0.4142
ecn,touch_19,15,40,1.0000,12,eurusd+nzdusd+usdjpy,1042,0.4981,-0.3968,-41.5974,0.6053,0.1878,0.0269,-0.0292,0.4025
ecn,touch_19,15,40,1.0000,12,gbpusd+audusd+nzdusd,823,0.4945,-0.2553,-42.3647,0.4184,0.2906,0.0450,-0.0144,0.5017
ecn,touch_19,15,40,1.0000,12,gbpusd+audusd+usdjpy,1166,0.4949,-0.5885,-41.7234,0.5906,0.2736,0.0326,-0.0447,0.4196
ecn,touch_19,15,40,1.0000,12,gbpusd+nzdusd+usdjpy,1180,0.4856,-1.3593,-41.7559,0.6042,0.2567,0.0229,-0.0777,0.4091
ecn,touch_19,15,40,1.0000,12,audusd+nzdusd+usdjpy,1094,0.5183,0.6869,-41.6212,0.5646,0.1896,0.0293,0.0663,0.4063
ecn,touch_19,15,40,1.0000,16,eurusd+gbpusd+audusd,757,0.4795,-0.9619,-42.4574,0.5362,0.2948,0.0423,-0.0372,0.5205
ecn,touch_19,15,40,1.0000,16,eurusd+gbpusd+nzdusd,771,0.4799,-1.7475,-42.3087,0.5252,0.3032,0.0428,-0.0652,0.5024
ecn,touch_19,15,40,1.0000,16,eurusd+gbpusd+usdjpy,1114,0.4856,-1.7278,-41.7015,0.6303,0.3079,0.0368,-0.0824,0.4165
ecn,touch_19,15,40,1.0000,16,eurusd+audusd+nzdusd,685,0.5095,1.0925,-42.0869,0.4961,0.2221,0.0526,0.0834,0.5101
ecn,touch_19,15,40,1.0000,16,eurusd+audusd+usdjpy,1028,0.5058,0.1662,-41.5478,0.5985,0.2239,0.0253,0.0164,0.4142
ecn,touch_19,15,40,1.0000,16,eurusd+nzdusd+usdjpy,1042,0.5058,-0.4302,-41.5974,0.6053,0.1939,0.0269,-0.0291,0.4025
ecn,touch_19,15,40,1.0000,16,gbpusd+audusd+nzdusd,823,0.4860,-0.4263,-42.3647,0.4184,0.2815,0.0450,-0.0226,0.5017
ecn,touch_19,15,40,1.0000,16,gbpusd+audusd+usdjpy,1166,0.4897,-0.7961,-41.7234,0.5906,0.2737,0.0326,-0.0541,0.4196
ecn,touch_19,15,40,1.0000,16,gbpusd+nzdusd+usdjpy,1180,0.4898,-1.3114,-41.7559,0.6042,0.2593,0.0229,-0.0735,0.4091
ecn,touch_19,15,40,1.0000,16,audusd+nzdusd+usdjpy,1094,0.5091,0.5011,-41.6212,0.5646,0.2030,0.0293,0.0530,0.4063
ecn,touch_19,15,40,1.0000,18,eurusd+gbpusd+audusd,757,0.4901,-0.5677,-42.4574,0.5362,0.3083,0.0423,-0.0254,0.5205
ecn,touch_19,15,40,1.0000,18,eurusd+gbpusd+nzdusd,771,0.4851,-1.3397,-42.3087,0.5252,0.3380,0.0428,-0.0568,0.5024
ecn,touch_19,15,40,1.0000,18,eurusd+gbpusd+usdjpy,1114,0.4794,-1.7724,-41.7015,0.6303,0.2767,0.0368,-0.0832,0.4165
ecn,touch_19,15,40,1.0000,18,eurusd+audusd+nzdusd,685,0.5270,1.9284,-42.0869,0.4961,0.2568,0.0526,0.2123,0.5101
ecn,touch_19,15,40,1.0000,18,eurusd+audusd+usdjpy,1028,0.5068,0.3692,-41.5478,0.5985,0.1998,0.0253,0.0358,0.4142
ecn,touch_19,15,40,1.0000,18,eurusd+nzdusd+usdjpy,1042,0.5029,-0.2147,-41.5974,0.6053,0.1922,0.0269,-0.0169,0.4025
ecn,touch_19,15,40,1.0000,18,gbpusd+audusd+nzdusd,823,0.5006,0.0195,-42.3647,0.4184,0.3064,0.0450,0.0013,0.5017
ecn,touch_19,15,40,1.0000,18,gbpusd+audusd+usdjpy,1166,0.4906,-0.7937,-41.7234,0.5906,0.2466,0.0326,-0.0556,0.4196
ecn,touch_19,15,40,1.0000,18,gbpusd+nzdusd+usdjpy,1180,0.4873,-1.2954,-41.7559,0.6042,0.2433,0.0229,-0.0754,0.4091
ecn,touch_19,15,40,1.0000,18,audusd+nzdusd+usdjpy,1094,0.5137,0.7544,-41.6212,0.5646,0.1984,0.0293,0.0871,0.4063
ecn,touch_19,20,20,0.7500,12,eurusd+gbpusd+audusd,464,0.6207,1.2469,-43.5116,0.5379,0.3598,0.0603,0.1679,0.5751
ecn,touch_19,20,20,0.7500,12,eurusd+gbpusd+nzdusd,475,0.6063,0.4528,-43.0628,0.5357,0.2821,0.0505,0.0565,0.5221
ecn,touch_19,20,20,0.7500,12,eurusd+gbpusd+usdjpy,733,0.5853,-0.1950,-41.8035,0.6428,0.2461,0.0573,-0.0296,0.4600
ecn,touch_19,20,20,0.7500,12,eurusd+audusd+nzdusd,401,0.6234,1.5738,-42.6950,0.4505,0.2250,0.0698,0.1772,0.5401
ecn,touch_19,20,20,0.7500,12,eurusd+audusd+usdjpy,659,0.5933,0.4144,-41.5686,0.5797,0.1520,0.0486,0.0636,0.4639
ecn,touch_19,20,20,0.7500,12,eurusd+nzdusd+usdjpy,670,0.5836,-0.1349,-41.6207,0.5931,0.0708,0.0418,-0.0149,0.4286
ecn,touch_19,20,20,0.7500,12,gbpusd+audusd+nzdusd,493,0.6247,1.3647,-42.7174,0.4078,0.4541,0.0406,0.1288,0.5204
ecn,touch_19,20,20,0.7500,12,gbpusd+audusd+usdjpy,751,0.5979,0.4192,-41.6518,0.6178,0.4383,0.0320,0.0800,0.4602
ecn,touch_19,20,20,0.7500,12,gbpusd+nzdusd+usdjpy,762,0.5892,-0.0639,-41.7368,0.6272,0.3480,0.0289,-0.0081,0.4290
ecn,touch_19,20,20,0.7500,12,audusd+nzdusd+usdjpy,688,0.5974,0.5339,-41.4905,0.5501,0.2716,0.0320,0.0645,0.4294
ecn,touch_19,20,20,0.7500,16,eurusd+gbpusd+audusd,464,0.6185,1.2458,-43.5116,0.5379,0.3581,0.0603,0.1647,0.5751
ecn,touch_19,20,20,0.7500,16,eurusd+gbpusd+nzdusd,475,0.6063,0.4407,-43.0628,0.5357,0.2585,0.0505,0.0525,0.5221
ecn,touch_19,20,20,0.7500,16,eurusd+gbpusd+usdjpy,733,0.5839,-0.2435,-41.8035,0.6428,0.2376,0.0573,-0.0352,0.4600
ecn,touch_19,20,20,0.7500,16,eurusd+audusd+nzdusd,401,0.6209,1.5737,-42.6950,0.4505,0.1961,0.0698,0.1703,0.5401
ecn,touch_19,20,20,0.7500,16,eurusd+audusd+usdjpy,659,0.5903,0.3690,-41.5686,0.5797,0.1427,0.0486,0.0554,0.4639
ecn,touch_19,20,20,0.7500,16,eurusd+nzdusd+usdjpy,670,0.5821,-0.1873,-41.6207,0.5931,0.0505,0.0418,-0.0192,0.4286
ecn,touch_19,20,20,0.7500,16,gbpusd+audusd+nzdusd,493,0.6227,1.3771,-42.7174,0.4078,0.4262,0.0406,0.1308,0.5204
ecn,touch_19,20,20,0.7500,16,gbpusd+audusd+usdjpy,751,0.5952,0.3875,-41.6518,0.6178,0.4371,0.0320,0.0732,0.4602
ecn,touch_19,20,20,0.7500,16,gbpusd+nzdusd+usdjpy,762,0.5879,-0.1019,-41.7368,0.6272,0.3188,0.0289,-0.0122,0.4290
ecn,touch_19,20,20,0.7500,16,audusd+nzdusd+usdjpy,688,0.5945,0.5000,-41.4905,0.5501,0.2430,0.0320,0.0565,0.4294
ecn,touch_19,20,20,0.7500,18,eurusd+gbpusd+audusd,464,0.6250,1.3397,-43.5116,0.5379,0.3530,0.0603,0.1818,0.5751
ecn,touch_19,20,20,0.7500,18,eurusd+gbpusd+nzdusd,475,0.6084,0.5025,-43.0628,0.5357,0.2676,0.0505,0.0591,0.5221
ecn,touch_19,20,20,0.7500,18,eurusd+gbpusd+usdjpy,733,0.5853,-0.2248,-41.8035,0.6428,0.2448,0.0573,-0.0325,0.4600
ecn,touch_19,20,20,0.7500,18,eurusd+audusd+nzdusd,401,0.6284,1.7208,-42.6950,0.4505,0.1917,0.0698,0.1837,0.5401
ecn,touch_19,20,20,0.7500,18,eurusd+audusd+usdjpy,659,0.5948,0.4349,-41.5686,0.5797,0.1349,0.0486,0.0653,0.4639
ecn,touch_19,20,20,0.7500,18,eurusd+nzdusd+usdjpy,670,0.5836,-0.1438,-41.6207,0.5931,0.0580,0.0418,-0.0146,0.4286
ecn,touch_19,20,20,0.7500,18,gbpusd+audusd+nzdusd,493,0.6268,1.4686,-42.7174,0.4078,0.4246,0.0406,0.1420,0.5204
ecn,touch_19,20,20,0.7500,18,gbpusd+audusd+usdjpy,751,0.5979,0.4269,-41.6518,0.6178,0.4262,0.0320,0.0862,0.4602
ecn,touch_19,20,20,0.7500,18,gbpusd+nzdusd+usdjpy,762,0.5879,-0.0818,-41.7368,0.6272,0.3223,0.0289,-0.0098,0.4290
ecn,touch_19,20,20,0.7500,18,audusd+nzdusd+usdjpy,688,0.5974,0.5654,-41.4905,0.5501,0.2319,0.0320,0.0660,0.4294
ecn,touch_19,20,20,1.0000,12,eurusd+gbpusd+audusd,464,0.5409,0.9080,-43.5186,0.5379,0.3865,0.0603,0.1020,0.5756
ecn,touch_19,20,20,1.0000,12,eurusd+gbpusd+nzdusd,475,0.5284,0.3153,-43.0672,0.5357,0.3644,0.0505,0.0262,0.5226
ecn,touch_19,20,20,1.0000,12,eurusd+gbpusd+usdjpy,733,0.5020,-0.6111,-41.8040,0.6428,0.1825,0.0573,-0.0550,0.4604
ecn,touch_19,20,20,1.0000,12,eurusd+audusd+nzdusd,401,0.5511,1.4968,-42.6950,0.4505,0.2409,0.0698,0.1426,0.5401
ecn,touch_19,20,20,1.0000,12,eurusd+audusd+usdjpy,659,0.5129,0.0037,-41.5686,0.5797,-0.0197,0.0486,0.0004,0.4639
ecn,touch_19,20,20,1.0000,12,eurusd+nzdusd+usdjpy,670,0.5045,-0.4016,-41.6207,0.5931,0.0561,0.0418,-0.0352,0.4286
ecn,touch_19,20,20,1.0000,12,gbpusd+audusd+nzdusd,493,0.5416,0.9566,-42.7216,0.4078,0.5760,0.0406,0.0746,0.5209
ecn,touch_19,20,20,1.0000,12,gbpusd+audusd+usdjpy,751,0.5113,-0.1680,-41.6523,0.6178,0.3566,0.0320,-0.0168,0.4605
ecn,touch_19,20,20,1.0000,12,gbpusd+nzdusd+usdjpy,762,0.5039,-0.5219,-41.7360,0.6272,0.3687,0.0289,-0.0421,0.4294
ecn,touch_19,20,20,1.0000,12,audusd+nzdusd+usdjpy,688,0.5145,0.0767,-41.4905,0.5501,0.2270,0.0320,0.0059,0.4294
ecn,touch_19,20,20,1.0000,16,eurusd+gbpusd+audusd,464,0.5302,0.7303,-43.5186,0.5379,0.3823,0.0603,0.0760,0.5756
ecn,touch_19,20,20,1.0000,16,eurusd+gbpusd+nzdusd,475,0.5242,0.2807,-43.0672,0.5357,0.3241,0.0505,0.0239,0.5226
ecn,touch_19,20,20,1.0000,16,eurusd+gbpusd+usdjpy,733,0.4980,-0.6662,-41.8040,0.6428,0.1700,0.0573,-0.0569,0.4604
ecn,touch_19,20,20,1.0000,16,eurusd+audusd+nzdusd,401,0.5387,1.2519,-42.6950,0.4505,0.1850,0.0698,0.0984,0.5401
ecn,touch_19,20,20,1.0000,16,eurusd+audusd+usdjpy,659,0.5038,-0.1816,-41.5686,0.5797,-0.0190,0.0486,-0.0165,0.4639
ecn,touch_19,20,20,1.0000,16,eurusd+nzdusd+usdjpy,670,0.5000,-0.4854,-41.6207,0.5931,0.0202,0.0418,-0.0378,0.4286
ecn,touch_19,20,20,1.0000,16,gbpusd+audusd+nzdusd,493,0.5294,0.7335,-42.7216,0.4078,0.5130,0.0406,0.0492,0.5209
ecn,touch_19,20,20,1.0000,16,gbpusd+audusd+usdjpy,751,0.5020,-0.3463,-41.6523,0.6178,0.3603,0.0320,-0.0305,0.4605
ecn,touch_19,20,20,1.0000,16,gbpusd+nzdusd+usdjpy,762,0.4987,-0.6110,-41.7360,0.6272,0.3349,0.0289,-0.0442,0.4294
ecn,touch_19,20,20,1.0000,16,audusd+nzdusd+usdjpy,688,0.5044,-0.1408,-41.4905,0.5501,0.1946,0.0320,-0.0092,0.4294
ecn,touch_19,20,20,1.0000,18,eurusd+gbpusd+audusd,464,0.5345,0.7366,-43.5186,0.5379,0.3608,0.0603,0.0786,0.5756
ecn,touch_19,20,20,1.0000,18,eurusd+gbpusd+nzdusd,475,0.5263,0.3053,-43.0672,0.5357,0.3384,0.0505,0.0248,0.5226
ecn,touch_19,20,20,1.0000,18,eurusd+gbpusd+usdjpy,733,0.4993,-0.6475,-41.8040,0.6428,0.1757,0.0573,-0.0553,0.4604
ecn,touch_19,20,20,1.0000,18,eurusd+audusd+nzdusd,401,0.5436,1.2537,-42.6950,0.4505,0.1681,0.0698,0.0903,0.5401
ecn,touch_19,20,20,1.0000,18,eurusd+audusd+usdjpy,659,0.5068,-0.1774,-41.5686,0.5797,-0.0433,0.0486,-0.0161,0.4639
ecn,touch_19,20,20,1.0000,18,eurusd+nzdusd+usdjpy,670,0.5015,-0.4682,-41.6207,0.5931,0.0337,0.0418,-0.0345,0.4286
ecn,touch_19,20,20,1.0000,18,gbpusd+audusd+nzdusd,493,0.5314,0.7068,-42.7216,0.4078,0.5033,0.0406,0.0467,0.5209
ecn,touch_19,20,20,1.0000,18,gbpusd+audusd+usdjpy,751,0.5033,-0.3611,-41.6523,0.6178,0.3415,0.0320,-0.0323,0.4605
ecn,touch_19,20,20,1.0000,18,gbpusd+nzdusd+usdjpy,762,0.4987,-0.6141,-41.7360,0.6272,0.3452,0.0289,-0.0434,0.4294
ecn,touch_19,20,20,1.0000,18,audusd+nzdusd+usdjpy,688,0.5058,-0.1602,-41.4905,0.5501,0.1779,0.0320,-0.0100,0.4294
ecn,touch_19,20,30,0.7500,12,eurusd+gbpusd+audusd,464,0.5733,0.1049,-43.5256,0.5379,0.3582,0.0603,0.0064,0.5760
ecn,touch_19,20,30,0.7500,12,eurusd+gbpusd+nzdusd,475,0.5684,0.3026,-43.0716,0.5357,0.3354,0.0505,0.0193,0.5231
ecn,touch_19,20,30,0.7500,12,eurusd+gbpusd+usdjpy,733,0.5621,-0.7082,-41.8046,0.6428,0.2073,0.0573,-0.0524,0.4608
ecn,touch_19,20,30,0.7500,12,eurusd+audusd+nzdusd,401,0.5885,1.8415,-42.6950,0.4505,0.2679,0.0698,0.1495,0.5401
ecn,touch_19,20,30,0.7500,12,eurusd+audusd+usdjpy,659,0.5736,0.1148,-41.5686,0.5797,0.1115,0.0486,0.0103,0.4639
ecn,touch_19,20,30,0.7500,12,eurusd+nzdusd+usdjpy,670,0.5701,0.2548,-41.6207,0.5931,0.1373,0.0418,0.0266,0.4286
ecn,touch_19,20,30,0.7500,12,gbpusd+audusd+nzdusd,493,0.5882,1.1246,-42.7257,0.4078,0.4340,0.0406,0.0712,0.5214
ecn,touch_19,20,30,0.7500,12,gbpusd+audusd+usdjpy,751,0.5752,-0.1443,-41.6529,0.6178,0.3129,0.0320,-0.0127,0.4609
ecn,touch_19,20,30,0.7500,12,gbpusd+nzdusd+usdjpy,762,0.5722,-0.0175,-41.7351,0.6272,0.3051,0.0289,-0.0017,0.4298
ecn,touch_19,20,30,0.7500,12,audusd+nzdusd+usdjpy,688,0.5843,0.8450,-41.4905,0.5501,0.2338,0.0320,0.1087,0.4294
ecn,touch_19,20,30,0.7500,16,eurusd+gbpusd+audusd,464,0.5582,-0.6021,-43.5256,0.5379,0.3666,0.0603,-0.0316,0.5760
ecn,touch_19,20,30,0.7500,16,eurusd+gbpusd+nzdusd,475,0.5621,-0.4469,-43.0716,0.5357,0.2757,0.0505,-0.0249,0.5231
ecn,touch_19,20,30,0.7500,16,eurusd+gbpusd+usdjpy,733,0.5580,-0.8758,-41.8046,0.6428,0.1747,0.0573,-0.0588,0.4608
ecn,touch_19,20,30,0.7500,16,eurusd+audusd+nzdusd,401,0.5686,0.2991,-42.6950,0.4505,0.2188,0.0698,0.0159,0.5401
ecn,touch_19,20,30,0.7500,16,eurusd+audusd+usdjpy,659,0.5615,-0.4700,-41.5686,0.5797,0.1021,0.0486,-0.0322,0.4639
ecn,touch_19,20,30,0.7500,16,eurusd+nzdusd+usdjpy,670,0.5642,-0.3622,-41.6207,0.5931,0.0683,0.0418,-0.0283,0.4286
ecn,touch_19,20,30,0.7500,16,gbpusd+audusd+nzdusd,493,0.5700,0.0984,-42.7257,0.4078,0.4024,0.0406,0.0050,0.5214
ecn,touch_19,20,30,0.7500,16,gbpusd+audusd+usdjpy,751,0.5632,-0.5075,-41.6529,0.6178,0.3136,0.0320,-0.0374,0.4609
ecn,touch_19,20,30,0.7500,16,gbpusd+nzdusd+usdjpy,762,0.5656,-0.4121,-41.7351,0.6272,0.2499,0.0289,-0.0328,0.4298
ecn,touch_19,20,30,0.7500,16,audusd+nzdusd+usdjpy,688,0.5698,0.0264,-41.4905,0.5501,0.1901,0.0320,0.0021,0.4294
ecn,touch_19,20,30,0.7500,18,eurusd+gbpusd+audusd,464,0.5668,-0.4401,-43.5256,0.5379,0.3514,0.0603,-0.0243,0.5760
ecn,touch_19,20,30,0.7500,18,eurusd+gbpusd+nzdusd,475,0.5663,-0.3397,-43.0716,0.5357,0.2932,0.0505,-0.0191,0.5231
ecn,touch_19,20,30,0.7500,18,eurusd+gbpusd+usdjpy,733,0.5621,-0.8166,-41.8046,0.6428,0.1610,0.0573,-0.0567,0.4608
ecn,touch_19,20,30,0.7500,18,eurusd+audusd+nzdusd,401,0.5736,0.4444,-42.6950,0.4505,0.2271,0.0698,0.0232,0.5401
ecn,touch_19,20,30,0.7500,18,eurusd+audusd+usdjpy,659,0.5660,-0.3930,-41.5686,0.5797,0.0761,0.0486,-0.0275,0.4639
ecn,touch_19,20,30,0.7500,18,eurusd+nzdusd+usdjpy,670,0.5657,-0.3226,-41.6207,0.5931,0.0771,0.0418,-0.0248,0.4286
ecn,touch_19,20,30,0.7500,18,gbpusd+audusd+nzdusd,493,0.5720,0.2576,-42.7257,0.4078,0.4048,0.0406,0.0127,0.5214
ecn,touch_19,20,30,0.7500,18,gbpusd+audusd+usdjpy,751,0.5659,-0.4130,-41.6529,0.6178,0.2889,0.0320,-0.0318,0.4609
ecn,touch_19,20,30,0.7500,18,gbpusd+nzdusd+usdjpy,762,0.5656,-0.3508,-41.7351,0.6272,0.2507,0.0289,-0.0284,0.4298
ecn,touch_19,20,30,0.7500,18,audusd+nzdusd+usdjpy,688,0.5698,0.1050,-41.4905,0.5501,0.1846,0.0320,0.0087,0.4294
ecn,touch_19,20,30,1.0000,12,eurusd+gbpusd+audusd,464,0.5000,-0.7807,-43.5256,0.5379,0.1696,0.0603,-0.0346,0.5760
ecn,touch_19,20,30,1.0000,12,eurusd+gbpusd+nzdusd,475,0.4947,-0.5269,-43.0716,0.5357,0.2445,0.0505,-0.0235,0.5231
ecn,touch_19,20,30,1.0000,12,eurusd+gbpusd+usdjpy,733,0.4898,-1.1260,-41.8046,0.6428,0.1622,0.0573,-0.0646,0.4608
ecn,touch_19,20,30,1.0000,12,eurusd+audusd+nzdusd,401,0.5387,1.4583,-42.6950,0.4505,0.1893,0.0698,0.0962,0.5401
ecn,touch_19,20,30,1.0000,12,eurusd+audusd+usdjpy,659,0.5159,0.0147,-41.5686,0.5797,0.0820,0.0486,0.0013,0.4639
ecn,touch_19,20,30,1.0000,12,eurusd+nzdusd+usdjpy,670,0.5119,0.1816,-41.6207,0.5931,0.1531,0.0418,0.0158,0.4286
ecn,touch_19,20,30,1.0000,12,gbpusd+audusd+nzdusd,493,0.5132,-0.0945,-42.7257,0.4078,0.2752,0.0406,-0.0042,0.5214
ecn,touch_19,20,30,1.0000,12,gbpusd+audusd+usdjpy,751,0.5020,-0.8278,-41.6529,0.6178,0.1813,0.0320,-0.0493,0.4609
ecn,touch_19,20,30,1.0000,12,gbpusd+nzdusd+usdjpy,762,0.4987,-0.6689,-41.7351,0.6272,0.2371,0.0289,-0.0400,0.4298
ecn,touch_19,20,30,1.0000,12,audusd+nzdusd+usdjpy,688,0.5247,0.4729,-41.4905,0.5501,0.1822,0.0320,0.0407,0.4294
ecn,touch_19,20,30,1.0000,16,eurusd+gbpusd+audusd,464,0.4720,-1.7244,-43.5256,0.5379,0.1843,0.0603,-0.0610,0.5760
ecn,touch_19,20,30,1.0000,16,eurusd+gbpusd+nzdusd,475,0.4842,-1.3044,-43.0716,0.5357,0.1605,0.0505,-0.0505,0.5231
ecn,touch_19,20,30,1.0000,16,eurusd+gbpusd+usdjpy,733,0.4829,-1.2230,-41.8046,0.6428,0.1690,0.0573,-0.0641,0.4608
ecn,touch_19,20,30,1.0000,16,eurusd+audusd+nzdusd,401,0.4938,-0.7428,-42.6950,0.4505,0.1244,0.0698,-0.0253,0.5401
ecn,touch_19,20,30,1.0000,16,eurusd+audusd+usdjpy,659,0.4886,-0.8722,-41.5686,0.5797,0.1138,0.0486,-0.0478,0.4639
ecn,touch_19,20,30,1.0000,16,eurusd+nzdusd+usdjpy,670,0.4970,-0.5883,-41.6207,0.5931,0.0995,0.0418,-0.0343,0.4286
ecn,touch_19,20,30,1.0000,16,gbpusd+audusd+nzdusd,493,0.4767,-1.6206,-42.7257,0.4078,0.2019,0.0406,-0.0552,0.5214
ecn,touch_19,20,30,1.0000,16,gbpusd+audusd+usdjpy,751,0.4780,-1.4325,-41.6529,0.6178,0.1888,0.0320,-0.0694,0.4609
ecn,touch_19,20,30,1.0000,16,gbpusd+nzdusd+usdjpy,762,0.4856,-1.1749,-41.7351,0.6272,0.1706,0.0289,-0.0604,0.4298
ecn,touch_19,20,30,1.0000,16,audusd+nzdusd+usdjpy,688,0.4913,-0.8337,-41.4905,0.5501,0.1348,0.0320,-0.0415,0.4294
ecn,touch_19,20,30,1.0000,18,eurusd+gbpusd+audusd,464,0.4849,-1.5634,-43.5256,0.5379,0.1918,0.0603,-0.0569,0.5760
ecn,touch_19,20,30,1.0000,18,eurusd+gbpusd+nzdusd,475,0.4884,-1.1710,-43.0716,0.5357,0.1853,0.0505,-0.0452,0.5231
ecn,touch_19,20,30,1.0000,18,eurusd+gbpusd+usdjpy,733,0.4857,-1.2439,-41.8046,0.6428,0.1556,0.0573,-0.0641,0.4608
ecn,touch_19,20,30,1.0000,18,eurusd+audusd+nzdusd,401,0.5037,-0.4273,-42.6950,0.4505,0.1487,0.0698,-0.0149,0.5401
ecn,touch_19,20,30,1.0000,18,eurusd+audusd+usdjpy,659,0.4947,-0.7996,-41.5686,0.5797,0.0990,0.0486,-0.0458,0.4639
ecn,touch_19,20,30,1.0000,18,eurusd+nzdusd+usdjpy,670,0.4970,-0.5339,-41.6207,0.5931,0.1027,0.0418,-0.0313,0.4286
ecn,touch_19,20,30,1.0000,18,gbpusd+audusd+nzdusd,493,0.4828,-1.2931,-42.7257,0.4078,0.2101,0.0406,-0.0460,0.5214
ecn,touch_19,20,30,1.0000,18,gbpusd+audusd+usdjpy,751,0.4820,-1.3223,-41.6529,0.6178,0.1654,0.0320,-0.0671,0.4609
ecn,touch_19,20,30,1.0000,18,gbpusd+nzdusd+usdjpy,762,0.4843,-1.0812,-41.7351,0.6272,0.1637,0.0289,-0.0561,0.4298
ecn,touch_19,20,30,1.0000,18,audusd+nzdusd+usdjpy,688,0.4927,-0.6381,-41.4905,0.5501,0.1263,0.0320,-0.0335,0.4294
ecn,touch_19,20,40,0.7500,12,eurusd+gbpusd+audusd,464,0.5496,-0.2190,-43.5256,0.5379,0.2148,0.0603,-0.0110,0.5760
ecn,touch_19,20,40,0.7500,12,eurusd+gbpusd+nzdusd,475,0.5368,-0.3254,-43.0716,0.5357,0.2738,0.0505,-0.0153,0.5231
ecn,touch_19,20,40,0.7500,12,eurusd+gbpusd+usdjpy,733,0.5484,-0.8685,-41.8046,0.6428,0.1420,0.0573,-0.0582,0.4608
ecn,touch_19,20,40,0.7500,12,eurusd+audusd+nzdusd,401,0.5810,2.2770,-42.6950,0.4505,0.2408,0.0698,0.1291,0.5401
ecn,touch_19,20,40,0.7500,12,eurusd+audusd+usdjpy,659,0.5766,0.6541,-41.5686,0.5797,0.0868,0.0486,0.0751,0.4639
ecn,touch_19,20,40,0.7500,12,eurusd+nzdusd+usdjpy,670,0.5672,0.5643,-41.6207,0.5931,0.1569,0.0418,0.0458,0.4286
ecn,touch_19,20,40,0.7500,12,gbpusd+audusd+nzdusd,493,0.5558,0.1292,-42.7257,0.4078,0.2761,0.0406,0.0062,0.5214
ecn,touch_19,20,40,0.7500,12,gbpusd+audusd+usdjpy,751,0.5606,-0.5571,-41.6529,0.6178,0.1383,0.0320,-0.0360,0.4609
ecn,touch_19,20,40,0.7500,12,gbpusd+nzdusd+usdjpy,762,0.5525,-0.6186,-41.7351,0.6272,0.2065,0.0289,-0.0390,0.4298
ecn,touch_19,20,40,0.7500,12,audusd+nzdusd+usdjpy,688,0.5799,0.8668,-41.4905,0.5501,0.1670,0.0320,0.0745,0.4294
ecn,touch_19,20,40,0.7500,16,eurusd+gbpusd+audusd,464,0.5302,-1.2242,-43.5256,0.5379,0.1740,0.0603,-0.0487,0.5760
ecn,touch_19,20,40,0.7500,16,eurusd+gbpusd+nzdusd,475,0.5347,-1.4131,-43.0716,0.5357,0.1817,0.0505,-0.0501,0.5231
ecn,touch_19,20,40,0.7500,16,eurusd+gbpusd+usdjpy,733,0.5471,-1.1674,-41.8046,0.6428,0.1313,0.0573,-0.0658,0.4608
ecn,touch_19,20,40,0.7500,16,eurusd+audusd+nzdusd,401,0.5436,0.1014,-42.6950,0.4505,0.1740,0.0698,0.0040,0.5401
ecn,touch_19,20,40,0.7500,16,eurusd+audusd+usdjpy,659,0.5539,-0.2183,-41.5686,0.5797,0.0965,0.0486,-0.0158,0.4639
ecn,touch_19,20,40,0.7500,16,eurusd+nzdusd+usdjpy,670,0.5567,-0.3687,-41.6207,0.5931,0.1106,0.0418,-0.0232,0.4286
ecn,touch_19,20,40,0.7500,16,gbpusd+audusd+nzdusd,493,0.5213,-1.7227,-42.7257,0.4078,0.1742,0.0406,-0.0558,0.5214
ecn,touch_19,20,40,0.7500,16,gbpusd+audusd+usdjpy,751,0.5379,-1.3765,-41.6529,0.6178,0.1053,0.0320,-0.0666,0.4609
ecn,touch_19,20,40,0.7500,16,gbpusd+nzdusd+usdjpy,762,0.5407,-1.4921,-41.7351,0.6272,0.1281,0.0289,-0.0700,0.4298
ecn,touch_19,20,40,0.7500,16,audusd+nzdusd+usdjpy,688,0.5465,-0.6179,-41.4905,0.5501,0.1086,0.0320,-0.0305,0.4294
ecn,touch_19,20,40,0.7500,18,eurusd+gbpusd+audusd,464,0.5453,-1.2276,-43.5256,0.5379,0.1832,0.0603,-0.0519,0.5760
ecn,touch_19,20,40,0.7500,18,eurusd+gbpusd+nzdusd,475,0.5474,-1.0878,-43.0716,0.5357,0.1848,0.0505,-0.0427,0.5231
ecn,touch_19,20,40,0.7500,18,eurusd+gbpusd+usdjpy,733,0.5512,-1.1621,-41.8046,0.6428,0.1156,0.0573,-0.0661,0.4608
ecn,touch_19,20,40,0.7500,18,eurusd+audusd+nzdusd,401,0.5586,0.3157,-42.6950,0.4505,0.1745,0.0698,0.0136,0.5401
ecn,touch_19,20,40,0.7500,18,eurusd+audusd+usdjpy,659,0.5584,-0.3165,-41.5686,0.5797,0.0807,0.0486,-0.0236,0.4639
ecn,touch_19,20,40,0.7500,18,eurusd+nzdusd+usdjpy,670,0.5597,-0.2323,-41.6207,0.5931,0.0918,0.0418,-0.0161,0.4286
ecn,touch_19,20,40,0.7500,18,gbpusd+audusd+nzdusd,493,0.5314,-1.5304,-42.7257,0.4078,0.1622,0.0406,-0.0516,0.5214
ecn,touch_19,20,40,0.7500,18,gbpusd+audusd+usdjpy,751,0.5406,-1.4509,-41.6529,0.6178,0.0813,0.0320,-0.0695,0.4609
ecn,touch_19,20,40,0.7500,18,gbpusd+nzdusd+usdjpy,762,0.5420,-1.3605,-41.7351,0.6272,0.0993,0.0289,-0.0665,0.4298
ecn,touch_19,20,40,0.7500,18,audusd+nzdusd+usdjpy,688,0.5480,-0.5718,-41.4905,0.5501,0.0809,0.0320,-0.0294,0.4294
ecn,touch_19,20,40,1.0000,12,eurusd+gbpusd+audusd,464,0.5000,-0.0974,-43.5256,0.5379,0.1644,0.0603,-0.0046,0.5760
ecn,touch_19,20,40,1.0000,12,eurusd+gbpusd+nzdusd,475,0.4884,-0.3317,-43.0716,0.5357,0.2111,0.0505,-0.0146,0.5231
ecn,touch_19,20,40,1.0000,12,eurusd+gbpusd+usdjpy,733,0.4911,-1.1974,-41.8046,0.6428,0.3125,0.0573,-0.0718,0.4608
ecn,touch_19,20,40,1.0000,12,eurusd+audusd+nzdusd,401,0.5486,3.0129,-42.6950,0.4505,0.1385,0.0698,0.1746,0.5401
ecn,touch_19,20,40,1.0000,12,eurusd+audusd+usdjpy,659,0.5281,0.7405,-41.5686,0.5797,0.2165,0.0486,0.0945,0.4639
ecn,touch_19,20,40,1.0000,12,eurusd+nzdusd+usdjpy,670,0.5194,0.5607,-41.6207,0.5931,0.2303,0.0418,0.0406,0.4286
ecn,touch_19,20,40,1.0000,12,gbpusd+audusd+nzdusd,493,0.5112,0.3002,-42.7257,0.4078,0.1713,0.0406,0.0142,0.5214
ecn,touch_19,20,40,1.0000,12,gbpusd+audusd+usdjpy,751,0.5060,-0.7619,-41.6529,0.6178,0.2238,0.0320,-0.0508,0.4609
ecn,touch_19,20,40,1.0000,12,gbpusd+nzdusd+usdjpy,762,0.4987,-0.8983,-41.7351,0.6272,0.2731,0.0289,-0.0538,0.4298
ecn,touch_19,20,40,1.0000,12,audusd+nzdusd+usdjpy,688,0.5349,0.9901,-41.4905,0.5501,0.1954,0.0320,0.0996,0.4294
ecn,touch_19,20,40,1.0000,16,eurusd+gbpusd+audusd,464,0.4763,-0.9121,-43.5256,0.5379,0.1614,0.0603,-0.0358,0.5760
ecn,touch_19,20,40,1.0000,16,eurusd+gbpusd+nzdusd,475,0.4821,-1.1108,-43.0716,0.5357,0.1788,0.0505,-0.0377,0.5231
ecn,touch_19,20,40,1.0000,16,eurusd+gbpusd+usdjpy,733,0.4870,-1.1555,-41.8046,0.6428,0.3046,0.0573,-0.0630,0.4608
ecn,touch_19,20,40,1.0000,16,eurusd+audusd+nzdusd,401,0.5037,1.0219,-42.6950,0.4505,0.1408,0.0698,0.0448,0.5401
ecn,touch_19,20,40,1.0000,16,eurusd+audusd+usdjpy,659,0.5008,0.1372,-41.5686,0.5797,0.2367,0.0486,0.0106,0.4639
ecn,touch_19,20,40,1.0000,16,eurusd+nzdusd+usdjpy,670,0.5045,-0.0209,-41.6207,0.5931,0.2108,0.0418,-0.0012,0.4286
ecn,touch_19,20,40,1.0000,16,gbpusd+audusd+nzdusd,493,0.4726,-1.2009,-42.7257,0.4078,0.1304,0.0406,-0.0389,0.5214
ecn,touch_19,20,40,1.0000,16,gbpusd+audusd+usdjpy,751,0.4807,-1.2136,-41.6529,0.6178,0.1994,0.0320,-0.0619,0.4609
ecn,touch_19,20,40,1.0000,16,gbpusd+nzdusd+usdjpy,762,0.4843,-1.3331,-41.7351,0.6272,0.2260,0.0289,-0.0611,0.4298
ecn,touch_19,20,40,1.0000,16,audusd+nzdusd+usdjpy,688,0.4971,-0.1140,-41.4905,0.5501,0.1766,0.0320,-0.0061,0.4294
ecn,touch_19,20,40,1.0000,18,eurusd+gbpusd+audusd,464,0.4935,-0.6692,-43.5256,0.5379,0.1442,0.0603,-0.0311,0.5760
ecn,touch_19,20,40,1.0000,18,eurusd+gbpusd+nzdusd,475,0.4947,-0.6773,-43.0716,0.5357,0.1640,0.0505,-0.0272,0.5231
ecn,touch_19,20,40,1.0000,18,eurusd+gbpusd+usdjpy,733,0.4870,-1.1199,-41.8046,0.6428,0.2675,0.0573,-0.0617,0.4608
ecn,touch_19,20,40,1.0000,18,eurusd+audusd+nzdusd,401,0.5287,1.7102,-42.6950,0.4505,0.1300,0.0698,0.0918,0.5401
ecn,touch_19,20,40,1.0000,18,eurusd+audusd+usdjpy,659,0.5068,0.2832,-41.5686,0.5797,0.2055,0.0486,0.0240,0.4639
ecn,touch_19,20,40,1.0000,18,eurusd+nzdusd+usdjpy,670,0.5075,0.2618,-41.6207,0.5931,0.1889,0.0418,0.0182,0.4286
ecn,touch_19,20,40,1.0000,18,gbpusd+audusd+nzdusd,493,0.4909,-0.7602,-42.7257,0.4078,0.1090,0.0406,-0.0284,0.5214
ecn,touch_19,20,40,1.0000,18,gbpusd+audusd+usdjpy,751,0.4847,-1.1637,-41.6529,0.6178,0.1646,0.0320,-0.0625,0.4609
ecn,touch_19,20,40,1.0000,18,gbpusd+nzdusd+usdjpy,762,0.4856,-1.1616,-41.7351,0.6272,0.1899,0.0289,-0.0566,0.4298
ecn,touch_19,20,40,1.0000,18,audusd+nzdusd+usdjpy,688,0.5044,0.1779,-41.4905,0.5501,0.1481,0.0320,0.0112,0.4294
ecn,touch_19,25,20,0.7500,12,eurusd+gbpusd+audusd,312,0.6250,1.2844,-44.2184,0.2970,0.2852,0.0577,0.1832,0.6055
ecn,touch_19,25,20,0.7500,12,eurusd+gbpusd+nzdusd,322,0.6118,0.8148,-43.8457,0.2703,0.4711,0.0435,0.0917,0.5639
ecn,touch_19,25,20,0.7500,12,eurusd+gbpusd+usdjpy,507,0.6134,0.4925,-41.8829,0.5943,0.2400,0.0316,0.0854,0.4804
ecn,touch_19,25,20,0.7500,12,eurusd+audusd+nzdusd,272,0.6360,2.1900,-43.8312,0.2754,0.2906,0.0882,0.2008,0.5892
ecn,touch_19,25,20,0.7500,12,eurusd+audusd+usdjpy,457,0.6280,1.2757,-41.6597,0.5664,0.0339,0.0394,0.1954,0.4859
ecn,touch_19,25,20,0.7500,12,eurusd+nzdusd+usdjpy,467,0.6188,0.9521,-41.7783,0.5620,0.2531,0.0407,0.1435,0.4605
ecn,touch_19,25,20,0.7500,12,gbpusd+audusd+nzdusd,330,0.6424,2.0650,-43.1667,0.2345,0.4486,0.0485,0.2853,0.5552
ecn,touch_19,25,20,0.7500,12,gbpusd+audusd+usdjpy,515,0.6330,1.2986,-41.6881,0.5620,0.2431,0.0311,0.2912,0.4757
ecn,touch_19,25,20,0.7500,12,gbpusd+nzdusd+usdjpy,525,0.6248,1.0103,-41.8020,0.5569,0.4616,0.0152,0.1986,0.4532
ecn,touch_19,25,20,0.7500,12,audusd+nzdusd+usdjpy,475,0.6400,1.8183,-41.5836,0.5167,0.2463,0.0337,0.3119,0.4556
ecn,touch_19,25,20,0.7500,16,eurusd+gbpusd+audusd,312,0.6186,1.1701,-44.2184,0.2970,0.3024,0.0577,0.1669,0.6055
ecn,touch_19,25,20,0.7500,16,eurusd+gbpusd+nzdusd,322,0.6087,0.5752,-43.8457,0.2703,0.4153,0.0435,0.0565,0.5639
ecn,touch_19,25,20,0.7500,16,eurusd+gbpusd+usdjpy,507,0.6134,0.4906,-41.8829,0.5943,0.2380,0.0316,0.0850,0.4804
ecn,touch_19,25,20,0.7500,16,eurusd+audusd+nzdusd,272,0.6250,1.7752,-43.8312,0.2754,0.2617,0.0882,0.1511,0.5892
ecn,touch_19,25,20,0.7500,16,eurusd+audusd+usdjpy,457,0.6236,1.1956,-41.6597,0.5664,0.0445,0.0394,0.1831,0.4859
ecn,touch_19,25,20,0.7500,16,eurusd+nzdusd+usdjpy,467,0.6167,0.7848,-41.7783,0.5620,0.1988,0.0407,0.1102,0.4605
ecn,touch_19,25,20,0.7500,16,gbpusd+audusd+nzdusd,330,0.6333,1.7230,-43.1667,0.2345,0.4363,0.0485,0.2140,0.5552
ecn,touch_19,25,20,0.7500,16,gbpusd+audusd+usdjpy,515,0.6291,1.2274,-41.6881,0.5620,0.2626,0.0311,0.2752,0.4757
ecn,touch_19,25,20,0.7500,16,gbpusd+nzdusd+usdjpy,525,0.6229,0.8614,-41.8020,0.5569,0.4119,0.0152,0.1560,0.4532
ecn,touch_19,25,20,0.7500,16,audusd+nzdusd+usdjpy,475,0.6337,1.5787,-41.5836,0.5167,0.2257,0.0337,0.2501,0.4556
ecn,touch_19,25,20,0.7500,18,eurusd+gbpusd+audusd,312,0.6282,1.2716,-44.2184,0.2970,0.2976,0.0577,0.1814,0.6055
ecn,touch_19,25,20,0.7500,18,eurusd+gbpusd+nzdusd,322,0.6118,0.6868,-43.8457,0.2703,0.4235,0.0435,0.0702,0.5639
ecn,touch_19,25,20,0.7500,18,eurusd+gbpusd+usdjpy,507,0.6154,0.5170,-41.8829,0.5943,0.2487,0.0316,0.0896,0.4804
ecn,touch_19,25,20,0.7500,18,eurusd+audusd+nzdusd,272,0.6360,1.9726,-43.8312,0.2754,0.2595,0.0882,0.1678,0.5892
ecn,touch_19,25,20,0.7500,18,eurusd+audusd+usdjpy,457,0.6302,1.2638,-41.6597,0.5664,0.0403,0.0394,0.1936,0.4859
ecn,touch_19,25,20,0.7500,18,eurusd+nzdusd+usdjpy,467,0.6188,0.8607,-41.7783,0.5620,0.2093,0.0407,0.1207,0.4605
ecn,touch_19,25,20,0.7500,18,gbpusd+audusd+nzdusd,330,0.6394,1.8437,-43.1667,0.2345,0.4336,0.0485,0.2347,0.5552
ecn,touch_19,25,20,0.7500,18,gbpusd+audusd+usdjpy,515,0.6330,1.2610,-41.6881,0.5620,0.2451,0.0311,0.2828,0.4757
ecn,touch_19,25,20,0.7500,18,gbpusd+nzdusd+usdjpy,525,0.6229,0.9025,-41.8020,0.5569,0.4140,0.0152,0.1633,0.4532
ecn,touch_19,25,20,0.7500,18,audusd+nzdusd+usdjpy,475,0.6379,1.6616,-41.5836,0.5167,0.2114,0.0337,0.2631,0.4556
ecn,touch_19,25,20,1.0000,12,eurusd+gbpusd+audusd,312,0.5481,0.9579,-44.2184,0.2970,0.4299,0.0577,0.0729,0.6055
ecn,touch_19,25,20,1.0000,12,eurusd+gbpusd+nzdusd,322,0.5497,1.5210,-43.8457,0.2703,0.4948,0.0435,0.1608,0.5639
ecn,touch_19,25,20,1.0000,12,eurusd+gbpusd+usdjpy,507,0.5306,0.3247,-41.8829,0.5943,0.2521,0.0316,0.0541,0.4804
ecn,touch_19,25,20,1.0000,12,eurusd+audusd+nzdusd,272,0.5735,2.6234,-43.8312,0.2754,0.3358,0.0882,0.1721,0.5892
ecn,touch_19,25,20,1.0000,12,eurusd+audusd+usdjpy,457,0.5427,0.8499,-41.6597,0.5664,0.1112,0.0394,0.1142,0.4859
ecn,touch_19,25,20,1.0000,12,eurusd+nzdusd+usdjpy,467,0.5439,1.2405,-41.7783,0.5620,0.1928,0.0407,0.2339,0.4605
ecn,touch_19,25,20,1.0000,12,gbpusd+audusd+nzdusd,330,0.5727,2.2300,-43.1667,0.2345,0.5320,0.0485,0.1653,0.5552
ecn,touch_19,25,20,1.0000,12,gbpusd+audusd+usdjpy,515,0.5456,0.7976,-41.6881,0.5620,0.3719,0.0311,0.1108,0.4757
ecn,touch_19,25,20,1.0000,12,gbpusd+nzdusd+usdjpy,525,0.5467,1.1460,-41.8020,0.5569,0.4412,0.0152,0.2298,0.4532
ecn,touch_19,25,20,1.0000,12,audusd+nzdusd+usdjpy,475,0.5600,1.7378,-41.5836,0.5167,0.2723,0.0337,0.2146,0.4556
ecn,touch_19,25,20,1.0000,16,eurusd+gbpusd+audusd,312,0.5288,0.5850,-44.2184,0.2970,0.4447,0.0577,0.0395,0.6055
ecn,touch_19,25,20,1.0000,16,eurusd+gbpusd+nzdusd,322,0.5404,1.1396,-43.8457,0.2703,0.4389,0.0435,0.1134,0.5639
ecn,touch_19,25,20,1.0000,16,eurusd+gbpusd+usdjpy,507,0.5286,0.2755,-41.8829,0.5943,0.2345,0.0316,0.0454,0.4804
ecn,touch_19,25,20,1.0000,16,eurusd+audusd+nzdusd,272,0.5441,1.7754,-43.8312,0.2754,0.3151,0.0882,0.0983,0.5892
ecn,touch_19,25,20,1.0000,16,eurusd+audusd+usdjpy,457,0.5295,0.5593,-41.6597,0.5664,0.1357,0.0394,0.0635,0.4859
ecn,touch_19,25,20,1.0000,16,eurusd+nzdusd+usdjpy,467,0.5375,0.9423,-41.7783,0.5620,0.1301,0.0407,0.1606,0.4605
ecn,touch_19,25,20,1.0000,16,gbpusd+audusd+nzdusd,330,0.5515,1.6869,-43.1667,0.2345,0.5126,0.0485,0.1067,0.5552
ecn,touch_19,25,20,1.0000,16,gbpusd+audusd+usdjpy,515,0.5359,0.6396,-41.6881,0.5620,0.3968,0.0311,0.0760,0.4757
ecn,touch_19,25,20,1.0000,16,gbpusd+nzdusd+usdjpy,525,0.5429,0.9787,-41.8020,0.5569,0.3898,0.0152,0.1765,0.4532
ecn,touch_19,25,20,1.0000,16,audusd+nzdusd+usdjpy,475,0.5453,1.3258,-41.5836,0.5167,0.2627,0.0337,0.1324,0.4556
ecn,touch_19,25,20,1.0000,18,eurusd+gbpusd+audusd,312,0.5353,0.5349,-44.2184,0.2970,0.4329,0.0577,0.0360,0.6055
ecn,touch_19,25,20,1.0000,18,eurusd+gbpusd+nzdusd,322,0.5435,1.2303,-43.8457,0.2703,0.4417,0.0435,0.1268,0.5639
ecn,touch_19,25,20,1.0000,18,eurusd+gbpusd+usdjpy,507,0.5306,0.2883,-41.8829,0.5943,0.2383,0.0316,0.0478,0.4804
ecn,touch_19,25,20,1.0000,18,eurusd+audusd+nzdusd,272,0.5515,1.8071,-43.8312,0.2754,0.3027,0.0882,0.1014,0.5892
ecn,touch_19,25,20,1.0000,18,eurusd+audusd+usdjpy,457,0.5339,0.5286,-41.6597,0.5664,0.1134,0.0394,0.0609,0.4859
ecn,touch_19,25,20,1.0000,18,eurusd+nzdusd+usdjpy,467,0.5396,1.0082,-41.7783,0.5620,0.1351,0.0407,0.1717,0.4605
ecn,touch_19,25,20,1.0000,18,gbpusd+audusd+nzdusd,330,0.5545,1.6981,-43.1667,0.2345,0.5097,0.0485,0.1087,0.5552
ecn,touch_19,25,20,1.0000,18,gbpusd+audusd+usdjpy,515,0.5379,0.6027,-41.6881,0.5620,0.3798,0.0311,0.0727,0.4757
ecn,touch_19,25,20,1.0000,18,gbpusd+nzdusd+usdjpy,525,0.5429,1.0280,-41.8020,0.5569,0.3933,0.0152,0.1854,0.4532
ecn,touch_19,25,20,1.0000,18,audusd+nzdusd+usdjpy,475,0.5474,1.3369,-41.5836,0.5167,0.2454,0.0337,0.1353,0.4556
ecn,touch_19,25,30,0.7500,12,eurusd+gbpusd+audusd,312,0.5929,0.9755,-44.2307,0.2970,0.3721,0.0577,0.0800,0.6062
ecn,touch_19,25,30,0.7500,12,eurusd+gbpusd+nzdusd,322,0.5963,1.4752,-43.8551,0.2703,0.5015,0.0435,0.1087,0.5646
ecn,touch_19,25,30,0.7500,12,eurusd+gbpusd+usdjpy,507,0.5720,-0.1702,-41.8848,0.5943,0.1712,0.0316,-0.0183,0.4809
ecn,touch_19,25,30,0.7500,12,eurusd+audusd+nzdusd,272,0.6213,3.3919,-43.8312,0.2754,0.3371,0.0882,0.1861,0.5892
ecn,touch_19,25,30,0.7500,12,eurusd+audusd+usdjpy,457,0.5842,0.7906,-41.6597,0.5664,0.0294,0.0394,0.0612,0.4859
ecn,touch_19,25,30,0.7500,12,eurusd+nzdusd+usdjpy,467,0.5867,1.1391,-41.7783,0.5620,0.1894,0.0407,0.1059,0.4605
ecn,touch_19,25,30,0.7500,12,gbpusd+audusd+nzdusd,330,0.6364,3.3042,-43.1753,0.2345,0.5262,0.0485,0.2432,0.5559
ecn,touch_19,25,30,0.7500,12,gbpusd+audusd+usdjpy,515,0.5981,1.0273,-41.6897,0.5620,0.2408,0.0311,0.1347,0.4762
ecn,touch_19,25,30,0.7500,12,gbpusd+nzdusd+usdjpy,525,0.6000,1.3328,-41.8023,0.5569,0.3761,0.0152,0.1577,0.4538
ecn,touch_19,25,30,0.7500,12,audusd+nzdusd+usdjpy,475,0.6147,2.4154,-41.5836,0.5167,0.2351,0.0337,0.2638,0.4556
ecn,touch_19,25,30,0.7500,16,eurusd+gbpusd+audusd,312,0.5769,0.5881,-44.2307,0.2970,0.3593,0.0577,0.0423,0.6062
ecn,touch_19,25,30,0.7500,16,eurusd+gbpusd+nzdusd,322,0.5776,0.4962,-43.8551,0.2703,0.3454,0.0435,0.0326,0.5646
ecn,touch_19,25,30,0.7500,16,eurusd+gbpusd+usdjpy,507,0.5720,-0.3803,-41.8848,0.5943,0.1638,0.0316,-0.0349,0.4809
ecn,touch_19,25,30,0.7500,16,eurusd+audusd+nzdusd,272,0.5882,2.1856,-43.8312,0.2754,0.2537,0.0882,0.1147,0.5892
ecn,touch_19,25,30,0.7500,16,eurusd+audusd+usdjpy,457,0.5777,0.5293,-41.6597,0.5664,0.0769,0.0394,0.0406,0.4859
ecn,touch_19,25,30,0.7500,16,eurusd+nzdusd+usdjpy,467,0.5782,0.4672,-41.7783,0.5620,0.1223,0.0407,0.0388,0.4605
ecn,touch_19,25,30,0.7500,16,gbpusd+audusd+nzdusd,330,0.6061,2.4552,-43.1753,0.2345,0.4315,0.0485,0.1462,0.5559
ecn,touch_19,25,30,0.7500,16,gbpusd+audusd+usdjpy,515,0.5903,0.8885,-41.6897,0.5620,0.2708,0.0311,0.1100,0.4762
ecn,touch_19,25,30,0.7500,16,gbpusd+nzdusd+usdjpy,525,0.5905,0.8265,-41.8023,0.5569,0.2943,0.0152,0.0897,0.4538
ecn,touch_19,25,30,0.7500,16,audusd+nzdusd+usdjpy,475,0.5979,1.8286,-41.5836,0.5167,0.2037,0.0337,0.1819,0.4556
ecn,touch_19,25,30,0.7500,18,eurusd+gbpusd+audusd,312,0.5865,0.5360,-44.2307,0.2970,0.3461,0.0577,0.0384,0.6062
ecn,touch_19,25,30,0.7500,18,eurusd+gbpusd+nzdusd,322,0.5807,0.4609,-43.8551,0.2703,0.3485,0.0435,0.0302,0.5646
ecn,touch_19,25,30,0.7500,18,eurusd+gbpusd+usdjpy,507,0.5740,-0.3488,-41.8848,0.5943,0.1433,0.0316,-0.0304,0.4809
ecn,touch_19,25,30,0.7500,18,eurusd+audusd+nzdusd,272,0.5956,1.9401,-43.8312,0.2754,0.2505,0.0882,0.0978,0.5892
ecn,touch_19,25,30,0.7500,18,eurusd+audusd+usdjpy,457,0.5821,0.4431,-41.6597,0.5664,0.0507,0.0394,0.0309,0.4859
ecn,touch_19,25,30,0.7500,18,eurusd+nzdusd+usdjpy,467,0.5782,0.3933,-41.7783,0.5620,0.1115,0.0407,0.0309,0.4605
ecn,touch_19,25,30,0.7500,18,gbpusd+audusd+nzdusd,330,0.6061,2.1795,-43.1753,0.2345,0.4367,0.0485,0.1290,0.5559
ecn,touch_19,25,30,0.7500,18,gbpusd+audusd+usdjpy,515,0.5903,0.7651,-41.6897,0.5620,0.2429,0.0311,0.0891,0.4762
ecn,touch_19,25,30,0.7500,18,gbpusd+nzdusd+usdjpy,525,0.5867,0.7147,-41.8023,0.5569,0.2808,0.0152,0.0793,0.4538
ecn,touch_19,25,30,0.7500,18,audusd+nzdusd+usdjpy,475,0.5958,1.5884,-41.5836,0.5167,0.1856,0.0337,0.1498,0.4556
ecn,touch_19,25,30,1.0000,12,eurusd+gbpusd+audusd,312,0.5032,-0.1867,-44.2307,0.2970,0.3922,0.0577,-0.0077,0.6062
ecn,touch_19,25,30,1.0000,12,eurusd+gbpusd+nzdusd,322,0.5062,-0.9413,-43.8551,0.2703,0.4216,0.0435,-0.0310,0.5646
ecn,touch_19,25,30,1.0000,12,eurusd+gbpusd+usdjpy,507,0.4931,-0.7007,-41.8848,0.5943,0.1376,0.0316,-0.0490,0.4809
ecn,touch_19,25,30,1.0000,12,eurusd+audusd+nzdusd,272,0.5368,0.5370,-43.8312,0.2754,0.2841,0.0882,0.0155,0.5892
ecn,touch_19,25,30,1.0000,12,eurusd+audusd+usdjpy,457,0.5098,0.2055,-41.6597,0.5664,0.0005,0.0394,0.0152,0.4859
ecn,touch_19,25,30,1.0000,12,eurusd+nzdusd+usdjpy,467,0.5118,-0.3232,-41.7783,0.5620,0.1199,0.0407,-0.0188,0.4605
ecn,touch_19,25,30,1.0000,12,gbpusd+audusd+nzdusd,330,0.5424,0.5363,-43.1753,0.2345,0.4427,0.0485,0.0177,0.5559
ecn,touch_19,25,30,1.0000,12,gbpusd+audusd+usdjpy,515,0.5165,0.2424,-41.6897,0.5620,0.2058,0.0311,0.0185,0.4762
ecn,touch_19,25,30,1.0000,12,gbpusd+nzdusd+usdjpy,525,0.5181,-0.2286,-41.8023,0.5569,0.2912,0.0152,-0.0131,0.4538
ecn,touch_19,25,30,1.0000,12,audusd+nzdusd+usdjpy,475,0.5368,0.6929,-41.5836,0.5167,0.1704,0.0337,0.0396,0.4556
ecn,touch_19,25,30,1.0000,16,eurusd+gbpusd+audusd,312,0.4968,-0.2303,-44.2307,0.2970,0.3804,0.0577,-0.0086,0.6062
ecn,touch_19,25,30,1.0000,16,eurusd+gbpusd+nzdusd,322,0.4814,-2.0971,-43.8551,0.2703,0.3227,0.0435,-0.0561,0.5646
ecn,touch_19,25,30,1.0000,16,eurusd+gbpusd+usdjpy,507,0.4931,-0.8090,-41.8848,0.5943,0.1572,0.0316,-0.0474,0.4809
ecn,touch_19,25,30,1.0000,16,eurusd+audusd+nzdusd,272,0.4963,-0.8044,-43.8312,0.2754,0.2471,0.0882,-0.0180,0.5892
ecn,touch_19,25,30,1.0000,16,eurusd+audusd+usdjpy,457,0.5033,0.1013,-41.6597,0.5664,0.0750,0.0394,0.0062,0.4859
ecn,touch_19,25,30,1.0000,16,eurusd+nzdusd+usdjpy,467,0.4925,-1.1930,-41.7783,0.5620,0.1043,0.0407,-0.0512,0.4605
ecn,touch_19,25,30,1.0000,16,gbpusd+audusd+nzdusd,330,0.5061,-0.4736,-43.1753,0.2345,0.3815,0.0485,-0.0128,0.5559
ecn,touch_19,25,30,1.0000,16,gbpusd+audusd+usdjpy,515,0.5087,0.2113,-41.6897,0.5620,0.2386,0.0311,0.0134,0.4762
ecn,touch_19,25,30,1.0000,16,gbpusd+nzdusd+usdjpy,525,0.4990,-0.9422,-41.8023,0.5569,0.2419,0.0152,-0.0417,0.4538
ecn,touch_19,25,30,1.0000,16,audusd+nzdusd+usdjpy,475,0.5095,-0.0803,-41.5836,0.5167,0.1703,0.0337,-0.0033,0.4556
ecn,touch_19,25,30,1.0000,18,eurusd+gbpusd+audusd,312,0.5032,-0.5637,-44.2307,0.2970,0.3838,0.0577,-0.0197,0.6062
ecn,touch_19,25,30,1.0000,18,eurusd+gbpusd+nzdusd,322,0.4845,-1.9908,-43.8551,0.2703,0.3218,0.0435,-0.0535,0.5646
ecn,touch_19,25,30,1.0000,18,eurusd+gbpusd+usdjpy,507,0.4931,-0.8016,-41.8848,0.5943,0.1289,0.0316,-0.0458,0.4809
ecn,touch_19,25,30,1.0000,18,eurusd+audusd+nzdusd,272,0.5000,-1.1932,-43.8312,0.2754,0.2547,0.0882,-0.0255,0.5892
ecn,touch_19,25,30,1.0000,18,eurusd+audusd+usdjpy,457,0.5033,-0.1968,-41.6597,0.5664,0.0638,0.0394,-0.0110,0.4859
ecn,touch_19,25,30,1.0000,18,eurusd+nzdusd+usdjpy,467,0.4904,-1.1886,-41.7783,0.5620,0.0863,0.0407,-0.0505,0.4605
ecn,touch_19,25,30,1.0000,18,gbpusd+audusd+nzdusd,330,0.5030,-0.8694,-43.1753,0.2345,0.3865,0.0485,-0.0225,0.5559
ecn,touch_19,25,30,1.0000,18,gbpusd+audusd+usdjpy,515,0.5049,-0.1015,-41.6897,0.5620,0.2249,0.0311,-0.0061,0.4762
ecn,touch_19,25,30,1.0000,18,gbpusd+nzdusd+usdjpy,525,0.4933,-0.9856,-41.8023,0.5569,0.2227,0.0152,-0.0435,0.4538
ecn,touch_19,25,30,1.0000,18,audusd+nzdusd+usdjpy,475,0.5032,-0.4230,-41.5836,0.5167,0.1603,0.0337,-0.0166,0.4556
ecn,touch_19,25,40,0.7500,12,eurusd+gbpusd+audusd,312,0.5641,0.6044,-44.2307,0.2970,0.4653,0.0577,0.0345,0.6062
ecn,touch_19,25,40,0.7500,12,eurusd+gbpusd+nzdusd,322,0.5745,0.7554,-43.8551,0.2703,0.5056,0.0435,0.0335,0.5646
ecn,touch_19,25,40,0.7500,12,eurusd+gbpusd+usdjpy,507,0.5661,0.3140,-41.8848,0.5943,0.1836,0.0316,0.0356,0.4809
ecn,touch_19,25,40,0.7500,12,eurusd+audusd+nzdusd,272,0.5919,1.8573,-43.8312,0.2754,0.3758,0.0882,0.0653,0.5892
ecn,touch_19,25,40,0.7500,12,eurusd+audusd+usdjpy,457,0.5755,0.9216,-41.6597,0.5664,0.0541,0.0394,0.0824,0.4859
ecn,touch_19,25,40,0.7500,12,eurusd+nzdusd+usdjpy,467,0.5824,1.0189,-41.7783,0.5620,0.1599,0.0407,0.0861,0.4605
ecn,touch_19,25,40,0.7500,12,gbpusd+audusd+nzdusd,330,0.6000,1.5558,-43.1753,0.2345,0.4921,0.0485,0.0614,0.5559
ecn,touch_19,25,40,0.7500,12,gbpusd+audusd+usdjpy,515,0.5825,0.8338,-41.6897,0.5620,0.2410,0.0311,0.0638,0.4762
ecn,touch_19,25,40,0.7500,12,gbpusd+nzdusd+usdjpy,525,0.5886,0.9220,-41.8023,0.5569,0.3323,0.0152,0.0691,0.4538
ecn,touch_19,25,40,0.7500,12,audusd+nzdusd+usdjpy,475,0.6000,1.5705,-41.5836,0.5167,0.2077,0.0337,0.0924,0.4556
ecn,touch_19,25,40,0.7500,16,eurusd+gbpusd+audusd,312,0.5609,0.5388,-44.2307,0.2970,0.4554,0.0577,0.0235,0.6062
ecn,touch_19,25,40,0.7500,16,eurusd+gbpusd+nzdusd,322,0.5497,-0.8295,-43.8551,0.2703,0.4073,0.0435,-0.0268,0.5646
ecn,touch_19,25,40,0.7500,16,eurusd+gbpusd+usdjpy,507,0.5720,0.2626,-41.8848,0.5943,0.2042,0.0316,0.0256,0.4809
ecn,touch_19,25,40,0.7500,16,eurusd+audusd+nzdusd,272,0.5515,0.2511,-43.8312,0.2754,0.3453,0.0882,0.0063,0.5892
ecn,touch_19,25,40,0.7500,16,eurusd+audusd+usdjpy,457,0.5755,1.0252,-41.6597,0.5664,0.1364,0.0394,0.0739,0.4859
ecn,touch_19,25,40,0.7500,16,eurusd+nzdusd+usdjpy,467,0.5675,0.0714,-41.7783,0.5620,0.1470,0.0407,0.0041,0.4605
ecn,touch_19,25,40,0.7500,16,gbpusd+audusd+nzdusd,330,0.5606,-0.0614,-43.1753,0.2345,0.4439,0.0485,-0.0017,0.5559
ecn,touch_19,25,40,0.7500,16,gbpusd+audusd+usdjpy,515,0.5786,0.7378,-41.6897,0.5620,0.2770,0.0311,0.0469,0.4762
ecn,touch_19,25,40,0.7500,16,gbpusd+nzdusd+usdjpy,525,0.5714,-0.1052,-41.8023,0.5569,0.2868,0.0152,-0.0054,0.4538
ecn,touch_19,25,40,0.7500,16,audusd+nzdusd+usdjpy,475,0.5747,0.5898,-41.5836,0.5167,0.2155,0.0337,0.0243,0.4556
ecn,touch_19,25,40,0.7500,18,eurusd+gbpusd+audusd,312,0.5833,0.5733,-44.2307,0.2970,0.4615,0.0577,0.0253,0.6062
ecn,touch_19,25,40,0.7500,18,eurusd+gbpusd+nzdusd,322,0.5714,-0.2460,-43.8551,0.2703,0.4156,0.0435,-0.0081,0.5646
ecn,touch_19,25,40,0.7500,18,eurusd+gbpusd+usdjpy,507,0.5799,0.4724,-41.8848,0.5943,0.1898,0.0316,0.0510,0.4809
ecn,touch_19,25,40,0.7500,18,eurusd+audusd+nzdusd,272,0.5699,0.3352,-43.8312,0.2754,0.3524,0.0882,0.0085,0.5892
ecn,touch_19,25,40,0.7500,18,eurusd+audusd+usdjpy,457,0.5799,0.8969,-41.6597,0.5664,0.1306,0.0394,0.0650,0.4859
ecn,touch_19,25,40,0.7500,18,eurusd+nzdusd+usdjpy,467,0.5717,0.3251,-41.7783,0.5620,0.1336,0.0407,0.0201,0.4605
ecn,touch_19,25,40,0.7500,18,gbpusd+audusd+nzdusd,330,0.5667,-0.3303,-43.1753,0.2345,0.4430,0.0485,-0.0089,0.5559
ecn,touch_19,25,40,0.7500,18,gbpusd+audusd+usdjpy,515,0.5767,0.4072,-41.6897,0.5620,0.2722,0.0311,0.0237,0.4762
ecn,touch_19,25,40,0.7500,18,gbpusd+nzdusd+usdjpy,525,0.5695,-0.0922,-41.8023,0.5569,0.2719,0.0152,-0.0047,0.4538
ecn,touch_19,25,40,0.7500,18,audusd+nzdusd+usdjpy,475,0.5684,0.2569,-41.5836,0.5167,0.2056,0.0337,0.0098,0.4556
ecn,touch_19,25,40,1.0000,12,eurusd+gbpusd+audusd,312,0.5064,0.4308,-44.2307,0.2970,0.3604,0.0577,0.0240,0.6062
ecn,touch_19,25,40,1.0000,12,eurusd+gbpusd+nzdusd,322,0.5155,0.1139,-43.8551,0.2703,0.3694,0.0435,0.0041,0.5646
ecn,touch_19,25,40,1.0000,12,eurusd+gbpusd+usdjpy,507,0.4990,-0.6770,-41.8848,0.5943,0.1705,0.0316,-0.0449,0.4809
ecn,touch_19,25,40,1.0000,12,eurusd+audusd+nzdusd,272,0.5625,2.5190,-43.8312,0.2754,0.2611,0.0882,0.0861,0.5892
ecn,touch_19,25,40,1.0000,12,eurusd+audusd+usdjpy,457,0.5252,0.6680,-41.6597,0.5664,0.0487,0.0394,0.0534,0.4859
ecn,touch_19,25,40,1.0000,12,eurusd+nzdusd+usdjpy,467,0.5310,0.4443,-41.7783,0.5620,0.1461,0.0407,0.0248,0.4605
ecn,touch_19,25,40,1.0000,12,gbpusd+audusd+nzdusd,330,0.5455,1.1790,-43.1753,0.2345,0.3771,0.0485,0.0431,0.5559
ecn,touch_19,25,40,1.0000,12,gbpusd+audusd+usdjpy,515,0.5184,0.0178,-41.6897,0.5620,0.2126,0.0311,0.0013,0.4762
ecn,touch_19,25,40,1.0000,12,gbpusd+nzdusd+usdjpy,525,0.5238,-0.1688,-41.8023,0.5569,0.2717,0.0152,-0.0084,0.4538
ecn,touch_19,25,40,1.0000,12,audusd+nzdusd+usdjpy,475,0.5516,1.1787,-41.5836,0.5167,0.1756,0.0337,0.0593,0.4556
ecn,touch_19,25,40,1.0000,16,eurusd+gbpusd+audusd,312,0.4936,0.3869,-44.2307,0.2970,0.3486,0.0577,0.0175,0.6062
ecn,touch_19,25,40,1.0000,16,eurusd+gbpusd+nzdusd,322,0.4845,-0.9329,-43.8551,0.2703,0.3431,0.0435,-0.0245,0.5646
ecn,touch_19,25,40,1.0000,16,eurusd+gbpusd+usdjpy,507,0.4990,-0.3209,-41.8848,0.5943,0.2273,0.0316,-0.0226,0.4809
ecn,touch_19,25,40,1.0000,16,eurusd+audusd+nzdusd,272,0.5074,1.1064,-43.8312,0.2754,0.2909,0.0882,0.0277,0.5892
ecn,touch_19,25,40,1.0000,16,eurusd+audusd+usdjpy,457,0.5142,0.9598,-41.6597,0.5664,0.1599,0.0394,0.0648,0.4859
ecn,touch_19,25,40,1.0000,16,eurusd+nzdusd+usdjpy,467,0.5075,0.0376,-41.7783,0.5620,0.1946,0.0407,0.0016,0.4605
ecn,touch_19,25,40,1.0000,16,gbpusd+audusd+nzdusd,330,0.4970,-0.2382,-43.1753,0.2345,0.3602,0.0485,-0.0063,0.5559
ecn,touch_19,25,40,1.0000,16,gbpusd+audusd+usdjpy,515,0.5068,0.1148,-41.6897,0.5620,0.2545,0.0311,0.0075,0.4762
ecn,touch_19,25,40,1.0000,16,gbpusd+nzdusd+usdjpy,525,0.5010,-0.6895,-41.8023,0.5569,0.2789,0.0152,-0.0273,0.4538
ecn,touch_19,25,40,1.0000,16,audusd+nzdusd+usdjpy,475,0.5158,0.5039,-41.5836,0.5167,0.2236,0.0337,0.0198,0.4556
ecn,touch_19,25,40,1.0000,18,eurusd+gbpusd+audusd,312,0.5224,0.9696,-44.2307,0.2970,0.3469,0.0577,0.0479,0.6062
ecn,touch_19,25,40,1.0000,18,eurusd+gbpusd+nzdusd,322,0.5093,-0.0887,-43.8551,0.2703,0.3435,0.0435,-0.0024,0.5646
ecn,touch_19,25,40,1.0000,18,eurusd+gbpusd+usdjpy,507,0.5049,0.0583,-41.8848,0.5943,0.2068,0.0316,0.0044,0.4809
ecn,touch_19,25,40,1.0000,18,eurusd+audusd+nzdusd,272,0.5368,1.8831,-43.8312,0.2754,0.3069,0.0882,0.0492,0.5892
ecn,touch_19,25,40,1.0000,18,eurusd+audusd+usdjpy,457,0.5208,1.2479,-41.6597,0.5664,0.1543,0.0394,0.0921,0.4859
ecn,touch_19,25,40,1.0000,18,eurusd+nzdusd+usdjpy,467,0.5118,0.5123,-41.7783,0.5620,0.1925,0.0407,0.0232,0.4605
ecn,touch_19,25,40,1.0000,18,gbpusd+audusd+nzdusd,330,0.5121,0.0245,-43.1753,0.2345,0.3760,0.0485,0.0006,0.5559
ecn,touch_19,25,40,1.0000,18,gbpusd+audusd+usdjpy,515,0.5068,0.1285,-41.6897,0.5620,0.2619,0.0311,0.0080,0.4762
ecn,touch_19,25,40,1.0000,18,gbpusd+nzdusd+usdjpy,525,0.4990,-0.5046,-41.8023,0.5569,0.2824,0.0152,-0.0204,0.4538
ecn,touch_19,25,40,1.0000,18,audusd+nzdusd+usdjpy,475,0.5137,0.5807,-41.5836,0.5167,0.2360,0.0337,0.0226,0.4556
ecn,touch_19,30,20,0.7500,12,eurusd+gbpusd+audusd,217,0.6083,1.1409,-45.4573,0.2883,0.0461,0.0876,0.1953,0.6257
ecn,touch_19,30,20,0.7500,12,eurusd+gbpusd+nzdusd,219,0.5936,0.3671,-44.3552,0.3353,0.3951,0.0639,0.0247,0.5746
ecn,touch_19,30,20,0.7500,12,eurusd+gbpusd+usdjpy,358,0.5894,-0.0583,-41.9242,0.5635,0.0977,0.0670,-0.0086,0.4947
ecn,touch_19,30,20,0.7500,12,eurusd+audusd+nzdusd,180,0.6222,2.0080,-44.3490,0.3398,0.0842,0.1000,0.1833,0.5781
ecn,touch_19,30,20,0.7500,12,eurusd+audusd+usdjpy,319,0.6050,0.8156,-41.7568,0.4968,-0.2806,0.0439,0.1203,0.4870
ecn,touch_19,30,20,0.7500,12,eurusd+nzdusd+usdjpy,321,0.5950,0.2897,-41.7786,0.5644,0.1318,0.0343,0.0483,0.4536
ecn,touch_19,30,20,0.7500,12,gbpusd+audusd+nzdusd,224,0.6205,1.4777,-44.0456,0.2504,0.3173,0.0804,0.1982,0.5758
ecn,touch_19,30,20,0.7500,12,gbpusd+audusd+usdjpy,363,0.6061,0.6330,-41.7739,0.5030,-0.0228,0.0358,0.0962,0.4962
ecn,touch_19,30,20,0.7500,12,gbpusd+nzdusd+usdjpy,365,0.5973,0.1714,-41.7454,0.5494,0.3521,0.0219,0.0327,0.4665
ecn,touch_19,30,20,0.7500,12,audusd+nzdusd+usdjpy,326,0.6135,1.0540,-41.6031,0.4756,0.0224,0.0429,0.2403,0.4555
ecn,touch_19,30,20,0.7500,16,eurusd+gbpusd+audusd,217,0.6129,1.1897,-45.4573,0.2883,0.0332,0.0876,0.2036,0.6257
ecn,touch_19,30,20,0.7500,16,eurusd+gbpusd+nzdusd,219,0.6027,0.3947,-44.3552,0.3353,0.3696,0.0639,0.0274,0.5746
ecn,touch_19,30,20,0.7500,16,eurusd+gbpusd+usdjpy,358,0.5922,-0.0382,-41.9242,0.5635,0.0929,0.0670,-0.0056,0.4947
ecn,touch_19,30,20,0.7500,16,eurusd+audusd+nzdusd,180,0.6333,2.0606,-44.3490,0.3398,0.0376,0.1000,0.1925,0.5781
ecn,touch_19,30,20,0.7500,16,eurusd+audusd+usdjpy,319,0.6082,0.8488,-41.7568,0.4968,-0.2918,0.0439,0.1252,0.4870
ecn,touch_19,30,20,0.7500,16,eurusd+nzdusd+usdjpy,321,0.6012,0.3086,-41.7786,0.5644,0.0928,0.0343,0.0515,0.4536
ecn,touch_19,30,20,0.7500,16,gbpusd+audusd+nzdusd,224,0.6250,1.4880,-44.0456,0.2504,0.2851,0.0804,0.2000,0.5758
ecn,touch_19,30,20,0.7500,16,gbpusd+audusd+usdjpy,363,0.6061,0.6424,-41.7739,0.5030,-0.0291,0.0358,0.0976,0.4962
ecn,touch_19,30,20,0.7500,16,gbpusd+nzdusd+usdjpy,365,0.6000,0.1684,-41.7454,0.5494,0.3251,0.0219,0.0326,0.4665
ecn,touch_19,30,20,0.7500,16,audusd+nzdusd+usdjpy,326,0.6166,1.0611,-41.6031,0.4756,-0.0205,0.0429,0.2630,0.4555
ecn,touch_19,30,20,0.7500,18,eurusd+gbpusd+audusd,217,0.6221,1.2455,-45.4573,0.2883,0.0235,0.0876,0.2132,0.6257
ecn,touch_19,30,20,0.7500,18,eurusd+gbpusd+nzdusd,219,0.6027,0.5316,-44.3552,0.3353,0.3889,0.0639,0.0374,0.5746
ecn,touch_19,30,20,0.7500,18,eurusd+gbpusd+usdjpy,358,0.5950,-0.0012,-41.9242,0.5635,0.1072,0.0670,-0.0002,0.4947
ecn,touch_19,30,20,0.7500,18,eurusd+audusd+nzdusd,180,0.6389,2.2207,-44.3490,0.3398,0.0368,0.1000,0.2186,0.5781
ecn,touch_19,30,20,0.7500,18,eurusd+audusd+usdjpy,319,0.6144,0.8868,-41.7568,0.4968,-0.2955,0.0439,0.1308,0.4870
ecn,touch_19,30,20,0.7500,18,eurusd+nzdusd+usdjpy,321,0.6012,0.4020,-41.7786,0.5644,0.1155,0.0343,0.0670,0.4536
ecn,touch_19,30,20,0.7500,18,gbpusd+audusd+nzdusd,224,0.6250,1.5574,-44.0456,0.2504,0.2707,0.0804,0.2093,0.5758
ecn,touch_19,30,20,0.7500,18,gbpusd+audusd+usdjpy,363,0.6088,0.6392,-41.7739,0.5030,-0.0524,0.0358,0.0971,0.4962
ecn,touch_19,30,20,0.7500,18,gbpusd+nzdusd+usdjpy,365,0.5973,0.2142,-41.7454,0.5494,0.3339,0.0219,0.0458,0.4665
ecn,touch_19,30,20,0.7500,18,audusd+nzdusd+usdjpy,326,0.6166,1.1088,-41.6031,0.4756,-0.0362,0.0429,0.2673,0.4555
ecn,touch_19,30,20,1.0000,12,eurusd+gbpusd+audusd,217,0.5438,1.1073,-45.4573,0.2883,0.4082,0.0876,0.0953,0.6257
ecn,touch_19,30,20,1.0000,12,eurusd+gbpusd+nzdusd,219,0.5479,1.3357,-44.3552,0.3353,0.3854,0.0639,0.1175,0.5746
ecn,touch_19,30,20,1.0000,12,eurusd+gbpusd+usdjpy,358,0.5279,0.2943,-41.9242,0.5635,0.2991,0.0670,0.0434,0.4947
ecn,touch_19,30,20,1.0000,12,eurusd+audusd+nzdusd,180,0.5444,1.7262,-44.3490,0.3398,0.1909,0.1000,0.0934,0.5781
ecn,touch_19,30,20,1.0000,12,eurusd+audusd+usdjpy,319,0.5235,0.3873,-41.7568,0.4968,0.0783,0.0439,0.0454,0.4870
ecn,touch_19,30,20,1.0000,12,eurusd+nzdusd+usdjpy,321,0.5265,0.5477,-41.7786,0.5644,0.1665,0.0343,0.0697,0.4536
ecn,touch_19,30,20,1.0000,12,gbpusd+audusd+nzdusd,224,0.5625,1.8592,-44.0456,0.2504,0.4128,0.0804,0.1485,0.5758
ecn,touch_19,30,20,1.0000,12,gbpusd+audusd+usdjpy,363,0.5372,0.6317,-41.7739,0.5030,0.3740,0.0358,0.1062,0.4962
ecn,touch_19,30,20,1.0000,12,gbpusd+nzdusd+usdjpy,365,0.5397,0.7714,-41.7454,0.5494,0.3934,0.0219,0.1606,0.4665
ecn,touch_19,30,20,1.0000,12,audusd+nzdusd+usdjpy,326,0.5368,0.9195,-41.6031,0.4756,0.1907,0.0429,0.1236,0.4555
ecn,touch_19,30,20,1.0000,16,eurusd+gbpusd+audusd,217,0.5484,1.0903,-45.4573,0.2883,0.4133,0.0876,0.0956,0.6257
ecn,touch_19,30,20,1.0000,16,eurusd+gbpusd+nzdusd,219,0.5571,1.4958,-44.3552,0.3353,0.3432,0.0639,0.1316,0.5746
ecn,touch_19,30,20,1.0000,16,eurusd+gbpusd+usdjpy,358,0.5307,0.3044,-41.9242,0.5635,0.3015,0.0670,0.0449,0.4947
ecn,touch_19,30,20,1.0000,16,eurusd+audusd+nzdusd,180,0.5556,1.7302,-44.3490,0.3398,0.1622,0.1000,0.0949,0.5781
ecn,touch_19,30,20,1.0000,16,eurusd+audusd+usdjpy,319,0.5266,0.2910,-41.7568,0.4968,0.1011,0.0439,0.0324,0.4870
ecn,touch_19,30,20,1.0000,16,eurusd+nzdusd+usdjpy,321,0.5327,0.5726,-41.7786,0.5644,0.1294,0.0343,0.0806,0.4536
ecn,touch_19,30,20,1.0000,16,gbpusd+audusd+nzdusd,224,0.5670,1.8535,-44.0456,0.2504,0.3883,0.0804,0.1505,0.5758
ecn,touch_19,30,20,1.0000,16,gbpusd+audusd+usdjpy,363,0.5372,0.5415,-41.7739,0.5030,0.3929,0.0358,0.0854,0.4962
ecn,touch_19,30,20,1.0000,16,gbpusd+nzdusd+usdjpy,365,0.5425,0.7878,-41.7454,0.5494,0.3657,0.0219,0.1685,0.4665
ecn,touch_19,30,20,1.0000,16,audusd+nzdusd+usdjpy,326,0.5399,0.8325,-41.6031,0.4756,0.1724,0.0429,0.1086,0.4555
ecn,touch_19,30,20,1.0000,18,eurusd+gbpusd+audusd,217,0.5576,1.1839,-45.4573,0.2883,0.3920,0.0876,0.1080,0.6257
ecn,touch_19,30,20,1.0000,18,eurusd+gbpusd+nzdusd,219,0.5571,1.6688,-44.3552,0.3353,0.3532,0.0639,0.1468,0.5746
ecn,touch_19,30,20,1.0000,18,eurusd+gbpusd+usdjpy,358,0.5335,0.3374,-41.9242,0.5635,0.3105,0.0670,0.0498,0.4947
ecn,touch_19,30,20,1.0000,18,eurusd+audusd+nzdusd,180,0.5611,1.9798,-44.3490,0.3398,0.1514,0.1000,0.1119,0.5781
ecn,touch_19,30,20,1.0000,18,eurusd+audusd+usdjpy,319,0.5329,0.3501,-41.7568,0.4968,0.0800,0.0439,0.0390,0.4870
ecn,touch_19,30,20,1.0000,18,eurusd+nzdusd+usdjpy,321,0.5327,0.6861,-41.7786,0.5644,0.1454,0.0343,0.0951,0.4536
ecn,touch_19,30,20,1.0000,18,gbpusd+audusd+nzdusd,224,0.5670,1.9948,-44.0456,0.2504,0.3702,0.0804,0.1679,0.5758
ecn,touch_19,30,20,1.0000,18,gbpusd+audusd+usdjpy,363,0.5399,0.5569,-41.7739,0.5030,0.3628,0.0358,0.0878,0.4962
ecn,touch_19,30,20,1.0000,18,gbpusd+nzdusd+usdjpy,365,0.5397,0.8513,-41.7454,0.5494,0.3693,0.0219,0.1821,0.4665
ecn,touch_19,30,20,1.0000,18,audusd+nzdusd+usdjpy,326,0.5399,0.9252,-41.6031,0.4756,0.1524,0.0429,0.1211,0.4555
ecn,touch_19,30,30,0.7500,12,eurusd+gbpusd+audusd,217,0.6129,1.6974,-45.4766,0.2883,0.4345,0.0876,0.1246,0.6266
ecn,touch_19,30,30,0.7500,12,eurusd+gbpusd+nzdusd,219,0.6210,2.7507,-44.3700,0.3353,0.5247,0.0639,0.2081,0.5755
ecn,touch_19,30,30,0.7500,12,eurusd+gbpusd+usdjpy,358,0.5950,0.4911,-41.9280,0.5635,0.3481,0.0670,0.0625,0.4954
ecn,touch_19,30,30,0.7500,12,eurusd+audusd+nzdusd,180,0.6167,3.5470,-44.3490,0.3398,0.2736,0.1000,0.1624,0.5781
ecn,touch_19,30,30,0.7500,12,eurusd+audusd+usdjpy,319,0.5893,0.6642,-41.7568,0.4968,0.0132,0.0439,0.0525,0.4870
ecn,touch_19,30,30,0.7500,12,eurusd+nzdusd+usdjpy,321,0.5950,1.3892,-41.7786,0.5644,0.1943,0.0343,0.1039,0.4536
ecn,touch_19,30,30,0.7500,12,gbpusd+audusd+nzdusd,224,0.6473,4.0200,-44.0603,0.2504,0.4550,0.0804,0.3029,0.5768
ecn,touch_19,30,30,0.7500,12,gbpusd+audusd+usdjpy,363,0.6116,1.3055,-41.7778,0.5030,0.2972,0.0358,0.1717,0.4969
ecn,touch_19,30,30,0.7500,12,gbpusd+nzdusd+usdjpy,365,0.6164,1.9396,-41.7470,0.5494,0.4300,0.0219,0.2267,0.4672
ecn,touch_19,30,30,0.7500,12,audusd+nzdusd+usdjpy,326,0.6135,2.2822,-41.6031,0.4756,0.1568,0.0429,0.1771,0.4555
ecn,touch_19,30,30,0.7500,16,eurusd+gbpusd+audusd,217,0.6037,1.4388,-45.4766,0.2883,0.3918,0.0876,0.0952,0.6266
ecn,touch_19,30,30,0.7500,16,eurusd+gbpusd+nzdusd,219,0.6256,2.4673,-44.3700,0.3353,0.4485,0.0639,0.1872,0.5755
ecn,touch_19,30,30,0.7500,16,eurusd+gbpusd+usdjpy,358,0.5922,0.3681,-41.9280,0.5635,0.3351,0.0670,0.0415,0.4954
ecn,touch_19,30,30,0.7500,16,eurusd+audusd+nzdusd,180,0.6111,2.9573,-44.3490,0.3398,0.2385,0.1000,0.1419,0.5781
ecn,touch_19,30,30,0.7500,16,eurusd+audusd+usdjpy,319,0.5799,0.3879,-41.7568,0.4968,0.0434,0.0439,0.0299,0.4870
ecn,touch_19,30,30,0.7500,16,eurusd+nzdusd+usdjpy,321,0.5950,1.0962,-41.7786,0.5644,0.1787,0.0343,0.0814,0.4536
ecn,touch_19,30,30,0.7500,16,gbpusd+audusd+nzdusd,224,0.6429,3.5952,-44.0603,0.2504,0.3920,0.0804,0.2862,0.5768
ecn,touch_19,30,30,0.7500,16,gbpusd+audusd+usdjpy,363,0.6033,1.0930,-41.7778,0.5030,0.2896,0.0358,0.1461,0.4969
ecn,touch_19,30,30,0.7500,16,gbpusd+nzdusd+usdjpy,365,0.6164,1.7121,-41.7470,0.5494,0.3842,0.0219,0.2078,0.4672
ecn,touch_19,30,30,0.7500,16,audusd+nzdusd+usdjpy,326,0.6074,1.8922,-41.6031,0.4756,0.1371,0.0429,0.1526,0.4555
ecn,touch_19,30,30,0.7500,18,eurusd+gbpusd+audusd,217,0.6175,1.6856,-45.4766,0.2883,0.3884,0.0876,0.1083,0.6266
ecn,touch_19,30,30,0.7500,18,eurusd+gbpusd+nzdusd,219,0.6301,2.7909,-44.3700,0.3353,0.4598,0.0639,0.2165,0.5755
ecn,touch_19,30,30,0.7500,18,eurusd+gbpusd+usdjpy,358,0.5978,0.5201,-41.9280,0.5635,0.3317,0.0670,0.0586,0.4954
ecn,touch_19,30,30,0.7500,18,eurusd+audusd+nzdusd,180,0.6222,3.3082,-44.3490,0.3398,0.2584,0.1000,0.1573,0.5781
ecn,touch_19,30,30,0.7500,18,eurusd+audusd+usdjpy,319,0.5893,0.5344,-41.7568,0.4968,0.0522,0.0439,0.0405,0.4870
ecn,touch_19,30,30,0.7500,18,eurusd+nzdusd+usdjpy,321,0.5981,1.2957,-41.7786,0.5644,0.1961,0.0343,0.0977,0.4536
ecn,touch_19,30,30,0.7500,18,gbpusd+audusd+nzdusd,224,0.6429,3.8176,-44.0603,0.2504,0.3923,0.0804,0.2899,0.5768
ecn,touch_19,30,30,0.7500,18,gbpusd+audusd+usdjpy,363,0.6061,1.1850,-41.7778,0.5030,0.2774,0.0358,0.1528,0.4969
ecn,touch_19,30,30,0.7500,18,gbpusd+nzdusd+usdjpy,365,0.6137,1.8509,-41.7470,0.5494,0.3860,0.0219,0.2219,0.4672
ecn,touch_19,30,30,0.7500,18,audusd+nzdusd+usdjpy,326,0.6074,2.0241,-41.6031,0.4756,0.1465,0.0429,0.1579,0.4555
ecn,touch_19,30,30,1.0000,12,eurusd+gbpusd+audusd,217,0.5392,1.3819,-45.4766,0.2883,0.4869,0.0876,0.1136,0.6266
ecn,touch_19,30,30,1.0000,12,eurusd+gbpusd+nzdusd,219,0.5479,2.0933,-44.3700,0.3353,0.5204,0.0639,0.1453,0.5755
ecn,touch_19,30,30,1.0000,12,eurusd+gbpusd+usdjpy,358,0.5279,0.7155,-41.9280,0.5635,0.3207,0.0670,0.0965,0.4954
ecn,touch_19,30,30,1.0000,12,eurusd+audusd+nzdusd,180,0.5500,2.5173,-44.3490,0.3398,0.3336,0.1000,0.1095,0.5781
ecn,touch_19,30,30,1.0000,12,eurusd+audusd+usdjpy,319,0.5266,0.7862,-41.7568,0.4968,0.0820,0.0439,0.0718,0.4870
ecn,touch_19,30,30,1.0000,12,eurusd+nzdusd+usdjpy,321,0.5327,1.2753,-41.7786,0.5644,0.1751,0.0343,0.0995,0.4536
ecn,touch_19,30,30,1.0000,12,gbpusd+audusd+nzdusd,224,0.5759,3.2811,-44.0603,0.2504,0.4828,0.0804,0.2278,0.5768
ecn,touch_19,30,30,1.0000,12,gbpusd+audusd+usdjpy,363,0.5455,1.4674,-41.7778,0.5030,0.2999,0.0358,0.1662,0.4969
ecn,touch_19,30,30,1.0000,12,gbpusd+nzdusd+usdjpy,365,0.5507,1.8938,-41.7470,0.5494,0.3856,0.0219,0.1964,0.4672
ecn,touch_19,30,30,1.0000,12,audusd+nzdusd+usdjpy,326,0.5521,2.1040,-41.6031,0.4756,0.1826,0.0429,0.1503,0.4555
ecn,touch_19,30,30,1.0000,16,eurusd+gbpusd+audusd,217,0.5253,0.8264,-45.4766,0.2883,0.4269,0.0876,0.0560,0.6266
ecn,touch_19,30,30,1.0000,16,eurusd+gbpusd+nzdusd,219,0.5342,1.0269,-44.3700,0.3353,0.4245,0.0639,0.0639,0.5755
ecn,touch_19,30,30,1.0000,16,eurusd+gbpusd+usdjpy,358,0.5223,0.4822,-41.9280,0.5635,0.2530,0.0670,0.0552,0.4954
ecn,touch_19,30,30,1.0000,16,eurusd+audusd+nzdusd,180,0.5222,1.0328,-44.3490,0.3398,0.3008,0.1000,0.0410,0.5781
ecn,touch_19,30,30,1.0000,16,eurusd+audusd+usdjpy,319,0.5141,0.4189,-41.7568,0.4968,0.1020,0.0439,0.0359,0.4870
ecn,touch_19,30,30,1.0000,16,eurusd+nzdusd+usdjpy,321,0.5202,0.5583,-41.7786,0.5644,0.1533,0.0343,0.0393,0.4536
ecn,touch_19,30,30,1.0000,16,gbpusd+audusd+nzdusd,224,0.5580,2.2932,-44.0603,0.2504,0.4266,0.0804,0.1325,0.5768
ecn,touch_19,30,30,1.0000,16,gbpusd+audusd+usdjpy,363,0.5372,1.2711,-41.7778,0.5030,0.2813,0.0358,0.1534,0.4969
ecn,touch_19,30,30,1.0000,16,gbpusd+nzdusd+usdjpy,365,0.5425,1.3890,-41.7470,0.5494,0.3336,0.0219,0.1489,0.4672
ecn,touch_19,30,30,1.0000,16,audusd+nzdusd+usdjpy,326,0.5368,1.4355,-41.6031,0.4756,0.1825,0.0429,0.1100,0.4555
ecn,touch_19,30,30,1.0000,18,eurusd+gbpusd+audusd,217,0.5300,1.0716,-45.4766,0.2883,0.4573,0.0876,0.0749,0.6266
ecn,touch_19,30,30,1.0000,18,eurusd+gbpusd+nzdusd,219,0.5297,1.3706,-44.3700,0.3353,0.4390,0.0639,0.0947,0.5755
ecn,touch_19,30,30,1.0000,18,eurusd+gbpusd+usdjpy,358,0.5251,0.5800,-41.9280,0.5635,0.2465,0.0670,0.0647,0.4954
ecn,touch_19,30,30,1.0000,18,eurusd+audusd+nzdusd,180,0.5222,1.5624,-44.3490,0.3398,0.3262,0.1000,0.0652,0.5781
ecn,touch_19,30,30,1.0000,18,eurusd+audusd+usdjpy,319,0.5204,0.5916,-41.7568,0.4968,0.1143,0.0439,0.0511,0.4870
ecn,touch_19,30,30,1.0000,18,eurusd+nzdusd+usdjpy,321,0.5202,0.7986,-41.7786,0.5644,0.1596,0.0343,0.0596,0.4536
ecn,touch_19,30,30,1.0000,18,gbpusd+audusd+nzdusd,224,0.5446,2.5192,-44.0603,0.2504,0.4410,0.0804,0.1544,0.5768
ecn,touch_19,30,30,1.0000,18,gbpusd+audusd+usdjpy,363,0.5344,1.2997,-41.7778,0.5030,0.2887,0.0358,0.1518,0.4969
ecn,touch_19,30,30,1.0000,18,gbpusd+nzdusd+usdjpy,365,0.5342,1.4778,-41.7470,0.5494,0.3293,0.0219,0.1568,0.4672
ecn,touch_19,30,30,1.0000,18,audusd+nzdusd+usdjpy,326,0.5307,1.5966,-41.6031,0.4756,0.1888,0.0429,0.1173,0.4555
ecn,touch_19,30,40,0.7500,12,eurusd+gbpusd+audusd,217,0.5991,2.2999,-45.4766,0.2883,0.5260,0.0876,0.1348,0.6266
ecn,touch_19,30,40,0.7500,12,eurusd+gbpusd+nzdusd,219,0.6073,3.1973,-44.3700,0.3353,0.5796,0.0639,0.2855,0.5755
ecn,touch_19,30,40,0.7500,12,eurusd+gbpusd+usdjpy,358,0.5866,1.1803,-41.9280,0.5635,0.4059,0.0670,0.2034,0.4954
ecn,touch_19,30,40,0.7500,12,eurusd+audusd+nzdusd,180,0.6056,3.7055,-44.3490,0.3398,0.4147,0.1000,0.1374,0.5781
ecn,touch_19,30,40,0.7500,12,eurusd+audusd+usdjpy,319,0.5831,1.2205,-41.7568,0.4968,0.1683,0.0439,0.0923,0.4870
ecn,touch_19,30,40,0.7500,12,eurusd+nzdusd+usdjpy,321,0.5888,1.8395,-41.7786,0.5644,0.2895,0.0343,0.1920,0.4536
ecn,touch_19,30,40,0.7500,12,gbpusd+audusd+nzdusd,224,0.6295,3.8824,-44.0603,0.2504,0.5207,0.0804,0.1995,0.5768
ecn,touch_19,30,40,0.7500,12,gbpusd+audusd+usdjpy,363,0.6006,1.6308,-41.7778,0.5030,0.3293,0.0358,0.1628,0.4969
ecn,touch_19,30,40,0.7500,12,gbpusd+nzdusd+usdjpy,365,0.6055,2.1730,-41.7470,0.5494,0.4817,0.0219,0.2802,0.4672
ecn,touch_19,30,40,0.7500,12,audusd+nzdusd+usdjpy,326,0.6043,2.3311,-41.6031,0.4756,0.2606,0.0429,0.1329,0.4555
ecn,touch_19,30,40,0.7500,16,eurusd+gbpusd+audusd,217,0.5853,1.4146,-45.4766,0.2883,0.5005,0.0876,0.0664,0.6266
ecn,touch_19,30,40,0.7500,16,eurusd+gbpusd+nzdusd,219,0.5936,1.7460,-44.3700,0.3353,0.5066,0.0639,0.0766,0.5755
ecn,touch_19,30,40,0.7500,16,eurusd+gbpusd+usdjpy,358,0.5894,1.1176,-41.9280,0.5635,0.3027,0.0670,0.1885,0.4954
ecn,touch_19,30,40,0.7500,16,eurusd+audusd+nzdusd,180,0.5722,1.3727,-44.3490,0.3398,0.4183,0.1000,0.0337,0.5781
ecn,touch_19,30,40,0.7500,16,eurusd+audusd+usdjpy,319,0.5768,0.8301,-41.7568,0.4968,0.1914,0.0439,0.0487,0.4870
ecn,touch_19,30,40,0.7500,16,eurusd+nzdusd+usdjpy,321,0.5826,1.0598,-41.7786,0.5644,0.2475,0.0343,0.0754,0.4536
ecn,touch_19,30,40,0.7500,16,gbpusd+audusd+nzdusd,224,0.6027,2.0791,-44.0603,0.2504,0.5334,0.0804,0.0703,0.5768
ecn,touch_19,30,40,0.7500,16,gbpusd+audusd+usdjpy,363,0.5950,1.3317,-41.7778,0.5030,0.3415,0.0358,0.1051,0.4969
ecn,touch_19,30,40,0.7500,16,gbpusd+nzdusd+usdjpy,365,0.6000,1.5310,-41.7470,0.5494,0.4494,0.0219,0.1471,0.4672
ecn,touch_19,30,40,0.7500,16,audusd+nzdusd+usdjpy,326,0.5890,1.2992,-41.6031,0.4756,0.2911,0.0429,0.0566,0.4555
ecn,touch_19,30,40,0.7500,18,eurusd+gbpusd+audusd,217,0.5945,1.7882,-45.4766,0.2883,0.5287,0.0876,0.0879,0.6266
ecn,touch_19,30,40,0.7500,18,eurusd+gbpusd+nzdusd,219,0.5936,2.1247,-44.3700,0.3353,0.5223,0.0639,0.0901,0.5755
ecn,touch_19,30,40,0.7500,18,eurusd+gbpusd+usdjpy,358,0.5950,1.2166,-41.9280,0.5635,0.3098,0.0670,0.2318,0.4954
ecn,touch_19,30,40,0.7500,18,eurusd+audusd+nzdusd,180,0.5722,2.0113,-44.3490,0.3398,0.4385,0.1000,0.0517,0.5781
ecn,touch_19,30,40,0.7500,18,eurusd+audusd+usdjpy,319,0.5831,1.0416,-41.7568,0.4968,0.2056,0.0439,0.0649,0.4870
ecn,touch_19,30,40,0.7500,18,eurusd+nzdusd+usdjpy,321,0.5826,1.2758,-41.7786,0.5644,0.2577,0.0343,0.0957,0.4536
ecn,touch_19,30,40,0.7500,18,gbpusd+audusd+nzdusd,224,0.5938,2.2722,-44.0603,0.2504,0.5359,0.0804,0.0809,0.5768
ecn,touch_19,30,40,0.7500,18,gbpusd+audusd+usdjpy,363,0.5950,1.3201,-41.7778,0.5030,0.3361,0.0358,0.1120,0.4969
ecn,touch_19,30,40,0.7500,18,gbpusd+nzdusd+usdjpy,365,0.5945,1.5246,-41.7470,0.5494,0.4408,0.0219,0.1526,0.4672
ecn,touch_19,30,40,0.7500,18,audusd+nzdusd+usdjpy,326,0.5828,1.3902,-41.6031,0.4756,0.2875,0.0429,0.0644,0.4555
ecn,touch_19,30,40,1.0000,12,eurusd+gbpusd+audusd,217,0.5253,1.8280,-45.4766,0.2883,0.4438,0.0876,0.0892,0.6266
ecn,touch_19,30,40,1.0000,12,eurusd+gbpusd+nzdusd,219,0.5297,2.0108,-44.3700,0.3353,0.5118,0.0639,0.0956,0.5755
ecn,touch_19,30,40,1.0000,12,eurusd+gbpusd+usdjpy,358,0.5000,-0.3677,-41.9280,0.5635,0.3381,0.0670,-0.0275,0.4954
ecn,touch_19,30,40,1.0000,12,eurusd+audusd+nzdusd,180,0.5556,3.4962,-44.3490,0.3398,0.2795,0.1000,0.1101,0.5781
ecn,touch_19,30,40,1.0000,12,eurusd+audusd+usdjpy,319,0.5110,0.1796,-41.7568,0.4968,0.0976,0.0439,0.0104,0.4870
ecn,touch_19,30,40,1.0000,12,eurusd+nzdusd+usdjpy,321,0.5140,0.3146,-41.7786,0.5644,0.1747,0.0343,0.0172,0.4536
ecn,touch_19,30,40,1.0000,12,gbpusd+audusd+nzdusd,224,0.5625,3.3724,-44.0603,0.2504,0.4568,0.0804,0.1495,0.5768
ecn,touch_19,30,40,1.0000,12,gbpusd+audusd+usdjpy,363,0.5207,0.5052,-41.7778,0.5030,0.2909,0.0358,0.0372,0.4969
ecn,touch_19,30,40,1.0000,12,gbpusd+nzdusd+usdjpy,365,0.5233,0.6222,-41.7470,0.5494,0.3905,0.0219,0.0406,0.4672
ecn,touch_19,30,40,1.0000,12,audusd+nzdusd+usdjpy,326,0.5368,1.2762,-41.6031,0.4756,0.1817,0.0429,0.0572,0.4555
ecn,touch_19,30,40,1.0000,16,eurusd+gbpusd+audusd,217,0.5161,1.7778,-45.4766,0.2883,0.4123,0.0876,0.0888,0.6266
ecn,touch_19,30,40,1.0000,16,eurusd+gbpusd+nzdusd,219,0.5160,1.4003,-44.3700,0.3353,0.4817,0.0639,0.0491,0.5755
ecn,touch_19,30,40,1.0000,16,eurusd+gbpusd+usdjpy,358,0.5056,0.0601,-41.9280,0.5635,0.3075,0.0670,0.0053,0.4954
ecn,touch_19,30,40,1.0000,16,eurusd+audusd+nzdusd,180,0.5167,1.8850,-44.3490,0.3398,0.3654,0.1000,0.0459,0.5781
ecn,touch_19,30,40,1.0000,16,eurusd+audusd+usdjpy,319,0.5047,0.1697,-41.7568,0.4968,0.1822,0.0439,0.0094,0.4870
ecn,touch_19,30,40,1.0000,16,eurusd+nzdusd+usdjpy,321,0.5047,-0.0778,-41.7786,0.5644,0.2443,0.0343,-0.0035,0.4536
ecn,touch_19,30,40,1.0000,16,gbpusd+audusd+nzdusd,224,0.5357,2.4583,-44.0603,0.2504,0.4778,0.0804,0.0783,0.5768
ecn,touch_19,30,40,1.0000,16,gbpusd+audusd+usdjpy,363,0.5179,0.7314,-41.7778,0.5030,0.2932,0.0358,0.0492,0.4969
ecn,touch_19,30,40,1.0000,16,gbpusd+nzdusd+usdjpy,365,0.5178,0.5107,-41.7470,0.5494,0.4004,0.0219,0.0273,0.4672
ecn,touch_19,30,40,1.0000,16,audusd+nzdusd+usdjpy,326,0.5184,0.6719,-41.6031,0.4756,0.2677,0.0429,0.0254,0.4555
ecn,touch_19,30,40,1.0000,18,eurusd+gbpusd+audusd,217,0.5300,2.5122,-45.4766,0.2883,0.4417,0.0876,0.1371,0.6266
ecn,touch_19,30,40,1.0000,18,eurusd+gbpusd+nzdusd,219,0.5251,2.3276,-44.3700,0.3353,0.4887,0.0639,0.0862,0.5755
ecn,touch_19,30,40,1.0000,18,eurusd+gbpusd+usdjpy,358,0.5112,0.3681,-41.9280,0.5635,0.2869,0.0670,0.0361,0.4954
ecn,touch_19,30,40,1.0000,18,eurusd+audusd+nzdusd,180,0.5222,3.2824,-44.3490,0.3398,0.4066,0.1000,0.0837,0.5781
ecn,touch_19,30,40,1.0000,18,eurusd+audusd+usdjpy,319,0.5078,0.6673,-41.7568,0.4968,0.1942,0.0439,0.0376,0.4870
ecn,touch_19,30,40,1.0000,18,eurusd+nzdusd+usdjpy,321,0.5047,0.5529,-41.7786,0.5644,0.2548,0.0343,0.0262,0.4536
ecn,touch_19,30,40,1.0000,18,gbpusd+audusd+nzdusd,224,0.5357,3.2623,-44.0603,0.2504,0.5113,0.0804,0.1090,0.5768
ecn,touch_19,30,40,1.0000,18,gbpusd+audusd+usdjpy,363,0.5179,0.9719,-41.7778,0.5030,0.3125,0.0358,0.0694,0.4969
ecn,touch_19,30,40,1.0000,18,gbpusd+nzdusd+usdjpy,365,0.5151,0.8696,-41.7470,0.5494,0.4146,0.0219,0.0501,0.4672
ecn,touch_19,30,40,1.0000,18,audusd+nzdusd+usdjpy,326,0.5123,1.2224,-41.6031,0.4756,0.2985,0.0429,0.0488,0.4555
ecn,touch_19,40,20,0.7500,12,eurusd+gbpusd+audusd,124,0.6452,1.3927,-45.5172,0.2822,0.3228,0.0323,0.1060,0.6319
ecn,touch_19,40,20,0.7500,12,eurusd+gbpusd+nzdusd,117,0.6581,2.0841,-44.8481,0.2665,0.3578,0.0171,0.2611,0.5803
ecn,touch_19,40,20,0.7500,12,eurusd+gbpusd+usdjpy,200,0.6350,1.0158,-42.3047,0.5634,0.1948,0.0450,0.1623,0.5394
ecn,touch_19,40,20,0.7500,12,eurusd+audusd+nzdusd,93,0.6237,1.2469,-45.1854,0.3267,0.1390,0.0645,0.0633,0.6076
ecn,touch_19,40,20,0.7500,12,eurusd+audusd+usdjpy,176,0.6136,0.4277,-42.1097,0.4682,-0.0714,0.0227,0.0413,0.5479
ecn,touch_19,40,20,0.7500,12,eurusd+nzdusd+usdjpy,169,0.6213,0.8664,-41.9724,0.5764,-0.0192,0.0237,0.1117,0.5096
ecn,touch_19,40,20,0.7500,12,gbpusd+audusd+nzdusd,119,0.6639,2.2769,-44.3692,0.1926,0.4552,0.0672,0.1822,0.5889
ecn,touch_19,40,20,0.7500,12,gbpusd+audusd+usdjpy,202,0.6386,1.1399,-42.1655,0.5214,0.3500,0.0396,0.1669,0.5444
ecn,touch_19,40,20,0.7500,12,gbpusd+nzdusd+usdjpy,195,0.6462,1.5457,-42.0105,0.5461,0.3912,0.0308,0.3608,0.5109
ecn,touch_19,40,20,0.7500,12,audusd+nzdusd+usdjpy,171,0.6257,1.0148,-41.8015,0.4847,0.1394,0.0351,0.1162,0.5155
ecn,touch_19,40,20,0.7500,16,eurusd+gbpusd+audusd,124,0.6452,1.3927,-45.5172,0.2822,0.3228,0.0323,0.1060,0.6319
ecn,touch_19,40,20,0.7500,16,eurusd+gbpusd+nzdusd,117,0.6581,2.0841,-44.8481,0.2665,0.3578,0.0171,0.2611,0.5803
ecn,touch_19,40,20,0.7500,16,eurusd+gbpusd+usdjpy,200,0.6350,1.0158,-42.3047,0.5634,0.1948,0.0450,0.1623,0.5394
ecn,touch_19,40,20,0.7500,16,eurusd+audusd+nzdusd,93,0.6237,1.2469,-45.1854,0.3267,0.1390,0.0645,0.0633,0.6076
ecn,touch_19,40,20,0.7500,16,eurusd+audusd+usdjpy,176,0.6136,0.4277,-42.1097,0.4682,-0.0714,0.0227,0.0413,0.5479
ecn,touch_19,40,20,0.7500,16,eurusd+nzdusd+usdjpy,169,0.6213,0.8664,-41.9724,0.5764,-0.0192,0.0237,0.1117,0.5096
ecn,touch_19,40,20,0.7500,16,gbpusd+audusd+nzdusd,119,0.6639,2.2769,-44.3692,0.1926,0.4552,0.0672,0.1822,0.5889
ecn,touch_19,40,20,0.7500,16,gbpusd+audusd+usdjpy,202,0.6386,1.1399,-42.1655,0.5214,0.3500,0.0396,0.1669,0.5444
ecn,touch_19,40,20,0.7500,16,gbpusd+nzdusd+usdjpy,195,0.6462,1.5457,-42.0105,0.5461,0.3912,0.0308,0.3608,0.5109
ecn,touch_19,40,20,0.7500,16,audusd+nzdusd+usdjpy,171,0.6257,1.0148,-41.8015,0.4847,0.1394,0.0351,0.1162,0.5155
ecn,touch_19,40,20,0.7500,18,eurusd+gbpusd+audusd,124,0.6452,1.3927,-45.5172,0.2822,0.3228,0.0323,0.1060,0.6319
ecn,touch_19,40,20,0.7500,18,eurusd+gbpusd+nzdusd,117,0.6581,2.0841,-44.8481,0.2665,0.3578,0.0171,0.2611,0.5803
ecn,touch_19,40,20,0.7500,18,eurusd+gbpusd+usdjpy,200,0.6350,1.0158,-42.3047,0.5634,0.1948,0.0450,0.1623,0.5394
ecn,touch_19,40,20,0.7500,18,eurusd+audusd+nzdusd,93,0.6237,1.2469,-45.1854,0.3267,0.1390,0.0645,0.0633,0.6076
ecn,touch_19,40,20,0.7500,18,eurusd+audusd+usdjpy,176,0.6136,0.4277,-42.1097,0.4682,-0.0714,0.0227,0.0413,0.5479
ecn,touch_19,40,20,0.7500,18,eurusd+nzdusd+usdjpy,169,0.6213,0.8664,-41.9724,0.5764,-0.0192,0.0237,0.1117,0.5096
ecn,touch_19,40,20,0.7500,18,gbpusd+audusd+nzdusd,119,0.6639,2.2769,-44.3692,0.1926,0.4552,0.0672,0.1822,0.5889
ecn,touch_19,40,20,0.7500,18,gbpusd+audusd+usdjpy,202,0.6386,1.1399,-42.1655,0.5214,0.3500,0.0396,0.1669,0.5444
ecn,touch_19,40,20,0.7500,18,gbpusd+nzdusd+usdjpy,195,0.6462,1.5457,-42.0105,0.5461,0.3912,0.0308,0.3608,0.5109
ecn,touch_19,40,20,0.7500,18,audusd+nzdusd+usdjpy,171,0.6257,1.0148,-41.8015,0.4847,0.1394,0.0351,0.1162,0.5155
ecn,touch_19,40,20,1.0000,12,eurusd+gbpusd+audusd,124,0.6129,3.4685,-45.5172,0.2822,0.4664,0.0323,0.3371,0.6319
ecn,touch_19,40,20,1.0000,12,eurusd+gbpusd+nzdusd,117,0.5983,2.4077,-44.8481,0.2665,0.4507,0.0171,0.2472,0.5803
ecn,touch_19,40,20,1.0000,12,eurusd+gbpusd+usdjpy,200,0.5650,1.4124,-42.3047,0.5634,0.3762,0.0450,0.1865,0.5394
ecn,touch_19,40,20,1.0000,12,eurusd+audusd+nzdusd,93,0.5806,2.6044,-45.1854,0.3267,0.1733,0.0645,0.1113,0.6076
ecn,touch_19,40,20,1.0000,12,eurusd+audusd+usdjpy,176,0.5511,1.3805,-42.1097,0.4682,0.1091,0.0227,0.1004,0.5479
ecn,touch_19,40,20,1.0000,12,eurusd+nzdusd+usdjpy,169,0.5385,0.5597,-41.9724,0.5764,0.1082,0.0237,0.0423,0.5096
ecn,touch_19,40,20,1.0000,12,gbpusd+audusd+nzdusd,119,0.6134,3.6171,-44.3692,0.1926,0.5017,0.0672,0.2159,0.5889
ecn,touch_19,40,20,1.0000,12,gbpusd+audusd+usdjpy,202,0.5743,2.1347,-42.1655,0.5214,0.5019,0.0396,0.2488,0.5444
ecn,touch_19,40,20,1.0000,12,gbpusd+nzdusd+usdjpy,195,0.5641,1.4503,-42.0105,0.5461,0.5167,0.0308,0.1843,0.5109
ecn,touch_19,40,20,1.0000,12,audusd+nzdusd+usdjpy,171,0.5497,1.4229,-41.8015,0.4847,0.2219,0.0351,0.1006,0.5155
ecn,touch_19,40,20,1.0000,16,eurusd+gbpusd+audusd,124,0.6048,3.4004,-45.5172,0.2822,0.4597,0.0323,0.3305,0.6319
ecn,touch_19,40,20,1.0000,16,eurusd+gbpusd+nzdusd,117,0.5897,2.3356,-44.8481,0.2665,0.4410,0.0171,0.2398,0.5803
ecn,touch_19,40,20,1.0000,16,eurusd+gbpusd+usdjpy,200,0.5600,1.2853,-42.3047,0.5634,0.3768,0.0450,0.1697,0.5394
ecn,touch_19,40,20,1.0000,16,eurusd+audusd+nzdusd,93,0.5699,2.5136,-45.1854,0.3267,0.1640,0.0645,0.1074,0.6076
ecn,touch_19,40,20,1.0000,16,eurusd+audusd+usdjpy,176,0.5455,1.2362,-42.1097,0.4682,0.1143,0.0227,0.0899,0.5479
ecn,touch_19,40,20,1.0000,16,eurusd+nzdusd+usdjpy,169,0.5325,0.4094,-41.9724,0.5764,0.1137,0.0237,0.0309,0.5096
ecn,touch_19,40,20,1.0000,16,gbpusd+audusd+nzdusd,119,0.6134,3.6171,-44.3692,0.1926,0.5017,0.0672,0.2159,0.5889
ecn,touch_19,40,20,1.0000,16,gbpusd+audusd+usdjpy,202,0.5743,2.0507,-42.1655,0.5214,0.5089,0.0396,0.2390,0.5444
ecn,touch_19,40,20,1.0000,16,gbpusd+nzdusd+usdjpy,195,0.5641,1.3633,-42.0105,0.5461,0.5244,0.0308,0.1733,0.5109
ecn,touch_19,40,20,1.0000,16,audusd+nzdusd+usdjpy,171,0.5497,1.3237,-41.8015,0.4847,0.2340,0.0351,0.0936,0.5155
ecn,touch_19,40,20,1.0000,18,eurusd+gbpusd+audusd,124,0.6129,3.5174,-45.5172,0.2822,0.4708,0.0323,0.3419,0.6319
ecn,touch_19,40,20,1.0000,18,eurusd+gbpusd+nzdusd,117,0.5983,2.4596,-44.8481,0.2665,0.4573,0.0171,0.2525,0.5803
ecn,touch_19,40,20,1.0000,18,eurusd+gbpusd+usdjpy,200,0.5650,1.3579,-42.3047,0.5634,0.3912,0.0450,0.1793,0.5394
ecn,touch_19,40,20,1.0000,18,eurusd+audusd+nzdusd,93,0.5806,2.6697,-45.1854,0.3267,0.1799,0.0645,0.1140,0.6076
ecn,touch_19,40,20,1.0000,18,eurusd+audusd+usdjpy,176,0.5511,1.3186,-42.1097,0.4682,0.1341,0.0227,0.0959,0.5479
ecn,touch_19,40,20,1.0000,18,eurusd+nzdusd+usdjpy,169,0.5385,0.4952,-41.9724,0.5764,0.1354,0.0237,0.0374,0.5096
ecn,touch_19,40,20,1.0000,18,gbpusd+audusd+nzdusd,119,0.6134,3.6171,-44.3692,0.1926,0.5017,0.0672,0.2159,0.5889
ecn,touch_19,40,20,1.0000,18,gbpusd+audusd+usdjpy,202,0.5743,2.0507,-42.1655,0.5214,0.5089,0.0396,0.2390,0.5444
ecn,touch_19,40,20,1.0000,18,gbpusd+nzdusd+usdjpy,195,0.5641,1.3633,-42.0105,0.5461,0.5244,0.0308,0.1733,0.5109
ecn,touch_19,40,20,1.0000,18,audusd+nzdusd+usdjpy,171,0.5497,1.3237,-41.8015,0.4847,0.2340,0.0351,0.0936,0.5155
ecn,touch_19,40,30,0.7500,12,eurusd+gbpusd+audusd,124,0.6371,2.5934,-45.5517,0.2822,0.5479,0.0323,0.1268,0.6334
ecn,touch_19,40,30,0.7500,12,eurusd+gbpusd+nzdusd,117,0.6581,4.1121,-44.8764,0.2665,0.4397,0.0171,0.2622,0.5821
ecn,touch_19,40,30,0.7500,12,eurusd+gbpusd+usdjpy,200,0.6100,1.1697,-42.3171,0.5634,0.3183,0.0450,0.0876,0.5406
ecn,touch_19,40,30,0.7500,12,eurusd+audusd+nzdusd,93,0.6344,3.7452,-45.1854,0.3267,0.3833,0.0645,0.1247,0.6076
ecn,touch_19,40,30,0.7500,12,eurusd+audusd+usdjpy,176,0.5909,0.5747,-42.1097,0.4682,0.2597,0.0227,0.0305,0.5479
ecn,touch_19,40,30,0.7500,12,eurusd+nzdusd+usdjpy,169,0.6036,1.5424,-41.9724,0.5764,0.2035,0.0237,0.0955,0.5096
ecn,touch_19,40,30,0.7500,12,gbpusd+audusd+nzdusd,119,0.6639,4.5619,-44.3989,0.1926,0.5235,0.0672,0.2083,0.5906
ecn,touch_19,40,30,0.7500,12,gbpusd+audusd+usdjpy,202,0.6139,1.4638,-42.1783,0.5214,0.4928,0.0396,0.1031,0.5456
ecn,touch_19,40,30,0.7500,12,gbpusd+nzdusd+usdjpy,195,0.6256,2.3345,-42.0197,0.5461,0.3980,0.0308,0.2200,0.5122
ecn,touch_19,40,30,0.7500,12,audusd+nzdusd+usdjpy,171,0.6082,1.8855,-41.8015,0.4847,0.3059,0.0351,0.1094,0.5155
ecn,touch_19,40,30,0.7500,16,eurusd+gbpusd+audusd,124,0.6371,2.3778,-45.5517,0.2822,0.5547,0.0323,0.1180,0.6334
ecn,touch_19,40,30,0.7500,16,eurusd+gbpusd+nzdusd,117,0.6581,3.9658,-44.8764,0.2665,0.4198,0.0171,0.2528,0.5821
ecn,touch_19,40,30,0.7500,16,eurusd+gbpusd+usdjpy,200,0.6100,1.0750,-42.3171,0.5634,0.3079,0.0450,0.0776,0.5406
ecn,touch_19,40,30,0.7500,16,eurusd+audusd+nzdusd,93,0.6344,3.5256,-45.1854,0.3267,0.3934,0.0645,0.1174,0.6076
ecn,touch_19,40,30,0.7500,16,eurusd+audusd+usdjpy,176,0.5909,0.4482,-42.1097,0.4682,0.2826,0.0227,0.0217,0.5479
ecn,touch_19,40,30,0.7500,16,eurusd+nzdusd+usdjpy,169,0.6036,1.4677,-41.9724,0.5764,0.2001,0.0237,0.0877,0.5096
ecn,touch_19,40,30,0.7500,16,gbpusd+audusd+nzdusd,119,0.6639,4.4280,-44.3989,0.1926,0.5366,0.0672,0.2070,0.5906
ecn,touch_19,40,30,0.7500,16,gbpusd+audusd+usdjpy,202,0.6139,1.3759,-42.1783,0.5214,0.5205,0.0396,0.0990,0.5456
ecn,touch_19,40,30,0.7500,16,gbpusd+nzdusd+usdjpy,195,0.6256,2.2928,-42.0197,0.5461,0.4066,0.0308,0.2161,0.5122
ecn,touch_19,40,30,0.7500,16,audusd+nzdusd+usdjpy,171,0.6082,1.8185,-41.8015,0.4847,0.3414,0.0351,0.1078,0.5155
ecn,touch_19,40,30,0.7500,18,eurusd+gbpusd+audusd,124,0.6452,2.6246,-45.5517,0.2822,0.5769,0.0323,0.1303,0.6334
ecn,touch_19,40,30,0.7500,18,eurusd+gbpusd+nzdusd,117,0.6667,4.2471,-44.8764,0.2665,0.4417,0.0171,0.2708,0.5821
ecn,touch_19,40,30,0.7500,18,eurusd+gbpusd+usdjpy,200,0.6150,1.3189,-42.3171,0.5634,0.3241,0.0450,0.0952,0.5406
ecn,touch_19,40,30,0.7500,18,eurusd+audusd+nzdusd,93,0.6452,3.8547,-45.1854,0.3267,0.4110,0.0645,0.1284,0.6076
ecn,touch_19,40,30,0.7500,18,eurusd+audusd+usdjpy,176,0.5966,0.7123,-42.1097,0.4682,0.2933,0.0227,0.0354,0.5479
ecn,touch_19,40,30,0.7500,18,eurusd+nzdusd+usdjpy,169,0.6095,1.7563,-41.9724,0.5764,0.2134,0.0237,0.1050,0.5096
ecn,touch_19,40,30,0.7500,18,gbpusd+audusd+nzdusd,119,0.6639,4.4087,-44.3989,0.1926,0.5375,0.0672,0.2045,0.5906
ecn,touch_19,40,30,0.7500,18,gbpusd+audusd+usdjpy,202,0.6139,1.4431,-42.1783,0.5214,0.5148,0.0396,0.1031,0.5456
ecn,touch_19,40,30,0.7500,18,gbpusd+nzdusd+usdjpy,195,0.6256,2.3742,-42.0197,0.5461,0.4022,0.0308,0.2237,0.5122
ecn,touch_19,40,30,0.7500,18,audusd+nzdusd+usdjpy,171,0.6082,1.8979,-41.8015,0.4847,0.3374,0.0351,0.1117,0.5155
ecn,touch_19,40,30,1.0000,12,eurusd+gbpusd+audusd,124,0.5806,3.8203,-45.5517,0.2822,0.5920,0.0323,0.1949,0.6334
ecn,touch_19,40,30,1.0000,12,eurusd+gbpusd+nzdusd,117,0.6068,6.4646,-44.8764,0.2665,0.3902,0.0171,0.4982,0.5821
ecn,touch_19,40,30,1.0000,12,eurusd+gbpusd+usdjpy,200,0.5350,1.1107,-42.3171,0.5634,0.4140,0.0450,0.0883,0.5406
ecn,touch_19,40,30,1.0000,12,eurusd+audusd+nzdusd,93,0.6022,7.1871,-45.1854,0.3267,0.4363,0.0645,0.2613,0.6076
ecn,touch_19,40,30,1.0000,12,eurusd+audusd+usdjpy,176,0.5227,0.7624,-42.1097,0.4682,0.3467,0.0227,0.0432,0.5479
ecn,touch_19,40,30,1.0000,12,eurusd+nzdusd+usdjpy,169,0.5385,2.4663,-41.9724,0.5764,0.2903,0.0237,0.1782,0.5096
ecn,touch_19,40,30,1.0000,12,gbpusd+audusd+nzdusd,119,0.6218,7.5650,-44.3989,0.1926,0.5439,0.0672,0.3437,0.5906
ecn,touch_19,40,30,1.0000,12,gbpusd+audusd+usdjpy,202,0.5446,1.8120,-42.1783,0.5214,0.5132,0.0396,0.1171,0.5456
ecn,touch_19,40,30,1.0000,12,gbpusd+nzdusd+usdjpy,195,0.5590,3.3264,-42.0197,0.5461,0.4418,0.0308,0.2931,0.5122
ecn,touch_19,40,30,1.0000,12,audusd+nzdusd+usdjpy,171,0.5497,3.2789,-41.8015,0.4847,0.3802,0.0351,0.1891,0.5155
ecn,touch_19,40,30,1.0000,16,eurusd+gbpusd+audusd,124,0.5806,2.9773,-45.5517,0.2822,0.6002,0.0323,0.1623,0.6334
ecn,touch_19,40,30,1.0000,16,eurusd+gbpusd+nzdusd,117,0.6154,6.5729,-44.8764,0.2665,0.3663,0.0171,0.5132,0.5821
ecn,touch_19,40,30,1.0000,16,eurusd+gbpusd+usdjpy,200,0.5450,1.1497,-42.3171,0.5634,0.3851,0.0450,0.0893,0.5406
ecn,touch_19,40,30,1.0000,16,eurusd+audusd+nzdusd,93,0.5914,6.1365,-45.1854,0.3267,0.4732,0.0645,0.2231,0.6076
ecn,touch_19,40,30,1.0000,16,eurusd+audusd+usdjpy,176,0.5227,0.1796,-42.1097,0.4682,0.3923,0.0227,0.0077,0.5479
ecn,touch_19,40,30,1.0000,16,eurusd+nzdusd+usdjpy,169,0.5444,2.5530,-41.9724,0.5764,0.2938,0.0237,0.1769,0.5096
ecn,touch_19,40,30,1.0000,16,gbpusd+audusd+nzdusd,119,0.6218,6.9047,-44.3989,0.1926,0.5668,0.0672,0.3474,0.5906
ecn,touch_19,40,30,1.0000,16,gbpusd+audusd+usdjpy,202,0.5495,1.3989,-42.1783,0.5214,0.5451,0.0396,0.0984,0.5456
ecn,touch_19,40,30,1.0000,16,gbpusd+nzdusd+usdjpy,195,0.5692,3.4996,-42.0197,0.5461,0.4368,0.0308,0.3378,0.5122
ecn,touch_19,40,30,1.0000,16,audusd+nzdusd+usdjpy,171,0.5497,2.8309,-41.8015,0.4847,0.4380,0.0351,0.1667,0.5155
ecn,touch_19,40,30,1.0000,18,eurusd+gbpusd+audusd,124,0.5887,3.3882,-45.5517,0.2822,0.6252,0.0323,0.1847,0.6334
ecn,touch_19,40,30,1.0000,18,eurusd+gbpusd+nzdusd,117,0.6239,7.0094,-44.8764,0.2665,0.3875,0.0171,0.5473,0.5821
ecn,touch_19,40,30,1.0000,18,eurusd+gbpusd+usdjpy,200,0.5450,1.4053,-42.3171,0.5634,0.3875,0.0450,0.1105,0.5406
ecn,touch_19,40,30,1.0000,18,eurusd+audusd+nzdusd,93,0.6022,6.5613,-45.1854,0.3267,0.4888,0.0645,0.2385,0.6076
ecn,touch_19,40,30,1.0000,18,eurusd+audusd+usdjpy,176,0.5227,0.4043,-42.1097,0.4682,0.3915,0.0227,0.0182,0.5479
ecn,touch_19,40,30,1.0000,18,eurusd+nzdusd+usdjpy,169,0.5444,2.7877,-41.9724,0.5764,0.2888,0.0237,0.1931,0.5096
ecn,touch_19,40,30,1.0000,18,gbpusd+audusd+nzdusd,119,0.6218,7.0000,-44.3989,0.1926,0.5679,0.0672,0.3539,0.5906
ecn,touch_19,40,30,1.0000,18,gbpusd+audusd+usdjpy,202,0.5446,1.4553,-42.1783,0.5214,0.5375,0.0396,0.1028,0.5456
ecn,touch_19,40,30,1.0000,18,gbpusd+nzdusd+usdjpy,195,0.5641,3.5586,-42.0197,0.5461,0.4253,0.0308,0.3488,0.5122
ecn,touch_19,40,30,1.0000,18,audusd+nzdusd+usdjpy,171,0.5439,2.8305,-41.8015,0.4847,0.4262,0.0351,0.1656,0.5155
ecn,touch_19,40,40,0.7500,12,eurusd+gbpusd+audusd,124,0.6371,4.6252,-45.5517,0.2822,0.6805,0.0323,0.2798,0.6334
ecn,touch_19,40,40,0.7500,12,eurusd+gbpusd+nzdusd,117,0.6667,7.9169,-44.8764,0.2665,0.4511,0.0171,0.6294,0.5821
ecn,touch_19,40,40,0.7500,12,eurusd+gbpusd+usdjpy,200,0.6200,2.7933,-42.3171,0.5634,0.4009,0.0450,0.4905,0.5406
ecn,touch_19,40,40,0.7500,12,eurusd+audusd+nzdusd,93,0.6452,7.3704,-45.1854,0.3267,0.5226,0.0645,0.3054,0.6076
ecn,touch_19,40,40,0.7500,12,eurusd+audusd+usdjpy,176,0.6023,1.8059,-42.1097,0.4682,0.3807,0.0227,0.1038,0.5479
ecn,touch_19,40,40,0.7500,12,eurusd+nzdusd+usdjpy,169,0.6213,3.9680,-41.9724,0.5764,0.3707,0.0237,0.4689,0.5096
ecn,touch_19,40,40,0.7500,12,gbpusd+audusd+nzdusd,119,0.6723,7.4367,-44.3989,0.1926,0.6196,0.0672,0.4846,0.5906
ecn,touch_19,40,40,0.7500,12,gbpusd+audusd+usdjpy,202,0.6238,2.5612,-42.1783,0.5214,0.5113,0.0396,0.2010,0.5456
ecn,touch_19,40,40,0.7500,12,gbpusd+nzdusd+usdjpy,195,0.6410,4.4621,-42.0197,0.5461,0.4701,0.0308,0.6063,0.5122
ecn,touch_19,40,40,0.7500,12,audusd+nzdusd+usdjpy,171,0.6257,3.6800,-41.8015,0.4847,0.4342,0.0351,0.1993,0.5155
ecn,touch_19,40,40,0.7500,16,eurusd+gbpusd+audusd,124,0.6452,3.7616,-45.5517,0.2822,0.6286,0.0323,0.1818,0.6334
ecn,touch_19,40,40,0.7500,16,eurusd+gbpusd+nzdusd,117,0.6838,7.9564,-44.8764,0.2665,0.3722,0.0171,0.6326,0.5821
ecn,touch_19,40,40,0.7500,16,eurusd+gbpusd+usdjpy,200,0.6350,2.9105,-42.3171,0.5634,0.2963,0.0450,0.3741,0.5406
ecn,touch_19,40,40,0.7500,16,eurusd+audusd+nzdusd,93,0.6452,6.3986,-45.1854,0.3267,0.5109,0.0645,0.2305,0.6076
ecn,touch_19,40,40,0.7500,16,eurusd+audusd+usdjpy,176,0.6080,1.3992,-42.1097,0.4682,0.3374,0.0227,0.0673,0.5479
ecn,touch_19,40,40,0.7500,16,eurusd+nzdusd+usdjpy,169,0.6331,4.2055,-41.9724,0.5764,0.2864,0.0237,0.4970,0.5096
ecn,touch_19,40,40,0.7500,16,gbpusd+audusd+nzdusd,119,0.6723,6.7397,-44.3989,0.1926,0.6386,0.0672,0.3708,0.5906
ecn,touch_19,40,40,0.7500,16,gbpusd+audusd+usdjpy,202,0.6287,2.2436,-42.1783,0.5214,0.5444,0.0396,0.1415,0.5456
ecn,touch_19,40,40,0.7500,16,gbpusd+nzdusd+usdjpy,195,0.6513,4.7060,-42.0197,0.5461,0.4812,0.0308,0.5846,0.5122
ecn,touch_19,40,40,0.7500,16,audusd+nzdusd+usdjpy,171,0.6257,3.4026,-41.8015,0.4847,0.4812,0.0351,0.1665,0.5155
ecn,touch_19,40,40,0.7500,18,eurusd+gbpusd+audusd,124,0.6532,4.0503,-45.5517,0.2822,0.6769,0.0323,0.2009,0.6334
ecn,touch_19,40,40,0.7500,18,eurusd+gbpusd+nzdusd,117,0.6923,8.4122,-44.8764,0.2665,0.4136,0.0171,0.6481,0.5821
ecn,touch_19,40,40,0.7500,18,eurusd+gbpusd+usdjpy,200,0.6350,3.2085,-42.3171,0.5634,0.3223,0.0450,0.4436,0.5406
ecn,touch_19,40,40,0.7500,18,eurusd+audusd+nzdusd,93,0.6559,6.7026,-45.1854,0.3267,0.5465,0.0645,0.2415,0.6076
ecn,touch_19,40,40,0.7500,18,eurusd+audusd+usdjpy,176,0.6080,1.5955,-42.1097,0.4682,0.3637,0.0227,0.0759,0.5479
ecn,touch_19,40,40,0.7500,18,eurusd+nzdusd+usdjpy,169,0.6331,4.5136,-41.9724,0.5764,0.3053,0.0237,0.5334,0.5096
ecn,touch_19,40,40,0.7500,18,gbpusd+audusd+nzdusd,119,0.6723,6.6555,-44.3989,0.1926,0.6400,0.0672,0.3550,0.5906
ecn,touch_19,40,40,0.7500,18,gbpusd+audusd+usdjpy,202,0.6238,2.2251,-42.1783,0.5214,0.5360,0.0396,0.1402,0.5456
ecn,touch_19,40,40,0.7500,18,gbpusd+nzdusd+usdjpy,195,0.6462,4.7768,-42.0197,0.5461,0.4663,0.0308,0.5934,0.5122
ecn,touch_19,40,40,0.7500,18,audusd+nzdusd+usdjpy,171,0.6199,3.3368,-41.8015,0.4847,0.4753,0.0351,0.1686,0.5155
ecn,touch_19,40,40,1.0000,12,eurusd+gbpusd+audusd,124,0.5403,3.5287,-45.5517,0.2822,0.6491,0.0323,0.1362,0.6334
ecn,touch_19,40,40,1.0000,12,eurusd+gbpusd+nzdusd,117,0.5641,6.8279,-44.8764,0.2665,0.5475,0.0171,0.4607,0.5821
ecn,touch_19,40,40,1.0000,12,eurusd+gbpusd+usdjpy,200,0.5150,0.7422,-42.3171,0.5634,0.4985,0.0450,0.0678,0.5406
ecn,touch_19,40,40,1.0000,12,eurusd+audusd+nzdusd,93,0.5806,8.2397,-45.1854,0.3267,0.5054,0.0645,0.2846,0.6076
ecn,touch_19,40,40,1.0000,12,eurusd+audusd+usdjpy,176,0.5170,0.6584,-42.1097,0.4682,0.3464,0.0227,0.0319,0.5479
ecn,touch_19,40,40,1.0000,12,eurusd+nzdusd+usdjpy,169,0.5325,2.8236,-41.9724,0.5764,0.4037,0.0237,0.2315,0.5096
ecn,touch_19,40,40,1.0000,12,gbpusd+audusd+nzdusd,119,0.5966,8.3214,-44.3989,0.1926,0.6427,0.0672,0.3893,0.5906
ecn,touch_19,40,40,1.0000,12,gbpusd+audusd+usdjpy,202,0.5347,1.6824,-42.1783,0.5214,0.5621,0.0396,0.1068,0.5456
ecn,touch_19,40,40,1.0000,12,gbpusd+nzdusd+usdjpy,195,0.5487,3.5956,-42.0197,0.5461,0.5560,0.0308,0.4268,0.5122
ecn,touch_19,40,40,1.0000,12,audusd+nzdusd+usdjpy,171,0.5556,3.9098,-41.8015,0.4847,0.4610,0.0351,0.1938,0.5155
ecn,touch_19,40,40,1.0000,16,eurusd+gbpusd+audusd,124,0.5403,2.5572,-45.5517,0.2822,0.6610,0.0323,0.0834,0.6334
ecn,touch_19,40,40,1.0000,16,eurusd+gbpusd+nzdusd,117,0.5726,6.6140,-44.8764,0.2665,0.5202,0.0171,0.4463,0.5821
ecn,touch_19,40,40,1.0000,16,eurusd+gbpusd+usdjpy,200,0.5300,1.1675,-42.3171,0.5634,0.4209,0.0450,0.1484,0.5406
ecn,touch_19,40,40,1.0000,16,eurusd+audusd+nzdusd,93,0.5699,6.8551,-45.1854,0.3267,0.5326,0.0645,0.2016,0.6076
ecn,touch_19,40,40,1.0000,16,eurusd+audusd+usdjpy,176,0.5227,0.5522,-42.1097,0.4682,0.3541,0.0227,0.0207,0.5479
ecn,touch_19,40,40,1.0000,16,eurusd+nzdusd+usdjpy,169,0.5444,3.2777,-41.9724,0.5764,0.3708,0.0237,0.2525,0.5096
ecn,touch_19,40,40,1.0000,16,gbpusd+audusd+nzdusd,119,0.5966,8.1034,-44.3989,0.1926,0.6861,0.0672,0.3348,0.5906
ecn,touch_19,40,40,1.0000,16,gbpusd+audusd+usdjpy,202,0.5446,2.0989,-42.1783,0.5214,0.6098,0.0396,0.1113,0.5456
ecn,touch_19,40,40,1.0000,16,gbpusd+nzdusd+usdjpy,195,0.5641,4.5165,-42.0197,0.5461,0.5746,0.0308,0.5361,0.5122
ecn,touch_19,40,40,1.0000,16,audusd+nzdusd+usdjpy,171,0.5614,4.3532,-41.8015,0.4847,0.5219,0.0351,0.2009,0.5155
ecn,touch_19,40,40,1.0000,18,eurusd+gbpusd+audusd,124,0.5645,3.6173,-45.5517,0.2822,0.6776,0.0323,0.1219,0.6334
ecn,touch_19,40,40,1.0000,18,eurusd+gbpusd+nzdusd,117,0.5812,7.6628,-44.8764,0.2665,0.5400,0.0171,0.5171,0.5821
ecn,touch_19,40,40,1.0000,18,eurusd+gbpusd+usdjpy,200,0.5350,1.7072,-42.3171,0.5634,0.4055,0.0450,0.2170,0.5406
ecn,touch_19,40,40,1.0000,18,eurusd+audusd+nzdusd,93,0.5914,8.5258,-45.1854,0.3267,0.5555,0.0645,0.2507,0.6076
ecn,touch_19,40,40,1.0000,18,eurusd+audusd+usdjpy,176,0.5341,1.3511,-42.1097,0.4682,0.3569,0.0227,0.0509,0.5479
ecn,touch_19,40,40,1.0000,18,eurusd+nzdusd+usdjpy,169,0.5444,4.0579,-41.9724,0.5764,0.3659,0.0237,0.3126,0.5096
ecn,touch_19,40,40,1.0000,18,gbpusd+audusd+nzdusd,119,0.5966,8.4735,-44.3989,0.1926,0.6901,0.0672,0.3501,0.5906
ecn,touch_19,40,40,1.0000,18,gbpusd+audusd+usdjpy,202,0.5446,2.2437,-42.1783,0.5214,0.6018,0.0396,0.1178,0.5456
ecn,touch_19,40,40,1.0000,18,gbpusd+nzdusd+usdjpy,195,0.5538,4.6217,-42.0197,0.5461,0.5597,0.0308,0.5486,0.5122
ecn,touch_19,40,40,1.0000,18,audusd+nzdusd+usdjpy,171,0.5556,4.6643,-41.8015,0.4847,0.5250,0.0351,0.2218,0.5155
limit,at_19,15,20,0.7500,12,eurusd+gbpusd+audusd,485,0.5402,-1.5034,-42.2984,0.5115,0.0129,0.2887,-0.0676,0.5383
limit,at_19,15,20,0.7500,12,eurusd+gbpusd+nzdusd,495,0.5455,-1.3396,-42.3719,0.4998,0.2679,0.2566,-0.0624,0.5013
limit,at_19,15,20,0.7500,12,eurusd+gbpusd+usdjpy,752,0.5758,-0.4333,-41.5412,0.5809,0.1271,0.2194,-0.0577,0.4245
limit,at_19,15,20,0.7500,12,eurusd+audusd+nzdusd,406,0.5690,-0.8580,-42.0527,0.4829,0.0923,0.2882,-0.0376,0.5212
limit,at_19,15,20,0.7500,12,eurusd+audusd+usdjpy,663,0.5943,-0.0167,-41.2962,0.5325,-0.0544,0.1946,-0.0017,0.4264
limit,at_19,15,20,0.7500,12,eurusd+nzdusd+usdjpy,673,0.5973,0.0817,-41.5439,0.5453,0.2032,0.2080,0.0139,0.4008
limit,at_19,15,20,0.7500,12,gbpusd+audusd+nzdusd,498,0.5402,-1.5885,-42.4004,0.4657,0.2150,0.2691,-0.0636,0.5103
limit,at_19,15,20,0.7500,12,gbpusd+audusd+usdjpy,755,0.5722,-0.6010,-41.4939,0.5904,0.0904,0.1907,-0.0504,0.4307
limit,at_19,15,20,0.7500,12,gbpusd+nzdusd+usdjpy,765,0.5752,-0.5069,-41.7170,0.5976,0.3569,0.1922,-0.0522,0.4082
limit,at_19,15,20,0.7500,12,audusd+nzdusd+usdjpy,676,0.5932,-0.1080,-41.4791,0.5362,0.1673,0.2071,-0.0107,0.4079
limit,at_19,15,20,0.7500,16,eurusd+gbpusd+audusd,485,0.5423,-1.4246,-42.2984,0.5115,-0.0441,0.2887,-0.0697,0.5383
limit,at_19,15,20,0.7500,16,eurusd+gbpusd+nzdusd,495,0.5495,-1.2820,-42.3719,0.4998,0.2474,0.2566,-0.0599,0.5013
limit,at_19,15,20,0.7500,16,eurusd+gbpusd+usdjpy,752,0.5758,-0.4725,-41.5412,0.5809,0.1255,0.2194,-0.0608,0.4245
limit,at_19,15,20,0.7500,16,eurusd+audusd+nzdusd,406,0.5739,-0.6608,-42.0527,0.4829,0.0391,0.2882,-0.0309,0.5212
limit,at_19,15,20,0.7500,16,eurusd+audusd+usdjpy,663,0.5943,0.0166,-41.2962,0.5325,-0.0979,0.1946,0.0017,0.4264
limit,at_19,15,20,0.7500,16,eurusd+nzdusd+usdjpy,673,0.5988,0.1000,-41.5439,0.5453,0.1857,0.2080,0.0142,0.4008
limit,at_19,15,20,0.7500,16,gbpusd+audusd+nzdusd,498,0.5422,-1.4577,-42.4004,0.4657,0.1565,0.2691,-0.0635,0.5103
limit,at_19,15,20,0.7500,16,gbpusd+audusd+usdjpy,755,0.5709,-0.5916,-41.4939,0.5904,0.0325,0.1907,-0.0512,0.4307
limit,at_19,15,20,0.7500,16,gbpusd+nzdusd+usdjpy,765,0.5752,-0.5102,-41.7170,0.5976,0.3303,0.1922,-0.0513,0.4082
limit,at_19,15,20,0.7500,16,audusd+nzdusd+usdjpy,676,0.5932,-0.0355,-41.4791,0.5362,0.1063,0.2071,-0.0034,0.4079
limit,at_19,15,20,0.7500,18,eurusd+gbpusd+audusd,485,0.5464,-1.4369,-42.2984,0.5115,-0.0476,0.2887,-0.0710,0.5383
limit,at_19,15,20,0.7500,18,eurusd+gbpusd+nzdusd,495,0.5515,-1.2433,-42.3719,0.4998,0.2465,0.2566,-0.0588,0.5013
limit,at_19,15,20,0.7500,18,eurusd+gbpusd+usdjpy,752,0.5771,-0.4760,-41.5412,0.5809,0.1314,0.2194,-0.0606,0.4245
limit,at_19,15,20,0.7500,18,eurusd+audusd+nzdusd,406,0.5788,-0.6393,-42.0527,0.4829,0.0316,0.2882,-0.0305,0.5212
limit,at_19,15,20,0.7500,18,eurusd+audusd+usdjpy,663,0.5973,-0.0031,-41.2962,0.5325,-0.0981,0.1946,-0.0003,0.4264
limit,at_19,15,20,0.7500,18,eurusd+nzdusd+usdjpy,673,0.6003,0.1180,-41.5439,0.5453,0.1868,0.2080,0.0170,0.4008
limit,at_19,15,20,0.7500,18,gbpusd+audusd+nzdusd,498,0.5442,-1.4492,-42.4004,0.4657,0.1482,0.2691,-0.0641,0.5103
limit,at_19,15,20,0.7500,18,gbpusd+audusd+usdjpy,755,0.5722,-0.6149,-41.4939,0.5904,0.0287,0.1907,-0.0534,0.4307
limit,at_19,15,20,0.7500,18,gbpusd+nzdusd+usdjpy,765,0.5752,-0.5003,-41.7170,0.5976,0.3302,0.1922,-0.0508,0.4082
limit,at_19,15,20,0.7500,18,audusd+nzdusd+usdjpy,676,0.5947,-0.0397,-41.4791,0.5362,0.0989,0.2071,-0.0038,0.4079
limit,at_19,15,20,1.0000,12,eurusd+gbpusd+audusd,485,0.4866,-0.7963,-42.2984,0.5115,0.0978,0.2887,-0.0438,0.5383
limit,at_19,15,20,1.0000,12,eurusd+gbpusd+nzdusd,495,0.4909,-0.8065,-42.3719,0.4998,0.2669,0.2566,-0.0458,0.5013
limit,at_19,15,20,1.0000,12,eurusd+gbpusd+usdjpy,752,0.5053,-0.3997,-41.5412,0.5809,0.1520,0.2194,-0.0501,0.4245
limit,at_19,15,20,1.0000,12,eurusd+audusd+nzdusd,406,0.5197,0.2714,-42.0527,0.4829,0.1023,0.2882,0.0141,0.5212
limit,at_19,15,20,1.0000,12,eurusd+audusd+usdjpy,663,0.5249,0.3150,-41.2962,0.5325,-0.0137,0.1946,0.0360,0.4264
limit,at_19,15,20,1.0000,12,eurusd+nzdusd+usdjpy,673,0.5275,0.2910,-41.5439,0.5453,0.1513,0.2080,0.0464,0.4008
limit,at_19,15,20,1.0000,12,gbpusd+audusd+nzdusd,498,0.5000,-0.4308,-42.4004,0.4657,0.2131,0.2691,-0.0238,0.5103
limit,at_19,15,20,1.0000,12,gbpusd+audusd+usdjpy,755,0.5113,-0.1535,-41.4939,0.5904,0.1131,0.1907,-0.0163,0.4307
limit,at_19,15,20,1.0000,12,gbpusd+nzdusd+usdjpy,765,0.5137,-0.1685,-41.7170,0.5976,0.2959,0.1922,-0.0227,0.4082
limit,at_19,15,20,1.0000,12,audusd+nzdusd+usdjpy,676,0.5340,0.5629,-41.4791,0.5362,0.1155,0.2071,0.0665,0.4079
limit,at_19,15,20,1.0000,16,eurusd+gbpusd+audusd,485,0.4845,-0.8316,-42.2984,0.5115,0.0633,0.2887,-0.0448,0.5383
limit,at_19,15,20,1.0000,16,eurusd+gbpusd+nzdusd,495,0.4889,-0.8469,-42.3719,0.4998,0.2457,0.2566,-0.0464,0.5013
limit,at_19,15,20,1.0000,16,eurusd+gbpusd+usdjpy,752,0.5027,-0.5789,-41.5412,0.5809,0.1462,0.2194,-0.0610,0.4245
limit,at_19,15,20,1.0000,16,eurusd+audusd+nzdusd,406,0.5222,0.4989,-42.0527,0.4829,0.0609,0.2882,0.0252,0.5212
limit,at_19,15,20,1.0000,16,eurusd+audusd+usdjpy,663,0.5249,0.2812,-41.2962,0.5325,-0.0466,0.1946,0.0328,0.4264
limit,at_19,15,20,1.0000,16,eurusd+nzdusd+usdjpy,673,0.5275,0.2534,-41.5439,0.5453,0.1296,0.2080,0.0345,0.4008
limit,at_19,15,20,1.0000,16,gbpusd+audusd+nzdusd,498,0.4960,-0.3363,-42.4004,0.4657,0.1628,0.2691,-0.0178,0.5103
limit,at_19,15,20,1.0000,16,gbpusd+audusd+usdjpy,755,0.5073,-0.2432,-41.4939,0.5904,0.0688,0.1907,-0.0255,0.4307
limit,at_19,15,20,1.0000,16,gbpusd+nzdusd+usdjpy,765,0.5098,-0.2608,-41.7170,0.5976,0.2599,0.1922,-0.0308,0.4082
limit,at_19,15,20,1.0000,16,audusd+nzdusd+usdjpy,676,0.5325,0.6247,-41.4791,0.5362,0.0649,0.2071,0.0669,0.4079
limit,at_19,15,20,1.0000,18,eurusd+gbpusd+audusd,485,0.4887,-0.8395,-42.2984,0.5115,0.0546,0.2887,-0.0458,0.5383
limit,at_19,15,20,1.0000,18,eurusd+gbpusd+nzdusd,495,0.4909,-0.8190,-42.3719,0.4998,0.2515,0.2566,-0.0446,0.5013
limit,at_19,15,20,1.0000,18,eurusd+gbpusd+usdjpy,752,0.5040,-0.5917,-41.5412,0.5809,0.1488,0.2194,-0.0614,0.4245
limit,at_19,15,20,1.0000,18,eurusd+audusd+nzdusd,406,0.5271,0.5218,-42.0527,0.4829,0.0586,0.2882,0.0264,0.5212
limit,at_19,15,20,1.0000,18,eurusd+audusd+usdjpy,663,0.5279,0.2599,-41.2962,0.5325,-0.0536,0.1946,0.0306,0.4264
limit,at_19,15,20,1.0000,18,eurusd+nzdusd+usdjpy,673,0.5290,0.2586,-41.5439,0.5453,0.1376,0.2080,0.0355,0.4008
limit,at_19,15,20,1.0000,18,gbpusd+audusd+nzdusd,498,0.4980,-0.3189,-42.4004,0.4657,0.1604,0.2691,-0.0169,0.5103
limit,at_19,15,20,1.0000,18,gbpusd+audusd+usdjpy,755,0.5086,-0.2627,-41.4939,0.5904,0.0605,0.1907,-0.0278,0.4307
limit,at_19,15,20,1.0000,18,gbpusd+nzdusd+usdjpy,765,0.5098,-0.2570,-41.7170,0.5976,0.2654,0.1922,-0.0299,0.4082
limit,at_19,15,20,1.0000,18,audusd+nzdusd+usdjpy,676,0.5340,0.6223,-41.4791,0.5362,0.0630,0.2071,0.0680,0.4079
limit,at_19,15,30,0.7500,12,eurusd+gbpusd+audusd,485,0.5216,-1.8865,-42.2984,0.5115,-0.0041,0.2887,-0.0647,0.5383
limit,at_19,15,30,0.7500,12,eurusd+gbpusd+nzdusd,495,0.5232,-1.7834,-42.3719,0.4998,0.2689,0.2566,-0.0642,0.5013
limit,at_19,15,30,0.7500,12,eurusd+gbpusd+usdjpy,752,0.5652,-0.4680,-41.5412,0.5809,0.1966,0.2194,-0.0440,0.4245
limit,at_19,15,30,0.7500,12,eurusd+audusd+nzdusd,406,0.5246,-1.1159,-42.0527,0.4829,0.1082,0.2882,-0.0435,0.5212
limit,at_19,15,30,0.7500,12,eurusd+audusd+usdjpy,663,0.5716,0.1174,-41.2962,0.5325,0.0027,0.1946,0.0107,0.4264
limit,at_19,15,30,0.7500,12,eurusd+nzdusd+usdjpy,673,0.5721,0.1634,-41.5439,0.5453,0.3133,0.2080,0.0266,0.4008
limit,at_19,15,30,0.7500,12,gbpusd+audusd+nzdusd,498,0.5321,-1.1172,-42.4004,0.4657,0.1171,0.2691,-0.0456,0.5103
limit,at_19,15,30,0.7500,12,gbpusd+audusd+usdjpy,755,0.5709,-0.0338,-41.4939,0.5904,0.0297,0.1907,-0.0031,0.4307
limit,at_19,15,30,0.7500,12,gbpusd+nzdusd+usdjpy,765,0.5712,0.0087,-41.7170,0.5976,0.3016,0.1922,0.0011,0.4082
limit,at_19,15,30,0.7500,12,audusd+nzdusd+usdjpy,676,0.5784,0.6455,-41.4791,0.5362,0.1372,0.2071,0.0924,0.4079
limit,at_19,15,30,0.7500,16,eurusd+gbpusd+audusd,485,0.5237,-2.3211,-42.2984,0.5115,-0.0593,0.2887,-0.0712,0.5383
limit,at_19,15,30,0.7500,16,eurusd+gbpusd+nzdusd,495,0.5354,-2.0339,-42.3719,0.4998,0.2510,0.2566,-0.0677,0.5013
limit,at_19,15,30,0.7500,16,eurusd+gbpusd+usdjpy,752,0.5652,-0.7216,-41.5412,0.5809,0.2357,0.2194,-0.0556,0.4245
limit,at_19,15,30,0.7500,16,eurusd+audusd+nzdusd,406,0.5419,-1.5051,-42.0527,0.4829,0.0334,0.2882,-0.0504,0.5212
limit,at_19,15,30,0.7500,16,eurusd+audusd+usdjpy,663,0.5732,-0.2216,-41.2962,0.5325,-0.0183,0.1946,-0.0146,0.4264
limit,at_19,15,30,0.7500,16,eurusd+nzdusd+usdjpy,673,0.5810,-0.0415,-41.5439,0.5453,0.3148,0.2080,-0.0040,0.4008
limit,at_19,15,30,0.7500,16,gbpusd+audusd+nzdusd,498,0.5462,-1.4008,-42.4004,0.4657,0.0524,0.2691,-0.0572,0.5103
limit,at_19,15,30,0.7500,16,gbpusd+audusd+usdjpy,755,0.5722,-0.3092,-41.4939,0.5904,0.0098,0.1907,-0.0250,0.4307
limit,at_19,15,30,0.7500,16,gbpusd+nzdusd+usdjpy,765,0.5791,-0.1496,-41.7170,0.5976,0.3114,0.1922,-0.0160,0.4082
limit,at_19,15,30,0.7500,16,audusd+nzdusd+usdjpy,676,0.5888,0.4160,-41.4791,0.5362,0.0943,0.2071,0.0400,0.4079
limit,at_19,15,30,0.7500,18,eurusd+gbpusd+audusd,485,0.5299,-2.3921,-42.2984,0.5115,-0.0448,0.2887,-0.0725,0.5383
limit,at_19,15,30,0.7500,18,eurusd+gbpusd+nzdusd,495,0.5313,-2.0808,-42.3719,0.4998,0.2595,0.2566,-0.0673,0.5013
limit,at_19,15,30,0.7500,18,eurusd+gbpusd+usdjpy,752,0.5652,-0.8032,-41.5412,0.5809,0.2167,0.2194,-0.0594,0.4245
limit,at_19,15,30,0.7500,18,eurusd+audusd+nzdusd,406,0.5443,-1.5945,-42.0527,0.4829,0.0750,0.2882,-0.0532,0.5212
limit,at_19,15,30,0.7500,18,eurusd+audusd+usdjpy,663,0.5777,-0.3339,-41.2962,0.5325,-0.0119,0.1946,-0.0222,0.4264
limit,at_19,15,30,0.7500,18,eurusd+nzdusd+usdjpy,673,0.5780,-0.1356,-41.5439,0.5453,0.3061,0.2080,-0.0133,0.4008
limit,at_19,15,30,0.7500,18,gbpusd+audusd+nzdusd,498,0.5422,-1.4477,-42.4004,0.4657,0.0794,0.2691,-0.0568,0.5103
limit,at_19,15,30,0.7500,18,gbpusd+audusd+usdjpy,755,0.5722,-0.3907,-41.4939,0.5904,0.0058,0.1907,-0.0324,0.4307
limit,at_19,15,30,0.7500,18,gbpusd+nzdusd+usdjpy,765,0.5725,-0.2154,-41.7170,0.5976,0.3020,0.1922,-0.0236,0.4082
limit,at_19,15,30,0.7500,18,audusd+nzdusd+usdjpy,676,0.5858,0.3223,-41.4791,0.5362,0.1135,0.2071,0.0318,0.4079
limit,at_19,15,30,1.0000,12,eurusd+gbpusd+audusd,485,0.4433,-3.3150,-42.2984,0.5115,0.0382,0.2887,-0.0778,0.5383
limit,at_19,15,30,1.0000,12,eurusd+gbpusd+nzdusd,495,0.4626,-1.8883,-42.3719,0.4998,0.2328,0.2566,-0.0601,0.5013
limit,at_19,15,30,1.0000,12,eurusd+gbpusd+usdjpy,752,0.4934,-0.9929,-41.5412,0.5809,0.1929,0.2194,-0.0634,0.4245
limit,at_19,15,30,1.0000,12,eurusd+audusd+nzdusd,406,0.4828,-1.0341,-42.0527,0.4829,0.1268,0.2882,-0.0373,0.5212
limit,at_19,15,30,1.0000,12,eurusd+audusd+usdjpy,663,0.5098,-0.3496,-41.2962,0.5325,0.0775,0.1946,-0.0266,0.4264
limit,at_19,15,30,1.0000,12,eurusd+nzdusd+usdjpy,673,0.5230,0.6557,-41.5439,0.5453,0.2902,0.2080,0.1023,0.4008
limit,at_19,15,30,1.0000,12,gbpusd+audusd+nzdusd,498,0.4618,-2.0687,-42.4004,0.4657,0.1383,0.2691,-0.0603,0.5103
limit,at_19,15,30,1.0000,12,gbpusd+audusd+usdjpy,755,0.4927,-1.1154,-41.4939,0.5904,0.1030,0.1907,-0.0568,0.4307
limit,at_19,15,30,1.0000,12,gbpusd+nzdusd+usdjpy,765,0.5046,-0.2210,-41.7170,0.5976,0.2883,0.1922,-0.0209,0.4082
limit,at_19,15,30,1.0000,12,audusd+nzdusd+usdjpy,676,0.5222,0.5115,-41.4791,0.5362,0.1930,0.2071,0.0618,0.4079
limit,at_19,15,30,1.0000,16,eurusd+gbpusd+audusd,485,0.4412,-3.6755,-42.2984,0.5115,-0.0329,0.2887,-0.0829,0.5383
limit,at_19,15,30,1.0000,16,eurusd+gbpusd+nzdusd,495,0.4667,-2.4265,-42.3719,0.4998,0.1198,0.2566,-0.0694,0.5013
limit,at_19,15,30,1.0000,16,eurusd+gbpusd+usdjpy,752,0.4894,-1.2773,-41.5412,0.5809,0.1847,0.2194,-0.0717,0.4245
limit,at_19,15,30,1.0000,16,eurusd+audusd+nzdusd,406,0.4877,-1.6097,-42.0527,0.4829,-0.0026,0.2882,-0.0509,0.5212
limit,at_19,15,30,1.0000,16,eurusd+audusd+usdjpy,663,0.5053,-0.6229,-41.2962,0.5325,0.0597,0.1946,-0.0367,0.4264
limit,at_19,15,30,1.0000,16,eurusd+nzdusd+usdjpy,673,0.5230,0.2504,-41.5439,0.5453,0.2282,0.2080,0.0261,0.4008
limit,at_19,15,30,1.0000,16,gbpusd+audusd+nzdusd,498,0.4679,-2.3630,-42.4004,0.4657,0.0341,0.2691,-0.0680,0.5103
limit,at_19,15,30,1.0000,16,gbpusd+audusd+usdjpy,755,0.4901,-1.2400,-41.4939,0.5904,0.0834,0.1907,-0.0584,0.4307
limit,at_19,15,30,1.0000,16,gbpusd+nzdusd+usdjpy,765,0.5059,-0.4637,-41.7170,0.5976,0.2335,0.1922,-0.0356,0.4082
limit,at_19,15,30,1.0000,16,audusd+nzdusd+usdjpy,676,0.5237,0.2853,-41.4791,0.5362,0.1237,0.2071,0.0236,0.4079
limit,at_19,15,30,1.0000,18,eurusd+gbpusd+audusd,485,0.4454,-3.8754,-42.2984,0.5115,-0.0080,0.2887,-0.0836,0.5383
limit,at_19,15,30,1.0000,18,eurusd+gbpusd+nzdusd,495,0.4606,-2.6701,-42.3719,0.4998,0.1246,0.2566,-0.0708,0.5013
limit,at_19,15,30,1.0000,18,eurusd+gbpusd+usdjpy,752,0.4880,-1.4343,-41.5412,0.5809,0.1762,0.2194,-0.0758,0.4245
limit,at_19,15,30,1.0000,18,eurusd+audusd+nzdusd,406,0.4901,-1.8680,-42.0527,0.4829,0.0428,0.2882,-0.0556,0.5212
limit,at_19,15,30,1.0000,18,eurusd+audusd+usdjpy,663,0.5098,-0.7772,-41.2962,0.5325,0.0898,0.1946,-0.0438,0.4264
limit,at_19,15,30,1.0000,18,eurusd+nzdusd+usdjpy,673,0.5201,0.0633,-41.5439,0.5453,0.2288,0.2080,0.0063,0.4008
limit,at_19,15,30,1.0000,18,gbpusd+audusd+nzdusd,498,0.4618,-2.5691,-42.4004,0.4657,0.0581,0.2691,-0.0681,0.5103
limit,at_19,15,30,1.0000,18,gbpusd+audusd+usdjpy,755,0.4887,-1.3725,-41.4939,0.5904,0.0946,0.1907,-0.0643,0.4307
limit,at_19,15,30,1.0000,18,gbpusd+nzdusd+usdjpy,765,0.4980,-0.6254,-41.7170,0.5976,0.2223,0.1922,-0.0430,0.4082
limit,at_19,15,30,1.0000,18,audusd+nzdusd+usdjpy,676,0.5207,0.1256,-41.4791,0.5362,0.1480,0.2071,0.0099,0.4079
limit,at_19,15,40,0.7500,12,eurusd+gbpusd+audusd,485,0.5072,-2.0670,-42.2984,0.5115,0.1427,0.2887,-0.0638,0.5383
limit,at_19,15,40,0.7500,12,eurusd+gbpusd+nzdusd,495,0.5091,-1.6800,-42.3719,0.4998,0.2178,0.2566,-0.0585,0.5013
limit,at_19,15,40,0.7500,12,eurusd+gbpusd+usdjpy,752,0.5492,-0.8946,-41.5412,0.5809,0.1378,0.2194,-0.0615,0.4245
limit,at_19,15,40,0.7500,12,eurusd+audusd+nzdusd,406,0.5271,0.5014,-42.0527,0.4829,0.2117,0.2882,0.0281,0.5212
limit,at_19,15,40,0.7500,12,eurusd+audusd+usdjpy,663,0.5656,0.5467,-41.2962,0.5325,0.1321,0.1946,0.0701,0.4264
limit,at_19,15,40,0.7500,12,eurusd+nzdusd+usdjpy,673,0.5661,0.7925,-41.5439,0.5453,0.2060,0.2080,0.1070,0.4008
limit,at_19,15,40,0.7500,12,gbpusd+audusd+nzdusd,498,0.5100,-1.1714,-42.4004,0.4657,0.1897,0.2691,-0.0400,0.5103
limit,at_19,15,40,0.7500,12,gbpusd+audusd+usdjpy,755,0.5497,-0.5623,-41.4939,0.5904,0.1353,0.1907,-0.0384,0.4307
limit,at_19,15,40,0.7500,12,gbpusd+nzdusd+usdjpy,765,0.5503,-0.3315,-41.7170,0.5976,0.2075,0.1922,-0.0279,0.4082
limit,at_19,15,40,0.7500,12,audusd+nzdusd+usdjpy,676,0.5666,1.1561,-41.4791,0.5362,0.2133,0.2071,0.1778,0.4079
limit,at_19,15,40,0.7500,16,eurusd+gbpusd+audusd,485,0.5113,-2.3899,-42.2984,0.5115,0.0671,0.2887,-0.0707,0.5383
limit,at_19,15,40,0.7500,16,eurusd+gbpusd+nzdusd,495,0.5212,-2.3676,-42.3719,0.4998,0.0583,0.2566,-0.0703,0.5013
limit,at_19,15,40,0.7500,16,eurusd+gbpusd+usdjpy,752,0.5479,-1.4631,-41.5412,0.5809,0.1350,0.2194,-0.0758,0.4245
limit,at_19,15,40,0.7500,16,eurusd+audusd+nzdusd,406,0.5468,0.3432,-42.0527,0.4829,0.0223,0.2882,0.0180,0.5212
limit,at_19,15,40,0.7500,16,eurusd+audusd+usdjpy,663,0.5671,0.3184,-41.2962,0.5325,0.1106,0.1946,0.0314,0.4264
limit,at_19,15,40,0.7500,16,eurusd+nzdusd+usdjpy,673,0.5736,0.2945,-41.5439,0.5453,0.0947,0.2080,0.0289,0.4008
limit,at_19,15,40,0.7500,16,gbpusd+audusd+nzdusd,498,0.5261,-1.1887,-42.4004,0.4657,0.0438,0.2691,-0.0391,0.5103
limit,at_19,15,40,0.7500,16,gbpusd+audusd+usdjpy,755,0.5510,-0.6890,-41.4939,0.5904,0.1188,0.1907,-0.0426,0.4307
limit,at_19,15,40,0.7500,16,gbpusd+nzdusd+usdjpy,765,0.5569,-0.6969,-41.7170,0.5976,0.1118,0.1922,-0.0470,0.4082
limit,at_19,15,40,0.7500,16,audusd+nzdusd+usdjpy,676,0.5769,1.1512,-41.4791,0.5362,0.0872,0.2071,0.1523,0.4079
limit,at_19,15,40,0.7500,18,eurusd+gbpusd+audusd,485,0.5155,-2.7165,-42.2984,0.5115,0.1117,0.2887,-0.0751,0.5383
limit,at_19,15,40,0.7500,18,eurusd+gbpusd+nzdusd,495,0.5192,-2.5221,-42.3719,0.4998,0.0437,0.2566,-0.0709,0.5013
limit,at_19,15,40,0.7500,18,eurusd+gbpusd+usdjpy,752,0.5479,-1.6255,-41.5412,0.5809,0.1238,0.2194,-0.0795,0.4245
limit,at_19,15,40,0.7500,18,eurusd+audusd+nzdusd,406,0.5493,0.0310,-42.0527,0.4829,0.0521,0.2882,0.0015,0.5212
limit,at_19,15,40,0.7500,18,eurusd+audusd+usdjpy,663,0.5701,0.0583,-41.2962,0.5325,0.1440,0.1946,0.0052,0.4264
limit,at_19,15,40,0.7500,18,eurusd+nzdusd+usdjpy,673,0.5721,0.1600,-41.5439,0.5453,0.0685,0.2080,0.0167,0.4008
limit,at_19,15,40,0.7500,18,gbpusd+audusd+nzdusd,498,0.5221,-1.3946,-42.4004,0.4657,0.0547,0.2691,-0.0429,0.5103
limit,at_19,15,40,0.7500,18,gbpusd+audusd+usdjpy,755,0.5497,-0.8853,-41.4939,0.5904,0.1343,0.1907,-0.0537,0.4307
limit,at_19,15,40,0.7500,18,gbpusd+nzdusd+usdjpy,765,0.5516,-0.7835,-41.7170,0.5976,0.0775,0.1922,-0.0493,0.4082
limit,at_19,15,40,0.7500,18,audusd+nzdusd+usdjpy,676,0.5740,0.9788,-41.4791,0.5362,0.0873,0.2071,0.1190,0.4079
limit,at_19,15,40,1.0000,12,eurusd+gbpusd+audusd,485,0.4598,-2.9689,-42.2984,0.5115,0.0388,0.2887,-0.0722,0.5383
limit,at_19,15,40,1.0000,12,eurusd+gbpusd+nzdusd,495,0.4707,-1.5260,-42.3719,0.4998,0.1268,0.2566,-0.0524,0.5013
limit,at_19,15,40,1.0000,12,eurusd+gbpusd+usdjpy,752,0.5000,-0.6468,-41.5412,0.5809,0.1574,0.2194,-0.0414,0.4245
limit,at_19,15,40,1.0000,12,eurusd+audusd+nzdusd,406,0.4901,-0.2801,-42.0527,0.4829,0.0996,0.2882,-0.0101,0.5212
limit,at_19,15,40,1.0000,12,eurusd+audusd+usdjpy,663,0.5158,0.2342,-41.2962,0.5325,0.1375,0.1946,0.0165,0.4264
limit,at_19,15,40,1.0000,12,eurusd+nzdusd+usdjpy,673,0.5230,1.2479,-41.5439,0.5453,0.2164,0.2080,0.1117,0.4008
limit,at_19,15,40,1.0000,12,gbpusd+audusd+nzdusd,498,0.4739,-1.5810,-42.4004,0.4657,0.1067,0.2691,-0.0420,0.5103
limit,at_19,15,40,1.0000,12,gbpusd+audusd+usdjpy,755,0.5020,-0.6866,-41.4939,0.5904,0.1423,0.1907,-0.0316,0.4307
limit,at_19,15,40,1.0000,12,gbpusd+nzdusd+usdjpy,765,0.5085,0.2173,-41.7170,0.5976,0.2235,0.1922,0.0159,0.4082
limit,at_19,15,40,1.0000,12,audusd+nzdusd+usdjpy,676,0.5251,1.1951,-41.4791,0.5362,0.2073,0.2071,0.0928,0.4079
limit,at_19,15,40,1.0000,16,eurusd+gbpusd+audusd,485,0.4536,-2.9132,-42.2984,0.5115,0.0228,0.2887,-0.0706,0.5383
limit,at_19,15,40,1.0000,16,eurusd+gbpusd+nzdusd,495,0.4667,-2.1536,-42.3719,0.4998,0.0269,0.2566,-0.0598,0.5013
limit,at_19,15,40,1.0000,16,eurusd+gbpusd+usdjpy,752,0.4934,-1.1032,-41.5412,0.5809,0.1761,0.2194,-0.0581,0.4245
limit,at_19,15,40,1.0000,16,eurusd+audusd+nzdusd,406,0.4926,0.1897,-42.0527,0.4829,-0.0146,0.2882,0.0065,0.5212
limit,at_19,15,40,1.0000,16,eurusd+audusd+usdjpy,663,0.5128,0.4728,-41.2962,0.5325,0.1393,0.1946,0.0308,0.4264
limit,at_19,15,40,1.0000,16,eurusd+nzdusd+usdjpy,673,0.5215,0.9812,-41.5439,0.5453,0.1336,0.2080,0.0722,0.4008
limit,at_19,15,40,1.0000,16,gbpusd+audusd+nzdusd,498,0.4699,-1.5392,-42.4004,0.4657,0.0340,0.2691,-0.0398,0.5103
limit,at_19,15,40,1.0000,16,gbpusd+audusd+usdjpy,755,0.4954,-0.7021,-41.4939,0.5904,0.1633,0.1907,-0.0318,0.4307
limit,at_19,15,40,1.0000,16,gbpusd+nzdusd+usdjpy,765,0.5033,-0.2395,-41.7170,0.5976,0.1607,0.1922,-0.0133,0.4082
limit,at_19,15,40,1.0000,16,audusd+nzdusd+usdjpy,676,0.5237,1.4199,-41.4791,0.5362,0.1374,0.2071,0.0933,0.4079
limit,at_19,15,40,1.0000,18,eurusd+gbpusd+audusd,485,0.4598,-3.2283,-42.2984,0.5115,0.0499,0.2887,-0.0771,0.5383
limit,at_19,15,40,1.0000,18,eurusd+gbpusd+nzdusd,495,0.4687,-2.1195,-42.3719,0.4998,0.0045,0.2566,-0.0599,0.5013
limit,at_19,15,40,1.0000,18,eurusd+gbpusd+usdjpy,752,0.4920,-1.2833,-41.5412,0.5809,0.1664,0.2194,-0.0646,0.4245
limit,at_19,15,40,1.0000,18,eurusd+audusd+nzdusd,406,0.5025,0.0629,-42.0527,0.4829,-0.0083,0.2882,0.0022,0.5212
limit,at_19,15,40,1.0000,18,eurusd+audusd+usdjpy,663,0.5158,0.1654,-41.2962,0.5325,0.1558,0.1946,0.0109,0.4264
limit,at_19,15,40,1.0000,18,eurusd+nzdusd+usdjpy,673,0.5215,0.9305,-41.5439,0.5453,0.0978,0.2080,0.0762,0.4008
limit,at_19,15,40,1.0000,18,gbpusd+audusd+nzdusd,498,0.4719,-1.4963,-42.4004,0.4657,0.0343,0.2691,-0.0389,0.5103
limit,at_19,15,40,1.0000,18,gbpusd+audusd+usdjpy,755,0.4940,-0.8756,-41.4939,0.5904,0.1724,0.1907,-0.0394,0.4307
limit,at_19,15,40,1.0000,18,gbpusd+nzdusd+usdjpy,765,0.4993,-0.1889,-41.7170,0.5976,0.1270,0.1922,-0.0109,0.4082
limit,at_19,15,40,1.0000,18,audusd+nzdusd+usdjpy,676,0.5237,1.3760,-41.4791,0.5362,0.1217,0.2071,0.0970,0.4079
limit,at_19,20,20,0.7500,12,eurusd+gbpusd+audusd,278,0.5468,-1.4733,-44.2214,0.4665,0.1729,0.2374,-0.0592,0.5918
limit,at_19,20,20,0.7500,12,eurusd+gbpusd+nzdusd,289,0.5606,-0.7960,-43.6801,0.4317,0.3875,0.2180,-0.0432,0.5521
limit,at_19,20,20,0.7500,12,eurusd+gbpusd+usdjpy,466,0.5730,-0.4365,-41.8446,0.5526,0.2879,0.1695,-0.0448,0.4799
limit,at_19,20,20,0.7500,12,eurusd+audusd+nzdusd,233,0.5708,-0.8209,-43.7731,0.4102,0.2686,0.2318,-0.0336,0.5646
limit,at_19,20,20,0.7500,12,eurusd+audusd+usdjpy,410,0.5805,-0.4015,-41.6725,0.5263,0.1911,0.1610,-0.0305,0.4772
limit,at_19,20,20,0.7500,12,eurusd+nzdusd+usdjpy,421,0.5891,0.0355,-41.7100,0.5151,0.4187,0.1591,0.0051,0.4529
limit,at_19,20,20,0.7500,12,gbpusd+audusd+nzdusd,280,0.5464,-1.5004,-43.5881,0.4169,0.2851,0.2714,-0.0583,0.5413
limit,at_19,20,20,0.7500,12,gbpusd+audusd+usdjpy,457,0.5646,-0.8609,-41.7876,0.5759,0.2252,0.1466,-0.0591,0.4719
limit,at_19,20,20,0.7500,12,gbpusd+nzdusd+usdjpy,468,0.5726,-0.4571,-41.8373,0.5573,0.4483,0.1432,-0.0541,0.4502
limit,at_19,20,20,0.7500,12,audusd+nzdusd+usdjpy,412,0.5801,-0.4251,-41.7093,0.5021,0.3154,0.1626,-0.0349,0.4434
limit,at_19,20,20,0.7500,16,eurusd+gbpusd+audusd,278,0.5468,-1.5578,-44.2214,0.4665,0.1327,0.2374,-0.0631,0.5918
limit,at_19,20,20,0.7500,16,eurusd+gbpusd+nzdusd,289,0.5640,-0.7633,-43.6801,0.4317,0.3486,0.2180,-0.0424,0.5521
limit,at_19,20,20,0.7500,16,eurusd+gbpusd+usdjpy,466,0.5751,-0.4588,-41.8446,0.5526,0.2852,0.1695,-0.0466,0.4799
limit,at_19,20,20,0.7500,16,eurusd+audusd+nzdusd,233,0.5708,-0.8239,-43.7731,0.4102,0.2163,0.2318,-0.0330,0.5646
limit,at_19,20,20,0.7500,16,eurusd+audusd+usdjpy,410,0.5805,-0.4517,-41.6725,0.5263,0.1555,0.1610,-0.0343,0.4772
limit,at_19,20,20,0.7500,16,eurusd+nzdusd+usdjpy,421,0.5914,0.0648,-41.7100,0.5151,0.3788,0.1591,0.0084,0.4529
limit,at_19,20,20,0.7500,16,gbpusd+audusd+nzdusd,280,0.5429,-1.5562,-43.5881,0.4169,0.2270,0.2714,-0.0619,0.5413
limit,at_19,20,20,0.7500,16,gbpusd+audusd+usdjpy,457,0.5624,-0.9386,-41.7876,0.5759,0.1800,0.1466,-0.0643,0.4719
limit,at_19,20,20,0.7500,16,gbpusd+nzdusd+usdjpy,468,0.5726,-0.4626,-41.8373,0.5573,0.4027,0.1432,-0.0509,0.4502
limit,at_19,20,20,0.7500,16,audusd+nzdusd+usdjpy,412,0.5777,-0.4560,-41.7093,0.5021,0.2575,0.1626,-0.0356,0.4434
limit,at_19,20,20,0.7500,18,eurusd+gbpusd+audusd,278,0.5540,-1.5115,-44.2214,0.4665,0.1289,0.2374,-0.0621,0.5918
limit,at_19,20,20,0.7500,18,eurusd+gbpusd+nzdusd,289,0.5675,-0.7341,-43.6801,0.4317,0.3446,0.2180,-0.0410,0.5521
limit,at_19,20,20,0.7500,18,eurusd+gbpusd+usdjpy,466,0.5773,-0.4644,-41.8446,0.5526,0.2937,0.1695,-0.0465,0.4799
limit,at_19,20,20,0.7500,18,eurusd+audusd+nzdusd,233,0.5794,-0.7518,-43.7731,0.4102,0.2074,0.2318,-0.0308,0.5646
limit,at_19,20,20,0.7500,18,eurusd+audusd+usdjpy,410,0.5854,-0.4376,-41.6725,0.5263,0.1555,0.1610,-0.0334,0.4772
limit,at_19,20,20,0.7500,18,eurusd+nzdusd+usdjpy,421,0.5938,0.0680,-41.7100,0.5151,0.3778,0.1591,0.0089,0.4529
limit,at_19,20,20,0.7500,18,gbpusd+audusd+nzdusd,280,0.5464,-1.5122,-43.5881,0.4169,0.2163,0.2714,-0.0614,0.5413
limit,at_19,20,20,0.7500,18,gbpusd+audusd+usdjpy,457,0.5646,-0.9358,-41.7876,0.5759,0.1766,0.1466,-0.0645,0.4719
limit,at_19,20,20,0.7500,18,gbpusd+nzdusd+usdjpy,468,0.5726,-0.4693,-41.8373,0.5573,0.3990,0.1432,-0.0513,0.4502
limit,at_19,20,20,0.7500,18,audusd+nzdusd+usdjpy,412,0.5801,-0.4433,-41.7093,0.5021,0.2493,0.1626,-0.0351,0.4434
limit,at_19,20,20,1.0000,12,eurusd+gbpusd+audusd,278,0.4964,-0.6344,-44.2214,0.4665,0.2078,0.2374,-0.0305,0.5918
limit,at_19,20,20,1.0000,12,eurusd+gbpusd+nzdusd,289,0.5121,0.2108,-43.6801,0.4317,0.4272,0.2180,0.0159,0.5521
limit,at_19,20,20,1.0000,12,eurusd+gbpusd+usdjpy,466,0.5043,-0.3259,-41.8446,0.5526,0.3326,0.1695,-0.0320,0.4799
limit,at_19,20,20,1.0000,12,eurusd+audusd+nzdusd,233,0.5279,0.7623,-43.7731,0.4102,0.2936,0.2318,0.0443,0.5646
limit,at_19,20,20,1.0000,12,eurusd+audusd+usdjpy,410,0.5122,-0.0857,-41.6725,0.5263,0.1897,0.1610,-0.0064,0.4772
limit,at_19,20,20,1.0000,12,eurusd+nzdusd+usdjpy,421,0.5226,0.4801,-41.7100,0.5151,0.4142,0.1591,0.0550,0.4529
limit,at_19,20,20,1.0000,12,gbpusd+audusd+nzdusd,280,0.5107,0.0563,-43.5881,0.4169,0.3352,0.2714,0.0028,0.5413
limit,at_19,20,20,1.0000,12,gbpusd+audusd+usdjpy,457,0.5033,-0.4311,-41.7876,0.5759,0.2613,0.1466,-0.0309,0.4719
limit,at_19,20,20,1.0000,12,gbpusd+nzdusd+usdjpy,468,0.5128,0.0861,-41.8373,0.5573,0.4627,0.1432,0.0108,0.4502
limit,at_19,20,20,1.0000,12,audusd+nzdusd+usdjpy,412,0.5218,0.3810,-41.7093,0.5021,0.3224,0.1626,0.0377,0.4434
limit,at_19,20,20,1.0000,16,eurusd+gbpusd+audusd,278,0.4964,-0.7384,-44.2214,0.4665,0.1750,0.2374,-0.0358,0.5918
limit,at_19,20,20,1.0000,16,eurusd+gbpusd+nzdusd,289,0.5156,0.3384,-43.6801,0.4317,0.3996,0.2180,0.0270,0.5521
limit,at_19,20,20,1.0000,16,eurusd+gbpusd+usdjpy,466,0.5064,-0.4053,-41.8446,0.5526,0.3378,0.1695,-0.0373,0.4799
limit,at_19,20,20,1.0000,16,eurusd+audusd+nzdusd,233,0.5279,0.8769,-43.7731,0.4102,0.2507,0.2318,0.0495,0.5646
limit,at_19,20,20,1.0000,16,eurusd+audusd+usdjpy,410,0.5122,-0.2009,-41.6725,0.5263,0.1637,0.1610,-0.0143,0.4772
limit,at_19,20,20,1.0000,16,eurusd+nzdusd+usdjpy,421,0.5249,0.5243,-41.7100,0.5151,0.3845,0.1591,0.0567,0.4529
limit,at_19,20,20,1.0000,16,gbpusd+audusd+nzdusd,280,0.5071,0.1178,-43.5881,0.4169,0.2884,0.2714,0.0063,0.5413
limit,at_19,20,20,1.0000,16,gbpusd+audusd+usdjpy,457,0.5011,-0.5551,-41.7876,0.5759,0.2264,0.1466,-0.0388,0.4719
limit,at_19,20,20,1.0000,16,gbpusd+nzdusd+usdjpy,468,0.5128,0.1055,-41.8373,0.5573,0.4245,0.1432,0.0126,0.4502
limit,at_19,20,20,1.0000,16,audusd+nzdusd+usdjpy,412,0.5194,0.3784,-41.7093,0.5021,0.2739,0.1626,0.0346,0.4434
limit,at_19,20,20,1.0000,18,eurusd+gbpusd+audusd,278,0.5036,-0.7059,-44.2214,0.4665,0.1704,0.2374,-0.0348,0.5918
limit,at_19,20,20,1.0000,18,eurusd+gbpusd+nzdusd,289,0.5190,0.3721,-43.6801,0.4317,0.4061,0.2180,0.0289,0.5521
limit,at_19,20,20,1.0000,18,eurusd+gbpusd+usdjpy,466,0.5086,-0.4225,-41.8446,0.5526,0.3422,0.1695,-0.0382,0.4799
limit,at_19,20,20,1.0000,18,eurusd+audusd+nzdusd,233,0.5365,0.9548,-43.7731,0.4102,0.2557,0.2318,0.0544,0.5646
limit,at_19,20,20,1.0000,18,eurusd+audusd+usdjpy,410,0.5171,-0.1999,-41.6725,0.5263,0.1614,0.1610,-0.0142,0.4772
limit,at_19,20,20,1.0000,18,eurusd+nzdusd+usdjpy,421,0.5273,0.5269,-41.7100,0.5151,0.3909,0.1591,0.0570,0.4529
limit,at_19,20,20,1.0000,18,gbpusd+audusd+nzdusd,280,0.5107,0.1803,-43.5881,0.4169,0.2921,0.2714,0.0097,0.5413
limit,at_19,20,20,1.0000,18,gbpusd+audusd+usdjpy,457,0.5033,-0.5557,-41.7876,0.5759,0.2226,0.1466,-0.0390,0.4719
limit,at_19,20,20,1.0000,18,gbpusd+nzdusd+usdjpy,468,0.5128,0.1065,-41.8373,0.5573,0.4299,0.1432,0.0123,0.4502
limit,at_19,20,20,1.0000,18,audusd+nzdusd+usdjpy,412,0.5218,0.3999,-41.7093,0.5021,0.2786,0.1626,0.0363,0.4434
limit,at_19,20,30,0.7500,12,eurusd+gbpusd+audusd,278,0.5180,-2.0093,-44.2214,0.4665,0.0860,0.2374,-0.0611,0.5918
limit,at_19,20,30,0.7500,12,eurusd+gbpusd+nzdusd,289,0.5329,-0.8758,-43.6801,0.4317,0.4095,0.2180,-0.0392,0.5521
limit,at_19,20,30,0.7500,12,eurusd+gbpusd+usdjpy,466,0.5365,-1.4792,-41.8446,0.5526,0.1701,0.1695,-0.0697,0.4799
limit,at_19,20,30,0.7500,12,eurusd+audusd+nzdusd,233,0.5494,0.5787,-43.7731,0.4102,0.3321,0.2318,0.0415,0.5646
limit,at_19,20,30,0.7500,12,eurusd+audusd+usdjpy,410,0.5463,-0.7350,-41.6725,0.5263,0.1066,0.1610,-0.0412,0.4772
limit,at_19,20,30,0.7500,12,eurusd+nzdusd+usdjpy,421,0.5558,0.0097,-41.7100,0.5151,0.4531,0.1591,0.0009,0.4529
limit,at_19,20,30,0.7500,12,gbpusd+audusd+nzdusd,280,0.5464,0.0422,-43.5881,0.4169,0.2406,0.2714,0.0025,0.5413
limit,at_19,20,30,0.7500,12,gbpusd+audusd+usdjpy,457,0.5449,-0.9287,-41.7876,0.5759,0.0314,0.1466,-0.0480,0.4719
limit,at_19,20,30,0.7500,12,gbpusd+nzdusd+usdjpy,468,0.5534,-0.2541,-41.8373,0.5573,0.3521,0.1432,-0.0222,0.4502
limit,at_19,20,30,0.7500,12,audusd+nzdusd+usdjpy,412,0.5655,0.6530,-41.7093,0.5021,0.2591,0.1626,0.0645,0.4434
limit,at_19,20,30,0.7500,16,eurusd+gbpusd+audusd,278,0.5216,-2.4491,-44.2214,0.4665,0.0469,0.2374,-0.0653,0.5918
limit,at_19,20,30,0.7500,16,eurusd+gbpusd+nzdusd,289,0.5398,-1.3645,-43.6801,0.4317,0.3919,0.2180,-0.0513,0.5521
limit,at_19,20,30,0.7500,16,eurusd+gbpusd+usdjpy,466,0.5408,-1.6528,-41.8446,0.5526,0.1960,0.1695,-0.0682,0.4799
limit,at_19,20,30,0.7500,16,eurusd+audusd+nzdusd,233,0.5579,-0.1065,-43.7731,0.4102,0.2946,0.2318,-0.0050,0.5646
limit,at_19,20,30,0.7500,16,eurusd+audusd+usdjpy,410,0.5512,-0.9772,-41.6725,0.5263,0.1068,0.1610,-0.0458,0.4772
limit,at_19,20,30,0.7500,16,eurusd+nzdusd+usdjpy,421,0.5629,-0.2712,-41.7100,0.5151,0.4400,0.1591,-0.0185,0.4529
limit,at_19,20,30,0.7500,16,gbpusd+audusd+nzdusd,280,0.5500,-0.6018,-43.5881,0.4169,0.1823,0.2714,-0.0273,0.5413
limit,at_19,20,30,0.7500,16,gbpusd+audusd+usdjpy,457,0.5470,-1.1911,-41.7876,0.5759,0.0058,0.1466,-0.0540,0.4719
limit,at_19,20,30,0.7500,16,gbpusd+nzdusd+usdjpy,468,0.5577,-0.5510,-41.8373,0.5573,0.3324,0.1432,-0.0351,0.4502
limit,at_19,20,30,0.7500,16,audusd+nzdusd+usdjpy,412,0.5704,0.2711,-41.7093,0.5021,0.2220,0.1626,0.0209,0.4434
limit,at_19,20,30,0.7500,18,eurusd+gbpusd+audusd,278,0.5396,-2.4404,-44.2214,0.4665,0.0579,0.2374,-0.0660,0.5918
limit,at_19,20,30,0.7500,18,eurusd+gbpusd+nzdusd,289,0.5467,-1.3237,-43.6801,0.4317,0.4021,0.2180,-0.0490,0.5521
limit,at_19,20,30,0.7500,18,eurusd+gbpusd+usdjpy,466,0.5451,-1.6833,-41.8446,0.5526,0.1741,0.1695,-0.0697,0.4799
limit,at_19,20,30,0.7500,18,eurusd+audusd+nzdusd,233,0.5794,0.0335,-43.7731,0.4102,0.3342,0.2318,0.0016,0.5646
limit,at_19,20,30,0.7500,18,eurusd+audusd+usdjpy,410,0.5634,-0.9611,-41.6725,0.5263,0.1128,0.1610,-0.0467,0.4772
limit,at_19,20,30,0.7500,18,eurusd+nzdusd+usdjpy,421,0.5677,-0.2332,-41.7100,0.5151,0.4403,0.1591,-0.0160,0.4529
limit,at_19,20,30,0.7500,18,gbpusd+audusd+nzdusd,280,0.5607,-0.5290,-43.5881,0.4169,0.2144,0.2714,-0.0242,0.5413
limit,at_19,20,30,0.7500,18,gbpusd+audusd+usdjpy,457,0.5536,-1.2034,-41.7876,0.5759,0.0078,0.1466,-0.0558,0.4719
limit,at_19,20,30,0.7500,18,gbpusd+nzdusd+usdjpy,468,0.5577,-0.5430,-41.8373,0.5573,0.3357,0.1432,-0.0344,0.4502
limit,at_19,20,30,0.7500,18,audusd+nzdusd+usdjpy,412,0.5777,0.3307,-41.7093,0.5021,0.2490,0.1626,0.0266,0.4434
limit,at_19,20,30,1.0000,12,eurusd+gbpusd+audusd,278,0.4388,-3.2388,-44.2214,0.4665,0.1468,0.2374,-0.0683,0.5918
limit,at_19,20,30,1.0000,12,eurusd+gbpusd+nzdusd,289,0.4637,-1.3397,-43.6801,0.4317,0.3434,0.2180,-0.0450,0.5521
limit,at_19,20,30,1.0000,12,eurusd+gbpusd+usdjpy,466,0.4614,-2.2390,-41.8446,0.5526,0.1714,0.1695,-0.0776,0.4799
limit,at_19,20,30,1.0000,12,eurusd+audusd+nzdusd,233,0.5150,1.3201,-43.7731,0.4102,0.3423,0.2318,0.0889,0.5646
limit,at_19,20,30,1.0000,12,eurusd+audusd+usdjpy,410,0.4902,-0.8503,-41.6725,0.5263,0.1700,0.1610,-0.0453,0.4772
limit,at_19,20,30,1.0000,12,eurusd+nzdusd+usdjpy,421,0.5059,0.3910,-41.7100,0.5151,0.3853,0.1591,0.0352,0.4529
limit,at_19,20,30,1.0000,12,gbpusd+audusd+nzdusd,280,0.4679,-1.1126,-43.5881,0.4169,0.2608,0.2714,-0.0374,0.5413
limit,at_19,20,30,1.0000,12,gbpusd+audusd+usdjpy,457,0.4639,-2.1176,-41.7876,0.5759,0.1313,0.1466,-0.0709,0.4719
limit,at_19,20,30,1.0000,12,gbpusd+nzdusd+usdjpy,468,0.4786,-0.9712,-41.8373,0.5573,0.3161,0.1432,-0.0508,0.4502
limit,at_19,20,30,1.0000,12,audusd+nzdusd+usdjpy,412,0.5097,0.5831,-41.7093,0.5021,0.2929,0.1626,0.0529,0.4434
limit,at_19,20,30,1.0000,16,eurusd+gbpusd+audusd,278,0.4424,-3.5747,-44.2214,0.4665,0.0988,0.2374,-0.0713,0.5918
limit,at_19,20,30,1.0000,16,eurusd+gbpusd+nzdusd,289,0.4637,-2.0816,-43.6801,0.4317,0.2227,0.2180,-0.0558,0.5521
limit,at_19,20,30,1.0000,16,eurusd+gbpusd+usdjpy,466,0.4657,-2.3312,-41.8446,0.5526,0.1572,0.1695,-0.0747,0.4799
limit,at_19,20,30,1.0000,16,eurusd+audusd+nzdusd,233,0.5107,0.3598,-43.7731,0.4102,0.2535,0.2318,0.0155,0.5646
limit,at_19,20,30,1.0000,16,eurusd+audusd+usdjpy,410,0.4927,-0.9779,-41.6725,0.5263,0.1818,0.1610,-0.0440,0.4772
limit,at_19,20,30,1.0000,16,eurusd+nzdusd+usdjpy,421,0.5059,-0.0208,-41.7100,0.5151,0.3222,0.1591,-0.0015,0.4529
limit,at_19,20,30,1.0000,16,gbpusd+audusd+nzdusd,280,0.4679,-1.7823,-43.5881,0.4169,0.1499,0.2714,-0.0469,0.5413
limit,at_19,20,30,1.0000,16,gbpusd+audusd+usdjpy,457,0.4683,-2.1528,-41.7876,0.5759,0.1046,0.1466,-0.0703,0.4719
limit,at_19,20,30,1.0000,16,gbpusd+nzdusd+usdjpy,468,0.4808,-1.2642,-41.8373,0.5573,0.2201,0.1432,-0.0538,0.4502
limit,at_19,20,30,1.0000,16,audusd+nzdusd+usdjpy,412,0.5097,0.2276,-41.7093,0.5021,0.2260,0.1626,0.0166,0.4434
limit,at_19,20,30,1.0000,18,eurusd+gbpusd+audusd,278,0.4604,-3.5635,-44.2214,0.4665,0.1112,0.2374,-0.0717,0.5918
limit,at_19,20,30,1.0000,18,eurusd+gbpusd+nzdusd,289,0.4671,-2.2753,-43.6801,0.4317,0.2129,0.2180,-0.0585,0.5521
limit,at_19,20,30,1.0000,18,eurusd+gbpusd+usdjpy,466,0.4700,-2.3724,-41.8446,0.5526,0.1473,0.1695,-0.0757,0.4799
limit,at_19,20,30,1.0000,18,eurusd+audusd+nzdusd,233,0.5279,0.3355,-43.7731,0.4102,0.2699,0.2318,0.0141,0.5646
limit,at_19,20,30,1.0000,18,eurusd+audusd+usdjpy,410,0.5049,-0.9019,-41.6725,0.5263,0.1992,0.1610,-0.0420,0.4772
limit,at_19,20,30,1.0000,18,eurusd+nzdusd+usdjpy,421,0.5083,-0.0871,-41.7100,0.5151,0.3154,0.1591,-0.0058,0.4529
limit,at_19,20,30,1.0000,18,gbpusd+audusd+nzdusd,280,0.4750,-1.8735,-43.5881,0.4169,0.1646,0.2714,-0.0483,0.5413
limit,at_19,20,30,1.0000,18,gbpusd+audusd+usdjpy,457,0.4748,-2.1281,-41.7876,0.5759,0.1196,0.1466,-0.0702,0.4719
limit,at_19,20,30,1.0000,18,gbpusd+nzdusd+usdjpy,468,0.4786,-1.3663,-41.8373,0.5573,0.2148,0.1432,-0.0558,0.4502
limit,at_19,20,30,1.0000,18,audusd+nzdusd+usdjpy,412,0.5146,0.2337,-41.7093,0.5021,0.2449,0.1626,0.0170,0.4434
limit,at_19,20,40,0.7500,12,eurusd+gbpusd+audusd,278,0.5180,-1.3079,-44.2214,0.4665,0.2449,0.2374,-0.0387,0.5918
limit,at_19,20,40,0.7500,12,eurusd+gbpusd+nzdusd,289,0.5225,-0.8969,-43.6801,0.4317,0.3852,0.2180,-0.0320,0.5521
limit,at_19,20,40,0.7500,12,eurusd+gbpusd+usdjpy,466,0.5322,-1.6793,-41.8446,0.5526,0.1660,0.1695,-0.0632,0.4799
limit,at_19,20,40,0.7500,12,eurusd+audusd+nzdusd,233,0.5751,3.5490,-43.7731,0.4102,0.4502,0.2318,0.2963,0.5646
limit,at_19,20,40,0.7500,12,eurusd+audusd+usdjpy,410,0.5634,0.7404,-41.6725,0.5263,0.2438,0.1610,0.0651,0.4772
limit,at_19,20,40,0.7500,12,eurusd+nzdusd+usdjpy,421,0.5653,0.9690,-41.7100,0.5151,0.3858,0.1591,0.0857,0.4529
limit,at_19,20,40,0.7500,12,gbpusd+audusd+nzdusd,280,0.5250,0.0442,-43.5881,0.4169,0.3354,0.2714,0.0015,0.5413
limit,at_19,20,40,0.7500,12,gbpusd+audusd+usdjpy,457,0.5339,-1.1181,-41.7876,0.5759,0.1830,0.1466,-0.0486,0.4719
limit,at_19,20,40,0.7500,12,gbpusd+nzdusd+usdjpy,468,0.5363,-0.8688,-41.8373,0.5573,0.3187,0.1432,-0.0441,0.4502
limit,at_19,20,40,0.7500,12,audusd+nzdusd+usdjpy,412,0.5680,1.6494,-41.7093,0.5021,0.3899,0.1626,0.2099,0.4434
limit,at_19,20,40,0.7500,16,eurusd+gbpusd+audusd,278,0.5252,-1.5186,-44.2214,0.4665,0.1876,0.2374,-0.0446,0.5918
limit,at_19,20,40,0.7500,16,eurusd+gbpusd+nzdusd,289,0.5294,-1.4074,-43.6801,0.4317,0.2615,0.2180,-0.0399,0.5521
limit,at_19,20,40,0.7500,16,eurusd+gbpusd+usdjpy,466,0.5408,-1.8397,-41.8446,0.5526,0.1584,0.1695,-0.0626,0.4799
limit,at_19,20,40,0.7500,16,eurusd+audusd+nzdusd,233,0.5794,3.0797,-43.7731,0.4102,0.3676,0.2318,0.1475,0.5646
limit,at_19,20,40,0.7500,16,eurusd+audusd+usdjpy,410,0.5707,0.6512,-41.6725,0.5263,0.2582,0.1610,0.0497,0.4772
limit,at_19,20,40,0.7500,16,eurusd+nzdusd+usdjpy,421,0.5724,0.6709,-41.7100,0.5151,0.3298,0.1591,0.0525,0.4529
limit,at_19,20,40,0.7500,16,gbpusd+audusd+nzdusd,280,0.5286,-0.4942,-43.5881,0.4169,0.2086,0.2714,-0.0138,0.5413
limit,at_19,20,40,0.7500,16,gbpusd+audusd+usdjpy,457,0.5405,-1.2887,-41.7876,0.5759,0.1469,0.1466,-0.0521,0.4719
limit,at_19,20,40,0.7500,16,gbpusd+nzdusd+usdjpy,468,0.5427,-1.2254,-41.8373,0.5573,0.2161,0.1432,-0.0503,0.4502
limit,at_19,20,40,0.7500,16,audusd+nzdusd+usdjpy,412,0.5728,1.3368,-41.7093,0.5021,0.3072,0.1626,0.1263,0.4434
limit,at_19,20,40,0.7500,18,eurusd+gbpusd+audusd,278,0.5432,-1.6596,-44.2214,0.4665,0.2132,0.2374,-0.0473,0.5918
limit,at_19,20,40,0.7500,18,eurusd+gbpusd+nzdusd,289,0.5363,-1.5600,-43.6801,0.4317,0.2468,0.2180,-0.0431,0.5521
limit,at_19,20,40,0.7500,18,eurusd+gbpusd+usdjpy,466,0.5472,-1.9235,-41.8446,0.5526,0.1460,0.1695,-0.0639,0.4799
limit,at_19,20,40,0.7500,18,eurusd+audusd+nzdusd,233,0.5923,2.8951,-43.7731,0.4102,0.3816,0.2318,0.1377,0.5646
limit,at_19,20,40,0.7500,18,eurusd+audusd+usdjpy,410,0.5805,0.5586,-41.6725,0.5263,0.2810,0.1610,0.0413,0.4772
limit,at_19,20,40,0.7500,18,eurusd+nzdusd+usdjpy,421,0.5748,0.5690,-41.7100,0.5151,0.3206,0.1591,0.0420,0.4529
limit,at_19,20,40,0.7500,18,gbpusd+audusd+nzdusd,280,0.5357,-0.6772,-43.5881,0.4169,0.2182,0.2714,-0.0183,0.5413
limit,at_19,20,40,0.7500,18,gbpusd+audusd+usdjpy,457,0.5470,-1.3899,-41.7876,0.5759,0.1664,0.1466,-0.0548,0.4719
limit,at_19,20,40,0.7500,18,gbpusd+nzdusd+usdjpy,468,0.5427,-1.3347,-41.8373,0.5573,0.1988,0.1432,-0.0528,0.4502
limit,at_19,20,40,0.7500,18,audusd+nzdusd+usdjpy,412,0.5752,1.2154,-41.7093,0.5021,0.3164,0.1626,0.1202,0.4434
limit,at_19,20,40,1.0000,12,eurusd+gbpusd+audusd,278,0.4676,-1.9451,-44.2214,0.4665,0.1669,0.2374,-0.0465,0.5918
limit,at_19,20,40,1.0000,12,eurusd+gbpusd+nzdusd,289,0.4775,-1.0341,-43.6801,0.4317,0.2803,0.2180,-0.0280,0.5521
limit,at_19,20,40,1.0000,12,eurusd+gbpusd+usdjpy,466,0.4828,-1.4712,-41.8446,0.5526,0.1703,0.1695,-0.0559,0.4799
limit,at_19,20,40,1.0000,12,eurusd+audusd+nzdusd,233,0.5322,2.7411,-43.7731,0.4102,0.3350,0.2318,0.1093,0.5646
limit,at_19,20,40,1.0000,12,eurusd+audusd+usdjpy,410,0.5146,0.6145,-41.6725,0.5263,0.2353,0.1610,0.0393,0.4772
limit,at_19,20,40,1.0000,12,eurusd+nzdusd+usdjpy,421,0.5202,1.1730,-41.7100,0.5151,0.3345,0.1591,0.0657,0.4529
limit,at_19,20,40,1.0000,12,gbpusd+audusd+nzdusd,280,0.4857,-0.2117,-43.5881,0.4169,0.2651,0.2714,-0.0053,0.5413
limit,at_19,20,40,1.0000,12,gbpusd+audusd+usdjpy,457,0.4880,-0.9759,-41.7876,0.5759,0.1930,0.1466,-0.0397,0.4719
limit,at_19,20,40,1.0000,12,gbpusd+nzdusd+usdjpy,468,0.4936,-0.4362,-41.8373,0.5573,0.2917,0.1432,-0.0187,0.4502
limit,at_19,20,40,1.0000,12,audusd+nzdusd+usdjpy,412,0.5267,1.7801,-41.7093,0.5021,0.3478,0.1626,0.0905,0.4434
limit,at_19,20,40,1.0000,16,eurusd+gbpusd+audusd,278,0.4640,-2.2801,-44.2214,0.4665,0.1504,0.2374,-0.0546,0.5918
limit,at_19,20,40,1.0000,16,eurusd+gbpusd+nzdusd,289,0.4706,-1.3861,-43.6801,0.4317,0.1994,0.2180,-0.0309,0.5521
limit,at_19,20,40,1.0000,16,eurusd+gbpusd+usdjpy,466,0.4914,-1.4110,-41.8446,0.5526,0.1554,0.1695,-0.0507,0.4799
limit,at_19,20,40,1.0000,16,eurusd+audusd+nzdusd,233,0.5064,2.1301,-43.7731,0.4102,0.3146,0.2318,0.0618,0.5646
limit,at_19,20,40,1.0000,16,eurusd+audusd+usdjpy,410,0.5146,0.5838,-41.6725,0.5263,0.2688,0.1610,0.0338,0.4772
limit,at_19,20,40,1.0000,16,eurusd+nzdusd+usdjpy,421,0.5178,1.1227,-41.7100,0.5151,0.2992,0.1591,0.0508,0.4529
limit,at_19,20,40,1.0000,16,gbpusd+audusd+nzdusd,280,0.4643,-1.3025,-43.5881,0.4169,0.2018,0.2714,-0.0256,0.5413
limit,at_19,20,40,1.0000,16,gbpusd+audusd+usdjpy,457,0.4880,-1.3602,-41.7876,0.5759,0.1799,0.1466,-0.0492,0.4719
limit,at_19,20,40,1.0000,16,gbpusd+nzdusd+usdjpy,468,0.4915,-0.8298,-41.8373,0.5573,0.2086,0.1432,-0.0275,0.4502
limit,at_19,20,40,1.0000,16,audusd+nzdusd+usdjpy,412,0.5146,1.2343,-41.7093,0.5021,0.3224,0.1626,0.0529,0.4434
limit,at_19,20,40,1.0000,18,eurusd+gbpusd+audusd,278,0.4820,-2.3758,-44.2214,0.4665,0.1569,0.2374,-0.0570,0.5918
limit,at_19,20,40,1.0000,18,eurusd+gbpusd+nzdusd,289,0.4810,-1.4503,-43.6801,0.4317,0.1930,0.2180,-0.0327,0.5521
limit,at_19,20,40,1.0000,18,eurusd+gbpusd+usdjpy,466,0.4936,-1.5515,-41.8446,0.5526,0.1359,0.1695,-0.0541,0.4799
limit,at_19,20,40,1.0000,18,eurusd+audusd+nzdusd,233,0.5322,2.1219,-43.7731,0.4102,0.3196,0.2318,0.0654,0.5646
limit,at_19,20,40,1.0000,18,eurusd+audusd+usdjpy,410,0.5244,0.4647,-41.6725,0.5263,0.2606,0.1610,0.0292,0.4772
limit,at_19,20,40,1.0000,18,eurusd+nzdusd+usdjpy,421,0.5226,1.0258,-41.7100,0.5151,0.2899,0.1591,0.0490,0.4529
limit,at_19,20,40,1.0000,18,gbpusd+audusd+nzdusd,280,0.4786,-1.2531,-43.5881,0.4169,0.2069,0.2714,-0.0251,0.5413
limit,at_19,20,40,1.0000,18,gbpusd+audusd+usdjpy,457,0.4923,-1.4327,-41.7876,0.5759,0.1788,0.1466,-0.0544,0.4719
limit,at_19,20,40,1.0000,18,gbpusd+nzdusd+usdjpy,468,0.4915,-0.8833,-41.8373,0.5573,0.1975,0.1432,-0.0295,0.4502
limit,at_19,20,40,1.0000,18,audusd+nzdusd+usdjpy,412,0.5218,1.2139,-41.7093,0.5021,0.3216,0.1626,0.0549,0.4434
limit,at_19,25,20,0.7500,12,eurusd+gbpusd+audusd,182,0.5714,-0.8417,-45.6300,0.2875,0.3019,0.2088,-0.0316,0.6071
limit,at_19,25,20,0.7500,12,eurusd+gbpusd+nzdusd,184,0.6087,1.0793,-45.2906,0.2540,0.5438,0.2011,0.0877,0.5735
limit,at_19,25,20,0.7500,12,eurusd+gbpusd+usdjpy,304,0.5822,0.0003,-41.8036,0.5443,0.2164,0.1250,0.0000,0.4824
limit,at_19,25,20,0.7500,12,eurusd+audusd+nzdusd,148,0.5946,0.3243,-45.0763,0.3036,0.4494,0.2162,0.0142,0.5712
limit,at_19,25,20,0.7500,12,eurusd+audusd+usdjpy,268,0.5709,-0.5616,-41.5698,0.5445,0.2004,0.1269,-0.0373,0.4689
limit,at_19,25,20,0.7500,12,eurusd+nzdusd+usdjpy,270,0.5963,0.7455,-41.6966,0.5582,0.4308,0.1296,0.0788,0.4470
limit,at_19,25,20,0.7500,12,gbpusd+audusd+nzdusd,185,0.5784,-0.3212,-45.2249,0.2565,0.4580,0.2486,-0.0146,0.5705
limit,at_19,25,20,0.7500,12,gbpusd+audusd+usdjpy,305,0.5639,-0.8456,-41.8085,0.5424,0.2070,0.1541,-0.0498,0.4808
limit,at_19,25,20,0.7500,12,gbpusd+nzdusd+usdjpy,307,0.5863,0.3058,-41.9144,0.5508,0.4548,0.1564,0.0344,0.4615
limit,at_19,25,20,0.7500,12,audusd+nzdusd+usdjpy,271,0.5756,-0.2093,-41.7185,0.4991,0.3936,0.1845,-0.0176,0.4454
limit,at_19,25,20,0.7500,16,eurusd+gbpusd+audusd,182,0.5714,-1.0329,-45.6300,0.2875,0.2612,0.2088,-0.0392,0.6071
limit,at_19,25,20,0.7500,16,eurusd+gbpusd+nzdusd,184,0.6141,1.1796,-45.2906,0.2540,0.5322,0.2011,0.0981,0.5735
limit,at_19,25,20,0.7500,16,eurusd+gbpusd+usdjpy,304,0.5855,-0.0372,-41.8036,0.5443,0.2144,0.1250,-0.0033,0.4824
limit,at_19,25,20,0.7500,16,eurusd+audusd+nzdusd,148,0.5946,0.3040,-45.0763,0.3036,0.4201,0.2162,0.0137,0.5712
limit,at_19,25,20,0.7500,16,eurusd+audusd+usdjpy,268,0.5709,-0.6843,-41.5698,0.5445,0.1692,0.1269,-0.0452,0.4689
limit,at_19,25,20,0.7500,16,eurusd+nzdusd+usdjpy,270,0.6000,0.8210,-41.6966,0.5582,0.4209,0.1296,0.0863,0.4470
limit,at_19,25,20,0.7500,16,gbpusd+audusd+nzdusd,185,0.5730,-0.4181,-45.2249,0.2565,0.4230,0.2486,-0.0196,0.5705
limit,at_19,25,20,0.7500,16,gbpusd+audusd+usdjpy,305,0.5607,-1.0024,-41.8085,0.5424,0.1682,0.1541,-0.0589,0.4808
limit,at_19,25,20,0.7500,16,gbpusd+nzdusd+usdjpy,307,0.5863,0.3235,-41.9144,0.5508,0.4339,0.1564,0.0362,0.4615
limit,at_19,25,20,0.7500,16,audusd+nzdusd+usdjpy,271,0.5720,-0.2684,-41.7185,0.4991,0.3586,0.1845,-0.0229,0.4454
limit,at_19,25,20,0.7500,18,eurusd+gbpusd+audusd,182,0.5824,-0.9232,-45.6300,0.2875,0.2613,0.2088,-0.0358,0.6071
limit,at_19,25,20,0.7500,18,eurusd+gbpusd+nzdusd,184,0.6196,1.2558,-45.2906,0.2540,0.5289,0.2011,0.1085,0.5735
limit,at_19,25,20,0.7500,18,eurusd+gbpusd+usdjpy,304,0.5888,-0.0225,-41.8036,0.5443,0.2182,0.1250,-0.0020,0.4824
limit,at_19,25,20,0.7500,18,eurusd+audusd+nzdusd,148,0.6081,0.5033,-45.0763,0.3036,0.4155,0.2162,0.0241,0.5712
limit,at_19,25,20,0.7500,18,eurusd+audusd+usdjpy,268,0.5784,-0.6098,-41.5698,0.5445,0.1701,0.1269,-0.0413,0.4689
limit,at_19,25,20,0.7500,18,eurusd+nzdusd+usdjpy,270,0.6037,0.8729,-41.6966,0.5582,0.4167,0.1296,0.0948,0.4470
limit,at_19,25,20,0.7500,18,gbpusd+audusd+nzdusd,185,0.5784,-0.2829,-45.2249,0.2565,0.4149,0.2486,-0.0139,0.5705
limit,at_19,25,20,0.7500,18,gbpusd+audusd+usdjpy,305,0.5639,-0.9516,-41.8085,0.5424,0.1647,0.1541,-0.0570,0.4808
limit,at_19,25,20,0.7500,18,gbpusd+nzdusd+usdjpy,307,0.5863,0.3546,-41.9144,0.5508,0.4272,0.1564,0.0409,0.4615
limit,at_19,25,20,0.7500,18,audusd+nzdusd+usdjpy,271,0.5756,-0.1761,-41.7185,0.4991,0.3495,0.1845,-0.0159,0.4454
limit,at_19,25,20,1.0000,12,eurusd+gbpusd+audusd,182,0.5220,0.1482,-45.6300,0.2875,0.3756,0.2088,0.0061,0.6071
limit,at_19,25,20,1.0000,12,eurusd+gbpusd+nzdusd,184,0.5598,2.4020,-45.2906,0.2540,0.6215,0.2011,0.2183,0.5735
limit,at_19,25,20,1.0000,12,eurusd+gbpusd+usdjpy,304,0.5197,0.3666,-41.8036,0.5443,0.3190,0.1250,0.0368,0.4824
limit,at_19,25,20,1.0000,12,eurusd+audusd+nzdusd,148,0.5405,1.7749,-45.0763,0.3036,0.5107,0.2162,0.0872,0.5712
limit,at_19,25,20,1.0000,12,eurusd+audusd+usdjpy,268,0.5037,-0.2531,-41.5698,0.5445,0.2349,0.1269,-0.0169,0.4689
limit,at_19,25,20,1.0000,12,eurusd+nzdusd+usdjpy,270,0.5296,1.2858,-41.6966,0.5582,0.4767,0.1296,0.1365,0.4470
limit,at_19,25,20,1.0000,12,gbpusd+audusd+nzdusd,185,0.5405,1.2696,-45.2249,0.2565,0.5397,0.2486,0.0680,0.5705
limit,at_19,25,20,1.0000,12,gbpusd+audusd+usdjpy,305,0.5082,-0.3136,-41.8085,0.5424,0.2922,0.1541,-0.0208,0.4808
limit,at_19,25,20,1.0000,12,gbpusd+nzdusd+usdjpy,307,0.5309,1.0403,-41.9144,0.5508,0.5490,0.1564,0.1359,0.4615
limit,at_19,25,20,1.0000,12,audusd+nzdusd+usdjpy,271,0.5166,0.5169,-41.7185,0.4991,0.4264,0.1845,0.0497,0.4454
limit,at_19,25,20,1.0000,16,eurusd+gbpusd+audusd,182,0.5220,-0.1427,-45.6300,0.2875,0.3367,0.2088,-0.0059,0.6071
limit,at_19,25,20,1.0000,16,eurusd+gbpusd+nzdusd,184,0.5652,2.4792,-45.2906,0.2540,0.6081,0.2011,0.2259,0.5735
limit,at_19,25,20,1.0000,16,eurusd+gbpusd+usdjpy,304,0.5230,0.2084,-41.8036,0.5443,0.3181,0.1250,0.0199,0.4824
limit,at_19,25,20,1.0000,16,eurusd+audusd+nzdusd,148,0.5405,1.7258,-45.0763,0.3036,0.4818,0.2162,0.0862,0.5712
limit,at_19,25,20,1.0000,16,eurusd+audusd+usdjpy,268,0.5037,-0.5127,-41.5698,0.5445,0.2048,0.1269,-0.0322,0.4689
limit,at_19,25,20,1.0000,16,eurusd+nzdusd+usdjpy,270,0.5333,1.2769,-41.6966,0.5582,0.4690,0.1296,0.1303,0.4470
limit,at_19,25,20,1.0000,16,gbpusd+audusd+nzdusd,185,0.5351,1.2477,-45.2249,0.2565,0.5161,0.2486,0.0678,0.5705
limit,at_19,25,20,1.0000,16,gbpusd+audusd+usdjpy,305,0.5049,-0.5311,-41.8085,0.5424,0.2670,0.1541,-0.0341,0.4808
limit,at_19,25,20,1.0000,16,gbpusd+nzdusd+usdjpy,307,0.5309,1.0429,-41.9144,0.5508,0.5463,0.1564,0.1355,0.4615
limit,at_19,25,20,1.0000,16,audusd+nzdusd+usdjpy,271,0.5129,0.4406,-41.7185,0.4991,0.4035,0.1845,0.0422,0.4454
limit,at_19,25,20,1.0000,18,eurusd+gbpusd+audusd,182,0.5330,-0.0541,-45.6300,0.2875,0.3375,0.2088,-0.0023,0.6071
limit,at_19,25,20,1.0000,18,eurusd+gbpusd+nzdusd,184,0.5707,2.4882,-45.2906,0.2540,0.6094,0.2011,0.2163,0.5735
limit,at_19,25,20,1.0000,18,eurusd+gbpusd+usdjpy,304,0.5263,0.2055,-41.8036,0.5443,0.3177,0.1250,0.0194,0.4824
limit,at_19,25,20,1.0000,18,eurusd+audusd+nzdusd,148,0.5541,1.8416,-45.0763,0.3036,0.4864,0.2162,0.0920,0.5712
limit,at_19,25,20,1.0000,18,eurusd+audusd+usdjpy,268,0.5112,-0.4582,-41.5698,0.5445,0.2040,0.1269,-0.0293,0.4689
limit,at_19,25,20,1.0000,18,eurusd+nzdusd+usdjpy,270,0.5370,1.2773,-41.6966,0.5582,0.4684,0.1296,0.1328,0.4470
limit,at_19,25,20,1.0000,18,gbpusd+audusd+nzdusd,185,0.5405,1.3368,-45.2249,0.2565,0.5175,0.2486,0.0727,0.5705
limit,at_19,25,20,1.0000,18,gbpusd+audusd+usdjpy,305,0.5082,-0.4854,-41.8085,0.5424,0.2645,0.1541,-0.0318,0.4808
limit,at_19,25,20,1.0000,18,gbpusd+nzdusd+usdjpy,307,0.5309,1.0411,-41.9144,0.5508,0.5464,0.1564,0.1402,0.4615
limit,at_19,25,20,1.0000,18,audusd+nzdusd+usdjpy,271,0.5166,0.4958,-41.7185,0.4991,0.4040,0.1845,0.0488,0.4454
limit,at_19,25,30,0.7500,12,eurusd+gbpusd+audusd,182,0.5440,-1.4257,-45.6300,0.2875,0.3201,0.2088,-0.0382,0.6071
limit,at_19,25,30,0.7500,12,eurusd+gbpusd+nzdusd,184,0.5815,1.6221,-45.2906,0.2540,0.5656,0.2011,0.0883,0.5735
limit,at_19,25,30,0.7500,12,eurusd+gbpusd+usdjpy,304,0.5526,-0.7646,-41.8036,0.5443,0.1330,0.1250,-0.0354,0.4824
limit,at_19,25,30,0.7500,12,eurusd+audusd+nzdusd,148,0.5541,0.8611,-45.0763,0.3036,0.6114,0.2162,0.0454,0.5712
limit,at_19,25,30,0.7500,12,eurusd+audusd+usdjpy,268,0.5336,-1.5055,-41.5698,0.5445,0.2018,0.1269,-0.0596,0.4689
limit,at_19,25,30,0.7500,12,eurusd+nzdusd+usdjpy,270,0.5593,0.5722,-41.6966,0.5582,0.4458,0.1296,0.0392,0.4470
limit,at_19,25,30,0.7500,12,gbpusd+audusd+nzdusd,185,0.5838,1.5083,-45.2249,0.2565,0.5115,0.2486,0.0892,0.5705
limit,at_19,25,30,0.7500,12,gbpusd+audusd+usdjpy,305,0.5541,-0.8258,-41.8085,0.5424,0.0995,0.1541,-0.0361,0.4808
limit,at_19,25,30,0.7500,12,gbpusd+nzdusd+usdjpy,307,0.5765,0.9970,-41.9144,0.5508,0.3656,0.1564,0.0784,0.4615
limit,at_19,25,30,0.7500,12,audusd+nzdusd+usdjpy,271,0.5609,0.4984,-41.7185,0.4991,0.3970,0.1845,0.0379,0.4454
limit,at_19,25,30,0.7500,16,eurusd+gbpusd+audusd,182,0.5440,-1.7632,-45.6300,0.2875,0.2952,0.2088,-0.0457,0.6071
limit,at_19,25,30,0.7500,16,eurusd+gbpusd+nzdusd,184,0.5815,0.9101,-45.2906,0.2540,0.5632,0.2011,0.0440,0.5735
limit,at_19,25,30,0.7500,16,eurusd+gbpusd+usdjpy,304,0.5559,-0.9662,-41.8036,0.5443,0.1646,0.1250,-0.0406,0.4824
limit,at_19,25,30,0.7500,16,eurusd+audusd+nzdusd,148,0.5541,0.1770,-45.0763,0.3036,0.5973,0.2162,0.0087,0.5712
limit,at_19,25,30,0.7500,16,eurusd+audusd+usdjpy,268,0.5373,-1.6230,-41.5698,0.5445,0.2123,0.1269,-0.0594,0.4689
limit,at_19,25,30,0.7500,16,eurusd+nzdusd+usdjpy,270,0.5630,0.1977,-41.6966,0.5582,0.4609,0.1296,0.0118,0.4470
limit,at_19,25,30,0.7500,16,gbpusd+audusd+nzdusd,185,0.5838,0.9392,-45.2249,0.2565,0.4881,0.2486,0.0537,0.5705
limit,at_19,25,30,0.7500,16,gbpusd+audusd+usdjpy,305,0.5574,-0.9424,-41.8085,0.5424,0.0944,0.1541,-0.0384,0.4808
limit,at_19,25,30,0.7500,16,gbpusd+nzdusd+usdjpy,307,0.5798,0.6545,-41.9144,0.5508,0.3706,0.1564,0.0445,0.4615
limit,at_19,25,30,0.7500,16,audusd+nzdusd+usdjpy,271,0.5646,0.2202,-41.7185,0.4991,0.3912,0.1845,0.0151,0.4454
limit,at_19,25,30,0.7500,18,eurusd+gbpusd+audusd,182,0.5659,-1.5986,-45.6300,0.2875,0.3157,0.2088,-0.0432,0.6071
limit,at_19,25,30,0.7500,18,eurusd+gbpusd+nzdusd,184,0.5924,0.9724,-45.2906,0.2540,0.5680,0.2011,0.0471,0.5735
limit,at_19,25,30,0.7500,18,eurusd+gbpusd+usdjpy,304,0.5625,-0.9288,-41.8036,0.5443,0.1476,0.1250,-0.0388,0.4824
limit,at_19,25,30,0.7500,18,eurusd+audusd+nzdusd,148,0.5811,0.4457,-45.0763,0.3036,0.6365,0.2162,0.0235,0.5712
limit,at_19,25,30,0.7500,18,eurusd+audusd+usdjpy,268,0.5522,-1.4751,-41.5698,0.5445,0.2286,0.1269,-0.0571,0.4689
limit,at_19,25,30,0.7500,18,eurusd+nzdusd+usdjpy,270,0.5704,0.2761,-41.6966,0.5582,0.4555,0.1296,0.0166,0.4470
limit,at_19,25,30,0.7500,18,gbpusd+audusd+nzdusd,185,0.5946,1.1031,-45.2249,0.2565,0.5161,0.2486,0.0636,0.5705
limit,at_19,25,30,0.7500,18,gbpusd+audusd+usdjpy,305,0.5639,-0.8433,-41.8085,0.5424,0.1058,0.1541,-0.0362,0.4808
limit,at_19,25,30,0.7500,18,gbpusd+nzdusd+usdjpy,307,0.5798,0.6927,-41.9144,0.5508,0.3654,0.1564,0.0475,0.4615
limit,at_19,25,30,0.7500,18,audusd+nzdusd+usdjpy,271,0.5720,0.3679,-41.7185,0.4991,0.4176,0.1845,0.0270,0.4454
limit,at_19,25,30,1.0000,12,eurusd+gbpusd+audusd,182,0.4560,-2.8553,-45.6300,0.2875,0.3225,0.2088,-0.0569,0.6071
limit,at_19,25,30,1.0000,12,eurusd+gbpusd+nzdusd,184,0.5054,1.0281,-45.2906,0.2540,0.4669,0.2011,0.0328,0.5735
limit,at_19,25,30,1.0000,12,eurusd+gbpusd+usdjpy,304,0.4605,-2.2812,-41.8036,0.5443,0.1187,0.1250,-0.0727,0.4824
limit,at_19,25,30,1.0000,12,eurusd+audusd+nzdusd,148,0.5135,1.2422,-45.0763,0.3036,0.5680,0.2162,0.0701,0.5712
limit,at_19,25,30,1.0000,12,eurusd+audusd+usdjpy,268,0.4590,-2.6075,-41.5698,0.5445,0.2144,0.1269,-0.0824,0.4689
limit,at_19,25,30,1.0000,12,eurusd+nzdusd+usdjpy,270,0.4926,0.0371,-41.6966,0.5582,0.3379,0.1296,0.0020,0.4470
limit,at_19,25,30,1.0000,12,gbpusd+audusd+nzdusd,185,0.5027,0.5404,-45.2249,0.2565,0.4554,0.2486,0.0172,0.5705
limit,at_19,25,30,1.0000,12,gbpusd+audusd+usdjpy,305,0.4590,-2.5662,-41.8085,0.5424,0.1639,0.1541,-0.0709,0.4808
limit,at_19,25,30,1.0000,12,gbpusd+nzdusd+usdjpy,307,0.4886,-0.2405,-41.9144,0.5508,0.2831,0.1564,-0.0105,0.4615
limit,at_19,25,30,1.0000,12,audusd+nzdusd+usdjpy,271,0.4908,-0.2921,-41.7185,0.4991,0.3639,0.1845,-0.0167,0.4454
limit,at_19,25,30,1.0000,16,eurusd+gbpusd+audusd,182,0.4505,-3.1803,-45.6300,0.2875,0.2877,0.2088,-0.0625,0.6071
limit,at_19,25,30,1.0000,16,eurusd+gbpusd+nzdusd,184,0.4891,-0.3581,-45.2906,0.2540,0.3700,0.2011,-0.0096,0.5735
limit,at_19,25,30,1.0000,16,eurusd+gbpusd+usdjpy,304,0.4605,-2.4481,-41.8036,0.5443,0.1108,0.1250,-0.0716,0.4824
limit,at_19,25,30,1.0000,16,eurusd+audusd+nzdusd,148,0.4932,0.0208,-45.0763,0.3036,0.4901,0.2162,0.0009,0.5712
limit,at_19,25,30,1.0000,16,eurusd+audusd+usdjpy,268,0.4590,-2.5196,-41.5698,0.5445,0.2244,0.1269,-0.0749,0.4689
limit,at_19,25,30,1.0000,16,eurusd+nzdusd+usdjpy,270,0.4852,-0.6012,-41.6966,0.5582,0.2912,0.1296,-0.0282,0.4470
limit,at_19,25,30,1.0000,16,gbpusd+audusd+nzdusd,185,0.4919,-0.3681,-45.2249,0.2565,0.3580,0.2486,-0.0102,0.5705
limit,at_19,25,30,1.0000,16,gbpusd+audusd+usdjpy,305,0.4623,-2.4474,-41.8085,0.5424,0.1481,0.1541,-0.0652,0.4808
limit,at_19,25,30,1.0000,16,gbpusd+nzdusd+usdjpy,307,0.4853,-0.7606,-41.9144,0.5508,0.2068,0.1564,-0.0279,0.4615
limit,at_19,25,30,1.0000,16,audusd+nzdusd+usdjpy,271,0.4871,-0.6072,-41.7185,0.4991,0.3108,0.1845,-0.0295,0.4454
limit,at_19,25,30,1.0000,18,eurusd+gbpusd+audusd,182,0.4725,-2.9173,-45.6300,0.2875,0.3091,0.2088,-0.0594,0.6071
limit,at_19,25,30,1.0000,18,eurusd+gbpusd+nzdusd,184,0.4946,-0.4816,-45.2906,0.2540,0.3373,0.2011,-0.0125,0.5735
limit,at_19,25,30,1.0000,18,eurusd+gbpusd+usdjpy,304,0.4671,-2.3309,-41.8036,0.5443,0.1111,0.1250,-0.0685,0.4824
limit,at_19,25,30,1.0000,18,eurusd+audusd+nzdusd,148,0.5135,0.1794,-45.0763,0.3036,0.4900,0.2162,0.0077,0.5712
limit,at_19,25,30,1.0000,18,eurusd+audusd+usdjpy,268,0.4739,-2.2143,-41.5698,0.5445,0.2556,0.1269,-0.0685,0.4689
limit,at_19,25,30,1.0000,18,eurusd+nzdusd+usdjpy,270,0.4889,-0.5596,-41.6966,0.5582,0.2709,0.1296,-0.0251,0.4470
limit,at_19,25,30,1.0000,18,gbpusd+audusd+nzdusd,185,0.4973,-0.2922,-45.2249,0.2565,0.3549,0.2486,-0.0081,0.5705
limit,at_19,25,30,1.0000,18,gbpusd+audusd+usdjpy,305,0.4689,-2.2100,-41.8085,0.5424,0.1735,0.1541,-0.0606,0.4808
limit,at_19,25,30,1.0000,18,gbpusd+nzdusd+usdjpy,307,0.4821,-0.7548,-41.9144,0.5508,0.1896,0.1564,-0.0269,0.4615
limit,at_19,25,30,1.0000,18,audusd+nzdusd+usdjpy,271,0.4908,-0.4300,-41.7185,0.4991,0.3203,0.1845,-0.0211,0.4454
limit,at_19,25,40,0.7500,12,eurusd+gbpusd+audusd,182,0.5440,0.0141,-45.6300,0.2875,0.4593,0.2088,0.0004,0.6071
limit,at_19,25,40,0.7500,12,eurusd+gbpusd+nzdusd,184,0.5652,1.5455,-45.2906,0.2540,0.5257,0.2011,0.0515,0.5735
limit,at_19,25,40,0.7500,12,eurusd+gbpusd+usdjpy,304,0.5395,-1.5455,-41.8036,0.5443,0.1703,0.1250,-0.0513,0.4824
limit,at_19,25,40,0.7500,12,eurusd+audusd+nzdusd,148,0.5811,4.3296,-45.0763,0.3036,0.6153,0.2162,0.2351,0.5712
limit,at_19,25,40,0.7500,12,eurusd+audusd+usdjpy,268,0.5448,-0.4232,-41.5698,0.5445,0.3043,0.1269,-0.0199,0.4689
limit,at_19,25,40,0.7500,12,eurusd+nzdusd+usdjpy,270,0.5593,0.6236,-41.6966,0.5582,0.3614,0.1296,0.0350,0.4470
limit,at_19,25,40,0.7500,12,gbpusd+audusd+nzdusd,185,0.5784,3.4899,-45.2249,0.2565,0.5822,0.2486,0.1581,0.5705
limit,at_19,25,40,0.7500,12,gbpusd+audusd+usdjpy,305,0.5475,-0.3560,-41.8085,0.5424,0.3211,0.1541,-0.0156,0.4808
limit,at_19,25,40,0.7500,12,gbpusd+nzdusd+usdjpy,307,0.5603,0.5643,-41.9144,0.5508,0.3881,0.1564,0.0314,0.4615
limit,at_19,25,40,0.7500,12,audusd+nzdusd+usdjpy,271,0.5683,1.9544,-41.7185,0.4991,0.5128,0.1845,0.1630,0.4454
limit,at_19,25,40,0.7500,16,eurusd+gbpusd+audusd,182,0.5330,-0.4923,-45.6300,0.2875,0.4256,0.2088,-0.0130,0.6071
limit,at_19,25,40,0.7500,16,eurusd+gbpusd+nzdusd,184,0.5543,0.8296,-45.2906,0.2540,0.4102,0.2011,0.0241,0.5735
limit,at_19,25,40,0.7500,16,eurusd+gbpusd+usdjpy,304,0.5428,-1.7478,-41.8036,0.5443,0.1565,0.1250,-0.0543,0.4824
limit,at_19,25,40,0.7500,16,eurusd+audusd+nzdusd,148,0.5608,3.8306,-45.0763,0.3036,0.5109,0.2162,0.1795,0.5712
limit,at_19,25,40,0.7500,16,eurusd+audusd+usdjpy,268,0.5448,-0.4368,-41.5698,0.5445,0.3134,0.1269,-0.0191,0.4689
limit,at_19,25,40,0.7500,16,eurusd+nzdusd+usdjpy,270,0.5593,0.4636,-41.6966,0.5582,0.2888,0.1296,0.0301,0.4470
limit,at_19,25,40,0.7500,16,gbpusd+audusd+nzdusd,185,0.5676,2.7344,-45.2249,0.2565,0.4817,0.2486,0.1025,0.5705
limit,at_19,25,40,0.7500,16,gbpusd+audusd+usdjpy,305,0.5508,-0.5840,-41.8085,0.5424,0.3036,0.1541,-0.0226,0.4808
limit,at_19,25,40,0.7500,16,gbpusd+nzdusd+usdjpy,307,0.5635,0.2088,-41.9144,0.5508,0.2944,0.1564,0.0096,0.4615
limit,at_19,25,40,0.7500,16,audusd+nzdusd+usdjpy,271,0.5683,1.7653,-41.7185,0.4991,0.4282,0.1845,0.1588,0.4454
limit,at_19,25,40,0.7500,18,eurusd+gbpusd+audusd,182,0.5549,-0.2391,-45.6300,0.2875,0.4504,0.2088,-0.0066,0.6071
limit,at_19,25,40,0.7500,18,eurusd+gbpusd+nzdusd,184,0.5598,0.5737,-45.2906,0.2540,0.3818,0.2011,0.0152,0.5735
limit,at_19,25,40,0.7500,18,eurusd+gbpusd+usdjpy,304,0.5493,-1.6678,-41.8036,0.5443,0.1617,0.1250,-0.0516,0.4824
limit,at_19,25,40,0.7500,18,eurusd+audusd+nzdusd,148,0.5811,3.8757,-45.0763,0.3036,0.5147,0.2162,0.1886,0.5712
limit,at_19,25,40,0.7500,18,eurusd+audusd+usdjpy,268,0.5597,-0.1453,-41.5698,0.5445,0.3436,0.1269,-0.0068,0.4689
limit,at_19,25,40,0.7500,18,eurusd+nzdusd+usdjpy,270,0.5630,0.4079,-41.6966,0.5582,0.2744,0.1296,0.0228,0.4470
limit,at_19,25,40,0.7500,18,gbpusd+audusd+nzdusd,185,0.5730,2.7225,-45.2249,0.2565,0.4774,0.2486,0.0944,0.5705
limit,at_19,25,40,0.7500,18,gbpusd+audusd+usdjpy,305,0.5574,-0.3571,-41.8085,0.5424,0.3299,0.1541,-0.0146,0.4808
limit,at_19,25,40,0.7500,18,gbpusd+nzdusd+usdjpy,307,0.5603,0.1308,-41.9144,0.5508,0.2769,0.1564,0.0055,0.4615
limit,at_19,25,40,0.7500,18,audusd+nzdusd+usdjpy,271,0.5720,1.8754,-41.7185,0.4991,0.4356,0.1845,0.1740,0.4454
limit,at_19,25,40,1.0000,12,eurusd+gbpusd+audusd,182,0.4780,-0.5313,-45.6300,0.2875,0.3615,0.2088,-0.0132,0.6071
limit,at_19,25,40,1.0000,12,eurusd+gbpusd+nzdusd,184,0.5000,1.1127,-45.2906,0.2540,0.4385,0.2011,0.0405,0.5735
limit,at_19,25,40,1.0000,12,eurusd+gbpusd+usdjpy,304,0.4737,-1.9007,-41.8036,0.5443,0.1302,0.1250,-0.0558,0.4824
limit,at_19,25,40,1.0000,12,eurusd+audusd+nzdusd,148,0.5270,4.0615,-45.0763,0.3036,0.4931,0.2162,0.1511,0.5712
limit,at_19,25,40,1.0000,12,eurusd+audusd+usdjpy,268,0.4851,-0.6771,-41.5698,0.5445,0.2458,0.1269,-0.0241,0.4689
limit,at_19,25,40,1.0000,12,eurusd+nzdusd+usdjpy,270,0.5000,0.4444,-41.6966,0.5582,0.2992,0.1296,0.0239,0.4470
limit,at_19,25,40,1.0000,12,gbpusd+audusd+nzdusd,185,0.5243,3.4718,-45.2249,0.2565,0.4977,0.2486,0.1385,0.5705
limit,at_19,25,40,1.0000,12,gbpusd+audusd+usdjpy,305,0.4885,-0.4599,-41.8085,0.5424,0.2814,0.1541,-0.0168,0.4808
limit,at_19,25,40,1.0000,12,gbpusd+nzdusd+usdjpy,307,0.5016,0.5250,-41.9144,0.5508,0.3592,0.1564,0.0288,0.4615
limit,at_19,25,40,1.0000,12,audusd+nzdusd+usdjpy,271,0.5166,2.0573,-41.7185,0.4991,0.4384,0.1845,0.1052,0.4454
limit,at_19,25,40,1.0000,16,eurusd+gbpusd+audusd,182,0.4670,-1.0748,-45.6300,0.2875,0.3744,0.2088,-0.0231,0.6071
limit,at_19,25,40,1.0000,16,eurusd+gbpusd+nzdusd,184,0.4837,0.2866,-45.2906,0.2540,0.3865,0.2011,0.0081,0.5735
limit,at_19,25,40,1.0000,16,eurusd+gbpusd+usdjpy,304,0.4868,-1.7596,-41.8036,0.5443,0.1148,0.1250,-0.0523,0.4824
limit,at_19,25,40,1.0000,16,eurusd+audusd+nzdusd,148,0.4932,3.4476,-45.0763,0.3036,0.4981,0.2162,0.0989,0.5712
limit,at_19,25,40,1.0000,16,eurusd+audusd+usdjpy,268,0.4925,-0.2889,-41.5698,0.5445,0.3096,0.1269,-0.0105,0.4689
limit,at_19,25,40,1.0000,16,eurusd+nzdusd+usdjpy,270,0.5037,0.6331,-41.6966,0.5582,0.3052,0.1296,0.0292,0.4470
limit,at_19,25,40,1.0000,16,gbpusd+audusd+nzdusd,185,0.4973,2.2107,-45.2249,0.2565,0.5035,0.2486,0.0644,0.5705
limit,at_19,25,40,1.0000,16,gbpusd+audusd+usdjpy,305,0.4951,-0.5859,-41.8085,0.5424,0.3166,0.1541,-0.0200,0.4808
limit,at_19,25,40,1.0000,16,gbpusd+nzdusd+usdjpy,307,0.5049,0.2269,-41.9144,0.5508,0.3378,0.1564,0.0098,0.4615
limit,at_19,25,40,1.0000,16,audusd+nzdusd+usdjpy,271,0.5129,1.9453,-41.7185,0.4991,0.4775,0.1845,0.0784,0.4454
limit,at_19,25,40,1.0000,18,eurusd+gbpusd+audusd,182,0.4835,-0.7692,-45.6300,0.2875,0.3888,0.2088,-0.0177,0.6071
limit,at_19,25,40,1.0000,18,eurusd+gbpusd+nzdusd,184,0.4946,0.0829,-45.2906,0.2540,0.3717,0.2011,0.0022,0.5735
limit,at_19,25,40,1.0000,18,eurusd+gbpusd+usdjpy,304,0.4868,-1.7647,-41.8036,0.5443,0.1095,0.1250,-0.0527,0.4824
limit,at_19,25,40,1.0000,18,eurusd+audusd+nzdusd,148,0.5270,3.5653,-45.0763,0.3036,0.5052,0.2162,0.1106,0.5712
limit,at_19,25,40,1.0000,18,eurusd+audusd+usdjpy,268,0.5037,-0.0897,-41.5698,0.5445,0.3189,0.1269,-0.0035,0.4689
limit,at_19,25,40,1.0000,18,eurusd+nzdusd+usdjpy,270,0.5111,0.4859,-41.6966,0.5582,0.2956,0.1296,0.0226,0.4470
limit,at_19,25,40,1.0000,18,gbpusd+audusd+nzdusd,185,0.5081,2.4086,-45.2249,0.2565,0.5003,0.2486,0.0706,0.5705
limit,at_19,25,40,1.0000,18,gbpusd+audusd+usdjpy,305,0.4951,-0.3479,-41.8085,0.5424,0.3294,0.1541,-0.0129,0.4808
limit,at_19,25,40,1.0000,18,gbpusd+nzdusd+usdjpy,307,0.5016,0.1600,-41.9144,0.5508,0.3294,0.1564,0.0066,0.4615
limit,at_19,25,40,1.0000,18,audusd+nzdusd+usdjpy,271,0.5203,2.0721,-41.7185,0.4991,0.4862,0.1845,0.0879,0.4454
limit,at_19,30,20,0.7500,12,eurusd+gbpusd+audusd,128,0.5312,-2.1105,-46.7052,0.3826,0.1969,0.2031,-0.0639,0.5977
limit,at_19,30,20,0.7500,12,eurusd+gbpusd+nzdusd,126,0.5714,-0.3008,-45.4788,0.3241,0.4267,0.1825,-0.0133,0.5599
limit,at_19,30,20,0.7500,12,eurusd+gbpusd+usdjpy,217,0.5668,-0.3533,-41.9281,0.6035,0.1402,0.1244,-0.0209,0.4731
limit,at_19,30,20,0.7500,12,eurusd+audusd+nzdusd,99,0.5354,-2.1005,-47.0138,0.4039,0.3187,0.3030,-0.0510,0.5711
limit,at_19,30,20,0.7500,12,eurusd+audusd+usdjpy,190,0.5474,-1.2985,-41.8766,0.5600,0.1273,0.1368,-0.0590,0.4667
limit,at_19,30,20,0.7500,12,eurusd+nzdusd+usdjpy,188,0.5745,-0.0770,-41.8797,0.5664,0.3299,0.1436,-0.0048,0.4399
limit,at_19,30,20,0.7500,12,gbpusd+audusd+nzdusd,127,0.5354,-2.0605,-45.1744,0.3270,0.3675,0.2598,-0.0605,0.5556
limit,at_19,30,20,0.7500,12,gbpusd+audusd+usdjpy,218,0.5459,-1.3782,-41.8695,0.5807,0.2006,0.1330,-0.0637,0.4709
limit,at_19,30,20,0.7500,12,gbpusd+nzdusd+usdjpy,216,0.5694,-0.3158,-41.8393,0.5851,0.3858,0.1435,-0.0202,0.4476
limit,at_19,30,20,0.7500,12,audusd+nzdusd+usdjpy,189,0.5503,-1.2606,-41.8715,0.5119,0.3336,0.1905,-0.0583,0.4376
limit,at_19,30,20,0.7500,16,eurusd+gbpusd+audusd,128,0.5391,-2.2295,-46.7052,0.3826,0.1650,0.2031,-0.0682,0.5977
limit,at_19,30,20,0.7500,16,eurusd+gbpusd+nzdusd,126,0.5794,-0.3318,-45.4788,0.3241,0.4213,0.1825,-0.0147,0.5599
limit,at_19,30,20,0.7500,16,eurusd+gbpusd+usdjpy,217,0.5714,-0.4059,-41.9281,0.6035,0.1384,0.1244,-0.0235,0.4731
limit,at_19,30,20,0.7500,16,eurusd+audusd+nzdusd,99,0.5455,-2.1592,-47.0138,0.4039,0.3031,0.3030,-0.0531,0.5711
limit,at_19,30,20,0.7500,16,eurusd+audusd+usdjpy,190,0.5526,-1.3686,-41.8766,0.5600,0.1108,0.1368,-0.0620,0.4667
limit,at_19,30,20,0.7500,16,eurusd+nzdusd+usdjpy,188,0.5798,-0.0876,-41.8797,0.5664,0.3368,0.1436,-0.0054,0.4399
limit,at_19,30,20,0.7500,16,gbpusd+audusd+nzdusd,127,0.5354,-2.2238,-45.1744,0.3270,0.3379,0.2598,-0.0659,0.5556
limit,at_19,30,20,0.7500,16,gbpusd+audusd+usdjpy,218,0.5459,-1.5078,-41.8695,0.5807,0.1686,0.1330,-0.0688,0.4709
limit,at_19,30,20,0.7500,16,gbpusd+nzdusd+usdjpy,216,0.5694,-0.3941,-41.8393,0.5851,0.3761,0.1435,-0.0247,0.4476
limit,at_19,30,20,0.7500,16,audusd+nzdusd+usdjpy,189,0.5503,-1.3602,-41.8715,0.5119,0.3149,0.1905,-0.0626,0.4376
limit,at_19,30,20,0.7500,18,eurusd+gbpusd+audusd,128,0.5547,-2.1342,-46.7052,0.3826,0.1547,0.2031,-0.0669,0.5977
limit,at_19,30,20,0.7500,18,eurusd+gbpusd+nzdusd,126,0.5873,-0.2963,-45.4788,0.3241,0.4275,0.1825,-0.0131,0.5599
limit,at_19,30,20,0.7500,18,eurusd+gbpusd+usdjpy,217,0.5760,-0.3853,-41.9281,0.6035,0.1433,0.1244,-0.0224,0.4731
limit,at_19,30,20,0.7500,18,eurusd+audusd+nzdusd,99,0.5657,-2.0360,-47.0138,0.4039,0.2969,0.3030,-0.0513,0.5711
limit,at_19,30,20,0.7500,18,eurusd+audusd+usdjpy,190,0.5632,-1.3044,-41.8766,0.5600,0.1018,0.1368,-0.0605,0.4667
limit,at_19,30,20,0.7500,18,eurusd+nzdusd+usdjpy,188,0.5851,-0.0638,-41.8797,0.5664,0.3421,0.1436,-0.0039,0.4399
limit,at_19,30,20,0.7500,18,gbpusd+audusd+nzdusd,127,0.5433,-2.1631,-45.1744,0.3270,0.3278,0.2598,-0.0656,0.5556
limit,at_19,30,20,0.7500,18,gbpusd+audusd+usdjpy,218,0.5505,-1.4724,-41.8695,0.5807,0.1550,0.1330,-0.0682,0.4709
limit,at_19,30,20,0.7500,18,gbpusd+nzdusd+usdjpy,216,0.5694,-0.3941,-41.8393,0.5851,0.3761,0.1435,-0.0247,0.4476
limit,at_19,30,20,0.7500,18,audusd+nzdusd+usdjpy,189,0.5556,-1.3194,-41.8715,0.5119,0.3053,0.1905,-0.0622,0.4376
limit,at_19,30,20,1.0000,12,eurusd+gbpusd+audusd,128,0.5000,-0.7232,-46.7052,0.3826,0.2788,0.2031,-0.0236,0.5977
limit,at_19,30,20,1.0000,12,eurusd+gbpusd+nzdusd,126,0.5476,1.8738,-45.4788,0.3241,0.5252,0.1825,0.1053,0.5599
limit,at_19,30,20,1.0000,12,eurusd+gbpusd+usdjpy,217,0.5207,0.4207,-41.9281,0.6035,0.1910,0.1244,0.0328,0.4731
limit,at_19,30,20,1.0000,12,eurusd+audusd+nzdusd,99,0.5152,0.5578,-47.0138,0.4039,0.3717,0.3030,0.0177,0.5711
limit,at_19,30,20,1.0000,12,eurusd+audusd+usdjpy,190,0.5000,-0.4715,-41.8766,0.5600,0.1071,0.1368,-0.0246,0.4667
limit,at_19,30,20,1.0000,12,eurusd+nzdusd+usdjpy,188,0.5319,1.2717,-41.8797,0.5664,0.3490,0.1436,0.1017,0.4399
limit,at_19,30,20,1.0000,12,gbpusd+audusd+nzdusd,127,0.5118,0.1592,-45.1744,0.3270,0.4384,0.2598,0.0062,0.5556
limit,at_19,30,20,1.0000,12,gbpusd+audusd+usdjpy,218,0.5000,-0.5715,-41.8695,0.5807,0.2124,0.1330,-0.0336,0.4709
limit,at_19,30,20,1.0000,12,gbpusd+nzdusd+usdjpy,216,0.5278,0.9448,-41.8393,0.5851,0.4336,0.1435,0.0880,0.4476
limit,at_19,30,20,1.0000,12,audusd+nzdusd+usdjpy,189,0.5079,0.1228,-41.8715,0.5119,0.3213,0.1905,0.0078,0.4376
limit,at_19,30,20,1.0000,16,eurusd+gbpusd+audusd,128,0.5078,-0.8422,-46.7052,0.3826,0.2511,0.2031,-0.0278,0.5977
limit,at_19,30,20,1.0000,16,eurusd+gbpusd+nzdusd,126,0.5556,1.8428,-45.4788,0.3241,0.5209,0.1825,0.1036,0.5599
limit,at_19,30,20,1.0000,16,eurusd+gbpusd+usdjpy,217,0.5253,0.2827,-41.9281,0.6035,0.2022,0.1244,0.0215,0.4731
limit,at_19,30,20,1.0000,16,eurusd+audusd+nzdusd,99,0.5253,0.4991,-47.0138,0.4039,0.3583,0.3030,0.0161,0.5711
limit,at_19,30,20,1.0000,16,eurusd+audusd+usdjpy,190,0.5053,-0.6391,-41.8766,0.5600,0.1031,0.1368,-0.0319,0.4667
limit,at_19,30,20,1.0000,16,eurusd+nzdusd+usdjpy,188,0.5372,1.1625,-41.8797,0.5664,0.3624,0.1436,0.0905,0.4399
limit,at_19,30,20,1.0000,16,gbpusd+audusd+nzdusd,127,0.5118,-0.0041,-45.1744,0.3270,0.4134,0.2598,-0.0002,0.5556
limit,at_19,30,20,1.0000,16,gbpusd+audusd+usdjpy,218,0.5000,-0.7860,-41.8695,0.5807,0.1923,0.1330,-0.0443,0.4709
limit,at_19,30,20,1.0000,16,gbpusd+nzdusd+usdjpy,216,0.5278,0.7807,-41.8393,0.5851,0.4315,0.1435,0.0707,0.4476
limit,at_19,30,20,1.0000,16,audusd+nzdusd+usdjpy,189,0.5079,-0.0749,-41.8715,0.5119,0.3101,0.1905,-0.0045,0.4376
limit,at_19,30,20,1.0000,18,eurusd+gbpusd+audusd,128,0.5234,-0.7469,-46.7052,0.3826,0.2426,0.2031,-0.0253,0.5977
limit,at_19,30,20,1.0000,18,eurusd+gbpusd+nzdusd,126,0.5635,1.8783,-45.4788,0.3241,0.5258,0.1825,0.1056,0.5599
limit,at_19,30,20,1.0000,18,eurusd+gbpusd+usdjpy,217,0.5300,0.2962,-41.9281,0.6035,0.2056,0.1244,0.0226,0.4731
limit,at_19,30,20,1.0000,18,eurusd+audusd+nzdusd,99,0.5455,0.6223,-47.0138,0.4039,0.3537,0.3030,0.0207,0.5711
limit,at_19,30,20,1.0000,18,eurusd+audusd+usdjpy,190,0.5158,-0.5830,-41.8766,0.5600,0.0937,0.1368,-0.0299,0.4667
limit,at_19,30,20,1.0000,18,eurusd+nzdusd+usdjpy,188,0.5426,1.1781,-41.8797,0.5664,0.3655,0.1436,0.0917,0.4399
limit,at_19,30,20,1.0000,18,gbpusd+audusd+nzdusd,127,0.5197,0.0567,-45.1744,0.3270,0.4053,0.2598,0.0023,0.5556
limit,at_19,30,20,1.0000,18,gbpusd+audusd+usdjpy,218,0.5046,-0.7577,-41.8695,0.5807,0.1788,0.1330,-0.0438,0.4709
limit,at_19,30,20,1.0000,18,gbpusd+nzdusd+usdjpy,216,0.5278,0.7735,-41.8393,0.5851,0.4300,0.1435,0.0701,0.4476
limit,at_19,30,20,1.0000,18,audusd+nzdusd+usdjpy,189,0.5132,-0.0422,-41.8715,0.5119,0.3010,0.1905,-0.0026,0.4376
limit,at_19,30,30,0.7500,12,eurusd+gbpusd+audusd,128,0.5469,-1.4798,-46.7052,0.3826,0.1762,0.2031,-0.0380,0.5977
limit,at_19,30,30,0.7500,12,eurusd+gbpusd+nzdusd,126,0.5952,1.6751,-45.4788,0.3241,0.4935,0.1825,0.0694,0.5599
limit,at_19,30,30,0.7500,12,eurusd+gbpusd+usdjpy,217,0.5668,-0.5407,-41.9281,0.6035,0.0035,0.1244,-0.0234,0.4731
limit,at_19,30,30,0.7500,12,eurusd+audusd+nzdusd,99,0.5556,0.6276,-47.0138,0.4039,0.4400,0.3030,0.0270,0.5711
limit,at_19,30,30,0.7500,12,eurusd+audusd+usdjpy,190,0.5421,-1.4013,-41.8766,0.5600,-0.0752,0.1368,-0.0533,0.4667
limit,at_19,30,30,0.7500,12,eurusd+nzdusd+usdjpy,188,0.5745,0.7139,-41.8797,0.5664,0.3034,0.1436,0.0464,0.4399
limit,at_19,30,30,0.7500,12,gbpusd+audusd+nzdusd,127,0.5984,1.9681,-45.1744,0.3270,0.3896,0.2598,0.1322,0.5556
limit,at_19,30,30,0.7500,12,gbpusd+audusd+usdjpy,218,0.5688,-0.3598,-41.8695,0.5807,-0.0826,0.1330,-0.0169,0.4709
limit,at_19,30,30,0.7500,12,gbpusd+nzdusd+usdjpy,216,0.5972,1.4909,-41.8393,0.5851,0.2421,0.1435,0.1101,0.4476
limit,at_19,30,30,0.7500,12,audusd+nzdusd+usdjpy,189,0.5767,0.9159,-41.8715,0.5119,0.1954,0.1905,0.0602,0.4376
limit,at_19,30,30,0.7500,16,eurusd+gbpusd+audusd,128,0.5547,-1.4018,-46.7052,0.3826,0.1731,0.2031,-0.0359,0.5977
limit,at_19,30,30,0.7500,16,eurusd+gbpusd+nzdusd,126,0.5952,1.4616,-45.4788,0.3241,0.5105,0.1825,0.0545,0.5599
limit,at_19,30,30,0.7500,16,eurusd+gbpusd+usdjpy,217,0.5668,-0.6484,-41.9281,0.6035,0.0365,0.1244,-0.0264,0.4731
limit,at_19,30,30,0.7500,16,eurusd+audusd+nzdusd,99,0.5657,0.6838,-47.0138,0.4039,0.4464,0.3030,0.0275,0.5711
limit,at_19,30,30,0.7500,16,eurusd+audusd+usdjpy,190,0.5474,-1.3534,-41.8766,0.5600,-0.0632,0.1368,-0.0496,0.4667
limit,at_19,30,30,0.7500,16,eurusd+nzdusd+usdjpy,188,0.5745,0.5661,-41.8797,0.5664,0.3397,0.1436,0.0347,0.4399
limit,at_19,30,30,0.7500,16,gbpusd+audusd+nzdusd,127,0.6063,1.9313,-45.1744,0.3270,0.3709,0.2598,0.1255,0.5556
limit,at_19,30,30,0.7500,16,gbpusd+audusd+usdjpy,218,0.5734,-0.3650,-41.8695,0.5807,-0.0976,0.1330,-0.0171,0.4709
limit,at_19,30,30,0.7500,16,gbpusd+nzdusd+usdjpy,216,0.5972,1.3148,-41.8393,0.5851,0.2534,0.1435,0.0932,0.4476
limit,at_19,30,30,0.7500,16,audusd+nzdusd+usdjpy,189,0.5820,0.8865,-41.8715,0.5119,0.1859,0.1905,0.0587,0.4376
limit,at_19,30,30,0.7500,18,eurusd+gbpusd+audusd,128,0.5859,-1.0536,-46.7052,0.3826,0.1730,0.2031,-0.0288,0.5977
limit,at_19,30,30,0.7500,18,eurusd+gbpusd+nzdusd,126,0.6111,1.5356,-45.4788,0.3241,0.5070,0.1825,0.0584,0.5599
limit,at_19,30,30,0.7500,18,eurusd+gbpusd+usdjpy,217,0.5760,-0.5533,-41.9281,0.6035,0.0233,0.1244,-0.0228,0.4731
limit,at_19,30,30,0.7500,18,eurusd+audusd+nzdusd,99,0.6061,1.1602,-47.0138,0.4039,0.4504,0.3030,0.0511,0.5711
limit,at_19,30,30,0.7500,18,eurusd+audusd+usdjpy,190,0.5684,-1.0458,-41.8766,0.5600,-0.0649,0.1368,-0.0417,0.4667
limit,at_19,30,30,0.7500,18,eurusd+nzdusd+usdjpy,188,0.5851,0.6896,-41.8797,0.5664,0.3310,0.1436,0.0423,0.4399
limit,at_19,30,30,0.7500,18,gbpusd+audusd+nzdusd,127,0.6220,2.1883,-45.1744,0.3270,0.3709,0.2598,0.1422,0.5556
limit,at_19,30,30,0.7500,18,gbpusd+audusd+usdjpy,218,0.5826,-0.1635,-41.8695,0.5807,-0.0977,0.1330,-0.0079,0.4709
limit,at_19,30,30,0.7500,18,gbpusd+nzdusd+usdjpy,216,0.5972,1.3551,-41.8393,0.5851,0.2440,0.1435,0.0961,0.4476
limit,at_19,30,30,0.7500,18,audusd+nzdusd+usdjpy,189,0.5926,1.1327,-41.8715,0.5119,0.1848,0.1905,0.0793,0.4376
limit,at_19,30,30,1.0000,12,eurusd+gbpusd+audusd,128,0.4531,-3.0306,-46.7052,0.3826,0.2818,0.2031,-0.0579,0.5977
limit,at_19,30,30,1.0000,12,eurusd+gbpusd+nzdusd,126,0.5159,1.3289,-45.4788,0.3241,0.4575,0.1825,0.0409,0.5599
limit,at_19,30,30,1.0000,12,eurusd+gbpusd+usdjpy,217,0.4608,-2.6703,-41.9281,0.6035,0.0845,0.1244,-0.0733,0.4731
limit,at_19,30,30,1.0000,12,eurusd+audusd+nzdusd,99,0.5051,1.0766,-47.0138,0.4039,0.4848,0.3030,0.0433,0.5711
limit,at_19,30,30,1.0000,12,eurusd+audusd+usdjpy,190,0.4474,-3.3701,-41.8766,0.5600,0.0858,0.1368,-0.0882,0.4667
limit,at_19,30,30,1.0000,12,eurusd+nzdusd+usdjpy,188,0.4894,-0.4519,-41.8797,0.5664,0.3052,0.1436,-0.0188,0.4399
limit,at_19,30,30,1.0000,12,gbpusd+audusd+nzdusd,127,0.5039,0.9774,-45.1744,0.3270,0.4204,0.2598,0.0375,0.5556
limit,at_19,30,30,1.0000,12,gbpusd+audusd+usdjpy,218,0.4541,-2.8567,-41.8695,0.5807,0.0721,0.1330,-0.0767,0.4709
limit,at_19,30,30,1.0000,12,gbpusd+nzdusd+usdjpy,216,0.4907,-0.3120,-41.8393,0.5851,0.2457,0.1435,-0.0126,0.4476
limit,at_19,30,30,1.0000,12,audusd+nzdusd+usdjpy,189,0.4815,-0.6787,-41.8715,0.5119,0.2625,0.1905,-0.0291,0.4376
limit,at_19,30,30,1.0000,16,eurusd+gbpusd+audusd,128,0.4531,-3.1841,-46.7052,0.3826,0.2558,0.2031,-0.0573,0.5977
limit,at_19,30,30,1.0000,16,eurusd+gbpusd+nzdusd,126,0.4921,0.0195,-45.4788,0.3241,0.3855,0.1825,0.0004,0.5599
limit,at_19,30,30,1.0000,16,eurusd+gbpusd+usdjpy,217,0.4562,-2.7274,-41.9281,0.6035,0.0748,0.1244,-0.0709,0.4731
limit,at_19,30,30,1.0000,16,eurusd+audusd+nzdusd,99,0.4848,-0.1342,-47.0138,0.4039,0.4185,0.3030,-0.0040,0.5711
limit,at_19,30,30,1.0000,16,eurusd+audusd+usdjpy,190,0.4474,-3.1979,-41.8766,0.5600,0.0977,0.1368,-0.0775,0.4667
limit,at_19,30,30,1.0000,16,eurusd+nzdusd+usdjpy,188,0.4734,-1.0510,-41.8797,0.5664,0.2625,0.1436,-0.0366,0.4399
limit,at_19,30,30,1.0000,16,gbpusd+audusd+nzdusd,127,0.4961,0.0847,-45.1744,0.3270,0.3202,0.2598,0.0026,0.5556
limit,at_19,30,30,1.0000,16,gbpusd+audusd+usdjpy,218,0.4587,-2.6769,-41.8695,0.5807,0.0475,0.1330,-0.0699,0.4709
limit,at_19,30,30,1.0000,16,gbpusd+nzdusd+usdjpy,216,0.4815,-0.8034,-41.8393,0.5851,0.1716,0.1435,-0.0268,0.4476
limit,at_19,30,30,1.0000,16,audusd+nzdusd+usdjpy,189,0.4762,-1.0015,-41.8715,0.5119,0.2044,0.1905,-0.0387,0.4376
limit,at_19,30,30,1.0000,18,eurusd+gbpusd+audusd,128,0.4844,-2.8327,-46.7052,0.3826,0.2557,0.2031,-0.0533,0.5977
limit,at_19,30,30,1.0000,18,eurusd+gbpusd+nzdusd,126,0.5079,-0.2667,-45.4788,0.3241,0.3429,0.1825,-0.0058,0.5599
limit,at_19,30,30,1.0000,18,eurusd+gbpusd+usdjpy,217,0.4654,-2.5567,-41.9281,0.6035,0.0677,0.1244,-0.0678,0.4731
limit,at_19,30,30,1.0000,18,eurusd+audusd+nzdusd,99,0.5253,-0.1120,-47.0138,0.4039,0.3819,0.3030,-0.0034,0.5711
limit,at_19,30,30,1.0000,18,eurusd+audusd+usdjpy,190,0.4684,-2.8015,-41.8766,0.5600,0.0996,0.1368,-0.0718,0.4667
limit,at_19,30,30,1.0000,18,eurusd+nzdusd+usdjpy,188,0.4840,-1.0814,-41.8797,0.5664,0.2202,0.1436,-0.0359,0.4399
limit,at_19,30,30,1.0000,18,gbpusd+audusd+nzdusd,127,0.5118,-0.0123,-45.1744,0.3270,0.2870,0.2598,-0.0004,0.5556
limit,at_19,30,30,1.0000,18,gbpusd+audusd+usdjpy,218,0.4679,-2.3980,-41.8695,0.5807,0.0491,0.1330,-0.0654,0.4709
limit,at_19,30,30,1.0000,18,gbpusd+nzdusd+usdjpy,216,0.4815,-0.8972,-41.8393,0.5851,0.1341,0.1435,-0.0289,0.4476
limit,at_19,30,30,1.0000,18,audusd+nzdusd+usdjpy,189,0.4868,-0.9062,-41.8715,0.5119,0.1757,0.1905,-0.0353,0.4376
limit,at_19,30,40,0.7500,12,eurusd+gbpusd+audusd,128,0.5312,-1.1371,-46.7052,0.3826,0.4588,0.2031,-0.0248,0.5977
limit,at_19,30,40,0.7500,12,eurusd+gbpusd+nzdusd,126,0.5714,1.7248,-45.4788,0.3241,0.4996,0.1825,0.0501,0.5599
limit,at_19,30,40,0.7500,12,eurusd+gbpusd+usdjpy,217,0.5346,-2.2107,-41.9281,0.6035,0.1554,0.1244,-0.0583,0.4731
limit,at_19,30,40,0.7500,12,eurusd+audusd+nzdusd,99,0.5758,4.0302,-47.0138,0.4039,0.5702,0.3030,0.1478,0.5711
limit,at_19,30,40,0.7500,12,eurusd+audusd+usdjpy,190,0.5316,-1.5687,-41.8766,0.5600,0.2727,0.1368,-0.0496,0.4667
limit,at_19,30,40,0.7500,12,eurusd+nzdusd+usdjpy,188,0.5585,0.3447,-41.8797,0.5664,0.3687,0.1436,0.0167,0.4399
limit,at_19,30,40,0.7500,12,gbpusd+audusd+nzdusd,127,0.5748,3.2450,-45.1744,0.3270,0.5546,0.2598,0.1297,0.5556
limit,at_19,30,40,0.7500,12,gbpusd+audusd+usdjpy,218,0.5367,-1.3070,-41.8695,0.5807,0.2929,0.1330,-0.0444,0.4709
limit,at_19,30,40,0.7500,12,gbpusd+nzdusd+usdjpy,216,0.5602,0.3608,-41.8393,0.5851,0.3429,0.1435,0.0162,0.4476
limit,at_19,30,40,0.7500,12,audusd+nzdusd+usdjpy,189,0.5608,1.3735,-41.8715,0.5119,0.4739,0.1905,0.0802,0.4376
limit,at_19,30,40,0.7500,16,eurusd+gbpusd+audusd,128,0.5234,-1.7119,-46.7052,0.3826,0.4278,0.2031,-0.0337,0.5977
limit,at_19,30,40,0.7500,16,eurusd+gbpusd+nzdusd,126,0.5556,0.8526,-45.4788,0.3241,0.4103,0.1825,0.0187,0.5599
limit,at_19,30,40,0.7500,16,eurusd+gbpusd+usdjpy,217,0.5346,-2.2698,-41.9281,0.6035,0.1322,0.1244,-0.0581,0.4731
limit,at_19,30,40,0.7500,16,eurusd+audusd+nzdusd,99,0.5556,3.0235,-47.0138,0.4039,0.4902,0.3030,0.0969,0.5711
limit,at_19,30,40,0.7500,16,eurusd+audusd+usdjpy,190,0.5316,-1.5823,-41.8766,0.5600,0.2742,0.1368,-0.0475,0.4667
limit,at_19,30,40,0.7500,16,eurusd+nzdusd+usdjpy,188,0.5532,0.1378,-41.8797,0.5664,0.2986,0.1436,0.0058,0.4399
limit,at_19,30,40,0.7500,16,gbpusd+audusd+nzdusd,127,0.5669,2.3820,-45.1744,0.3270,0.4518,0.2598,0.0718,0.5556
limit,at_19,30,40,0.7500,16,gbpusd+audusd+usdjpy,218,0.5413,-1.3644,-41.8695,0.5807,0.2506,0.1330,-0.0441,0.4709
limit,at_19,30,40,0.7500,16,gbpusd+nzdusd+usdjpy,216,0.5602,0.1347,-41.8393,0.5851,0.2455,0.1435,0.0049,0.4476
limit,at_19,30,40,0.7500,16,audusd+nzdusd+usdjpy,189,0.5608,1.1693,-41.8715,0.5119,0.3783,0.1905,0.0674,0.4376
limit,at_19,30,40,0.7500,18,eurusd+gbpusd+audusd,128,0.5547,-1.3498,-46.7052,0.3826,0.4279,0.2031,-0.0280,0.5977
limit,at_19,30,40,0.7500,18,eurusd+gbpusd+nzdusd,126,0.5714,0.3024,-45.4788,0.3241,0.3703,0.1825,0.0061,0.5599
limit,at_19,30,40,0.7500,18,eurusd+gbpusd+usdjpy,217,0.5438,-2.1332,-41.9281,0.6035,0.1277,0.1244,-0.0556,0.4731
limit,at_19,30,40,0.7500,18,eurusd+audusd+nzdusd,99,0.5960,2.7785,-47.0138,0.4039,0.4584,0.3030,0.0843,0.5711
limit,at_19,30,40,0.7500,18,eurusd+audusd+usdjpy,190,0.5526,-1.1891,-41.8766,0.5600,0.2735,0.1368,-0.0386,0.4667
limit,at_19,30,40,0.7500,18,eurusd+nzdusd+usdjpy,188,0.5638,-0.0801,-41.8797,0.5664,0.2489,0.1436,-0.0030,0.4399
limit,at_19,30,40,0.7500,18,gbpusd+audusd+nzdusd,127,0.5827,2.0504,-45.1744,0.3270,0.4227,0.2598,0.0579,0.5556
limit,at_19,30,40,0.7500,18,gbpusd+audusd+usdjpy,218,0.5505,-1.1037,-41.8695,0.5807,0.2533,0.1330,-0.0378,0.4709
limit,at_19,30,40,0.7500,18,gbpusd+nzdusd+usdjpy,216,0.5602,-0.1376,-41.8393,0.5851,0.2058,0.1435,-0.0046,0.4476
limit,at_19,30,40,0.7500,18,audusd+nzdusd+usdjpy,189,0.5714,1.0965,-41.8715,0.5119,0.3415,0.1905,0.0600,0.4376
limit,at_19,30,40,1.0000,12,eurusd+gbpusd+audusd,128,0.4453,-3.1255,-46.7052,0.3826,0.3188,0.2031,-0.0497,0.5977
limit,at_19,30,40,1.0000,12,eurusd+gbpusd+nzdusd,126,0.4841,-0.0564,-45.4788,0.3241,0.4385,0.1825,-0.0013,0.5599
limit,at_19,30,40,1.0000,12,eurusd+gbpusd+usdjpy,217,0.4608,-2.9363,-41.9281,0.6035,0.1103,0.1244,-0.0662,0.4731
limit,at_19,30,40,1.0000,12,eurusd+audusd+nzdusd,99,0.4949,1.1849,-47.0138,0.4039,0.4347,0.3030,0.0225,0.5711
limit,at_19,30,40,1.0000,12,eurusd+audusd+usdjpy,190,0.4632,-2.6988,-41.8766,0.5600,0.1998,0.1368,-0.0615,0.4667
limit,at_19,30,40,1.0000,12,eurusd+nzdusd+usdjpy,188,0.4894,-0.6373,-41.8797,0.5664,0.3347,0.1436,-0.0207,0.4399
limit,at_19,30,40,1.0000,12,gbpusd+audusd+nzdusd,127,0.5039,1.6803,-45.1744,0.3270,0.4683,0.2598,0.0390,0.5556
limit,at_19,30,40,1.0000,12,gbpusd+audusd+usdjpy,218,0.4725,-1.9114,-41.8695,0.5807,0.2540,0.1330,-0.0479,0.4709
limit,at_19,30,40,1.0000,12,gbpusd+nzdusd+usdjpy,216,0.4954,-0.1098,-41.8393,0.5851,0.3786,0.1435,-0.0038,0.4476
limit,at_19,30,40,1.0000,12,audusd+nzdusd+usdjpy,189,0.5026,0.5327,-41.8715,0.5119,0.4182,0.1905,0.0167,0.4376
limit,at_19,30,40,1.0000,16,eurusd+gbpusd+audusd,128,0.4375,-3.8229,-46.7052,0.3826,0.3295,0.2031,-0.0531,0.5977
limit,at_19,30,40,1.0000,16,eurusd+gbpusd+nzdusd,126,0.4603,-1.0691,-45.4788,0.3241,0.3778,0.1825,-0.0185,0.5599
limit,at_19,30,40,1.0000,16,eurusd+gbpusd+usdjpy,217,0.4700,-2.8063,-41.9281,0.6035,0.0666,0.1244,-0.0604,0.4731
limit,at_19,30,40,1.0000,16,eurusd+audusd+nzdusd,99,0.4545,0.0218,-47.0138,0.4039,0.4470,0.3030,0.0003,0.5711
limit,at_19,30,40,1.0000,16,eurusd+audusd+usdjpy,190,0.4684,-2.4847,-41.8766,0.5600,0.2509,0.1368,-0.0509,0.4667
limit,at_19,30,40,1.0000,16,eurusd+nzdusd+usdjpy,188,0.4840,-0.6249,-41.8797,0.5664,0.3267,0.1436,-0.0160,0.4399
limit,at_19,30,40,1.0000,16,gbpusd+audusd+nzdusd,127,0.4724,0.1795,-45.1744,0.3270,0.4532,0.2598,0.0032,0.5556
limit,at_19,30,40,1.0000,16,gbpusd+audusd+usdjpy,218,0.4771,-2.0709,-41.8695,0.5807,0.2568,0.1330,-0.0476,0.4709
limit,at_19,30,40,1.0000,16,gbpusd+nzdusd+usdjpy,216,0.4907,-0.4483,-41.8393,0.5851,0.3205,0.1435,-0.0132,0.4476
limit,at_19,30,40,1.0000,16,audusd+nzdusd+usdjpy,189,0.4921,0.2118,-41.8715,0.5119,0.4338,0.1905,0.0054,0.4376
limit,at_19,30,40,1.0000,18,eurusd+gbpusd+audusd,128,0.4688,-3.2761,-46.7052,0.3826,0.3260,0.2031,-0.0482,0.5977
limit,at_19,30,40,1.0000,18,eurusd+gbpusd+nzdusd,126,0.4921,-1.4580,-45.4788,0.3241,0.3479,0.1825,-0.0231,0.5599
limit,at_19,30,40,1.0000,18,eurusd+gbpusd+usdjpy,217,0.4747,-2.6605,-41.9281,0.6035,0.0622,0.1244,-0.0583,0.4731
limit,at_19,30,40,1.0000,18,eurusd+audusd+nzdusd,99,0.5152,-0.0317,-47.0138,0.4039,0.4218,0.3030,-0.0005,0.5711
limit,at_19,30,40,1.0000,18,eurusd+audusd+usdjpy,190,0.4842,-2.0883,-41.8766,0.5600,0.2419,0.1368,-0.0461,0.4667
limit,at_19,30,40,1.0000,18,eurusd+nzdusd+usdjpy,188,0.5000,-0.8571,-41.8797,0.5664,0.2921,0.1436,-0.0206,0.4399
limit,at_19,30,40,1.0000,18,gbpusd+audusd+nzdusd,127,0.5039,0.0956,-45.1744,0.3270,0.4299,0.2598,0.0017,0.5556
limit,at_19,30,40,1.0000,18,gbpusd+audusd+usdjpy,218,0.4817,-1.7499,-41.8695,0.5807,0.2530,0.1330,-0.0423,0.4709
limit,at_19,30,40,1.0000,18,gbpusd+nzdusd+usdjpy,216,0.4954,-0.6753,-41.8393,0.5851,0.2903,0.1435,-0.0184,0.4476
limit,at_19,30,40,1.0000,18,audusd+nzdusd+usdjpy,189,0.5079,0.1836,-41.8715,0.5119,0.4069,0.1905,0.0045,0.4376
limit,at_19,40,20,0.7500,12,eurusd+gbpusd+audusd,67,0.5970,-0.3791,-47.1509,0.3996,0.3350,0.2537,-0.0093,0.6044
limit,at_19,40,20,0.7500,12,eurusd+gbpusd+nzdusd,60,0.6167,0.5901,-46.2850,0.2872,0.4438,0.1500,0.0243,0.5755
limit,at_19,40,20,0.7500,12,eurusd+gbpusd+usdjpy,116,0.6034,0.6279,-43.2949,0.4576,0.1908,0.1293,0.0348,0.5394
limit,at_19,40,20,0.7500,12,eurusd+audusd+nzdusd,46,0.5652,-1.8608,-47.6091,0.3188,0.3728,0.3043,-0.0316,0.5556
limit,at_19,40,20,0.7500,12,eurusd+audusd+usdjpy,102,0.5784,-0.4722,-43.1640,0.3540,0.1759,0.1373,-0.0188,0.5254
limit,at_19,40,20,0.7500,12,eurusd+nzdusd+usdjpy,95,0.5895,0.1330,-42.8221,0.3413,0.2537,0.1263,0.0075,0.5013
limit,at_19,40,20,0.7500,12,gbpusd+audusd+nzdusd,64,0.5938,-0.5670,-46.4506,0.3355,0.3496,0.2656,-0.0126,0.6015
limit,at_19,40,20,0.7500,12,gbpusd+audusd+usdjpy,120,0.5917,0.0095,-43.3140,0.4807,0.1746,0.1750,0.0004,0.5546
limit,at_19,40,20,0.7500,12,gbpusd+nzdusd+usdjpy,113,0.6018,0.5482,-42.9614,0.4622,0.2640,0.1593,0.0328,0.5361
limit,at_19,40,20,0.7500,12,audusd+nzdusd+usdjpy,99,0.5758,-0.5966,-43.1147,0.3459,0.1981,0.1616,-0.0212,0.5212
limit,at_19,40,20,0.7500,16,eurusd+gbpusd+audusd,67,0.5970,-0.5197,-47.1509,0.3996,0.3211,0.2537,-0.0128,0.6044
limit,at_19,40,20,0.7500,16,eurusd+gbpusd+nzdusd,60,0.6167,0.4331,-46.2850,0.2872,0.4251,0.1500,0.0178,0.5755
limit,at_19,40,20,0.7500,16,eurusd+gbpusd+usdjpy,116,0.6034,0.5467,-43.2949,0.4576,0.1742,0.1293,0.0303,0.5394
limit,at_19,40,20,0.7500,16,eurusd+audusd+nzdusd,46,0.5652,-1.8608,-47.6091,0.3188,0.3728,0.3043,-0.0316,0.5556
limit,at_19,40,20,0.7500,16,eurusd+audusd+usdjpy,102,0.5784,-0.4722,-43.1640,0.3540,0.1759,0.1373,-0.0188,0.5254
limit,at_19,40,20,0.7500,16,eurusd+nzdusd+usdjpy,95,0.5895,0.1330,-42.8221,0.3413,0.2537,0.1263,0.0075,0.5013
limit,at_19,40,20,0.7500,16,gbpusd+audusd+nzdusd,64,0.5938,-0.7142,-46.4506,0.3355,0.3363,0.2656,-0.0159,0.6015
limit,at_19,40,20,0.7500,16,gbpusd+audusd+usdjpy,120,0.5917,-0.0690,-43.3140,0.4807,0.1592,0.1750,-0.0029,0.5546
limit,at_19,40,20,0.7500,16,gbpusd+nzdusd+usdjpy,113,0.6018,0.4648,-42.9614,0.4622,0.2453,0.1593,0.0278,0.5361
limit,at_19,40,20,0.7500,16,audusd+nzdusd+usdjpy,99,0.5758,-0.5966,-43.1147,0.3459,0.1981,0.1616,-0.0212,0.5212
limit,at_19,40,20,0.7500,18,eurusd+gbpusd+audusd,67,0.5970,-0.5197,-47.1509,0.3996,0.3211,0.2537,-0.0128,0.6044
limit,at_19,40,20,0.7500,18,eurusd+gbpusd+nzdusd,60,0.6167,0.4331,-46.2850,0.2872,0.4251,0.1500,0.0178,0.5755
limit,at_19,40,20,0.7500,18,eurusd+gbpusd+usdjpy,116,0.6034,0.5467,-43.2949,0.4576,0.1742,0.1293,0.0303,0.5394
limit,at_19,40,20,0.7500,18,eurusd+audusd+nzdusd,46,0.5652,-1.8608,-47.6091,0.3188,0.3728,0.3043,-0.0316,0.5556
limit,at_19,40,20,0.7500,18,eurusd+audusd+usdjpy,102,0.5784,-0.4722,-43.1640,0.3540,0.1759,0.1373,-0.0188,0.5254
limit,at_19,40,20,0.7500,18,eurusd+nzdusd+usdjpy,95,0.5895,0.1330,-42.8221,0.3413,0.2537,0.1263,0.0075,0.5013
limit,at_19,40,20,0.7500,18,gbpusd+audusd+nzdusd,64,0.5938,-0.7142,-46.4506,0.3355,0.3363,0.2656,-0.0159,0.6015
limit,at_19,40,20,0.7500,18,gbpusd+audusd+usdjpy,120,0.5917,-0.0690,-43.3140,0.4807,0.1592,0.1750,-0.0029,0.5546
limit,at_19,40,20,0.7500,18,gbpusd+nzdusd+usdjpy,113,0.6018,0.4648,-42.9614,0.4622,0.2453,0.1593,0.0278,0.5361
limit,at_19,40,20,0.7500,18,audusd+nzdusd+usdjpy,99,0.5758,-0.5966,-43.1147,0.3459,0.1981,0.1616,-0.0212,0.5212
limit,at_19,40,20,1.0000,12,eurusd+gbpusd+audusd,67,0.5373,0.2646,-47.1509,0.3996,0.4140,0.2537,0.0058,0.6044
limit,at_19,40,20,1.0000,12,eurusd+gbpusd+nzdusd,60,0.5667,1.9302,-46.2850,0.2872,0.5288,0.1500,0.0660,0.5755
limit,at_19,40,20,1.0000,12,eurusd+gbpusd+usdjpy,116,0.5345,0.9355,-43.2949,0.4576,0.2120,0.1293,0.0445,0.5394
limit,at_19,40,20,1.0000,12,eurusd+audusd+nzdusd,46,0.5217,-0.0423,-47.6091,0.3188,0.4317,0.3043,-0.0008,0.5556
limit,at_19,40,20,1.0000,12,eurusd+audusd+usdjpy,102,0.5098,-0.0906,-43.1640,0.3540,0.1443,0.1373,-0.0030,0.5254
limit,at_19,40,20,1.0000,12,eurusd+nzdusd+usdjpy,95,0.5263,0.9352,-42.8221,0.3413,0.2333,0.1263,0.0492,0.5013
limit,at_19,40,20,1.0000,12,gbpusd+audusd+nzdusd,64,0.5469,0.8926,-46.4506,0.3355,0.3895,0.2656,0.0196,0.6015
limit,at_19,40,20,1.0000,12,gbpusd+audusd+usdjpy,120,0.5250,0.4153,-43.3140,0.4807,0.1444,0.1750,0.0139,0.5546
limit,at_19,40,20,1.0000,12,gbpusd+nzdusd+usdjpy,113,0.5398,1.3090,-42.9614,0.4622,0.2458,0.1593,0.0642,0.5361
limit,at_19,40,20,1.0000,12,audusd+nzdusd+usdjpy,99,0.5152,0.3046,-43.1147,0.3459,0.1435,0.1616,0.0097,0.5212
limit,at_19,40,20,1.0000,16,eurusd+gbpusd+audusd,67,0.5373,0.1240,-47.1509,0.3996,0.4031,0.2537,0.0027,0.6044
limit,at_19,40,20,1.0000,16,eurusd+gbpusd+nzdusd,60,0.5667,1.7732,-46.2850,0.2872,0.5134,0.1500,0.0606,0.5755
limit,at_19,40,20,1.0000,16,eurusd+gbpusd+usdjpy,116,0.5345,0.7081,-43.2949,0.4576,0.2119,0.1293,0.0318,0.5394
limit,at_19,40,20,1.0000,16,eurusd+audusd+nzdusd,46,0.5217,-0.0423,-47.6091,0.3188,0.4317,0.3043,-0.0008,0.5556
limit,at_19,40,20,1.0000,16,eurusd+audusd+usdjpy,102,0.5098,-0.2569,-43.1640,0.3540,0.1636,0.1373,-0.0081,0.5254
limit,at_19,40,20,1.0000,16,eurusd+nzdusd+usdjpy,95,0.5263,0.7566,-42.8221,0.3413,0.2520,0.1263,0.0368,0.5013
limit,at_19,40,20,1.0000,16,gbpusd+audusd+nzdusd,64,0.5469,0.7455,-46.4506,0.3355,0.3786,0.2656,0.0164,0.6015
limit,at_19,40,20,1.0000,16,gbpusd+audusd+usdjpy,120,0.5250,0.1954,-43.3140,0.4807,0.1456,0.1750,0.0063,0.5546
limit,at_19,40,20,1.0000,16,gbpusd+nzdusd+usdjpy,113,0.5398,1.0755,-42.9614,0.4622,0.2433,0.1593,0.0496,0.5361
limit,at_19,40,20,1.0000,16,audusd+nzdusd+usdjpy,99,0.5152,0.1333,-43.1147,0.3459,0.1574,0.1616,0.0040,0.5212
limit,at_19,40,20,1.0000,18,eurusd+gbpusd+audusd,67,0.5373,0.1240,-47.1509,0.3996,0.4031,0.2537,0.0027,0.6044
limit,at_19,40,20,1.0000,18,eurusd+gbpusd+nzdusd,60,0.5667,1.7732,-46.2850,0.2872,0.5134,0.1500,0.0606,0.5755
limit,at_19,40,20,1.0000,18,eurusd+gbpusd+usdjpy,116,0.5345,0.7081,-43.2949,0.4576,0.2119,0.1293,0.0318,0.5394
limit,at_19,40,20,1.0000,18,eurusd+audusd+nzdusd,46,0.5217,-0.0423,-47.6091,0.3188,0.4317,0.3043,-0.0008,0.5556
limit,at_19,40,20,1.0000,18,eurusd+audusd+usdjpy,102,0.5098,-0.2569,-43.1640,0.3540,0.1636,0.1373,-0.0081,0.5254
limit,at_19,40,20,1.0000,18,eurusd+nzdusd+usdjpy,95,0.5263,0.7566,-42.8221,0.3413,0.2520,0.1263,0.0368,0.5013
limit,at_19,40,20,1.0000,18,gbpusd+audusd+nzdusd,64,0.5469,0.7455,-46.4506,0.3355,0.3786,0.2656,0.0164,0.6015
limit,at_19,40,20,1.0000,18,gbpusd+audusd+usdjpy,120,0.5250,0.1954,-43.3140,0.4807,0.1456,0.1750,0.0063,0.5546
limit,at_19,40,20,1.0000,18,gbpusd+nzdusd+usdjpy,113,0.5398,1.0755,-42.9614,0.4622,0.2433,0.1593,0.0496,0.5361
limit,at_19,40,20,1.0000,18,audusd+nzdusd+usdjpy,99,0.5152,0.1333,-43.1147,0.3459,0.1574,0.1616,0.0040,0.5212
limit,at_19,40,30,0.7500,12,eurusd+gbpusd+audusd,67,0.5821,-0.5399,-47.1509,0.3996,0.2672,0.2537,-0.0115,0.6044
limit,at_19,40,30,0.7500,12,eurusd+gbpusd+nzdusd,60,0.6167,1.8011,-46.2850,0.2872,0.4048,0.1500,0.0483,0.5755
limit,at_19,40,30,0.7500,12,eurusd+gbpusd+usdjpy,116,0.5776,0.1413,-43.2949,0.4576,0.0299,0.1293,0.0044,0.5394
limit,at_19,40,30,0.7500,12,eurusd+audusd+nzdusd,46,0.5652,-0.6523,-47.6091,0.3188,0.4294,0.3043,-0.0142,0.5556
limit,at_19,40,30,0.7500,12,eurusd+audusd+usdjpy,102,0.5490,-1.1930,-43.1640,0.3540,0.0529,0.1373,-0.0311,0.5254
limit,at_19,40,30,0.7500,12,eurusd+nzdusd+usdjpy,95,0.5684,0.2374,-42.8221,0.3413,0.1705,0.1263,0.0087,0.5013
limit,at_19,40,30,0.7500,12,gbpusd+audusd+nzdusd,64,0.6094,1.4366,-46.4506,0.3355,0.2920,0.2656,0.0413,0.6015
limit,at_19,40,30,0.7500,12,gbpusd+audusd+usdjpy,120,0.5750,0.0023,-43.3140,0.4807,-0.0389,0.1750,0.0001,0.5546
limit,at_19,40,30,0.7500,12,gbpusd+nzdusd+usdjpy,113,0.5929,1.2788,-42.9614,0.4622,0.0633,0.1593,0.0439,0.5361
limit,at_19,40,30,0.7500,12,audusd+nzdusd+usdjpy,99,0.5657,0.0650,-43.1147,0.3459,0.0791,0.1616,0.0018,0.5212
limit,at_19,40,30,0.7500,16,eurusd+gbpusd+audusd,67,0.5970,-0.5349,-47.1509,0.3996,0.2805,0.2537,-0.0107,0.6044
limit,at_19,40,30,0.7500,16,eurusd+gbpusd+nzdusd,60,0.6167,1.7499,-46.2850,0.2872,0.4001,0.1500,0.0453,0.5755
limit,at_19,40,30,0.7500,16,eurusd+gbpusd+usdjpy,116,0.5776,0.1483,-43.2949,0.4576,0.0480,0.1293,0.0045,0.5394
limit,at_19,40,30,0.7500,16,eurusd+audusd+nzdusd,46,0.5870,-0.4079,-47.6091,0.3188,0.4476,0.3043,-0.0083,0.5556
limit,at_19,40,30,0.7500,16,eurusd+audusd+usdjpy,102,0.5588,-1.0446,-43.1640,0.3540,0.0921,0.1373,-0.0256,0.5254
limit,at_19,40,30,0.7500,16,eurusd+nzdusd+usdjpy,95,0.5684,0.3609,-42.8221,0.3413,0.1908,0.1263,0.0126,0.5013
limit,at_19,40,30,0.7500,16,gbpusd+audusd+nzdusd,64,0.6250,1.3193,-46.4506,0.3355,0.2980,0.2656,0.0356,0.6015
limit,at_19,40,30,0.7500,16,gbpusd+audusd+usdjpy,120,0.5833,-0.0279,-43.3140,0.4807,-0.0212,0.1750,-0.0007,0.5546
limit,at_19,40,30,0.7500,16,gbpusd+nzdusd+usdjpy,113,0.5929,1.2167,-42.9614,0.4622,0.0681,0.1593,0.0414,0.5361
limit,at_19,40,30,0.7500,16,audusd+nzdusd+usdjpy,99,0.5758,0.1387,-43.1147,0.3459,0.1006,0.1616,0.0039,0.5212
limit,at_19,40,30,0.7500,18,eurusd+gbpusd+audusd,67,0.5970,-0.5595,-47.1509,0.3996,0.2778,0.2537,-0.0112,0.6044
limit,at_19,40,30,0.7500,18,eurusd+gbpusd+nzdusd,60,0.6167,1.7066,-46.2850,0.2872,0.3965,0.1500,0.0441,0.5755
limit,at_19,40,30,0.7500,18,eurusd+gbpusd+usdjpy,116,0.5776,0.2367,-43.2949,0.4576,0.0352,0.1293,0.0072,0.5394
limit,at_19,40,30,0.7500,18,eurusd+audusd+nzdusd,46,0.5870,-0.3872,-47.6091,0.3188,0.4476,0.3043,-0.0078,0.5556
limit,at_19,40,30,0.7500,18,eurusd+audusd+usdjpy,102,0.5588,-0.9094,-43.1640,0.3540,0.0798,0.1373,-0.0229,0.5254
limit,at_19,40,30,0.7500,18,eurusd+nzdusd+usdjpy,95,0.5684,0.4961,-42.8221,0.3413,0.1794,0.1263,0.0181,0.5013
limit,at_19,40,30,0.7500,18,gbpusd+audusd+nzdusd,64,0.6250,1.2936,-46.4506,0.3355,0.2950,0.2656,0.0349,0.6015
limit,at_19,40,30,0.7500,18,gbpusd+audusd+usdjpy,120,0.5833,0.0654,-43.3140,0.4807,-0.0324,0.1750,0.0018,0.5546
limit,at_19,40,30,0.7500,18,gbpusd+nzdusd+usdjpy,113,0.5929,1.3074,-42.9614,0.4622,0.0572,0.1593,0.0445,0.5361
limit,at_19,40,30,0.7500,18,audusd+nzdusd+usdjpy,99,0.5758,0.2780,-43.1147,0.3459,0.0905,0.1616,0.0079,0.5212
limit,at_19,40,30,1.0000,12,eurusd+gbpusd+audusd,67,0.5075,-0.2177,-47.1509,0.3996,0.2972,0.2537,-0.0043,0.6044
limit,at_19,40,30,1.0000,12,eurusd+gbpusd+nzdusd,60,0.5333,1.9107,-46.2850,0.2872,0.4183,0.1500,0.0544,0.5755
limit,at_19,40,30,1.0000,12,eurusd+gbpusd+usdjpy,116,0.5000,-0.3701,-43.2949,0.4576,0.1316,0.1293,-0.0116,0.5394
limit,at_19,40,30,1.0000,12,eurusd+audusd+nzdusd,46,0.5217,0.1353,-47.6091,0.3188,0.3983,0.3043,0.0028,0.5556
limit,at_19,40,30,1.0000,12,eurusd+audusd+usdjpy,102,0.4902,-1.4838,-43.1640,0.3540,0.1520,0.1373,-0.0390,0.5254
limit,at_19,40,30,1.0000,12,eurusd+nzdusd+usdjpy,95,0.5053,-0.2328,-42.8221,0.3413,0.1987,0.1263,-0.0070,0.5013
limit,at_19,40,30,1.0000,12,gbpusd+audusd+nzdusd,64,0.5156,0.9941,-46.4506,0.3355,0.2956,0.2656,0.0242,0.6015
limit,at_19,40,30,1.0000,12,gbpusd+audusd+usdjpy,120,0.4917,-0.7829,-43.3140,0.4807,0.0703,0.1750,-0.0222,0.5546
limit,at_19,40,30,1.0000,12,gbpusd+nzdusd+usdjpy,113,0.5044,0.3122,-42.9614,0.4622,0.0942,0.1593,0.0084,0.5361
limit,at_19,40,30,1.0000,12,audusd+nzdusd+usdjpy,99,0.4949,-0.7387,-43.1147,0.3459,0.1205,0.1616,-0.0180,0.5212
limit,at_19,40,30,1.0000,16,eurusd+gbpusd+audusd,67,0.5522,0.7958,-47.1509,0.3996,0.3154,0.2537,0.0148,0.6044
limit,at_19,40,30,1.0000,16,eurusd+gbpusd+nzdusd,60,0.5667,2.9857,-46.2850,0.2872,0.4305,0.1500,0.0818,0.5755
limit,at_19,40,30,1.0000,16,eurusd+gbpusd+usdjpy,116,0.5172,0.4980,-43.2949,0.4576,0.1643,0.1293,0.0151,0.5394
limit,at_19,40,30,1.0000,16,eurusd+audusd+nzdusd,46,0.5435,0.6587,-47.6091,0.3188,0.4221,0.3043,0.0126,0.5556
limit,at_19,40,30,1.0000,16,eurusd+audusd+usdjpy,102,0.5000,-0.8928,-43.1640,0.3540,0.1905,0.1373,-0.0221,0.5254
limit,at_19,40,30,1.0000,16,eurusd+nzdusd+usdjpy,95,0.5053,0.3658,-42.8221,0.3413,0.2313,0.1263,0.0109,0.5013
limit,at_19,40,30,1.0000,16,gbpusd+audusd+nzdusd,64,0.5625,1.7321,-46.4506,0.3355,0.3040,0.2656,0.0432,0.6015
limit,at_19,40,30,1.0000,16,gbpusd+audusd+usdjpy,120,0.5167,-0.0876,-43.3140,0.4807,0.0920,0.1750,-0.0025,0.5546
limit,at_19,40,30,1.0000,16,gbpusd+nzdusd+usdjpy,113,0.5221,1.0204,-42.9614,0.4622,0.1083,0.1593,0.0292,0.5361
limit,at_19,40,30,1.0000,16,audusd+nzdusd+usdjpy,99,0.5051,-0.3387,-43.1147,0.3459,0.1427,0.1616,-0.0082,0.5212
limit,at_19,40,30,1.0000,18,eurusd+gbpusd+audusd,67,0.5522,0.7712,-47.1509,0.3996,0.3134,0.2537,0.0143,0.6044
limit,at_19,40,30,1.0000,18,eurusd+gbpusd+nzdusd,60,0.5667,2.9424,-46.2850,0.2872,0.4271,0.1500,0.0806,0.5755
limit,at_19,40,30,1.0000,18,eurusd+gbpusd+usdjpy,116,0.5172,0.7280,-43.2949,0.4576,0.1579,0.1293,0.0228,0.5394
limit,at_19,40,30,1.0000,18,eurusd+audusd+nzdusd,46,0.5435,0.6794,-47.6091,0.3188,0.4221,0.3043,0.0130,0.5556
limit,at_19,40,30,1.0000,18,eurusd+audusd+usdjpy,102,0.5000,-0.5965,-43.1640,0.3540,0.1892,0.1373,-0.0155,0.5254
limit,at_19,40,30,1.0000,18,eurusd+nzdusd+usdjpy,95,0.5053,0.6740,-42.8221,0.3413,0.2248,0.1263,0.0201,0.5013
limit,at_19,40,30,1.0000,18,gbpusd+audusd+nzdusd,64,0.5625,1.7064,-46.4506,0.3355,0.3015,0.2656,0.0425,0.6015
limit,at_19,40,30,1.0000,18,gbpusd+audusd+usdjpy,120,0.5167,0.1426,-43.3140,0.4807,0.0884,0.1750,0.0042,0.5546
limit,at_19,40,30,1.0000,18,gbpusd+nzdusd+usdjpy,113,0.5221,1.2565,-42.9614,0.4622,0.1025,0.1593,0.0360,0.5361
limit,at_19,40,30,1.0000,18,audusd+nzdusd+usdjpy,99,0.5051,-0.0334,-43.1147,0.3459,0.1408,0.1616,-0.0008,0.5212
limit,at_19,40,40,0.7500,12,eurusd+gbpusd+audusd,67,0.5821,2.0197,-47.1509,0.3996,0.3847,0.2537,0.0374,0.6044
limit,at_19,40,40,0.7500,12,eurusd+gbpusd+nzdusd,60,0.5833,2.8985,-46.2850,0.2872,0.4222,0.1500,0.0697,0.5755
limit,at_19,40,40,0.7500,12,eurusd+gbpusd+usdjpy,116,0.5776,0.4533,-43.2949,0.4576,0.1714,0.1293,0.0161,0.5394
limit,at_19,40,40,0.7500,12,eurusd+audusd+nzdusd,46,0.6304,6.0936,-47.6091,0.3188,0.4650,0.3043,0.1337,0.5556
limit,at_19,40,40,0.7500,12,eurusd+audusd+usdjpy,102,0.5980,1.5586,-43.1640,0.3540,0.2887,0.1373,0.0759,0.5254
limit,at_19,40,40,0.7500,12,eurusd+nzdusd+usdjpy,95,0.6000,2.0796,-42.8221,0.3413,0.2651,0.1263,0.1068,0.5013
limit,at_19,40,40,0.7500,12,gbpusd+audusd+nzdusd,64,0.5938,4.5543,-46.4506,0.3355,0.3675,0.2656,0.0959,0.6015
limit,at_19,40,40,0.7500,12,gbpusd+audusd+usdjpy,120,0.5833,1.4179,-43.3140,0.4807,0.1771,0.1750,0.0560,0.5546
limit,at_19,40,40,0.7500,12,gbpusd+nzdusd+usdjpy,113,0.5841,1.8472,-42.9614,0.4622,0.1540,0.1593,0.0674,0.5361
limit,at_19,40,40,0.7500,12,audusd+nzdusd+usdjpy,99,0.6061,3.1831,-43.1147,0.3459,0.2577,0.1616,0.1344,0.5212
limit,at_19,40,40,0.7500,16,eurusd+gbpusd+audusd,67,0.6119,2.6479,-47.1509,0.3996,0.3736,0.2537,0.0468,0.6044
limit,at_19,40,40,0.7500,16,eurusd+gbpusd+nzdusd,60,0.6333,5.1696,-46.2850,0.2872,0.3976,0.1500,0.1271,0.5755
limit,at_19,40,40,0.7500,16,eurusd+gbpusd+usdjpy,116,0.5948,1.4599,-43.2949,0.4576,0.1814,0.1293,0.0553,0.5394
limit,at_19,40,40,0.7500,16,eurusd+audusd+nzdusd,46,0.6522,7.1897,-47.6091,0.3188,0.4265,0.3043,0.1463,0.5556
limit,at_19,40,40,0.7500,16,eurusd+audusd+usdjpy,102,0.5980,1.8618,-43.1640,0.3540,0.2941,0.1373,0.0808,0.5254
limit,at_19,40,40,0.7500,16,eurusd+nzdusd+usdjpy,95,0.6105,3.3966,-42.8221,0.3413,0.2463,0.1263,0.1800,0.5013
limit,at_19,40,40,0.7500,16,gbpusd+audusd+nzdusd,64,0.6406,5.5631,-46.4506,0.3355,0.3334,0.2656,0.1091,0.6015
limit,at_19,40,40,0.7500,16,gbpusd+audusd+usdjpy,120,0.6000,1.7935,-43.3140,0.4807,0.1770,0.1750,0.0641,0.5546
limit,at_19,40,40,0.7500,16,gbpusd+nzdusd+usdjpy,113,0.6106,3.0795,-42.9614,0.4622,0.1401,0.1593,0.1251,0.5361
limit,at_19,40,40,0.7500,16,audusd+nzdusd+usdjpy,99,0.6162,3.7226,-43.1147,0.3459,0.2312,0.1616,0.1572,0.5212
limit,at_19,40,40,0.7500,18,eurusd+gbpusd+audusd,67,0.6119,2.5500,-47.1509,0.3996,0.3720,0.2537,0.0448,0.6044
limit,at_19,40,40,0.7500,18,eurusd+gbpusd+nzdusd,60,0.6333,5.0822,-46.2850,0.2872,0.3960,0.1500,0.1238,0.5755
limit,at_19,40,40,0.7500,18,eurusd+gbpusd+usdjpy,116,0.5948,1.6671,-43.2949,0.4576,0.1790,0.1293,0.0650,0.5394
limit,at_19,40,40,0.7500,18,eurusd+audusd+nzdusd,46,0.6522,7.1673,-47.6091,0.3188,0.4243,0.3043,0.1460,0.5556
limit,at_19,40,40,0.7500,18,eurusd+audusd+usdjpy,102,0.5980,2.1387,-43.1640,0.3540,0.2909,0.1373,0.0975,0.5254
limit,at_19,40,40,0.7500,18,eurusd+nzdusd+usdjpy,95,0.6105,3.7078,-42.8221,0.3413,0.2420,0.1263,0.1967,0.5013
limit,at_19,40,40,0.7500,18,gbpusd+audusd+nzdusd,64,0.6406,5.4561,-46.4506,0.3355,0.3315,0.2656,0.1061,0.6015
limit,at_19,40,40,0.7500,18,gbpusd+audusd+usdjpy,120,0.6000,1.9804,-43.3140,0.4807,0.1748,0.1750,0.0727,0.5546
limit,at_19,40,40,0.7500,18,gbpusd+nzdusd+usdjpy,113,0.6106,3.2897,-42.9614,0.4622,0.1380,0.1593,0.1325,0.5361
limit,at_19,40,40,0.7500,18,audusd+nzdusd+usdjpy,99,0.6162,4.0050,-43.1147,0.3459,0.2277,0.1616,0.1691,0.5212
limit,at_19,40,40,1.0000,12,eurusd+gbpusd+audusd,67,0.5373,3.6900,-47.1509,0.3996,0.3587,0.2537,0.0747,0.6044
limit,at_19,40,40,1.0000,12,eurusd+gbpusd+nzdusd,60,0.5333,5.4805,-46.2850,0.2872,0.3723,0.1500,0.1455,0.5755
limit,at_19,40,40,1.0000,12,eurusd+gbpusd+usdjpy,116,0.5172,0.5491,-43.2949,0.4576,0.2017,0.1293,0.0225,0.5394
limit,at_19,40,40,1.0000,12,eurusd+audusd+nzdusd,46,0.5870,9.9138,-47.6091,0.3188,0.4271,0.3043,0.2217,0.5556
limit,at_19,40,40,1.0000,12,eurusd+audusd+usdjpy,102,0.5392,1.8716,-43.1640,0.3540,0.2986,0.1373,0.0706,0.5254
limit,at_19,40,40,1.0000,12,eurusd+nzdusd+usdjpy,95,0.5368,2.8684,-42.8221,0.3413,0.3033,0.1263,0.1578,0.5013
limit,at_19,40,40,1.0000,12,gbpusd+audusd+nzdusd,64,0.5781,9.0432,-46.4506,0.3355,0.3630,0.2656,0.2363,0.6015
limit,at_19,40,40,1.0000,12,gbpusd+audusd+usdjpy,120,0.5417,2.6136,-43.3140,0.4807,0.2318,0.1750,0.0971,0.5546
limit,at_19,40,40,1.0000,12,gbpusd+nzdusd+usdjpy,113,0.5398,3.4977,-42.9614,0.4622,0.2308,0.1593,0.1518,0.5361
limit,at_19,40,40,1.0000,12,audusd+nzdusd+usdjpy,99,0.5657,5.2772,-43.1147,0.3459,0.3098,0.1616,0.2358,0.5212
limit,at_19,40,40,1.0000,16,eurusd+gbpusd+audusd,67,0.5522,3.8600,-47.1509,0.3996,0.3776,0.2537,0.0607,0.6044
limit,at_19,40,40,1.0000,16,eurusd+gbpusd+nzdusd,60,0.5667,6.7997,-46.2850,0.2872,0.3492,0.1500,0.1610,0.5755
limit,at_19,40,40,1.0000,16,eurusd+gbpusd+usdjpy,116,0.5345,1.5332,-43.2949,0.4576,0.1842,0.1293,0.0557,0.5394
limit,at_19,40,40,1.0000,16,eurusd+audusd+nzdusd,46,0.5652,9.2962,-47.6091,0.3188,0.4561,0.3043,0.1754,0.5556
limit,at_19,40,40,1.0000,16,eurusd+audusd+usdjpy,102,0.5294,1.9362,-43.1640,0.3540,0.3361,0.1373,0.0528,0.5254
limit,at_19,40,40,1.0000,16,eurusd+nzdusd+usdjpy,95,0.5368,3.6511,-42.8221,0.3413,0.2894,0.1263,0.1738,0.5013
limit,at_19,40,40,1.0000,16,gbpusd+audusd+nzdusd,64,0.5938,9.2311,-46.4506,0.3355,0.3854,0.2656,0.1995,0.6015
limit,at_19,40,40,1.0000,16,gbpusd+audusd+usdjpy,120,0.5500,3.0054,-43.3140,0.4807,0.2691,0.1750,0.0902,0.5546
limit,at_19,40,40,1.0000,16,gbpusd+nzdusd+usdjpy,113,0.5575,4.5134,-42.9614,0.4622,0.2314,0.1593,0.1991,0.5361
limit,at_19,40,40,1.0000,16,audusd+nzdusd+usdjpy,99,0.5556,5.3501,-43.1147,0.3459,0.3483,0.1616,0.2167,0.5212
limit,at_19,40,40,1.0000,18,eurusd+gbpusd+audusd,67,0.5522,4.1519,-47.1509,0.3996,0.3740,0.2537,0.0676,0.6044
limit,at_19,40,40,1.0000,18,eurusd+gbpusd+nzdusd,60,0.5833,7.1775,-46.2850,0.2872,0.3458,0.1500,0.1685,0.5755
limit,at_19,40,40,1.0000,18,eurusd+gbpusd+usdjpy,116,0.5259,1.6703,-43.2949,0.4576,0.1820,0.1293,0.0624,0.5394
limit,at_19,40,40,1.0000,18,eurusd+audusd+nzdusd,46,0.5870,10.1622,-47.6091,0.3188,0.4357,0.3043,0.2061,0.5556
limit,at_19,40,40,1.0000,18,eurusd+audusd+usdjpy,102,0.5196,2.2605,-43.1640,0.3540,0.3238,0.1373,0.0667,0.5254
limit,at_19,40,40,1.0000,18,eurusd+nzdusd+usdjpy,95,0.5368,4.0320,-42.8221,0.3413,0.2729,0.1263,0.1922,0.5013
limit,at_19,40,40,1.0000,18,gbpusd+audusd+nzdusd,64,0.6094,9.8654,-46.4506,0.3355,0.3758,0.2656,0.2240,0.6015
limit,at_19,40,40,1.0000,18,gbpusd+audusd+usdjpy,120,0.5417,3.2875,-43.3140,0.4807,0.2625,0.1750,0.1053,0.5546
limit,at_19,40,40,1.0000,18,gbpusd+nzdusd+usdjpy,113,0.5575,4.8404,-42.9614,0.4622,0.2243,0.1593,0.2115,0.5361
limit,at_19,40,40,1.0000,18,audusd+nzdusd+usdjpy,99,0.5556,5.8968,-43.1147,0.3459,0.3319,0.1616,0.2695,0.5212
limit,touch_19,15,20,0.7500,12,eurusd+gbpusd+audusd,757,0.5865,0.1758,-42.4399,0.5362,0.4998,0.0423,0.0170,0.5209
limit,touch_19,15,20,0.7500,12,eurusd+gbpusd+nzdusd,771,0.5798,-0.0962,-42.2944,0.5252,0.3711,0.0428,-0.0076,0.5031
limit,touch_19,15,20,0.7500,12,eurusd+gbpusd+usdjpy,1114,0.5628,-0.6750,-41.6965,0.6303,0.2567,0.0368,-0.0624,0.4165
limit,touch_19,15,20,0.7500,12,eurusd+audusd+nzdusd,685,0.5971,0.7498,-42.0753,0.4961,0.3300,0.0526,0.0643,0.5113
limit,touch_19,15,20,0.7500,12,eurusd+audusd+usdjpy,1028,0.5730,-0.1597,-41.5415,0.5985,0.1893,0.0253,-0.0168,0.4144
limit,touch_19,15,20,0.7500,12,eurusd+nzdusd+usdjpy,1042,0.5681,-0.3564,-41.5897,0.6053,0.0982,0.0269,-0.0329,0.4029
limit,touch_19,15,20,0.7500,12,gbpusd+audusd+nzdusd,823,0.5857,0.2746,-42.3438,0.4184,0.4317,0.0450,0.0205,0.5026
limit,touch_19,15,20,0.7500,12,gbpusd+audusd+usdjpy,1166,0.5678,-0.3874,-41.7127,0.5906,0.3549,0.0326,-0.0345,0.4197
limit,touch_19,15,20,0.7500,12,gbpusd+nzdusd+usdjpy,1180,0.5636,-0.5585,-41.7445,0.6042,0.2730,0.0229,-0.0466,0.4094
limit,touch_19,15,20,0.7500,12,audusd+nzdusd+usdjpy,1094,0.5731,-0.0650,-41.6079,0.5646,0.2074,0.0293,-0.0050,0.4070
limit,touch_19,15,20,0.7500,16,eurusd+gbpusd+audusd,757,0.5826,-0.0699,-42.4399,0.5362,0.5084,0.0423,-0.0063,0.5209
limit,touch_19,15,20,0.7500,16,eurusd+gbpusd+nzdusd,771,0.5837,-0.1244,-42.2944,0.5252,0.3904,0.0428,-0.0092,0.5031
limit,touch_19,15,20,0.7500,16,eurusd+gbpusd+usdjpy,1114,0.5637,-0.7371,-41.6965,0.6303,0.2585,0.0368,-0.0652,0.4165
limit,touch_19,15,20,0.7500,16,eurusd+audusd+nzdusd,685,0.5985,0.5786,-42.0753,0.4961,0.3439,0.0526,0.0435,0.5113
limit,touch_19,15,20,0.7500,16,eurusd+audusd+usdjpy,1028,0.5720,-0.3199,-41.5415,0.5985,0.1896,0.0253,-0.0305,0.4144
limit,touch_19,15,20,0.7500,16,eurusd+nzdusd+usdjpy,1042,0.5729,-0.3569,-41.5897,0.6053,0.1055,0.0269,-0.0299,0.4029
limit,touch_19,15,20,0.7500,16,gbpusd+audusd+nzdusd,823,0.5844,0.0779,-42.3438,0.4184,0.4594,0.0450,0.0052,0.5026
limit,touch_19,15,20,0.7500,16,gbpusd+audusd+usdjpy,1166,0.5652,-0.5670,-41.7127,0.5906,0.3665,0.0326,-0.0465,0.4197
limit,touch_19,15,20,0.7500,16,gbpusd+nzdusd+usdjpy,1180,0.5661,-0.5967,-41.7445,0.6042,0.2811,0.0229,-0.0461,0.4094
limit,touch_19,15,20,0.7500,16,audusd+nzdusd+usdjpy,1094,0.5740,-0.1937,-41.6079,0.5646,0.2216,0.0293,-0.0135,0.4070
limit,touch_19,15,20,0.7500,18,eurusd+gbpusd+audusd,757,0.5878,0.0272,-42.4399,0.5362,0.5141,0.0423,0.0026,0.5209
limit,touch_19,15,20,0.7500,18,eurusd+gbpusd+nzdusd,771,0.5888,0.0347,-42.2944,0.5252,0.4387,0.0428,0.0027,0.5031
limit,touch_19,15,20,0.7500,18,eurusd+gbpusd+usdjpy,1114,0.5655,-0.7115,-41.6965,0.6303,0.2637,0.0368,-0.0636,0.4165
limit,touch_19,15,20,0.7500,18,eurusd+audusd+nzdusd,685,0.6088,0.8447,-42.0753,0.4961,0.3870,0.0526,0.0681,0.5113
limit,touch_19,15,20,0.7500,18,eurusd+audusd+usdjpy,1028,0.5768,-0.2342,-41.5415,0.5985,0.1784,0.0253,-0.0237,0.4144
limit,touch_19,15,20,0.7500,18,eurusd+nzdusd+usdjpy,1042,0.5777,-0.2251,-41.5897,0.6053,0.1550,0.0269,-0.0191,0.4029
limit,touch_19,15,20,0.7500,18,gbpusd+audusd+nzdusd,823,0.5917,0.2824,-42.3438,0.4184,0.4946,0.0450,0.0199,0.5026
limit,touch_19,15,20,0.7500,18,gbpusd+audusd+usdjpy,1166,0.5686,-0.5034,-41.7127,0.5906,0.3568,0.0326,-0.0431,0.4197
limit,touch_19,15,20,0.7500,18,gbpusd+nzdusd+usdjpy,1180,0.5695,-0.4921,-41.7445,0.6042,0.3234,0.0229,-0.0385,0.4094
limit,touch_19,15,20,0.7500,18,audusd+nzdusd+usdjpy,1094,0.5804,-0.0264,-41.6079,0.5646,0.2476,0.0293,-0.0019,0.4070
limit,touch_19,15,20,1.0000,12,eurusd+gbpusd+audusd,757,0.5086,-0.0943,-42.4426,0.5362,0.3925,0.0423,-0.0078,0.5212
limit,touch_19,15,20,1.0000,12,eurusd+gbpusd+nzdusd,771,0.5032,-0.3078,-42.3015,0.5252,0.4010,0.0428,-0.0213,0.5028
limit,touch_19,15,20,1.0000,12,eurusd+gbpusd+usdjpy,1114,0.4892,-0.8272,-41.6955,0.6303,0.1706,0.0368,-0.0648,0.4167
limit,touch_19,15,20,1.0000,12,eurusd+audusd+nzdusd,685,0.5212,0.4558,-42.0797,0.4961,0.3040,0.0526,0.0311,0.5105
limit,touch_19,15,20,1.0000,12,eurusd+audusd+usdjpy,1028,0.5000,-0.3619,-41.5415,0.5985,0.0675,0.0253,-0.0305,0.4144
limit,touch_19,15,20,1.0000,12,eurusd+nzdusd+usdjpy,1042,0.4962,-0.5163,-41.5974,0.6053,0.0679,0.0269,-0.0386,0.4025
limit,touch_19,15,20,1.0000,12,gbpusd+audusd+nzdusd,823,0.5188,0.2940,-42.3507,0.4184,0.4435,0.0450,0.0202,0.5023
limit,touch_19,15,20,1.0000,12,gbpusd+audusd+usdjpy,1166,0.5009,-0.3794,-41.7118,0.5906,0.2706,0.0326,-0.0321,0.4199
limit,touch_19,15,20,1.0000,12,gbpusd+nzdusd+usdjpy,1180,0.4975,-0.5155,-41.7502,0.6042,0.2804,0.0229,-0.0392,0.4093
limit,touch_19,15,20,1.0000,12,audusd+nzdusd+usdjpy,1094,0.5082,-0.0537,-41.6152,0.5646,0.1808,0.0293,-0.0037,0.4065
limit,touch_19,15,20,1.0000,16,eurusd+gbpusd+audusd,757,0.5059,-0.1960,-42.4426,0.5362,0.3727,0.0423,-0.0168,0.5212
limit,touch_19,15,20,1.0000,16,eurusd+gbpusd+nzdusd,771,0.5045,-0.4191,-42.3015,0.5252,0.3464,0.0428,-0.0266,0.5028
limit,touch_19,15,20,1.0000,16,eurusd+gbpusd+usdjpy,1114,0.4910,-0.9004,-41.6955,0.6303,0.1786,0.0368,-0.0664,0.4167
limit,touch_19,15,20,1.0000,16,eurusd+audusd+nzdusd,685,0.5168,0.2908,-42.0797,0.4961,0.2259,0.0526,0.0185,0.5105
limit,touch_19,15,20,1.0000,16,eurusd+audusd+usdjpy,1028,0.4981,-0.4676,-41.5415,0.5985,0.0523,0.0253,-0.0378,0.4144
limit,touch_19,15,20,1.0000,16,eurusd+nzdusd+usdjpy,1042,0.4971,-0.6291,-41.5974,0.6053,0.0319,0.0269,-0.0419,0.4025
limit,touch_19,15,20,1.0000,16,gbpusd+audusd+nzdusd,823,0.5164,0.2164,-42.3507,0.4184,0.3869,0.0450,0.0141,0.5023
limit,touch_19,15,20,1.0000,16,gbpusd+audusd+usdjpy,1166,0.5000,-0.4304,-41.7118,0.5906,0.2524,0.0326,-0.0356,0.4199
limit,touch_19,15,20,1.0000,16,gbpusd+nzdusd+usdjpy,1180,0.4992,-0.5734,-41.7502,0.6042,0.2336,0.0229,-0.0394,0.4093
limit,touch_19,15,20,1.0000,16,audusd+nzdusd+usdjpy,1094,0.5064,-0.1410,-41.6152,0.5646,0.1244,0.0293,-0.0092,0.4065
limit,touch_19,15,20,1.0000,18,eurusd+gbpusd+audusd,757,0.5099,-0.1559,-42.4426,0.5362,0.3476,0.0423,-0.0142,0.5212
limit,touch_19,15,20,1.0000,18,eurusd+gbpusd+nzdusd,771,0.5084,-0.2700,-42.3015,0.5252,0.3805,0.0428,-0.0178,0.5028
limit,touch_19,15,20,1.0000,18,eurusd+gbpusd+usdjpy,1114,0.4919,-0.8992,-41.6955,0.6303,0.1827,0.0368,-0.0659,0.4167
limit,touch_19,15,20,1.0000,18,eurusd+audusd+nzdusd,685,0.5241,0.4859,-42.0797,0.4961,0.2210,0.0526,0.0322,0.5105
limit,touch_19,15,20,1.0000,18,eurusd+audusd+usdjpy,1028,0.5010,-0.4481,-41.5415,0.5985,0.0078,0.0253,-0.0377,0.4144
limit,touch_19,15,20,1.0000,18,eurusd+nzdusd+usdjpy,1042,0.5000,-0.5286,-41.5974,0.6053,0.0641,0.0269,-0.0354,0.4025
limit,touch_19,15,20,1.0000,18,gbpusd+audusd+nzdusd,823,0.5213,0.3646,-42.3507,0.4184,0.3809,0.0450,0.0253,0.5023
limit,touch_19,15,20,1.0000,18,gbpusd+audusd+usdjpy,1166,0.5017,-0.4232,-41.7118,0.5906,0.2146,0.0326,-0.0370,0.4199
limit,touch_19,15,20,1.0000,18,gbpusd+nzdusd+usdjpy,1180,0.5008,-0.4946,-41.7502,0.6042,0.2573,0.0229,-0.0342,0.4093
limit,touch_19,15,20,1.0000,18,audusd+nzdusd+usdjpy,1094,0.5101,-0.0389,-41.6152,0.5646,0.1078,0.0293,-0.0027,0.4065
limit,touch_19,15,30,0.7500,12,eurusd+gbpusd+audusd,757,0.5403,-0.7429,-42.4547,0.5362,0.3051,0.0423,-0.0362,0.5202
limit,touch_19,15,30,0.7500,12,eurusd+gbpusd+nzdusd,771,0.5357,-0.9519,-42.3087,0.5252,0.3423,0.0428,-0.0471,0.5024
limit,touch_19,15,30,0.7500,12,eurusd+gbpusd+usdjpy,1114,0.5413,-1.1617,-41.7015,0.6303,0.1341,0.0368,-0.0696,0.4165
limit,touch_19,15,30,0.7500,12,eurusd+audusd+nzdusd,685,0.5591,0.4836,-42.0843,0.4961,0.2397,0.0526,0.0318,0.5098
limit,touch_19,15,30,0.7500,12,eurusd+audusd+usdjpy,1028,0.5574,-0.2227,-41.5489,0.5985,0.0368,0.0253,-0.0153,0.4140
limit,touch_19,15,30,0.7500,12,eurusd+nzdusd+usdjpy,1042,0.5537,-0.3844,-41.5974,0.6053,0.0594,0.0269,-0.0307,0.4025
limit,touch_19,15,30,0.7500,12,gbpusd+audusd+nzdusd,823,0.5553,0.0555,-42.3628,0.4184,0.3701,0.0450,0.0035,0.5014
limit,touch_19,15,30,0.7500,12,gbpusd+audusd+usdjpy,1166,0.5549,-0.4413,-41.7243,0.5906,0.1949,0.0326,-0.0306,0.4193
limit,touch_19,15,30,0.7500,12,gbpusd+nzdusd+usdjpy,1180,0.5517,-0.5814,-41.7559,0.6042,0.2348,0.0229,-0.0424,0.4091
limit,touch_19,15,30,0.7500,12,audusd+nzdusd+usdjpy,1094,0.5676,0.3465,-41.6226,0.5646,0.1405,0.0293,0.0271,0.4060
limit,touch_19,15,30,0.7500,16,eurusd+gbpusd+audusd,757,0.5456,-1.1476,-42.4547,0.5362,0.2856,0.0423,-0.0501,0.5202
limit,touch_19,15,30,0.7500,16,eurusd+gbpusd+nzdusd,771,0.5512,-1.0243,-42.3087,0.5252,0.3040,0.0428,-0.0499,0.5024
limit,touch_19,15,30,0.7500,16,eurusd+gbpusd+usdjpy,1114,0.5521,-1.2249,-41.7015,0.6303,0.1233,0.0368,-0.0689,0.4165
limit,touch_19,15,30,0.7500,16,eurusd+audusd+nzdusd,685,0.5650,0.0180,-42.0843,0.4961,0.1782,0.0526,0.0010,0.5098
limit,touch_19,15,30,0.7500,16,eurusd+audusd+usdjpy,1028,0.5613,-0.5472,-41.5489,0.5985,-0.0022,0.0253,-0.0328,0.4140
limit,touch_19,15,30,0.7500,16,eurusd+nzdusd+usdjpy,1042,0.5653,-0.4640,-41.5974,0.6053,0.0153,0.0269,-0.0329,0.4025
limit,touch_19,15,30,0.7500,16,gbpusd+audusd+nzdusd,823,0.5601,-0.3367,-42.3628,0.4184,0.3406,0.0450,-0.0183,0.5014
limit,touch_19,15,30,0.7500,16,gbpusd+audusd+usdjpy,1166,0.5583,-0.7307,-41.7243,0.5906,0.1825,0.0326,-0.0442,0.4193
limit,touch_19,15,30,0.7500,16,gbpusd+nzdusd+usdjpy,1180,0.5619,-0.6551,-41.7559,0.6042,0.2146,0.0229,-0.0433,0.4091
limit,touch_19,15,30,0.7500,16,audusd+nzdusd+usdjpy,1094,0.5713,0.0266,-41.6226,0.5646,0.0996,0.0293,0.0017,0.4060
limit,touch_19,15,30,0.7500,18,eurusd+gbpusd+audusd,757,0.5548,-0.8112,-42.4547,0.5362,0.2721,0.0423,-0.0397,0.5202
limit,touch_19,15,30,0.7500,18,eurusd+gbpusd+nzdusd,771,0.5538,-0.7980,-42.3087,0.5252,0.3675,0.0428,-0.0408,0.5024
limit,touch_19,15,30,0.7500,18,eurusd+gbpusd+usdjpy,1114,0.5530,-1.1910,-41.7015,0.6303,0.1120,0.0368,-0.0668,0.4165
limit,touch_19,15,30,0.7500,18,eurusd+audusd+nzdusd,685,0.5723,0.3975,-42.0843,0.4961,0.2228,0.0526,0.0223,0.5098
limit,touch_19,15,30,0.7500,18,eurusd+audusd+usdjpy,1028,0.5652,-0.4273,-41.5489,0.5985,-0.0300,0.0253,-0.0273,0.4140
limit,touch_19,15,30,0.7500,18,eurusd+nzdusd+usdjpy,1042,0.5643,-0.4227,-41.5974,0.6053,0.0678,0.0269,-0.0285,0.4025
limit,touch_19,15,30,0.7500,18,gbpusd+audusd+nzdusd,823,0.5650,0.0145,-42.3628,0.4184,0.3664,0.0450,0.0009,0.5014
limit,touch_19,15,30,0.7500,18,gbpusd+audusd+usdjpy,1166,0.5609,-0.6000,-41.7243,0.5906,0.1488,0.0326,-0.0384,0.4193
limit,touch_19,15,30,0.7500,18,gbpusd+nzdusd+usdjpy,1180,0.5602,-0.5939,-41.7559,0.6042,0.2501,0.0229,-0.0387,0.4091
limit,touch_19,15,30,0.7500,18,audusd+nzdusd+usdjpy,1094,0.5722,0.1707,-41.6226,0.5646,0.1165,0.0293,0.0117,0.4060
limit,touch_19,15,30,1.0000,12,eurusd+gbpusd+audusd,757,0.4769,-0.9410,-42.4574,0.5362,0.2623,0.0423,-0.0438,0.5205
limit,touch_19,15,30,1.0000,12,eurusd+gbpusd+nzdusd,771,0.4695,-1.5360,-42.3087,0.5252,0.3266,0.0428,-0.0588,0.5024
limit,touch_19,15,30,1.0000,12,eurusd+gbpusd+usdjpy,1114,0.4713,-1.6045,-41.7015,0.6303,0.1443,0.0368,-0.0776,0.4165
limit,touch_19,15,30,1.0000,12,eurusd+audusd+nzdusd,685,0.5036,0.2202,-42.0869,0.4961,0.2576,0.0526,0.0131,0.5101
limit,touch_19,15,30,1.0000,12,eurusd+audusd+usdjpy,1028,0.4942,-0.4400,-41.5478,0.5985,0.0612,0.0253,-0.0308,0.4142
limit,touch_19,15,30,1.0000,12,eurusd+nzdusd+usdjpy,1042,0.4885,-0.8870,-41.5974,0.6053,0.1345,0.0269,-0.0549,0.4025
limit,touch_19,15,30,1.0000,12,gbpusd+audusd+nzdusd,823,0.4921,-0.4046,-42.3647,0.4184,0.3436,0.0450,-0.0229,0.5017
limit,touch_19,15,30,1.0000,12,gbpusd+audusd+usdjpy,1166,0.4871,-0.8029,-41.7234,0.5906,0.1697,0.0326,-0.0493,0.4196
limit,touch_19,15,30,1.0000,12,gbpusd+nzdusd+usdjpy,1180,0.4822,-1.1933,-41.7559,0.6042,0.2427,0.0229,-0.0659,0.4091
limit,touch_19,15,30,1.0000,12,audusd+nzdusd+usdjpy,1094,0.5046,-0.0667,-41.6212,0.5646,0.1734,0.0293,-0.0048,0.4063
limit,touch_19,15,30,1.0000,16,eurusd+gbpusd+audusd,757,0.4769,-1.6332,-42.4574,0.5362,0.2495,0.0423,-0.0611,0.5205
limit,touch_19,15,30,1.0000,16,eurusd+gbpusd+nzdusd,771,0.4864,-1.5658,-42.3087,0.5252,0.3005,0.0428,-0.0587,0.5024
limit,touch_19,15,30,1.0000,16,eurusd+gbpusd+usdjpy,1114,0.4838,-1.5568,-41.7015,0.6303,0.1616,0.0368,-0.0732,0.4165
limit,touch_19,15,30,1.0000,16,eurusd+audusd+nzdusd,685,0.4993,-0.6506,-42.0869,0.4961,0.2084,0.0526,-0.0296,0.5101
limit,touch_19,15,30,1.0000,16,eurusd+audusd+usdjpy,1028,0.4922,-0.9462,-41.5478,0.5985,0.0554,0.0253,-0.0502,0.4142
limit,touch_19,15,30,1.0000,16,eurusd+nzdusd+usdjpy,1042,0.4990,-0.9056,-41.5974,0.6053,0.1084,0.0269,-0.0520,0.4025
limit,touch_19,15,30,1.0000,16,gbpusd+audusd+nzdusd,823,0.4909,-1.0740,-42.3647,0.4184,0.3152,0.0450,-0.0474,0.5017
limit,touch_19,15,30,1.0000,16,gbpusd+audusd+usdjpy,1166,0.4871,-1.2101,-41.7234,0.5906,0.1725,0.0326,-0.0622,0.4196
limit,touch_19,15,30,1.0000,16,gbpusd+nzdusd+usdjpy,1180,0.4932,-1.1710,-41.7559,0.6042,0.2294,0.0229,-0.0634,0.4091
limit,touch_19,15,30,1.0000,16,audusd+nzdusd+usdjpy,1094,0.5018,-0.5670,-41.6212,0.5646,0.1408,0.0293,-0.0326,0.4063
limit,touch_19,15,30,1.0000,18,eurusd+gbpusd+audusd,757,0.4835,-1.3135,-42.4574,0.5362,0.2451,0.0423,-0.0545,0.5205
limit,touch_19,15,30,1.0000,18,eurusd+gbpusd+nzdusd,771,0.4825,-1.5248,-42.3087,0.5252,0.3446,0.0428,-0.0564,0.5024
limit,touch_19,15,30,1.0000,18,eurusd+gbpusd+usdjpy,1114,0.4776,-1.6419,-41.7015,0.6303,0.1518,0.0368,-0.0750,0.4165
limit,touch_19,15,30,1.0000,18,eurusd+audusd+nzdusd,685,0.5080,-0.2552,-42.0869,0.4961,0.2433,0.0526,-0.0122,0.5101
limit,touch_19,15,30,1.0000,18,eurusd+audusd+usdjpy,1028,0.4942,-0.8057,-41.5478,0.5985,0.0351,0.0253,-0.0457,0.4142
limit,touch_19,15,30,1.0000,18,eurusd+nzdusd+usdjpy,1042,0.4933,-0.9688,-41.5974,0.6053,0.1413,0.0269,-0.0529,0.4025
limit,touch_19,15,30,1.0000,18,gbpusd+audusd+nzdusd,823,0.4957,-0.7458,-42.3647,0.4184,0.3250,0.0450,-0.0365,0.5017
limit,touch_19,15,30,1.0000,18,gbpusd+audusd+usdjpy,1166,0.4871,-1.0868,-41.7234,0.5906,0.1327,0.0326,-0.0595,0.4196
limit,touch_19,15,30,1.0000,18,gbpusd+nzdusd+usdjpy,1180,0.4864,-1.2275,-41.7559,0.6042,0.2417,0.0229,-0.0650,0.4091
limit,touch_19,15,30,1.0000,18,audusd+nzdusd+usdjpy,1094,0.5027,-0.4092,-41.6212,0.5646,0.1412,0.0293,-0.0254,0.4063
limit,touch_19,15,40,0.7500,12,eurusd+gbpusd+audusd,757,0.5205,-0.3910,-42.4574,0.5362,0.3572,0.0423,-0.0229,0.5205
limit,touch_19,15,40,0.7500,12,eurusd+gbpusd+nzdusd,771,0.5045,-1.4493,-42.3087,0.5252,0.3274,0.0428,-0.0587,0.5024
limit,touch_19,15,40,0.7500,12,eurusd+gbpusd+usdjpy,1114,0.5197,-1.7320,-41.7015,0.6303,0.1733,0.0368,-0.0824,0.4165
limit,touch_19,15,40,0.7500,12,eurusd+audusd+nzdusd,685,0.5445,1.4643,-42.0869,0.4961,0.3197,0.0526,0.1154,0.5101
limit,touch_19,15,40,0.7500,12,eurusd+audusd+usdjpy,1028,0.5477,0.1858,-41.5478,0.5985,0.1791,0.0253,0.0177,0.4142
limit,touch_19,15,40,0.7500,12,eurusd+nzdusd+usdjpy,1042,0.5355,-0.6050,-41.5974,0.6053,0.1627,0.0269,-0.0425,0.4025
limit,touch_19,15,40,0.7500,12,gbpusd+audusd+nzdusd,823,0.5273,-0.0530,-42.3647,0.4184,0.3354,0.0450,-0.0036,0.5017
limit,touch_19,15,40,0.7500,12,gbpusd+audusd+usdjpy,1166,0.5352,-0.7338,-41.7234,0.5906,0.1929,0.0326,-0.0503,0.4196
limit,touch_19,15,40,0.7500,12,gbpusd+nzdusd+usdjpy,1180,0.5246,-1.4213,-41.7559,0.6042,0.1958,0.0229,-0.0750,0.4091
limit,touch_19,15,40,0.7500,12,audusd+nzdusd+usdjpy,1094,0.5512,0.4053,-41.6212,0.5646,0.1971,0.0293,0.0374,0.4063
limit,touch_19,15,40,0.7500,16,eurusd+gbpusd+audusd,757,0.5363,-0.8960,-42.4574,0.5362,0.2994,0.0423,-0.0430,0.5205
limit,touch_19,15,40,0.7500,16,eurusd+gbpusd+nzdusd,771,0.5344,-1.5729,-42.3087,0.5252,0.2855,0.0428,-0.0611,0.5024
limit,touch_19,15,40,0.7500,16,eurusd+gbpusd+usdjpy,1114,0.5386,-1.8742,-41.7015,0.6303,0.1748,0.0368,-0.0823,0.4165
limit,touch_19,15,40,0.7500,16,eurusd+audusd+nzdusd,685,0.5562,0.8622,-42.0869,0.4961,0.2682,0.0526,0.0688,0.5101
limit,touch_19,15,40,0.7500,16,eurusd+audusd+usdjpy,1028,0.5535,-0.2768,-41.5478,0.5985,0.1550,0.0253,-0.0212,0.4142
limit,touch_19,15,40,0.7500,16,eurusd+nzdusd+usdjpy,1042,0.5518,-0.7860,-41.5974,0.6053,0.1394,0.0269,-0.0466,0.4025
limit,touch_19,15,40,0.7500,16,gbpusd+audusd+nzdusd,823,0.5407,-0.4694,-42.3647,0.4184,0.2886,0.0450,-0.0275,0.5017
limit,touch_19,15,40,0.7500,16,gbpusd+audusd+usdjpy,1166,0.5429,-1.0819,-41.7234,0.5906,0.1782,0.0326,-0.0674,0.4196
limit,touch_19,15,40,0.7500,16,gbpusd+nzdusd+usdjpy,1180,0.5415,-1.5220,-41.7559,0.6042,0.1761,0.0229,-0.0766,0.4091
limit,touch_19,15,40,0.7500,16,audusd+nzdusd+usdjpy,1094,0.5558,0.0067,-41.6212,0.5646,0.1664,0.0293,0.0005,0.4063
limit,touch_19,15,40,0.7500,18,eurusd+gbpusd+audusd,757,0.5443,-0.7046,-42.4574,0.5362,0.3218,0.0423,-0.0379,0.5205
limit,touch_19,15,40,0.7500,18,eurusd+gbpusd+nzdusd,771,0.5383,-1.4122,-42.3087,0.5252,0.3163,0.0428,-0.0576,0.5024
limit,touch_19,15,40,0.7500,18,eurusd+gbpusd+usdjpy,1114,0.5368,-1.9103,-41.7015,0.6303,0.1432,0.0368,-0.0833,0.4165
limit,touch_19,15,40,0.7500,18,eurusd+audusd+nzdusd,685,0.5664,1.2185,-42.0869,0.4961,0.3141,0.0526,0.1083,0.5101
limit,touch_19,15,40,0.7500,18,eurusd+audusd+usdjpy,1028,0.5554,-0.1990,-41.5478,0.5985,0.1465,0.0253,-0.0163,0.4142
limit,touch_19,15,40,0.7500,18,eurusd+nzdusd+usdjpy,1042,0.5509,-0.7294,-41.5974,0.6053,0.1439,0.0269,-0.0454,0.4025
limit,touch_19,15,40,0.7500,18,gbpusd+audusd+nzdusd,823,0.5468,-0.2347,-42.3647,0.4184,0.2950,0.0450,-0.0148,0.5017
limit,touch_19,15,40,0.7500,18,gbpusd+audusd+usdjpy,1166,0.5429,-1.0570,-41.7234,0.5906,0.1371,0.0326,-0.0686,0.4196
limit,touch_19,15,40,0.7500,18,gbpusd+nzdusd+usdjpy,1180,0.5390,-1.5151,-41.7559,0.6042,0.1448,0.0229,-0.0778,0.4091
limit,touch_19,15,40,0.7500,18,audusd+nzdusd+usdjpy,1094,0.5567,0.1240,-41.6212,0.5646,0.1543,0.0293,0.0122,0.4063
limit,touch_19,15,40,1.0000,12,eurusd+gbpusd+audusd,757,0.4795,-0.4987,-42.4574,0.5362,0.3188,0.0423,-0.0247,0.5205
limit,touch_19,15,40,1.0000,12,eurusd+gbpusd+nzdusd,771,0.4656,-1.6236,-42.3087,0.5252,0.3261,0.0428,-0.0643,0.5024
limit,touch_19,15,40,1.0000,12,eurusd+gbpusd+usdjpy,1114,0.4749,-1.5737,-41.7015,0.6303,0.3207,0.0368,-0.0816,0.4165
limit,touch_19,15,40,1.0000,12,eurusd+audusd+nzdusd,685,0.5153,1.6059,-42.0869,0.4961,0.2242,0.0526,0.1463,0.5101
limit,touch_19,15,40,1.0000,12,eurusd+audusd+usdjpy,1028,0.5088,0.5825,-41.5478,0.5985,0.2244,0.0253,0.0760,0.4142
limit,touch_19,15,40,1.0000,12,eurusd+nzdusd+usdjpy,1042,0.4981,-0.2644,-41.5974,0.6053,0.1908,0.0269,-0.0200,0.4025
limit,touch_19,15,40,1.0000,12,gbpusd+audusd+nzdusd,823,0.4945,-0.0746,-42.3647,0.4184,0.2923,0.0450,-0.0045,0.5017
limit,touch_19,15,40,1.0000,12,gbpusd+audusd+usdjpy,1166,0.4949,-0.4826,-41.7234,0.5906,0.2762,0.0326,-0.0387,0.4196
limit,touch_19,15,40,1.0000,12,gbpusd+nzdusd+usdjpy,1180,0.4856,-1.2178,-41.7559,0.6042,0.2599,0.0229,-0.0729,0.4091
limit,touch_19,15,40,1.0000,12,audusd+nzdusd+usdjpy,1094,0.5183,0.8362,-41.6212,0.5646,0.1920,0.0293,0.0839,0.4063
limit,touch_19,15,40,1.0000,16,eurusd+gbpusd+audusd,757,0.4808,-0.8566,-42.4574,0.5362,0.2961,0.0423,-0.0341,0.5205
limit,touch_19,15,40,1.0000,16,eurusd+gbpusd+nzdusd,771,0.4799,-1.5876,-42.3087,0.5252,0.3061,0.0428,-0.0617,0.5024
limit,touch_19,15,40,1.0000,16,eurusd+gbpusd+usdjpy,1114,0.4856,-1.6398,-41.7015,0.6303,0.3106,0.0368,-0.0809,0.4165
limit,touch_19,15,40,1.0000,16,eurusd+audusd+nzdusd,685,0.5109,1.2672,-42.0869,0.4961,0.2238,0.0526,0.1020,0.5101
limit,touch_19,15,40,1.0000,16,eurusd+audusd+usdjpy,1028,0.5068,0.2581,-41.5478,0.5985,0.2264,0.0253,0.0271,0.4142
limit,touch_19,15,40,1.0000,16,eurusd+nzdusd+usdjpy,1042,0.5058,-0.2978,-41.5974,0.6053,0.1976,0.0269,-0.0213,0.4025
limit,touch_19,15,40,1.0000,16,gbpusd+audusd+nzdusd,823,0.4872,-0.2456,-42.3647,0.4184,0.2835,0.0450,-0.0139,0.5017
limit,touch_19,15,40,1.0000,16,gbpusd+audusd+usdjpy,1166,0.4906,-0.6903,-41.7234,0.5906,0.2763,0.0326,-0.0494,0.4196
limit,touch_19,15,40,1.0000,16,gbpusd+nzdusd+usdjpy,1180,0.4898,-1.1699,-41.7559,0.6042,0.2632,0.0229,-0.0685,0.4091
limit,touch_19,15,40,1.0000,16,audusd+nzdusd+usdjpy,1094,0.5101,0.6504,-41.6212,0.5646,0.2058,0.0293,0.0750,0.4063
limit,touch_19,15,40,1.0000,18,eurusd+gbpusd+audusd,757,0.4927,-0.4624,-42.4574,0.5362,0.3096,0.0423,-0.0213,0.5205
limit,touch_19,15,40,1.0000,18,eurusd+gbpusd+nzdusd,771,0.4877,-1.1799,-42.3087,0.5252,0.3410,0.0428,-0.0528,0.5024
limit,touch_19,15,40,1.0000,18,eurusd+gbpusd+usdjpy,1114,0.4811,-1.6844,-41.7015,0.6303,0.2794,0.0368,-0.0817,0.4165
limit,touch_19,15,40,1.0000,18,eurusd+audusd+nzdusd,685,0.5270,2.1031,-42.0869,0.4961,0.2584,0.0526,0.2341,0.5101
limit,touch_19,15,40,1.0000,18,eurusd+audusd+usdjpy,1028,0.5068,0.4610,-41.5478,0.5985,0.2023,0.0253,0.0466,0.4142
limit,touch_19,15,40,1.0000,18,eurusd+nzdusd+usdjpy,1042,0.5029,-0.0823,-41.5974,0.6053,0.1957,0.0269,-0.0067,0.4025
limit,touch_19,15,40,1.0000,18,gbpusd+audusd+nzdusd,823,0.5030,0.2002,-42.3647,0.4184,0.3082,0.0450,0.0140,0.5017
limit,touch_19,15,40,1.0000,18,gbpusd+audusd+usdjpy,1166,0.4923,-0.6878,-41.7234,0.5906,0.2491,0.0326,-0.0509,0.4196
limit,touch_19,15,40,1.0000,18,gbpusd+nzdusd+usdjpy,1180,0.4890,-1.1539,-41.7559,0.6042,0.2468,0.0229,-0.0714,0.4091
limit,touch_19,15,40,1.0000,18,audusd+nzdusd+usdjpy,1094,0.5137,0.9037,-41.6212,0.5646,0.2010,0.0293,0.1094,0.4063
limit,touch_19,20,20,0.7500,12,eurusd+gbpusd+audusd,464,0.6207,1.3512,-43.5116,0.5379,0.3630,0.0603,0.1903,0.5751
limit,touch_19,20,20,0.7500,12,eurusd+gbpusd+nzdusd,475,0.6063,0.6084,-43.0628,0.5357,0.2880,0.0505,0.0785,0.5221
limit,touch_19,20,20,0.7500,12,eurusd+gbpusd+usdjpy,733,0.5853,-0.1068,-41.8035,0.6428,0.2525,0.0573,-0.0180,0.4600
limit,touch_19,20,20,0.7500,12,eurusd+audusd+nzdusd,401,0.6234,1.7458,-42.6950,0.4505,0.2286,0.0698,0.2010,0.5401
limit,touch_19,20,20,0.7500,12,eurusd+audusd+usdjpy,659,0.5933,0.5050,-41.5686,0.5797,0.1565,0.0486,0.0823,0.4639
limit,touch_19,20,20,0.7500,12,eurusd+nzdusd+usdjpy,670,0.5836,-0.0078,-41.6207,0.5931,0.0765,0.0418,-0.0009,0.4286
limit,touch_19,20,20,0.7500,12,gbpusd+audusd+nzdusd,493,0.6247,1.5427,-42.7174,0.4078,0.4593,0.0406,0.1530,0.5204
limit,touch_19,20,20,0.7500,12,gbpusd+audusd+usdjpy,751,0.5979,0.5236,-41.6518,0.6178,0.4446,0.0320,0.1138,0.4602
limit,touch_19,20,20,0.7500,12,gbpusd+nzdusd+usdjpy,762,0.5892,0.0725,-41.7368,0.6272,0.3571,0.0289,0.0104,0.4290
limit,touch_19,20,20,0.7500,12,audusd+nzdusd+usdjpy,688,0.5974,0.6778,-41.4905,0.5501,0.2776,0.0320,0.0908,0.4294
limit,touch_19,20,20,0.7500,16,eurusd+gbpusd+audusd,464,0.6185,1.3501,-43.5116,0.5379,0.3616,0.0603,0.1862,0.5751
limit,touch_19,20,20,0.7500,16,eurusd+gbpusd+nzdusd,475,0.6063,0.5963,-43.0628,0.5357,0.2640,0.0505,0.0723,0.5221
limit,touch_19,20,20,0.7500,16,eurusd+gbpusd+usdjpy,733,0.5839,-0.1554,-41.8035,0.6428,0.2438,0.0573,-0.0248,0.4600
limit,touch_19,20,20,0.7500,16,eurusd+audusd+nzdusd,401,0.6209,1.7457,-42.6950,0.4505,0.1996,0.0698,0.1931,0.5401
limit,touch_19,20,20,0.7500,16,eurusd+audusd+usdjpy,659,0.5903,0.4596,-41.5686,0.5797,0.1474,0.0486,0.0731,0.4639
limit,touch_19,20,20,0.7500,16,eurusd+nzdusd+usdjpy,670,0.5821,-0.0602,-41.6207,0.5931,0.0556,0.0418,-0.0065,0.4286
limit,touch_19,20,20,0.7500,16,gbpusd+audusd+nzdusd,493,0.6227,1.5551,-42.7174,0.4078,0.4312,0.0406,0.1553,0.5204
limit,touch_19,20,20,0.7500,16,gbpusd+audusd+usdjpy,751,0.5952,0.4920,-41.6518,0.6178,0.4437,0.0320,0.1057,0.4602
limit,touch_19,20,20,0.7500,16,gbpusd+nzdusd+usdjpy,762,0.5879,0.0345,-41.7368,0.6272,0.3270,0.0289,0.0046,0.4290
limit,touch_19,20,20,0.7500,16,audusd+nzdusd+usdjpy,688,0.5945,0.6440,-41.4905,0.5501,0.2486,0.0320,0.0804,0.4294
limit,touch_19,20,20,0.7500,18,eurusd+gbpusd+audusd,464,0.6250,1.4441,-43.5116,0.5379,0.3565,0.0603,0.2046,0.5751
limit,touch_19,20,20,0.7500,18,eurusd+gbpusd+nzdusd,475,0.6084,0.6581,-43.0628,0.5357,0.2730,0.0505,0.0787,0.5221
limit,touch_19,20,20,0.7500,18,eurusd+gbpusd+usdjpy,733,0.5853,-0.1367,-41.8035,0.6428,0.2510,0.0573,-0.0218,0.4600
limit,touch_19,20,20,0.7500,18,eurusd+audusd+nzdusd,401,0.6284,1.8928,-42.6950,0.4505,0.1951,0.0698,0.2064,0.5401
limit,touch_19,20,20,0.7500,18,eurusd+audusd+usdjpy,659,0.5948,0.5255,-41.5686,0.5797,0.1395,0.0486,0.0836,0.4639
limit,touch_19,20,20,0.7500,18,eurusd+nzdusd+usdjpy,670,0.5836,-0.0167,-41.6207,0.5931,0.0631,0.0418,-0.0018,0.4286
limit,touch_19,20,20,0.7500,18,gbpusd+audusd+nzdusd,493,0.6268,1.6466,-42.7174,0.4078,0.4296,0.0406,0.1675,0.5204
limit,touch_19,20,20,0.7500,18,gbpusd+audusd+usdjpy,751,0.5979,0.5314,-41.6518,0.6178,0.4330,0.0320,0.1231,0.4602
limit,touch_19,20,20,0.7500,18,gbpusd+nzdusd+usdjpy,762,0.5879,0.0546,-41.7368,0.6272,0.3305,0.0289,0.0072,0.4290
limit,touch_19,20,20,0.7500,18,audusd+nzdusd+usdjpy,688,0.5974,0.7093,-41.4905,0.5501,0.2375,0.0320,0.0919,0.4294
limit,touch_19,20,20,1.0000,12,eurusd+gbpusd+audusd,464,0.5409,1.0123,-43.5186,0.5379,0.3909,0.0603,0.1172,0.5756
limit,touch_19,20,20,1.0000,12,eurusd+gbpusd+nzdusd,475,0.5284,0.4709,-43.0672,0.5357,0.3697,0.0505,0.0407,0.5226
limit,touch_19,20,20,1.0000,12,eurusd+gbpusd+usdjpy,733,0.5020,-0.5230,-41.8040,0.6428,0.1868,0.0573,-0.0500,0.4604
limit,touch_19,20,20,1.0000,12,eurusd+audusd+nzdusd,401,0.5511,1.6688,-42.6950,0.4505,0.2449,0.0698,0.1674,0.5401
limit,touch_19,20,20,1.0000,12,eurusd+audusd+usdjpy,659,0.5129,0.0943,-41.5686,0.5797,-0.0165,0.0486,0.0102,0.4639
limit,touch_19,20,20,1.0000,12,eurusd+nzdusd+usdjpy,670,0.5045,-0.2745,-41.6207,0.5931,0.0604,0.0418,-0.0258,0.4286
limit,touch_19,20,20,1.0000,12,gbpusd+audusd+nzdusd,493,0.5416,1.1346,-42.7216,0.4078,0.5823,0.0406,0.0921,0.5209
limit,touch_19,20,20,1.0000,12,gbpusd+audusd+usdjpy,751,0.5113,-0.0635,-41.6523,0.6178,0.3630,0.0320,-0.0067,0.4605
limit,touch_19,20,20,1.0000,12,gbpusd+nzdusd+usdjpy,762,0.5039,-0.3855,-41.7360,0.6272,0.3761,0.0289,-0.0334,0.4294
limit,touch_19,20,20,1.0000,12,audusd+nzdusd+usdjpy,688,0.5145,0.2206,-41.4905,0.5501,0.2327,0.0320,0.0183,0.4294
limit,touch_19,20,20,1.0000,16,eurusd+gbpusd+audusd,464,0.5302,0.8347,-43.5186,0.5379,0.3871,0.0603,0.0893,0.5756
limit,touch_19,20,20,1.0000,16,eurusd+gbpusd+nzdusd,475,0.5242,0.4363,-43.0672,0.5357,0.3291,0.0505,0.0385,0.5226
limit,touch_19,20,20,1.0000,16,eurusd+gbpusd+usdjpy,733,0.4980,-0.5781,-41.8040,0.6428,0.1742,0.0573,-0.0523,0.4604
limit,touch_19,20,20,1.0000,16,eurusd+audusd+nzdusd,401,0.5387,1.4239,-42.6950,0.4505,0.1886,0.0698,0.1216,0.5401
limit,touch_19,20,20,1.0000,16,eurusd+audusd+usdjpy,659,0.5038,-0.0910,-41.5686,0.5797,-0.0159,0.0486,-0.0087,0.4639
limit,touch_19,20,20,1.0000,16,eurusd+nzdusd+usdjpy,670,0.5000,-0.3583,-41.6207,0.5931,0.0240,0.0418,-0.0298,0.4286
limit,touch_19,20,20,1.0000,16,gbpusd+audusd+nzdusd,493,0.5294,0.9116,-42.7216,0.4078,0.5187,0.0406,0.0653,0.5209
limit,touch_19,20,20,1.0000,16,gbpusd+audusd+usdjpy,751,0.5020,-0.2418,-41.6523,0.6178,0.3669,0.0320,-0.0225,0.4605
limit,touch_19,20,20,1.0000,16,gbpusd+nzdusd+usdjpy,762,0.4987,-0.4746,-41.7360,0.6272,0.3418,0.0289,-0.0367,0.4294
limit,touch_19,20,20,1.0000,16,audusd+nzdusd+usdjpy,688,0.5044,0.0031,-41.4905,0.5501,0.1996,0.0320,0.0002,0.4294
limit,touch_19,20,20,1.0000,18,eurusd+gbpusd+audusd,464,0.5345,0.8409,-43.5186,0.5379,0.3657,0.0603,0.0923,0.5756
limit,touch_19,20,20,1.0000,18,eurusd+gbpusd+nzdusd,475,0.5263,0.4609,-43.0672,0.5357,0.3432,0.0505,0.0387,0.5226
limit,touch_19,20,20,1.0000,18,eurusd+gbpusd+usdjpy,733,0.4993,-0.5594,-41.8040,0.6428,0.1799,0.0573,-0.0506,0.4604
limit,touch_19,20,20,1.0000,18,eurusd+audusd+nzdusd,401,0.5436,1.4257,-42.6950,0.4505,0.1716,0.0698,0.1108,0.5401
limit,touch_19,20,20,1.0000,18,eurusd+audusd+usdjpy,659,0.5068,-0.0869,-41.5686,0.5797,-0.0403,0.0486,-0.0084,0.4639
limit,touch_19,20,20,1.0000,18,eurusd+nzdusd+usdjpy,670,0.5015,-0.3411,-41.6207,0.5931,0.0377,0.0418,-0.0268,0.4286
limit,touch_19,20,20,1.0000,18,gbpusd+audusd+nzdusd,493,0.5314,0.8848,-42.7216,0.4078,0.5091,0.0406,0.0621,0.5209
limit,touch_19,20,20,1.0000,18,gbpusd+audusd+usdjpy,751,0.5033,-0.2566,-41.6523,0.6178,0.3484,0.0320,-0.0244,0.4605
limit,touch_19,20,20,1.0000,18,gbpusd+nzdusd+usdjpy,762,0.4987,-0.4777,-41.7360,0.6272,0.3521,0.0289,-0.0357,0.4294
limit,touch_19,20,20,1.0000,18,audusd+nzdusd+usdjpy,688,0.5058,-0.0163,-41.4905,0.5501,0.1829,0.0320,-0.0011,0.4294
limit,touch_19,20,30,0.7500,12,eurusd+gbpusd+audusd,464,0.5733,0.2092,-43.5256,0.5379,0.3614,0.0603,0.0132,0.5760
limit,touch_19,20,30,0.7500,12,eurusd+gbpusd+nzdusd,475,0.5684,0.4582,-43.0716,0.5357,0.3397,0.0505,0.0299,0.5231
limit,touch_19,20,30,0.7500,12,eurusd+gbpusd+usdjpy,733,0.5621,-0.6200,-41.8046,0.6428,0.2109,0.0573,-0.0479,0.4608
limit,touch_19,20,30,0.7500,12,eurusd+audusd+nzdusd,401,0.5885,2.0135,-42.6950,0.4505,0.2712,0.0698,0.1684,0.5401
limit,touch_19,20,30,0.7500,12,eurusd+audusd+usdjpy,659,0.5736,0.2053,-41.5686,0.5797,0.1147,0.0486,0.0194,0.4639
limit,touch_19,20,30,0.7500,12,eurusd+nzdusd+usdjpy,670,0.5701,0.3819,-41.6207,0.5931,0.1409,0.0418,0.0410,0.4286
limit,touch_19,20,30,0.7500,12,gbpusd+audusd+nzdusd,493,0.5882,1.3026,-42.7257,0.4078,0.4386,0.0406,0.0849,0.5214
limit,touch_19,20,30,0.7500,12,gbpusd+audusd+usdjpy,751,0.5752,-0.0398,-41.6529,0.6178,0.3178,0.0320,-0.0037,0.4609
limit,touch_19,20,30,0.7500,12,gbpusd+nzdusd+usdjpy,762,0.5722,0.1190,-41.7351,0.6272,0.3104,0.0289,0.0117,0.4298
limit,touch_19,20,30,0.7500,12,audusd+nzdusd+usdjpy,688,0.5843,0.9890,-41.4905,0.5501,0.2381,0.0320,0.1316,0.4294
limit,touch_19,20,30,0.7500,16,eurusd+gbpusd+audusd,464,0.5582,-0.4977,-43.5256,0.5379,0.3704,0.0603,-0.0270,0.5760
limit,touch_19,20,30,0.7500,16,eurusd+gbpusd+nzdusd,475,0.5621,-0.2912,-43.0716,0.5357,0.2801,0.0505,-0.0168,0.5231
limit,touch_19,20,30,0.7500,16,eurusd+gbpusd+usdjpy,733,0.5580,-0.7876,-41.8046,0.6428,0.1782,0.0573,-0.0550,0.4608
limit,touch_19,20,30,0.7500,16,eurusd+audusd+nzdusd,401,0.5686,0.4711,-42.6950,0.4505,0.2221,0.0698,0.0257,0.5401
limit,touch_19,20,30,0.7500,16,eurusd+audusd+usdjpy,659,0.5615,-0.3795,-41.5686,0.5797,0.1051,0.0486,-0.0271,0.4639
limit,touch_19,20,30,0.7500,16,eurusd+nzdusd+usdjpy,670,0.5642,-0.2350,-41.6207,0.5931,0.0715,0.0418,-0.0196,0.4286
limit,touch_19,20,30,0.7500,16,gbpusd+audusd+nzdusd,493,0.5700,0.2764,-42.7257,0.4078,0.4075,0.0406,0.0144,0.5214
limit,touch_19,20,30,0.7500,16,gbpusd+audusd+usdjpy,751,0.5632,-0.4030,-41.6529,0.6178,0.3187,0.0320,-0.0312,0.4609
limit,touch_19,20,30,0.7500,16,gbpusd+nzdusd+usdjpy,762,0.5656,-0.2757,-41.7351,0.6272,0.2552,0.0289,-0.0235,0.4298
limit,touch_19,20,30,0.7500,16,audusd+nzdusd+usdjpy,688,0.5698,0.1703,-41.4905,0.5501,0.1942,0.0320,0.0147,0.4294
limit,touch_19,20,30,0.7500,18,eurusd+gbpusd+audusd,464,0.5668,-0.3358,-43.5256,0.5379,0.3552,0.0603,-0.0191,0.5760
limit,touch_19,20,30,0.7500,18,eurusd+gbpusd+nzdusd,475,0.5663,-0.1841,-43.0716,0.5357,0.2974,0.0505,-0.0107,0.5231
limit,touch_19,20,30,0.7500,18,eurusd+gbpusd+usdjpy,733,0.5621,-0.7284,-41.8046,0.6428,0.1643,0.0573,-0.0527,0.4608
limit,touch_19,20,30,0.7500,18,eurusd+audusd+nzdusd,401,0.5736,0.6164,-42.6950,0.4505,0.2304,0.0698,0.0330,0.5401
limit,touch_19,20,30,0.7500,18,eurusd+audusd+usdjpy,659,0.5660,-0.3024,-41.5686,0.5797,0.0789,0.0486,-0.0221,0.4639
limit,touch_19,20,30,0.7500,18,eurusd+nzdusd+usdjpy,670,0.5657,-0.1955,-41.6207,0.5931,0.0802,0.0418,-0.0161,0.4286
limit,touch_19,20,30,0.7500,18,gbpusd+audusd+nzdusd,493,0.5720,0.4357,-42.7257,0.4078,0.4098,0.0406,0.0222,0.5214
limit,touch_19,20,30,0.7500,18,gbpusd+audusd+usdjpy,751,0.5659,-0.3085,-41.6529,0.6178,0.2940,0.0320,-0.0250,0.4609
limit,touch_19,20,30,0.7500,18,gbpusd+nzdusd+usdjpy,762,0.5656,-0.2144,-41.7351,0.6272,0.2557,0.0289,-0.0187,0.4298
limit,touch_19,20,30,0.7500,18,audusd+nzdusd+usdjpy,688,0.5698,0.2489,-41.4905,0.5501,0.1887,0.0320,0.0222,0.4294
limit,touch_19,20,30,1.0000,12,eurusd+gbpusd+audusd,464,0.5000,-0.6764,-43.5256,0.5379,0.1723,0.0603,-0.0309,0.5760
limit,touch_19,20,30,1.0000,12,eurusd+gbpusd+nzdusd,475,0.4947,-0.3713,-43.0716,0.5357,0.2480,0.0505,-0.0173,0.5231
limit,touch_19,20,30,1.0000,12,eurusd+gbpusd+usdjpy,733,0.4898,-1.0378,-41.8046,0.6428,0.1653,0.0573,-0.0617,0.4608
limit,touch_19,20,30,1.0000,12,eurusd+audusd+nzdusd,401,0.5387,1.6303,-42.6950,0.4505,0.1918,0.0698,0.1095,0.5401
limit,touch_19,20,30,1.0000,12,eurusd+audusd+usdjpy,659,0.5159,0.1052,-41.5686,0.5797,0.0845,0.0486,0.0096,0.4639
limit,touch_19,20,30,1.0000,12,eurusd+nzdusd+usdjpy,670,0.5119,0.3087,-41.6207,0.5931,0.1560,0.0418,0.0281,0.4286
limit,touch_19,20,30,1.0000,12,gbpusd+audusd+nzdusd,493,0.5132,0.0835,-42.7257,0.4078,0.2784,0.0406,0.0039,0.5214
limit,touch_19,20,30,1.0000,12,gbpusd+audusd+usdjpy,751,0.5020,-0.7234,-41.6529,0.6178,0.1847,0.0320,-0.0450,0.4609
limit,touch_19,20,30,1.0000,12,gbpusd+nzdusd+usdjpy,762,0.4987,-0.5325,-41.7351,0.6272,0.2410,0.0289,-0.0336,0.4298
limit,touch_19,20,30,1.0000,12,audusd+nzdusd+usdjpy,688,0.5247,0.6168,-41.4905,0.5501,0.1851,0.0320,0.0577,0.4294
limit,touch_19,20,30,1.0000,16,eurusd+gbpusd+audusd,464,0.4720,-1.6201,-43.5256,0.5379,0.1872,0.0603,-0.0587,0.5760
limit,touch_19,20,30,1.0000,16,eurusd+gbpusd+nzdusd,475,0.4842,-1.1488,-43.0716,0.5357,0.1641,0.0505,-0.0462,0.5231
limit,touch_19,20,30,1.0000,16,eurusd+gbpusd+usdjpy,733,0.4829,-1.1349,-41.8046,0.6428,0.1720,0.0573,-0.0616,0.4608
limit,touch_19,20,30,1.0000,16,eurusd+audusd+nzdusd,401,0.4938,-0.5708,-42.6950,0.4505,0.1271,0.0698,-0.0201,0.5401
limit,touch_19,20,30,1.0000,16,eurusd+audusd+usdjpy,659,0.4886,-0.7816,-41.5686,0.5797,0.1163,0.0486,-0.0443,0.4639
limit,touch_19,20,30,1.0000,16,eurusd+nzdusd+usdjpy,670,0.4970,-0.4612,-41.6207,0.5931,0.1022,0.0418,-0.0283,0.4286
limit,touch_19,20,30,1.0000,16,gbpusd+audusd+nzdusd,493,0.4767,-1.4426,-42.7257,0.4078,0.2057,0.0406,-0.0511,0.5214
limit,touch_19,20,30,1.0000,16,gbpusd+audusd+usdjpy,751,0.4780,-1.3281,-41.6529,0.6178,0.1923,0.0320,-0.0667,0.4609
limit,touch_19,20,30,1.0000,16,gbpusd+nzdusd+usdjpy,762,0.4856,-1.0385,-41.7351,0.6272,0.1743,0.0289,-0.0559,0.4298
limit,touch_19,20,30,1.0000,16,audusd+nzdusd+usdjpy,688,0.4913,-0.6897,-41.4905,0.5501,0.1377,0.0320,-0.0360,0.4294
limit,touch_19,20,30,1.0000,18,eurusd+gbpusd+audusd,464,0.4849,-1.4591,-43.5256,0.5379,0.1946,0.0603,-0.0545,0.5760
limit,touch_19,20,30,1.0000,18,eurusd+gbpusd+nzdusd,475,0.4884,-1.0154,-43.0716,0.5357,0.1889,0.0505,-0.0408,0.5231
limit,touch_19,20,30,1.0000,18,eurusd+gbpusd+usdjpy,733,0.4857,-1.1558,-41.8046,0.6428,0.1586,0.0573,-0.0617,0.4608
limit,touch_19,20,30,1.0000,18,eurusd+audusd+nzdusd,401,0.5037,-0.2553,-42.6950,0.4505,0.1514,0.0698,-0.0092,0.5401
limit,touch_19,20,30,1.0000,18,eurusd+audusd+usdjpy,659,0.4947,-0.7090,-41.5686,0.5797,0.1013,0.0486,-0.0421,0.4639
limit,touch_19,20,30,1.0000,18,eurusd+nzdusd+usdjpy,670,0.4970,-0.4068,-41.6207,0.5931,0.1053,0.0418,-0.0251,0.4286
limit,touch_19,20,30,1.0000,18,gbpusd+audusd+nzdusd,493,0.4828,-1.1151,-42.7257,0.4078,0.2138,0.0406,-0.0414,0.5214
limit,touch_19,20,30,1.0000,18,gbpusd+audusd+usdjpy,751,0.4820,-1.2179,-41.6529,0.6178,0.1689,0.0320,-0.0642,0.4609
limit,touch_19,20,30,1.0000,18,gbpusd+nzdusd+usdjpy,762,0.4843,-0.9448,-41.7351,0.6272,0.1674,0.0289,-0.0516,0.4298
limit,touch_19,20,30,1.0000,18,audusd+nzdusd+usdjpy,688,0.4927,-0.4941,-41.4905,0.5501,0.1291,0.0320,-0.0273,0.4294
limit,touch_19,20,40,0.7500,12,eurusd+gbpusd+audusd,464,0.5496,-0.1146,-43.5256,0.5379,0.2168,0.0603,-0.0059,0.5760
limit,touch_19,20,40,0.7500,12,eurusd+gbpusd+nzdusd,475,0.5368,-0.1698,-43.0716,0.5357,0.2767,0.0505,-0.0081,0.5231
limit,touch_19,20,40,0.7500,12,eurusd+gbpusd+usdjpy,733,0.5484,-0.7804,-41.8046,0.6428,0.1447,0.0573,-0.0545,0.4608
limit,touch_19,20,40,0.7500,12,eurusd+audusd+nzdusd,401,0.5810,2.4490,-42.6950,0.4505,0.2430,0.0698,0.1401,0.5401
limit,touch_19,20,40,0.7500,12,eurusd+audusd+usdjpy,659,0.5766,0.7446,-41.5686,0.5797,0.0888,0.0486,0.0875,0.4639
limit,touch_19,20,40,0.7500,12,eurusd+nzdusd+usdjpy,670,0.5672,0.6914,-41.6207,0.5931,0.1595,0.0418,0.0567,0.4286
limit,touch_19,20,40,0.7500,12,gbpusd+audusd+nzdusd,493,0.5558,0.3072,-42.7257,0.4078,0.2789,0.0406,0.0154,0.5214
limit,touch_19,20,40,0.7500,12,gbpusd+audusd+usdjpy,751,0.5606,-0.4526,-41.6529,0.6178,0.1409,0.0320,-0.0306,0.4609
limit,touch_19,20,40,0.7500,12,gbpusd+nzdusd+usdjpy,762,0.5525,-0.4821,-41.7351,0.6272,0.2099,0.0289,-0.0323,0.4298
limit,touch_19,20,40,0.7500,12,audusd+nzdusd+usdjpy,688,0.5799,1.0107,-41.4905,0.5501,0.1695,0.0320,0.0877,0.4294
limit,touch_19,20,40,0.7500,16,eurusd+gbpusd+audusd,464,0.5323,-1.1198,-43.5256,0.5379,0.1763,0.0603,-0.0452,0.5760
limit,touch_19,20,40,0.7500,16,eurusd+gbpusd+nzdusd,475,0.5347,-1.2575,-43.0716,0.5357,0.1848,0.0505,-0.0463,0.5231
limit,touch_19,20,40,0.7500,16,eurusd+gbpusd+usdjpy,733,0.5471,-1.0793,-41.8046,0.6428,0.1340,0.0573,-0.0629,0.4608
limit,touch_19,20,40,0.7500,16,eurusd+audusd+nzdusd,401,0.5461,0.2734,-42.6950,0.4505,0.1766,0.0698,0.0111,0.5401
limit,touch_19,20,40,0.7500,16,eurusd+audusd+usdjpy,659,0.5554,-0.1277,-41.5686,0.5797,0.0988,0.0486,-0.0097,0.4639
limit,touch_19,20,40,0.7500,16,eurusd+nzdusd+usdjpy,670,0.5567,-0.2416,-41.6207,0.5931,0.1131,0.0418,-0.0161,0.4286
limit,touch_19,20,40,0.7500,16,gbpusd+audusd+nzdusd,493,0.5233,-1.5447,-42.7257,0.4078,0.1776,0.0406,-0.0514,0.5214
limit,touch_19,20,40,0.7500,16,gbpusd+audusd+usdjpy,751,0.5393,-1.2720,-41.6529,0.6178,0.1081,0.0320,-0.0637,0.4609
limit,touch_19,20,40,0.7500,16,gbpusd+nzdusd+usdjpy,762,0.5407,-1.3557,-41.7351,0.6272,0.1314,0.0289,-0.0664,0.4298
limit,touch_19,20,40,0.7500,16,audusd+nzdusd+usdjpy,688,0.5480,-0.4740,-41.4905,0.5501,0.1112,0.0320,-0.0245,0.4294
limit,touch_19,20,40,0.7500,18,eurusd+gbpusd+audusd,464,0.5453,-1.1233,-43.5256,0.5379,0.1855,0.0603,-0.0483,0.5760
limit,touch_19,20,40,0.7500,18,eurusd+gbpusd+nzdusd,475,0.5474,-0.9322,-43.0716,0.5357,0.1879,0.0505,-0.0376,0.5231
limit,touch_19,20,40,0.7500,18,eurusd+gbpusd+usdjpy,733,0.5512,-1.0740,-41.8046,0.6428,0.1182,0.0573,-0.0634,0.4608
limit,touch_19,20,40,0.7500,18,eurusd+audusd+nzdusd,401,0.5586,0.4877,-42.6950,0.4505,0.1771,0.0698,0.0215,0.5401
limit,touch_19,20,40,0.7500,18,eurusd+audusd+usdjpy,659,0.5584,-0.2259,-41.5686,0.5797,0.0828,0.0486,-0.0177,0.4639
limit,touch_19,20,40,0.7500,18,eurusd+nzdusd+usdjpy,670,0.5597,-0.1052,-41.6207,0.5931,0.0941,0.0418,-0.0077,0.4286
limit,touch_19,20,40,0.7500,18,gbpusd+audusd+nzdusd,493,0.5314,-1.3524,-42.7257,0.4078,0.1655,0.0406,-0.0469,0.5214
limit,touch_19,20,40,0.7500,18,gbpusd+audusd+usdjpy,751,0.5406,-1.3464,-41.6529,0.6178,0.0840,0.0320,-0.0668,0.4609
limit,touch_19,20,40,0.7500,18,gbpusd+nzdusd+usdjpy,762,0.5420,-1.2241,-41.7351,0.6272,0.1025,0.0289,-0.0626,0.4298
limit,touch_19,20,40,0.7500,18,audusd+nzdusd+usdjpy,688,0.5480,-0.4279,-41.4905,0.5501,0.0833,0.0320,-0.0231,0.4294
limit,touch_19,20,40,1.0000,12,eurusd+gbpusd+audusd,464,0.5000,0.0069,-43.5256,0.5379,0.1660,0.0603,0.0003,0.5760
limit,touch_19,20,40,1.0000,12,eurusd+gbpusd+nzdusd,475,0.4884,-0.1761,-43.0716,0.5357,0.2136,0.0505,-0.0079,0.5231
limit,touch_19,20,40,1.0000,12,eurusd+gbpusd+usdjpy,733,0.4911,-1.1093,-41.8046,0.6428,0.3151,0.0573,-0.0694,0.4608
limit,touch_19,20,40,1.0000,12,eurusd+audusd+nzdusd,401,0.5486,3.1849,-42.6950,0.4505,0.1403,0.0698,0.1863,0.5401
limit,touch_19,20,40,1.0000,12,eurusd+audusd+usdjpy,659,0.5281,0.8310,-41.5686,0.5797,0.2192,0.0486,0.1080,0.4639
limit,touch_19,20,40,1.0000,12,eurusd+nzdusd+usdjpy,670,0.5194,0.6878,-41.6207,0.5931,0.2332,0.0418,0.0502,0.4286
limit,touch_19,20,40,1.0000,12,gbpusd+audusd+nzdusd,493,0.5112,0.4782,-42.7257,0.4078,0.1739,0.0406,0.0237,0.5214
limit,touch_19,20,40,1.0000,12,gbpusd+audusd+usdjpy,751,0.5060,-0.6574,-41.6529,0.6178,0.2265,0.0320,-0.0459,0.4609
limit,touch_19,20,40,1.0000,12,gbpusd+nzdusd+usdjpy,762,0.4987,-0.7619,-41.7351,0.6272,0.2767,0.0289,-0.0482,0.4298
limit,touch_19,20,40,1.0000,12,audusd+nzdusd+usdjpy,688,0.5349,1.1340,-41.4905,0.5501,0.1983,0.0320,0.1158,0.4294
limit,touch_19,20,40,1.0000,16,eurusd+gbpusd+audusd,464,0.4784,-0.8078,-43.5256,0.5379,0.1631,0.0603,-0.0322,0.5760
limit,touch_19,20,40,1.0000,16,eurusd+gbpusd+nzdusd,475,0.4821,-0.9552,-43.0716,0.5357,0.1814,0.0505,-0.0334,0.5231
limit,touch_19,20,40,1.0000,16,eurusd+gbpusd+usdjpy,733,0.4870,-1.0674,-41.8046,0.6428,0.3075,0.0573,-0.0604,0.4608
limit,touch_19,20,40,1.0000,16,eurusd+audusd+nzdusd,401,0.5062,1.1939,-42.6950,0.4505,0.1429,0.0698,0.0545,0.5401
limit,touch_19,20,40,1.0000,16,eurusd+audusd+usdjpy,659,0.5023,0.2277,-41.5686,0.5797,0.2396,0.0486,0.0185,0.4639
limit,touch_19,20,40,1.0000,16,eurusd+nzdusd+usdjpy,670,0.5045,0.1062,-41.6207,0.5931,0.2137,0.0418,0.0067,0.4286
limit,touch_19,20,40,1.0000,16,gbpusd+audusd+nzdusd,493,0.4746,-1.0229,-42.7257,0.4078,0.1331,0.0406,-0.0343,0.5214
limit,touch_19,20,40,1.0000,16,gbpusd+audusd+usdjpy,751,0.4820,-1.1091,-41.6529,0.6178,0.2022,0.0320,-0.0588,0.4609
limit,touch_19,20,40,1.0000,16,gbpusd+nzdusd+usdjpy,762,0.4843,-1.1966,-41.7351,0.6272,0.2298,0.0289,-0.0572,0.4298
limit,touch_19,20,40,1.0000,16,audusd+nzdusd+usdjpy,688,0.4985,0.0299,-41.4905,0.5501,0.1797,0.0320,0.0017,0.4294
limit,touch_19,20,40,1.0000,18,eurusd+gbpusd+audusd,464,0.4957,-0.5649,-43.5256,0.5379,0.1459,0.0603,-0.0267,0.5760
limit,touch_19,20,40,1.0000,18,eurusd+gbpusd+nzdusd,475,0.4968,-0.5217,-43.0716,0.5357,0.1665,0.0505,-0.0213,0.5231
limit,touch_19,20,40,1.0000,18,eurusd+gbpusd+usdjpy,733,0.4884,-1.0318,-41.8046,0.6428,0.2702,0.0573,-0.0590,0.4608
limit,touch_19,20,40,1.0000,18,eurusd+audusd+nzdusd,401,0.5287,1.8822,-42.6950,0.4505,0.1320,0.0698,0.1020,0.5401
limit,touch_19,20,40,1.0000,18,eurusd+audusd+usdjpy,659,0.5068,0.3737,-41.5686,0.5797,0.2083,0.0486,0.0324,0.4639
limit,touch_19,20,40,1.0000,18,eurusd+nzdusd+usdjpy,670,0.5075,0.3889,-41.6207,0.5931,0.1917,0.0418,0.0272,0.4286
limit,touch_19,20,40,1.0000,18,gbpusd+audusd+nzdusd,493,0.4929,-0.5822,-42.7257,0.4078,0.1116,0.0406,-0.0224,0.5214
limit,touch_19,20,40,1.0000,18,gbpusd+audusd+usdjpy,751,0.4860,-1.0593,-41.6529,0.6178,0.1674,0.0320,-0.0592,0.4609
limit,touch_19,20,40,1.0000,18,gbpusd+nzdusd+usdjpy,762,0.4869,-1.0252,-41.7351,0.6272,0.1935,0.0289,-0.0525,0.4298
limit,touch_19,20,40,1.0000,18,audusd+nzdusd+usdjpy,688,0.5044,0.3218,-41.4905,0.5501,0.1510,0.0320,0.0215,0.4294
limit,touch_19,25,20,0.7500,12,eurusd+gbpusd+audusd,312,0.6250,1.3880,-44.2184,0.2970,0.2869,0.0577,0.2022,0.6055
limit,touch_19,25,20,0.7500,12,eurusd+gbpusd+nzdusd,322,0.6118,0.9702,-43.8457,0.2703,0.4762,0.0435,0.1212,0.5639
limit,touch_19,25,20,0.7500,12,eurusd+gbpusd+usdjpy,507,0.6134,0.5803,-41.8829,0.5943,0.2435,0.0316,0.1048,0.4804
limit,touch_19,25,20,0.7500,12,eurusd+audusd+nzdusd,272,0.6360,2.3615,-43.8312,0.2754,0.2942,0.0882,0.2207,0.5892
limit,touch_19,25,20,0.7500,12,eurusd+audusd+usdjpy,457,0.6280,1.3657,-41.6597,0.5664,0.0360,0.0394,0.2184,0.4859
limit,touch_19,25,20,0.7500,12,eurusd+nzdusd+usdjpy,467,0.6188,1.0781,-41.7783,0.5620,0.2584,0.0407,0.1710,0.4605
limit,touch_19,25,20,0.7500,12,gbpusd+audusd+nzdusd,330,0.6424,2.2438,-43.1667,0.2345,0.4541,0.0485,0.3209,0.5552
limit,touch_19,25,20,0.7500,12,gbpusd+audusd+usdjpy,515,0.6330,1.4025,-41.6881,0.5620,0.2471,0.0311,0.3328,0.4757
limit,touch_19,25,20,0.7500,12,gbpusd+nzdusd+usdjpy,525,0.6248,1.1459,-41.8020,0.5569,0.4693,0.0152,0.2405,0.4532
limit,touch_19,25,20,0.7500,12,audusd+nzdusd+usdjpy,475,0.6400,1.9611,-41.5836,0.5167,0.2517,0.0337,0.3600,0.4556
limit,touch_19,25,20,0.7500,16,eurusd+gbpusd+audusd,312,0.6186,1.2738,-44.2184,0.2970,0.3041,0.0577,0.1856,0.6055
limit,touch_19,25,20,0.7500,16,eurusd+gbpusd+nzdusd,322,0.6087,0.7306,-43.8457,0.2703,0.4204,0.0435,0.0785,0.5639
limit,touch_19,25,20,0.7500,16,eurusd+gbpusd+usdjpy,507,0.6134,0.5784,-41.8829,0.5943,0.2416,0.0316,0.1045,0.4804
limit,touch_19,25,20,0.7500,16,eurusd+audusd+nzdusd,272,0.6250,1.9467,-43.8312,0.2754,0.2653,0.0882,0.1687,0.5892
limit,touch_19,25,20,0.7500,16,eurusd+audusd+usdjpy,457,0.6236,1.2856,-41.6597,0.5664,0.0466,0.0394,0.2056,0.4859
limit,touch_19,25,20,0.7500,16,eurusd+nzdusd+usdjpy,467,0.6167,0.9108,-41.7783,0.5620,0.2037,0.0407,0.1341,0.4605
limit,touch_19,25,20,0.7500,16,gbpusd+audusd+nzdusd,330,0.6333,1.9019,-43.1667,0.2345,0.4423,0.0485,0.2495,0.5552
limit,touch_19,25,20,0.7500,16,gbpusd+audusd+usdjpy,515,0.6291,1.3313,-41.6881,0.5620,0.2669,0.0311,0.3160,0.4757
limit,touch_19,25,20,0.7500,16,gbpusd+nzdusd+usdjpy,525,0.6229,0.9971,-41.8020,0.5569,0.4194,0.0152,0.1917,0.4532
limit,touch_19,25,20,0.7500,16,audusd+nzdusd+usdjpy,475,0.6337,1.7215,-41.5836,0.5167,0.2314,0.0337,0.2903,0.4556
limit,touch_19,25,20,0.7500,18,eurusd+gbpusd+audusd,312,0.6282,1.3752,-44.2184,0.2970,0.2993,0.0577,0.2003,0.6055
limit,touch_19,25,20,0.7500,18,eurusd+gbpusd+nzdusd,322,0.6118,0.8421,-43.8457,0.2703,0.4282,0.0435,0.0940,0.5639
limit,touch_19,25,20,0.7500,18,eurusd+gbpusd+usdjpy,507,0.6154,0.6048,-41.8829,0.5943,0.2522,0.0316,0.1093,0.4804
limit,touch_19,25,20,0.7500,18,eurusd+audusd+nzdusd,272,0.6360,2.1441,-43.8312,0.2754,0.2629,0.0882,0.1857,0.5892
limit,touch_19,25,20,0.7500,18,eurusd+audusd+usdjpy,457,0.6302,1.3538,-41.6597,0.5664,0.0424,0.0394,0.2165,0.4859
limit,touch_19,25,20,0.7500,18,eurusd+nzdusd+usdjpy,467,0.6188,0.9867,-41.7783,0.5620,0.2141,0.0407,0.1451,0.4605
limit,touch_19,25,20,0.7500,18,gbpusd+audusd+nzdusd,330,0.6394,2.0226,-43.1667,0.2345,0.4394,0.0485,0.2723,0.5552
limit,touch_19,25,20,0.7500,18,gbpusd+audusd+usdjpy,515,0.6330,1.3649,-41.6881,0.5620,0.2493,0.0311,0.3239,0.4757
limit,touch_19,25,20,0.7500,18,gbpusd+nzdusd+usdjpy,525,0.6229,1.0382,-41.8020,0.5569,0.4212,0.0152,0.1995,0.4532
limit,touch_19,25,20,0.7500,18,audusd+nzdusd+usdjpy,475,0.6379,1.8044,-41.5836,0.5167,0.2168,0.0337,0.3040,0.4556
limit,touch_19,25,20,1.0000,12,eurusd+gbpusd+audusd,312,0.5481,1.0616,-44.2184,0.2970,0.4324,0.0577,0.0823,0.6055
limit,touch_19,25,20,1.0000,12,eurusd+gbpusd+nzdusd,322,0.5497,1.6764,-43.8457,0.2703,0.4992,0.0435,0.1854,0.5639
limit,touch_19,25,20,1.0000,12,eurusd+gbpusd+usdjpy,507,0.5306,0.4126,-41.8829,0.5943,0.2562,0.0316,0.0710,0.4804
limit,touch_19,25,20,1.0000,12,eurusd+audusd+nzdusd,272,0.5735,2.7948,-43.8312,0.2754,0.3380,0.0882,0.1874,0.5892
limit,touch_19,25,20,1.0000,12,eurusd+audusd+usdjpy,457,0.5427,0.9400,-41.6597,0.5664,0.1134,0.0394,0.1282,0.4859
limit,touch_19,25,20,1.0000,12,eurusd+nzdusd+usdjpy,467,0.5439,1.3665,-41.7783,0.5620,0.1981,0.0407,0.2768,0.4605
limit,touch_19,25,20,1.0000,12,gbpusd+audusd+nzdusd,330,0.5727,2.4089,-43.1667,0.2345,0.5353,0.0485,0.1834,0.5552
limit,touch_19,25,20,1.0000,12,gbpusd+audusd+usdjpy,515,0.5456,0.9015,-41.6881,0.5620,0.3766,0.0311,0.1280,0.4757
limit,touch_19,25,20,1.0000,12,gbpusd+nzdusd+usdjpy,525,0.5467,1.2817,-41.8020,0.5569,0.4481,0.0152,0.2695,0.4532
limit,touch_19,25,20,1.0000,12,audusd+nzdusd+usdjpy,475,0.5600,1.8806,-41.5836,0.5167,0.2762,0.0337,0.2378,0.4556
limit,touch_19,25,20,1.0000,16,eurusd+gbpusd+audusd,312,0.5288,0.6886,-44.2184,0.2970,0.4477,0.0577,0.0474,0.6055
limit,touch_19,25,20,1.0000,16,eurusd+gbpusd+nzdusd,322,0.5404,1.2950,-43.8457,0.2703,0.4436,0.0435,0.1345,0.5639
limit,touch_19,25,20,1.0000,16,eurusd+gbpusd+usdjpy,507,0.5286,0.3633,-41.8829,0.5943,0.2387,0.0316,0.0618,0.4804
limit,touch_19,25,20,1.0000,16,eurusd+audusd+nzdusd,272,0.5441,1.9469,-43.8312,0.2754,0.3177,0.0882,0.1098,0.5892
limit,touch_19,25,20,1.0000,16,eurusd+audusd+usdjpy,457,0.5295,0.6493,-41.6597,0.5664,0.1382,0.0394,0.0747,0.4859
limit,touch_19,25,20,1.0000,16,eurusd+nzdusd+usdjpy,467,0.5375,1.0683,-41.7783,0.5620,0.1349,0.0407,0.1942,0.4605
limit,touch_19,25,20,1.0000,16,gbpusd+audusd+nzdusd,330,0.5515,1.8658,-43.1667,0.2345,0.5161,0.0485,0.1207,0.5552
limit,touch_19,25,20,1.0000,16,gbpusd+audusd+usdjpy,515,0.5359,0.7435,-41.6881,0.5620,0.4014,0.0311,0.0901,0.4757
limit,touch_19,25,20,1.0000,16,gbpusd+nzdusd+usdjpy,525,0.5429,1.1144,-41.8020,0.5569,0.3963,0.0152,0.2075,0.4532
limit,touch_19,25,20,1.0000,16,audusd+nzdusd+usdjpy,475,0.5453,1.4686,-41.5836,0.5167,0.2664,0.0337,0.1494,0.4556
limit,touch_19,25,20,1.0000,18,eurusd+gbpusd+audusd,312,0.5353,0.6385,-44.2184,0.2970,0.4361,0.0577,0.0438,0.6055
limit,touch_19,25,20,1.0000,18,eurusd+gbpusd+nzdusd,322,0.5435,1.3857,-43.8457,0.2703,0.4460,0.0435,0.1479,0.5639
limit,touch_19,25,20,1.0000,18,eurusd+gbpusd+usdjpy,507,0.5306,0.3762,-41.8829,0.5943,0.2424,0.0316,0.0643,0.4804
limit,touch_19,25,20,1.0000,18,eurusd+audusd+nzdusd,272,0.5515,1.9786,-43.8312,0.2754,0.3052,0.0882,0.1131,0.5892
limit,touch_19,25,20,1.0000,18,eurusd+audusd+usdjpy,457,0.5339,0.6186,-41.6597,0.5664,0.1158,0.0394,0.0723,0.4859
limit,touch_19,25,20,1.0000,18,eurusd+nzdusd+usdjpy,467,0.5396,1.1342,-41.7783,0.5620,0.1399,0.0407,0.2061,0.4605
limit,touch_19,25,20,1.0000,18,gbpusd+audusd+nzdusd,330,0.5545,1.8770,-43.1667,0.2345,0.5133,0.0485,0.1230,0.5552
limit,touch_19,25,20,1.0000,18,gbpusd+audusd+usdjpy,515,0.5379,0.7066,-41.6881,0.5620,0.3847,0.0311,0.0869,0.4757
limit,touch_19,25,20,1.0000,18,gbpusd+nzdusd+usdjpy,525,0.5429,1.1636,-41.8020,0.5569,0.3995,0.0152,0.2167,0.4532
limit,touch_19,25,20,1.0000,18,audusd+nzdusd+usdjpy,475,0.5474,1.4797,-41.5836,0.5167,0.2491,0.0337,0.1527,0.4556
limit,touch_19,25,30,0.7500,12,eurusd+gbpusd+audusd,312,0.5929,1.0791,-44.2307,0.2970,0.3736,0.0577,0.0895,0.6062
limit,touch_19,25,30,0.7500,12,eurusd+gbpusd+nzdusd,322,0.5963,1.6306,-43.8551,0.2703,0.5063,0.0435,0.1242,0.5646
limit,touch_19,25,30,0.7500,12,eurusd+gbpusd+usdjpy,507,0.5740,-0.0824,-41.8848,0.5943,0.1743,0.0316,-0.0091,0.4809
limit,touch_19,25,30,0.7500,12,eurusd+audusd+nzdusd,272,0.6213,3.5634,-43.8312,0.2754,0.3398,0.0882,0.1984,0.5892
limit,touch_19,25,30,0.7500,12,eurusd+audusd+usdjpy,457,0.5864,0.8806,-41.6597,0.5664,0.0308,0.0394,0.0691,0.4859
limit,touch_19,25,30,0.7500,12,eurusd+nzdusd+usdjpy,467,0.5889,1.2651,-41.7783,0.5620,0.1936,0.0407,0.1196,0.4605
limit,touch_19,25,30,0.7500,12,gbpusd+audusd+nzdusd,330,0.6364,3.4831,-43.1753,0.2345,0.5297,0.0485,0.2635,0.5559
limit,touch_19,25,30,0.7500,12,gbpusd+audusd+usdjpy,515,0.6000,1.1313,-41.6897,0.5620,0.2439,0.0311,0.1512,0.4762
limit,touch_19,25,30,0.7500,12,gbpusd+nzdusd+usdjpy,525,0.6019,1.4685,-41.8023,0.5569,0.3820,0.0152,0.1789,0.4538
limit,touch_19,25,30,0.7500,12,audusd+nzdusd+usdjpy,475,0.6168,2.5582,-41.5836,0.5167,0.2388,0.0337,0.2832,0.4556
limit,touch_19,25,30,0.7500,16,eurusd+gbpusd+audusd,312,0.5769,0.6917,-44.2307,0.2970,0.3613,0.0577,0.0517,0.6062
limit,touch_19,25,30,0.7500,16,eurusd+gbpusd+nzdusd,322,0.5776,0.6516,-43.8551,0.2703,0.3499,0.0435,0.0443,0.5646
limit,touch_19,25,30,0.7500,16,eurusd+gbpusd+usdjpy,507,0.5720,-0.2925,-41.8848,0.5943,0.1668,0.0316,-0.0274,0.4809
limit,touch_19,25,30,0.7500,16,eurusd+audusd+nzdusd,272,0.5882,2.3571,-43.8312,0.2754,0.2567,0.0882,0.1255,0.5892
limit,touch_19,25,30,0.7500,16,eurusd+audusd+usdjpy,457,0.5777,0.6193,-41.6597,0.5664,0.0786,0.0394,0.0483,0.4859
limit,touch_19,25,30,0.7500,16,eurusd+nzdusd+usdjpy,467,0.5782,0.5932,-41.7783,0.5620,0.1259,0.0407,0.0502,0.4605
limit,touch_19,25,30,0.7500,16,gbpusd+audusd+nzdusd,330,0.6061,2.6340,-43.1753,0.2345,0.4356,0.0485,0.1604,0.5559
limit,touch_19,25,30,0.7500,16,gbpusd+audusd+usdjpy,515,0.5903,0.9924,-41.6897,0.5620,0.2742,0.0311,0.1251,0.4762
limit,touch_19,25,30,0.7500,16,gbpusd+nzdusd+usdjpy,525,0.5905,0.9621,-41.8023,0.5569,0.2998,0.0152,0.1072,0.4538
limit,touch_19,25,30,0.7500,16,audusd+nzdusd+usdjpy,475,0.5979,1.9714,-41.5836,0.5167,0.2072,0.0337,0.1997,0.4556
limit,touch_19,25,30,0.7500,18,eurusd+gbpusd+audusd,312,0.5865,0.6396,-44.2307,0.2970,0.3483,0.0577,0.0478,0.6062
limit,touch_19,25,30,0.7500,18,eurusd+gbpusd+nzdusd,322,0.5807,0.6162,-43.8551,0.2703,0.3529,0.0435,0.0421,0.5646
limit,touch_19,25,30,0.7500,18,eurusd+gbpusd+usdjpy,507,0.5740,-0.2610,-41.8848,0.5943,0.1461,0.0316,-0.0232,0.4809
limit,touch_19,25,30,0.7500,18,eurusd+audusd+nzdusd,272,0.5956,2.1116,-43.8312,0.2754,0.2535,0.0882,0.1078,0.5892
limit,touch_19,25,30,0.7500,18,eurusd+audusd+usdjpy,457,0.5821,0.5331,-41.6597,0.5664,0.0522,0.0394,0.0377,0.4859
limit,touch_19,25,30,0.7500,18,eurusd+nzdusd+usdjpy,467,0.5782,0.5193,-41.7783,0.5620,0.1150,0.0407,0.0417,0.4605
limit,touch_19,25,30,0.7500,18,gbpusd+audusd+nzdusd,330,0.6061,2.3584,-43.1753,0.2345,0.4410,0.0485,0.1427,0.5559
limit,touch_19,25,30,0.7500,18,gbpusd+audusd+usdjpy,515,0.5903,0.8690,-41.6897,0.5620,0.2463,0.0311,0.1030,0.4762
limit,touch_19,25,30,0.7500,18,gbpusd+nzdusd+usdjpy,525,0.5867,0.8503,-41.8023,0.5569,0.2861,0.0152,0.0975,0.4538
limit,touch_19,25,30,0.7500,18,audusd+nzdusd+usdjpy,475,0.5958,1.7312,-41.5836,0.5167,0.1892,0.0337,0.1664,0.4556
limit,touch_19,25,30,1.0000,12,eurusd+gbpusd+audusd,312,0.5032,-0.0831,-44.2307,0.2970,0.3937,0.0577,-0.0035,0.6062
limit,touch_19,25,30,1.0000,12,eurusd+gbpusd+nzdusd,322,0.5062,-0.7859,-43.8551,0.2703,0.4251,0.0435,-0.0267,0.5646
limit,touch_19,25,30,1.0000,12,eurusd+gbpusd+usdjpy,507,0.4951,-0.6129,-41.8848,0.5943,0.1402,0.0316,-0.0450,0.4809
limit,touch_19,25,30,1.0000,12,eurusd+audusd+nzdusd,272,0.5368,0.7085,-43.8312,0.2754,0.2865,0.0882,0.0210,0.5892
limit,touch_19,25,30,1.0000,12,eurusd+audusd+usdjpy,457,0.5120,0.2955,-41.6597,0.5664,0.0015,0.0394,0.0222,0.4859
limit,touch_19,25,30,1.0000,12,eurusd+nzdusd+usdjpy,467,0.5139,-0.1972,-41.7783,0.5620,0.1227,0.0407,-0.0121,0.4605
limit,touch_19,25,30,1.0000,12,gbpusd+audusd+nzdusd,330,0.5424,0.7152,-43.1753,0.2345,0.4457,0.0485,0.0244,0.5559
limit,touch_19,25,30,1.0000,12,gbpusd+audusd+usdjpy,515,0.5184,0.3463,-41.6897,0.5620,0.2081,0.0311,0.0279,0.4762
limit,touch_19,25,30,1.0000,12,gbpusd+nzdusd+usdjpy,525,0.5200,-0.0930,-41.8023,0.5569,0.2953,0.0152,-0.0056,0.4538
limit,touch_19,25,30,1.0000,12,audusd+nzdusd+usdjpy,475,0.5389,0.8357,-41.5836,0.5167,0.1729,0.0337,0.0502,0.4556
limit,touch_19,25,30,1.0000,16,eurusd+gbpusd+audusd,312,0.4968,-0.1266,-44.2307,0.2970,0.3821,0.0577,-0.0048,0.6062
limit,touch_19,25,30,1.0000,16,eurusd+gbpusd+nzdusd,322,0.4814,-1.9417,-43.8551,0.2703,0.3262,0.0435,-0.0532,0.5646
limit,touch_19,25,30,1.0000,16,eurusd+gbpusd+usdjpy,507,0.4931,-0.7212,-41.8848,0.5943,0.1598,0.0316,-0.0438,0.4809
limit,touch_19,25,30,1.0000,16,eurusd+audusd+nzdusd,272,0.4963,-0.6329,-43.8312,0.2754,0.2495,0.0882,-0.0145,0.5892
limit,touch_19,25,30,1.0000,16,eurusd+audusd+usdjpy,457,0.5033,0.1913,-41.6597,0.5664,0.0764,0.0394,0.0121,0.4859
limit,touch_19,25,30,1.0000,16,eurusd+nzdusd+usdjpy,467,0.4925,-1.0670,-41.7783,0.5620,0.1069,0.0407,-0.0473,0.4605
limit,touch_19,25,30,1.0000,16,gbpusd+audusd+nzdusd,330,0.5061,-0.2947,-43.1753,0.2345,0.3849,0.0485,-0.0082,0.5559
limit,touch_19,25,30,1.0000,16,gbpusd+audusd+usdjpy,515,0.5087,0.3152,-41.6897,0.5620,0.2411,0.0311,0.0208,0.4762
limit,touch_19,25,30,1.0000,16,gbpusd+nzdusd+usdjpy,525,0.4990,-0.8065,-41.8023,0.5569,0.2457,0.0152,-0.0371,0.4538
limit,touch_19,25,30,1.0000,16,audusd+nzdusd+usdjpy,475,0.5095,0.0625,-41.5836,0.5167,0.1728,0.0337,0.0027,0.4556
limit,touch_19,25,30,1.0000,18,eurusd+gbpusd+audusd,312,0.5032,-0.4601,-44.2307,0.2970,0.3855,0.0577,-0.0164,0.6062
limit,touch_19,25,30,1.0000,18,eurusd+gbpusd+nzdusd,322,0.4845,-1.8354,-43.8551,0.2703,0.3252,0.0435,-0.0505,0.5646
limit,touch_19,25,30,1.0000,18,eurusd+gbpusd+usdjpy,507,0.4931,-0.7138,-41.8848,0.5943,0.1313,0.0316,-0.0423,0.4809
limit,touch_19,25,30,1.0000,18,eurusd+audusd+nzdusd,272,0.5000,-1.0217,-43.8312,0.2754,0.2572,0.0882,-0.0223,0.5892
limit,touch_19,25,30,1.0000,18,eurusd+audusd+usdjpy,457,0.5033,-0.1067,-41.6597,0.5664,0.0651,0.0394,-0.0062,0.4859
limit,touch_19,25,30,1.0000,18,eurusd+nzdusd+usdjpy,467,0.4904,-1.0626,-41.7783,0.5620,0.0888,0.0407,-0.0467,0.4605
limit,touch_19,25,30,1.0000,18,gbpusd+audusd+nzdusd,330,0.5030,-0.6905,-43.1753,0.2345,0.3899,0.0485,-0.0183,0.5559
limit,touch_19,25,30,1.0000,18,gbpusd+audusd+usdjpy,515,0.5049,0.0024,-41.6897,0.5620,0.2273,0.0311,0.0002,0.4762
limit,touch_19,25,30,1.0000,18,gbpusd+nzdusd+usdjpy,525,0.4933,-0.8499,-41.8023,0.5569,0.2264,0.0152,-0.0390,0.4538
limit,touch_19,25,30,1.0000,18,audusd+nzdusd+usdjpy,475,0.5032,-0.2802,-41.5836,0.5167,0.1628,0.0337,-0.0114,0.4556
limit,touch_19,25,40,0.7500,12,eurusd+gbpusd+audusd,312,0.5641,0.7080,-44.2307,0.2970,0.4668,0.0577,0.0411,0.6062
limit,touch_19,25,40,0.7500,12,eurusd+gbpusd+nzdusd,322,0.5745,0.9108,-43.8551,0.2703,0.5088,0.0435,0.0413,0.5646
limit,touch_19,25,40,0.7500,12,eurusd+gbpusd+usdjpy,507,0.5680,0.4018,-41.8848,0.5943,0.1862,0.0316,0.0467,0.4809
limit,touch_19,25,40,0.7500,12,eurusd+audusd+nzdusd,272,0.5919,2.0288,-43.8312,0.2754,0.3786,0.0882,0.0722,0.5892
limit,touch_19,25,40,0.7500,12,eurusd+audusd+usdjpy,457,0.5777,1.0116,-41.6597,0.5664,0.0553,0.0394,0.0910,0.4859
limit,touch_19,25,40,0.7500,12,eurusd+nzdusd+usdjpy,467,0.5846,1.1449,-41.7783,0.5620,0.1632,0.0407,0.0982,0.4605
limit,touch_19,25,40,0.7500,12,gbpusd+audusd+nzdusd,330,0.6000,1.7346,-43.1753,0.2345,0.4952,0.0485,0.0695,0.5559
limit,touch_19,25,40,0.7500,12,gbpusd+audusd+usdjpy,515,0.5845,0.9377,-41.6897,0.5620,0.2431,0.0311,0.0737,0.4762
limit,touch_19,25,40,0.7500,12,gbpusd+nzdusd+usdjpy,525,0.5905,1.0576,-41.8023,0.5569,0.3363,0.0152,0.0811,0.4538
limit,touch_19,25,40,0.7500,12,audusd+nzdusd+usdjpy,475,0.6021,1.7133,-41.5836,0.5167,0.2104,0.0337,0.1021,0.4556
limit,touch_19,25,40,0.7500,16,eurusd+gbpusd+audusd,312,0.5609,0.6424,-44.2307,0.2970,0.4572,0.0577,0.0284,0.6062
limit,touch_19,25,40,0.7500,16,eurusd+gbpusd+nzdusd,322,0.5497,-0.6742,-43.8551,0.2703,0.4107,0.0435,-0.0221,0.5646
limit,touch_19,25,40,0.7500,16,eurusd+gbpusd+usdjpy,507,0.5720,0.3504,-41.8848,0.5943,0.2066,0.0316,0.0361,0.4809
limit,touch_19,25,40,0.7500,16,eurusd+audusd+nzdusd,272,0.5515,0.4226,-43.8312,0.2754,0.3482,0.0882,0.0108,0.5892
limit,touch_19,25,40,0.7500,16,eurusd+audusd+usdjpy,457,0.5755,1.1153,-41.6597,0.5664,0.1379,0.0394,0.0811,0.4859
limit,touch_19,25,40,0.7500,16,eurusd+nzdusd+usdjpy,467,0.5675,0.1974,-41.7783,0.5620,0.1499,0.0407,0.0116,0.4605
limit,touch_19,25,40,0.7500,16,gbpusd+audusd+nzdusd,330,0.5606,0.1174,-43.1753,0.2345,0.4474,0.0485,0.0033,0.5559
limit,touch_19,25,40,0.7500,16,gbpusd+audusd+usdjpy,515,0.5786,0.8417,-41.6897,0.5620,0.2793,0.0311,0.0547,0.4762
limit,touch_19,25,40,0.7500,16,gbpusd+nzdusd+usdjpy,525,0.5714,0.0304,-41.8023,0.5569,0.2908,0.0152,0.0016,0.4538
limit,touch_19,25,40,0.7500,16,audusd+nzdusd+usdjpy,475,0.5747,0.7326,-41.5836,0.5167,0.2182,0.0337,0.0308,0.4556
limit,touch_19,25,40,0.7500,18,eurusd+gbpusd+audusd,312,0.5833,0.6770,-44.2307,0.2970,0.4633,0.0577,0.0303,0.6062
limit,touch_19,25,40,0.7500,18,eurusd+gbpusd+nzdusd,322,0.5714,-0.0907,-43.8551,0.2703,0.4191,0.0435,-0.0031,0.5646
limit,touch_19,25,40,0.7500,18,eurusd+gbpusd+usdjpy,507,0.5799,0.5602,-41.8848,0.5943,0.1922,0.0316,0.0614,0.4809
limit,touch_19,25,40,0.7500,18,eurusd+audusd+nzdusd,272,0.5699,0.5067,-43.8312,0.2754,0.3553,0.0882,0.0130,0.5892
limit,touch_19,25,40,0.7500,18,eurusd+audusd+usdjpy,457,0.5799,0.9870,-41.6597,0.5664,0.1321,0.0394,0.0731,0.4859
limit,touch_19,25,40,0.7500,18,eurusd+nzdusd+usdjpy,467,0.5717,0.4510,-41.7783,0.5620,0.1364,0.0407,0.0282,0.4605
limit,touch_19,25,40,0.7500,18,gbpusd+audusd+nzdusd,330,0.5667,-0.1515,-43.1753,0.2345,0.4465,0.0485,-0.0041,0.5559
limit,touch_19,25,40,0.7500,18,gbpusd+audusd+usdjpy,515,0.5767,0.5111,-41.6897,0.5620,0.2745,0.0311,0.0304,0.4762
limit,touch_19,25,40,0.7500,18,gbpusd+nzdusd+usdjpy,525,0.5695,0.0435,-41.8023,0.5569,0.2758,0.0152,0.0023,0.4538
limit,touch_19,25,40,0.7500,18,audusd+nzdusd+usdjpy,475,0.5684,0.3996,-41.5836,0.5167,0.2082,0.0337,0.0155,0.4556
limit,touch_19,25,40,1.0000,12,eurusd+gbpusd+audusd,312,0.5064,0.5345,-44.2307,0.2970,0.3620,0.0577,0.0305,0.6062
limit,touch_19,25,40,1.0000,12,eurusd+gbpusd+nzdusd,322,0.5155,0.2693,-43.8551,0.2703,0.3724,0.0435,0.0097,0.5646
limit,touch_19,25,40,1.0000,12,eurusd+gbpusd+usdjpy,507,0.5010,-0.5892,-41.8848,0.5943,0.1726,0.0316,-0.0397,0.4809
limit,touch_19,25,40,1.0000,12,eurusd+audusd+nzdusd,272,0.5625,2.6905,-43.8312,0.2754,0.2631,0.0882,0.0931,0.5892
limit,touch_19,25,40,1.0000,12,eurusd+audusd+usdjpy,457,0.5274,0.7580,-41.6597,0.5664,0.0498,0.0394,0.0630,0.4859
limit,touch_19,25,40,1.0000,12,eurusd+nzdusd+usdjpy,467,0.5332,0.5703,-41.7783,0.5620,0.1485,0.0407,0.0322,0.4605
limit,touch_19,25,40,1.0000,12,gbpusd+audusd+nzdusd,330,0.5455,1.3578,-43.1753,0.2345,0.3800,0.0485,0.0504,0.5559
limit,touch_19,25,40,1.0000,12,gbpusd+audusd+usdjpy,515,0.5204,0.1217,-41.6897,0.5620,0.2146,0.0311,0.0091,0.4762
limit,touch_19,25,40,1.0000,12,gbpusd+nzdusd+usdjpy,525,0.5257,-0.0331,-41.8023,0.5569,0.2749,0.0152,-0.0017,0.4538
limit,touch_19,25,40,1.0000,12,audusd+nzdusd+usdjpy,475,0.5537,1.3215,-41.5836,0.5167,0.1778,0.0337,0.0673,0.4556
limit,touch_19,25,40,1.0000,16,eurusd+gbpusd+audusd,312,0.4936,0.4905,-44.2307,0.2970,0.3501,0.0577,0.0225,0.6062
limit,touch_19,25,40,1.0000,16,eurusd+gbpusd+nzdusd,322,0.4845,-0.7776,-43.8551,0.2703,0.3460,0.0435,-0.0207,0.5646
limit,touch_19,25,40,1.0000,16,eurusd+gbpusd+usdjpy,507,0.4990,-0.2331,-41.8848,0.5943,0.2295,0.0316,-0.0166,0.4809
limit,touch_19,25,40,1.0000,16,eurusd+audusd+nzdusd,272,0.5074,1.2778,-43.8312,0.2754,0.2933,0.0882,0.0323,0.5892
limit,touch_19,25,40,1.0000,16,eurusd+audusd+usdjpy,457,0.5142,1.0499,-41.6597,0.5664,0.1615,0.0394,0.0714,0.4859
limit,touch_19,25,40,1.0000,16,eurusd+nzdusd+usdjpy,467,0.5075,0.1636,-41.7783,0.5620,0.1971,0.0407,0.0073,0.4605
limit,touch_19,25,40,1.0000,16,gbpusd+audusd+nzdusd,330,0.4970,-0.0593,-43.1753,0.2345,0.3633,0.0485,-0.0016,0.5559
limit,touch_19,25,40,1.0000,16,gbpusd+audusd+usdjpy,515,0.5068,0.2187,-41.6897,0.5620,0.2566,0.0311,0.0145,0.4762
limit,touch_19,25,40,1.0000,16,gbpusd+nzdusd+usdjpy,525,0.5010,-0.5539,-41.8023,0.5569,0.2821,0.0152,-0.0222,0.4538
limit,touch_19,25,40,1.0000,16,audusd+nzdusd+usdjpy,475,0.5158,0.6467,-41.5836,0.5167,0.2260,0.0337,0.0256,0.4556
limit,touch_19,25,40,1.0000,18,eurusd+gbpusd+audusd,312,0.5256,1.0732,-44.2307,0.2970,0.3484,0.0577,0.0539,0.6062
limit,touch_19,25,40,1.0000,18,eurusd+gbpusd+nzdusd,322,0.5124,0.0667,-43.8551,0.2703,0.3464,0.0435,0.0018,0.5646
limit,touch_19,25,40,1.0000,18,eurusd+gbpusd+usdjpy,507,0.5069,0.1461,-41.8848,0.5943,0.2089,0.0316,0.0111,0.4809
limit,touch_19,25,40,1.0000,18,eurusd+audusd+nzdusd,272,0.5368,2.0546,-43.8312,0.2754,0.3094,0.0882,0.0544,0.5892
limit,touch_19,25,40,1.0000,18,eurusd+audusd+usdjpy,457,0.5208,1.3379,-41.6597,0.5664,0.1559,0.0394,0.0997,0.4859
limit,touch_19,25,40,1.0000,18,eurusd+nzdusd+usdjpy,467,0.5118,0.6382,-41.7783,0.5620,0.1951,0.0407,0.0292,0.4605
limit,touch_19,25,40,1.0000,18,gbpusd+audusd+nzdusd,330,0.5152,0.2033,-43.1753,0.2345,0.3791,0.0485,0.0054,0.5559
limit,touch_19,25,40,1.0000,18,gbpusd+audusd+usdjpy,515,0.5087,0.2324,-41.6897,0.5620,0.2640,0.0311,0.0147,0.4762
limit,touch_19,25,40,1.0000,18,gbpusd+nzdusd+usdjpy,525,0.5010,-0.3689,-41.8023,0.5569,0.2856,0.0152,-0.0151,0.4538
limit,touch_19,25,40,1.0000,18,audusd+nzdusd+usdjpy,475,0.5137,0.7235,-41.5836,0.5167,0.2385,0.0337,0.0287,0.4556
limit,touch_19,30,20,0.7500,12,eurusd+gbpusd+audusd,217,0.6083,1.2447,-45.4573,0.2883,0.0468,0.0876,0.2174,0.6257
limit,touch_19,30,20,0.7500,12,eurusd+gbpusd+nzdusd,219,0.5936,0.5181,-44.3552,0.3353,0.3987,0.0639,0.0362,0.5746
limit,touch_19,30,20,0.7500,12,eurusd+gbpusd+usdjpy,358,0.5894,0.0299,-41.9242,0.5635,0.1011,0.0670,0.0046,0.4947
limit,touch_19,30,20,0.7500,12,eurusd+audusd+nzdusd,180,0.6222,2.1756,-44.3490,0.3398,0.0866,0.1000,0.2065,0.5781
limit,touch_19,30,20,0.7500,12,eurusd+audusd+usdjpy,319,0.6050,0.9055,-41.7568,0.4968,-0.2779,0.0439,0.1400,0.4870
limit,touch_19,30,20,0.7500,12,eurusd+nzdusd+usdjpy,321,0.5950,0.4119,-41.7786,0.5644,0.1369,0.0343,0.0714,0.4536
limit,touch_19,30,20,0.7500,12,gbpusd+audusd+nzdusd,224,0.6205,1.6525,-44.0456,0.2504,0.3212,0.0804,0.2308,0.5758
limit,touch_19,30,20,0.7500,12,gbpusd+audusd+usdjpy,363,0.6061,0.7366,-41.7739,0.5030,-0.0190,0.0358,0.1173,0.4962
limit,touch_19,30,20,0.7500,12,gbpusd+nzdusd+usdjpy,365,0.5973,0.3034,-41.7454,0.5494,0.3579,0.0219,0.0618,0.4665
limit,touch_19,30,20,0.7500,12,audusd+nzdusd+usdjpy,326,0.6135,1.1930,-41.6031,0.4756,0.0275,0.0429,0.2981,0.4555
limit,touch_19,30,20,0.7500,16,eurusd+gbpusd+audusd,217,0.6129,1.2935,-45.4573,0.2883,0.0339,0.0876,0.2259,0.6257
limit,touch_19,30,20,0.7500,16,eurusd+gbpusd+nzdusd,219,0.6027,0.5457,-44.3552,0.3353,0.3731,0.0639,0.0394,0.5746
limit,touch_19,30,20,0.7500,16,eurusd+gbpusd+usdjpy,358,0.5922,0.0499,-41.9242,0.5635,0.0963,0.0670,0.0076,0.4947
limit,touch_19,30,20,0.7500,16,eurusd+audusd+nzdusd,180,0.6333,2.2283,-44.3490,0.3398,0.0396,0.1000,0.2167,0.5781
limit,touch_19,30,20,0.7500,16,eurusd+audusd+usdjpy,319,0.6082,0.9387,-41.7568,0.4968,-0.2892,0.0439,0.1451,0.4870
limit,touch_19,30,20,0.7500,16,eurusd+nzdusd+usdjpy,321,0.6012,0.4307,-41.7786,0.5644,0.0978,0.0343,0.0747,0.4536
limit,touch_19,30,20,0.7500,16,gbpusd+audusd+nzdusd,224,0.6250,1.6627,-44.0456,0.2504,0.2888,0.0804,0.2322,0.5758
limit,touch_19,30,20,0.7500,16,gbpusd+audusd+usdjpy,363,0.6061,0.7460,-41.7739,0.5030,-0.0253,0.0358,0.1188,0.4962
limit,touch_19,30,20,0.7500,16,gbpusd+nzdusd+usdjpy,365,0.6000,0.3004,-41.7454,0.5494,0.3307,0.0219,0.0624,0.4665
limit,touch_19,30,20,0.7500,16,audusd+nzdusd+usdjpy,326,0.6166,1.2000,-41.6031,0.4756,-0.0157,0.0429,0.3289,0.4555
limit,touch_19,30,20,0.7500,18,eurusd+gbpusd+audusd,217,0.6221,1.3493,-45.4573,0.2883,0.0243,0.0876,0.2357,0.6257
limit,touch_19,30,20,0.7500,18,eurusd+gbpusd+nzdusd,219,0.6073,0.6826,-44.3552,0.3353,0.3921,0.0639,0.0495,0.5746
limit,touch_19,30,20,0.7500,18,eurusd+gbpusd+usdjpy,358,0.5950,0.0870,-41.9242,0.5635,0.1106,0.0670,0.0133,0.4947
limit,touch_19,30,20,0.7500,18,eurusd+audusd+nzdusd,180,0.6444,2.3884,-44.3490,0.3398,0.0388,0.1000,0.2451,0.5781
limit,touch_19,30,20,0.7500,18,eurusd+audusd+usdjpy,319,0.6144,0.9767,-41.7568,0.4968,-0.2929,0.0439,0.1510,0.4870
limit,touch_19,30,20,0.7500,18,eurusd+nzdusd+usdjpy,321,0.6044,0.5241,-41.7786,0.5644,0.1204,0.0343,0.0909,0.4536
limit,touch_19,30,20,0.7500,18,gbpusd+audusd+nzdusd,224,0.6295,1.7321,-44.0456,0.2504,0.2740,0.0804,0.2419,0.5758
limit,touch_19,30,20,0.7500,18,gbpusd+audusd+usdjpy,363,0.6088,0.7428,-41.7739,0.5030,-0.0487,0.0358,0.1182,0.4962
limit,touch_19,30,20,0.7500,18,gbpusd+nzdusd+usdjpy,365,0.6000,0.3461,-41.7454,0.5494,0.3390,0.0219,0.0802,0.4665
limit,touch_19,30,20,0.7500,18,audusd+nzdusd+usdjpy,326,0.6196,1.2477,-41.6031,0.4756,-0.0313,0.0429,0.3316,0.4555
limit,touch_19,30,20,1.0000,12,eurusd+gbpusd+audusd,217,0.5438,1.2110,-45.4573,0.2883,0.4084,0.0876,0.1067,0.6257
limit,touch_19,30,20,1.0000,12,eurusd+gbpusd+nzdusd,219,0.5479,1.4867,-44.3552,0.3353,0.3871,0.0639,0.1354,0.5746
limit,touch_19,30,20,1.0000,12,eurusd+gbpusd+usdjpy,358,0.5279,0.3824,-41.9242,0.5635,0.3021,0.0670,0.0584,0.4947
limit,touch_19,30,20,1.0000,12,eurusd+audusd+nzdusd,180,0.5444,1.8939,-44.3490,0.3398,0.1927,0.1000,0.1048,0.5781
limit,touch_19,30,20,1.0000,12,eurusd+audusd+usdjpy,319,0.5235,0.4772,-41.7568,0.4968,0.0812,0.0439,0.0581,0.4870
limit,touch_19,30,20,1.0000,12,eurusd+nzdusd+usdjpy,321,0.5265,0.6699,-41.7786,0.5644,0.1711,0.0343,0.0881,0.4536
limit,touch_19,30,20,1.0000,12,gbpusd+audusd+nzdusd,224,0.5625,2.0339,-44.0456,0.2504,0.4144,0.0804,0.1684,0.5758
limit,touch_19,30,20,1.0000,12,gbpusd+audusd+usdjpy,363,0.5372,0.7354,-41.7739,0.5030,0.3778,0.0358,0.1298,0.4962
limit,touch_19,30,20,1.0000,12,gbpusd+nzdusd+usdjpy,365,0.5397,0.9034,-41.7454,0.5494,0.3979,0.0219,0.2020,0.4665
limit,touch_19,30,20,1.0000,12,audusd+nzdusd+usdjpy,326,0.5368,1.0584,-41.6031,0.4756,0.1952,0.0429,0.1469,0.4555
limit,touch_19,30,20,1.0000,16,eurusd+gbpusd+audusd,217,0.5484,1.1941,-45.4573,0.2883,0.4136,0.0876,0.1071,0.6257
limit,touch_19,30,20,1.0000,16,eurusd+gbpusd+nzdusd,219,0.5571,1.6467,-44.3552,0.3353,0.3449,0.0639,0.1500,0.5746
limit,touch_19,30,20,1.0000,16,eurusd+gbpusd+usdjpy,358,0.5307,0.3925,-41.9242,0.5635,0.3045,0.0670,0.0599,0.4947
limit,touch_19,30,20,1.0000,16,eurusd+audusd+nzdusd,180,0.5556,1.8979,-44.3490,0.3398,0.1640,0.1000,0.1065,0.5781
limit,touch_19,30,20,1.0000,16,eurusd+audusd+usdjpy,319,0.5266,0.3809,-41.7568,0.4968,0.1042,0.0439,0.0439,0.4870
limit,touch_19,30,20,1.0000,16,eurusd+nzdusd+usdjpy,321,0.5327,0.6948,-41.7786,0.5644,0.1339,0.0343,0.1016,0.4536
limit,touch_19,30,20,1.0000,16,gbpusd+audusd+nzdusd,224,0.5670,2.0282,-44.0456,0.2504,0.3898,0.0804,0.1708,0.5758
limit,touch_19,30,20,1.0000,16,gbpusd+audusd+usdjpy,363,0.5372,0.6452,-41.7739,0.5030,0.3969,0.0358,0.1064,0.4962
limit,touch_19,30,20,1.0000,16,gbpusd+nzdusd+usdjpy,365,0.5425,0.9198,-41.7454,0.5494,0.3700,0.0219,0.2073,0.4665
limit,touch_19,30,20,1.0000,16,audusd+nzdusd+usdjpy,326,0.5399,0.9715,-41.6031,0.4756,0.1767,0.0429,0.1305,0.4555
limit,touch_19,30,20,1.0000,18,eurusd+gbpusd+audusd,217,0.5576,1.2877,-45.4573,0.2883,0.3923,0.0876,0.1204,0.6257
limit,touch_19,30,20,1.0000,18,eurusd+gbpusd+nzdusd,219,0.5616,1.8198,-44.3552,0.3353,0.3545,0.0639,0.1657,0.5746
limit,touch_19,30,20,1.0000,18,eurusd+gbpusd+usdjpy,358,0.5335,0.4256,-41.9242,0.5635,0.3135,0.0670,0.0650,0.4947
limit,touch_19,30,20,1.0000,18,eurusd+audusd+nzdusd,180,0.5667,2.1474,-44.3490,0.3398,0.1530,0.1000,0.1244,0.5781
limit,touch_19,30,20,1.0000,18,eurusd+audusd+usdjpy,319,0.5329,0.4400,-41.7568,0.4968,0.0830,0.0439,0.0508,0.4870
limit,touch_19,30,20,1.0000,18,eurusd+nzdusd+usdjpy,321,0.5358,0.8083,-41.7786,0.5644,0.1497,0.0343,0.1162,0.4536
limit,touch_19,30,20,1.0000,18,gbpusd+audusd+nzdusd,224,0.5714,2.1695,-44.0456,0.2504,0.3714,0.0804,0.1897,0.5758
limit,touch_19,30,20,1.0000,18,gbpusd+audusd+usdjpy,363,0.5399,0.6606,-41.7739,0.5030,0.3668,0.0358,0.1090,0.4962
limit,touch_19,30,20,1.0000,18,gbpusd+nzdusd+usdjpy,365,0.5425,0.9833,-41.7454,0.5494,0.3732,0.0219,0.2216,0.4665
limit,touch_19,30,20,1.0000,18,audusd+nzdusd+usdjpy,326,0.5429,1.0641,-41.6031,0.4756,0.1566,0.0429,0.1436,0.4555
limit,touch_19,30,30,0.7500,12,eurusd+gbpusd+audusd,217,0.6129,1.8012,-45.4766,0.2883,0.4334,0.0876,0.1333,0.6266
limit,touch_19,30,30,0.7500,12,eurusd+gbpusd+nzdusd,219,0.6210,2.9017,-44.3700,0.3353,0.5253,0.0639,0.2209,0.5755
limit,touch_19,30,30,0.7500,12,eurusd+gbpusd+usdjpy,358,0.5950,0.5793,-41.9280,0.5635,0.3517,0.0670,0.0751,0.4954
limit,touch_19,30,30,0.7500,12,eurusd+audusd+nzdusd,180,0.6167,3.7146,-44.3490,0.3398,0.2751,0.1000,0.1717,0.5781
limit,touch_19,30,30,0.7500,12,eurusd+audusd+usdjpy,319,0.5893,0.7541,-41.7568,0.4968,0.0152,0.0439,0.0604,0.4870
limit,touch_19,30,30,0.7500,12,eurusd+nzdusd+usdjpy,321,0.5950,1.5114,-41.7786,0.5644,0.1983,0.0343,0.1155,0.4536
limit,touch_19,30,30,0.7500,12,gbpusd+audusd+nzdusd,224,0.6473,4.1947,-44.0603,0.2504,0.4555,0.0804,0.3184,0.5768
limit,touch_19,30,30,0.7500,12,gbpusd+audusd+usdjpy,363,0.6116,1.4092,-41.7778,0.5030,0.3005,0.0358,0.1877,0.4969
limit,touch_19,30,30,0.7500,12,gbpusd+nzdusd+usdjpy,365,0.6164,2.0716,-41.7470,0.5494,0.4344,0.0219,0.2452,0.4672
limit,touch_19,30,30,0.7500,12,audusd+nzdusd+usdjpy,326,0.6135,2.4212,-41.6031,0.4756,0.1601,0.0429,0.1896,0.4555
limit,touch_19,30,30,0.7500,16,eurusd+gbpusd+audusd,217,0.6037,1.5425,-45.4766,0.2883,0.3913,0.0876,0.1029,0.6266
limit,touch_19,30,30,0.7500,16,eurusd+gbpusd+nzdusd,219,0.6256,2.6183,-44.3700,0.3353,0.4493,0.0639,0.2016,0.5755
limit,touch_19,30,30,0.7500,16,eurusd+gbpusd+usdjpy,358,0.5922,0.4563,-41.9280,0.5635,0.3386,0.0670,0.0522,0.4954
limit,touch_19,30,30,0.7500,16,eurusd+audusd+nzdusd,180,0.6111,3.1250,-44.3490,0.3398,0.2400,0.1000,0.1515,0.5781
limit,touch_19,30,30,0.7500,16,eurusd+audusd+usdjpy,319,0.5799,0.4778,-41.7568,0.4968,0.0455,0.0439,0.0375,0.4870
limit,touch_19,30,30,0.7500,16,eurusd+nzdusd+usdjpy,321,0.5950,1.2184,-41.7786,0.5644,0.1826,0.0343,0.0925,0.4536
limit,touch_19,30,30,0.7500,16,gbpusd+audusd+nzdusd,224,0.6429,3.7699,-44.0603,0.2504,0.3929,0.0804,0.3024,0.5768
limit,touch_19,30,30,0.7500,16,gbpusd+audusd+usdjpy,363,0.6033,1.1967,-41.7778,0.5030,0.2931,0.0358,0.1620,0.4969
limit,touch_19,30,30,0.7500,16,gbpusd+nzdusd+usdjpy,365,0.6164,1.8441,-41.7470,0.5494,0.3886,0.0219,0.2267,0.4672
limit,touch_19,30,30,0.7500,16,audusd+nzdusd+usdjpy,326,0.6074,2.0312,-41.6031,0.4756,0.1403,0.0429,0.1653,0.4555
limit,touch_19,30,30,0.7500,18,eurusd+gbpusd+audusd,217,0.6175,1.7893,-45.4766,0.2883,0.3878,0.0876,0.1158,0.6266
limit,touch_19,30,30,0.7500,18,eurusd+gbpusd+nzdusd,219,0.6347,2.9419,-44.3700,0.3353,0.4604,0.0639,0.2302,0.5755
limit,touch_19,30,30,0.7500,18,eurusd+gbpusd+usdjpy,358,0.5978,0.6083,-41.9280,0.5635,0.3352,0.0670,0.0696,0.4954
limit,touch_19,30,30,0.7500,18,eurusd+audusd+nzdusd,180,0.6278,3.4759,-44.3490,0.3398,0.2600,0.1000,0.1669,0.5781
limit,touch_19,30,30,0.7500,18,eurusd+audusd+usdjpy,319,0.5893,0.6243,-41.7568,0.4968,0.0543,0.0439,0.0481,0.4870
limit,touch_19,30,30,0.7500,18,eurusd+nzdusd+usdjpy,321,0.6012,1.4179,-41.7786,0.5644,0.2000,0.0343,0.1093,0.4536
limit,touch_19,30,30,0.7500,18,gbpusd+audusd+nzdusd,224,0.6473,3.9924,-44.0603,0.2504,0.3930,0.0804,0.3054,0.5768
limit,touch_19,30,30,0.7500,18,gbpusd+audusd+usdjpy,363,0.6061,1.2886,-41.7778,0.5030,0.2809,0.0358,0.1683,0.4969
limit,touch_19,30,30,0.7500,18,gbpusd+nzdusd+usdjpy,365,0.6164,1.9829,-41.7470,0.5494,0.3903,0.0219,0.2408,0.4672
limit,touch_19,30,30,0.7500,18,audusd+nzdusd+usdjpy,326,0.6104,2.1630,-41.6031,0.4756,0.1497,0.0429,0.1703,0.4555
limit,touch_19,30,30,1.0000,12,eurusd+gbpusd+audusd,217,0.5392,1.4857,-45.4766,0.2883,0.4871,0.0876,0.1250,0.6266
limit,touch_19,30,30,1.0000,12,eurusd+gbpusd+nzdusd,219,0.5479,2.2443,-44.3700,0.3353,0.5214,0.0639,0.1580,0.5755
limit,touch_19,30,30,1.0000,12,eurusd+gbpusd+usdjpy,358,0.5279,0.8036,-41.9280,0.5635,0.3246,0.0670,0.1097,0.4954
limit,touch_19,30,30,1.0000,12,eurusd+audusd+nzdusd,180,0.5500,2.6850,-44.3490,0.3398,0.3356,0.1000,0.1180,0.5781
limit,touch_19,30,30,1.0000,12,eurusd+audusd+usdjpy,319,0.5266,0.8761,-41.7568,0.4968,0.0839,0.0439,0.0814,0.4870
limit,touch_19,30,30,1.0000,12,eurusd+nzdusd+usdjpy,321,0.5327,1.3975,-41.7786,0.5644,0.1789,0.0343,0.1118,0.4536
limit,touch_19,30,30,1.0000,12,gbpusd+audusd+nzdusd,224,0.5759,3.4558,-44.0603,0.2504,0.4837,0.0804,0.2419,0.5768
limit,touch_19,30,30,1.0000,12,gbpusd+audusd+usdjpy,363,0.5455,1.5710,-41.7778,0.5030,0.3029,0.0358,0.1808,0.4969
limit,touch_19,30,30,1.0000,12,gbpusd+nzdusd+usdjpy,365,0.5507,2.0257,-41.7470,0.5494,0.3898,0.0219,0.2127,0.4672
limit,touch_19,30,30,1.0000,12,audusd+nzdusd+usdjpy,326,0.5521,2.2429,-41.6031,0.4756,0.1856,0.0429,0.1620,0.4555
limit,touch_19,30,30,1.0000,16,eurusd+gbpusd+audusd,217,0.5253,0.9302,-45.4766,0.2883,0.4276,0.0876,0.0642,0.6266
limit,touch_19,30,30,1.0000,16,eurusd+gbpusd+nzdusd,219,0.5342,1.1779,-44.3700,0.3353,0.4259,0.0639,0.0742,0.5755
limit,touch_19,30,30,1.0000,16,eurusd+gbpusd+usdjpy,358,0.5223,0.5704,-41.9280,0.5635,0.2568,0.0670,0.0671,0.4954
limit,touch_19,30,30,1.0000,16,eurusd+audusd+nzdusd,180,0.5222,1.2005,-44.3490,0.3398,0.3030,0.1000,0.0484,0.5781
limit,touch_19,30,30,1.0000,16,eurusd+audusd+usdjpy,319,0.5141,0.5088,-41.7568,0.4968,0.1039,0.0439,0.0446,0.4870
limit,touch_19,30,30,1.0000,16,eurusd+nzdusd+usdjpy,321,0.5202,0.6804,-41.7786,0.5644,0.1571,0.0343,0.0489,0.4536
limit,touch_19,30,30,1.0000,16,gbpusd+audusd+nzdusd,224,0.5580,2.4679,-44.0603,0.2504,0.4280,0.0804,0.1461,0.5768
limit,touch_19,30,30,1.0000,16,gbpusd+audusd+usdjpy,363,0.5372,1.3748,-41.7778,0.5030,0.2845,0.0358,0.1680,0.4969
limit,touch_19,30,30,1.0000,16,gbpusd+nzdusd+usdjpy,365,0.5425,1.5209,-41.7470,0.5494,0.3379,0.0219,0.1651,0.4672
limit,touch_19,30,30,1.0000,16,audusd+nzdusd+usdjpy,326,0.5368,1.5745,-41.6031,0.4756,0.1856,0.0429,0.1221,0.4555
limit,touch_19,30,30,1.0000,18,eurusd+gbpusd+audusd,217,0.5300,1.1754,-45.4766,0.2883,0.4579,0.0876,0.0838,0.6266
limit,touch_19,30,30,1.0000,18,eurusd+gbpusd+nzdusd,219,0.5342,1.5215,-44.3700,0.3353,0.4400,0.0639,0.1066,0.5755
limit,touch_19,30,30,1.0000,18,eurusd+gbpusd+usdjpy,358,0.5251,0.6681,-41.9280,0.5635,0.2502,0.0670,0.0766,0.4954
limit,touch_19,30,30,1.0000,18,eurusd+audusd+nzdusd,180,0.5278,1.7301,-44.3490,0.3398,0.3284,0.1000,0.0734,0.5781
limit,touch_19,30,30,1.0000,18,eurusd+audusd+usdjpy,319,0.5204,0.6815,-41.7568,0.4968,0.1164,0.0439,0.0602,0.4870
limit,touch_19,30,30,1.0000,18,eurusd+nzdusd+usdjpy,321,0.5234,0.9207,-41.7786,0.5644,0.1634,0.0343,0.0697,0.4536
limit,touch_19,30,30,1.0000,18,gbpusd+audusd+nzdusd,224,0.5491,2.6939,-44.0603,0.2504,0.4422,0.0804,0.1694,0.5768
limit,touch_19,30,30,1.0000,18,gbpusd+audusd+usdjpy,363,0.5344,1.4033,-41.7778,0.5030,0.2921,0.0358,0.1660,0.4969
limit,touch_19,30,30,1.0000,18,gbpusd+nzdusd+usdjpy,365,0.5370,1.6098,-41.7470,0.5494,0.3333,0.0219,0.1729,0.4672
limit,touch_19,30,30,1.0000,18,audusd+nzdusd+usdjpy,326,0.5337,1.7355,-41.6031,0.4756,0.1919,0.0429,0.1290,0.4555
limit,touch_19,30,40,0.7500,12,eurusd+gbpusd+audusd,217,0.5991,2.4036,-45.4766,0.2883,0.5263,0.0876,0.1443,0.6266
limit,touch_19,30,40,0.7500,12,eurusd+gbpusd+nzdusd,219,0.6073,3.3483,-44.3700,0.3353,0.5809,0.0639,0.3165,0.5755
limit,touch_19,30,40,0.7500,12,eurusd+gbpusd+usdjpy,358,0.5866,1.2684,-41.9280,0.5635,0.4088,0.0670,0.2266,0.4954
limit,touch_19,30,40,0.7500,12,eurusd+audusd+nzdusd,180,0.6056,3.8732,-44.3490,0.3398,0.4171,0.1000,0.1449,0.5781
limit,touch_19,30,40,0.7500,12,eurusd+audusd+usdjpy,319,0.5831,1.3104,-41.7568,0.4968,0.1703,0.0439,0.0997,0.4870
limit,touch_19,30,40,0.7500,12,eurusd+nzdusd+usdjpy,321,0.5888,1.9617,-41.7786,0.5644,0.2937,0.0343,0.2074,0.4536
limit,touch_19,30,40,0.7500,12,gbpusd+audusd+nzdusd,224,0.6295,4.0571,-44.0603,0.2504,0.5227,0.0804,0.2107,0.5768
limit,touch_19,30,40,0.7500,12,gbpusd+audusd+usdjpy,363,0.6006,1.7345,-41.7778,0.5030,0.3319,0.0358,0.1763,0.4969
limit,touch_19,30,40,0.7500,12,gbpusd+nzdusd+usdjpy,365,0.6055,2.3050,-41.7470,0.5494,0.4864,0.0219,0.3040,0.4672
limit,touch_19,30,40,0.7500,12,audusd+nzdusd+usdjpy,326,0.6043,2.4700,-41.6031,0.4756,0.2638,0.0429,0.1421,0.4555
limit,touch_19,30,40,0.7500,16,eurusd+gbpusd+audusd,217,0.5853,1.5184,-45.4766,0.2883,0.5014,0.0876,0.0727,0.6266
limit,touch_19,30,40,0.7500,16,eurusd+gbpusd+nzdusd,219,0.5936,1.8970,-44.3700,0.3353,0.5085,0.0639,0.0862,0.5755
limit,touch_19,30,40,0.7500,16,eurusd+gbpusd+usdjpy,358,0.5894,1.2057,-41.9280,0.5635,0.3057,0.0670,0.2083,0.4954
limit,touch_19,30,40,0.7500,16,eurusd+audusd+nzdusd,180,0.5722,1.5404,-44.3490,0.3398,0.4212,0.1000,0.0382,0.5781
limit,touch_19,30,40,0.7500,16,eurusd+audusd+usdjpy,319,0.5768,0.9200,-41.7568,0.4968,0.1933,0.0439,0.0544,0.4870
limit,touch_19,30,40,0.7500,16,eurusd+nzdusd+usdjpy,321,0.5826,1.1820,-41.7786,0.5644,0.2513,0.0343,0.0852,0.4536
limit,touch_19,30,40,0.7500,16,gbpusd+audusd+nzdusd,224,0.6027,2.2538,-44.0603,0.2504,0.5362,0.0804,0.0773,0.5768
limit,touch_19,30,40,0.7500,16,gbpusd+audusd+usdjpy,363,0.5950,1.4354,-41.7778,0.5030,0.3443,0.0358,0.1149,0.4969
limit,touch_19,30,40,0.7500,16,gbpusd+nzdusd+usdjpy,365,0.6000,1.6630,-41.7470,0.5494,0.4545,0.0219,0.1633,0.4672
limit,touch_19,30,40,0.7500,16,audusd+nzdusd+usdjpy,326,0.5890,1.4381,-41.6031,0.4756,0.2946,0.0429,0.0633,0.4555
limit,touch_19,30,40,0.7500,18,eurusd+gbpusd+audusd,217,0.5945,1.8920,-45.4766,0.2883,0.5296,0.0876,0.0947,0.6266
limit,touch_19,30,40,0.7500,18,eurusd+gbpusd+nzdusd,219,0.5982,2.2757,-44.3700,0.3353,0.5238,0.0639,0.0998,0.5755
limit,touch_19,30,40,0.7500,18,eurusd+gbpusd+usdjpy,358,0.5950,1.3047,-41.9280,0.5635,0.3129,0.0670,0.2588,0.4954
limit,touch_19,30,40,0.7500,18,eurusd+audusd+nzdusd,180,0.5778,2.1790,-44.3490,0.3398,0.4414,0.1000,0.0566,0.5781
limit,touch_19,30,40,0.7500,18,eurusd+audusd+usdjpy,319,0.5831,1.1314,-41.7568,0.4968,0.2077,0.0439,0.0711,0.4870
limit,touch_19,30,40,0.7500,18,eurusd+nzdusd+usdjpy,321,0.5857,1.3980,-41.7786,0.5644,0.2616,0.0343,0.1064,0.4536
limit,touch_19,30,40,0.7500,18,gbpusd+audusd+nzdusd,224,0.5982,2.4470,-44.0603,0.2504,0.5386,0.0804,0.0885,0.5768
limit,touch_19,30,40,0.7500,18,gbpusd+audusd+usdjpy,363,0.5950,1.4238,-41.7778,0.5030,0.3390,0.0358,0.1227,0.4969
limit,touch_19,30,40,0.7500,18,gbpusd+nzdusd+usdjpy,365,0.5973,1.6566,-41.7470,0.5494,0.4458,0.0219,0.1731,0.4672
limit,touch_19,30,40,0.7500,18,audusd+nzdusd+usdjpy,326,0.5859,1.5291,-41.6031,0.4756,0.2911,0.0429,0.0716,0.4555
limit,touch_19,30,40,1.0000,12,eurusd+gbpusd+audusd,217,0.5253,1.9318,-45.4766,0.2883,0.4443,0.0876,0.0962,0.6266
limit,touch_19,30,40,1.0000,12,eurusd+gbpusd+nzdusd,219,0.5297,2.1618,-44.3700,0.3353,0.5140,0.0639,0.1059,0.5755
limit,touch_19,30,40,1.0000,12,eurusd+gbpusd+usdjpy,358,0.5000,-0.2796,-41.9280,0.5635,0.3407,0.0670,-0.0212,0.4954
limit,touch_19,30,40,1.0000,12,eurusd+audusd+nzdusd,180,0.5556,3.6639,-44.3490,0.3398,0.2812,0.1000,0.1163,0.5781
limit,touch_19,30,40,1.0000,12,eurusd+audusd+usdjpy,319,0.5110,0.2695,-41.7568,0.4968,0.0989,0.0439,0.0156,0.4870
limit,touch_19,30,40,1.0000,12,eurusd+nzdusd+usdjpy,321,0.5140,0.4368,-41.7786,0.5644,0.1772,0.0343,0.0241,0.4536
limit,touch_19,30,40,1.0000,12,gbpusd+audusd+nzdusd,224,0.5625,3.5471,-44.0603,0.2504,0.4588,0.0804,0.1608,0.5768
limit,touch_19,30,40,1.0000,12,gbpusd+audusd+usdjpy,363,0.5207,0.6089,-41.7778,0.5030,0.2929,0.0358,0.0458,0.4969
limit,touch_19,30,40,1.0000,12,gbpusd+nzdusd+usdjpy,365,0.5233,0.7541,-41.7470,0.5494,0.3944,0.0219,0.0501,0.4672
limit,touch_19,30,40,1.0000,12,audusd+nzdusd+usdjpy,326,0.5368,1.4151,-41.6031,0.4756,0.1839,0.0429,0.0639,0.4555
limit,touch_19,30,40,1.0000,16,eurusd+gbpusd+audusd,217,0.5161,1.8815,-45.4766,0.2883,0.4130,0.0876,0.0959,0.6266
limit,touch_19,30,40,1.0000,16,eurusd+gbpusd+nzdusd,219,0.5160,1.5513,-44.3700,0.3353,0.4840,0.0639,0.0559,0.5755
limit,touch_19,30,40,1.0000,16,eurusd+gbpusd+usdjpy,358,0.5056,0.1482,-41.9280,0.5635,0.3101,0.0670,0.0133,0.4954
limit,touch_19,30,40,1.0000,16,eurusd+audusd+nzdusd,180,0.5167,2.0527,-44.3490,0.3398,0.3676,0.1000,0.0505,0.5781
limit,touch_19,30,40,1.0000,16,eurusd+audusd+usdjpy,319,0.5047,0.2596,-41.7568,0.4968,0.1837,0.0439,0.0145,0.4870
limit,touch_19,30,40,1.0000,16,eurusd+nzdusd+usdjpy,321,0.5047,0.0444,-41.7786,0.5644,0.2469,0.0343,0.0020,0.4536
limit,touch_19,30,40,1.0000,16,gbpusd+audusd+nzdusd,224,0.5357,2.6331,-44.0603,0.2504,0.4802,0.0804,0.0850,0.5768
limit,touch_19,30,40,1.0000,16,gbpusd+audusd+usdjpy,363,0.5179,0.8351,-41.7778,0.5030,0.2952,0.0358,0.0568,0.4969
limit,touch_19,30,40,1.0000,16,gbpusd+nzdusd+usdjpy,365,0.5178,0.6427,-41.7470,0.5494,0.4045,0.0219,0.0348,0.4672
limit,touch_19,30,40,1.0000,16,audusd+nzdusd+usdjpy,326,0.5184,0.8108,-41.6031,0.4756,0.2703,0.0429,0.0310,0.4555
limit,touch_19,30,40,1.0000,18,eurusd+gbpusd+audusd,217,0.5300,2.6160,-45.4766,0.2883,0.4423,0.0876,0.1448,0.6266
limit,touch_19,30,40,1.0000,18,eurusd+gbpusd+nzdusd,219,0.5297,2.4785,-44.3700,0.3353,0.4906,0.0639,0.0945,0.5755
limit,touch_19,30,40,1.0000,18,eurusd+gbpusd+usdjpy,358,0.5112,0.4563,-41.9280,0.5635,0.2894,0.0670,0.0453,0.4954
limit,touch_19,30,40,1.0000,18,eurusd+audusd+nzdusd,180,0.5278,3.4501,-44.3490,0.3398,0.4089,0.1000,0.0889,0.5781
limit,touch_19,30,40,1.0000,18,eurusd+audusd+usdjpy,319,0.5078,0.7572,-41.7568,0.4968,0.1958,0.0439,0.0429,0.4870
limit,touch_19,30,40,1.0000,18,eurusd+nzdusd+usdjpy,321,0.5078,0.6750,-41.7786,0.5644,0.2574,0.0343,0.0323,0.4536
limit,touch_19,30,40,1.0000,18,gbpusd+audusd+nzdusd,224,0.5402,3.4371,-44.0603,0.2504,0.5134,0.0804,0.1165,0.5768
limit,touch_19,30,40,1.0000,18,gbpusd+audusd+usdjpy,363,0.5179,1.0756,-41.7778,0.5030,0.3147,0.0358,0.0778,0.4969
limit,touch_19,30,40,1.0000,18,gbpusd+nzdusd+usdjpy,365,0.5178,1.0016,-41.7470,0.5494,0.4185,0.0219,0.0585,0.4672
limit,touch_19,30,40,1.0000,18,audusd+nzdusd+usdjpy,326,0.5153,1.3613,-41.6031,0.4756,0.3012,0.0429,0.0549,0.4555
limit,touch_19,40,20,0.7500,12,eurusd+gbpusd+audusd,124,0.6452,1.4963,-45.5172,0.2822,0.3247,0.0323,0.1148,0.6319
limit,touch_19,40,20,0.7500,12,eurusd+gbpusd+nzdusd,117,0.6581,2.2231,-44.8481,0.2665,0.3580,0.0171,0.2820,0.5803
limit,touch_19,40,20,0.7500,12,eurusd+gbpusd+usdjpy,200,0.6350,1.1041,-42.3047,0.5634,0.1990,0.0450,0.1794,0.5394
limit,touch_19,40,20,0.7500,12,eurusd+audusd+nzdusd,93,0.6237,1.4017,-45.1854,0.3267,0.1426,0.0645,0.0718,0.6076
limit,touch_19,40,20,0.7500,12,eurusd+audusd+usdjpy,176,0.6136,0.5174,-42.1097,0.4682,-0.0663,0.0227,0.0510,0.5479
limit,touch_19,40,20,0.7500,12,eurusd+nzdusd+usdjpy,169,0.6213,0.9801,-41.9724,0.5764,-0.0140,0.0237,0.1311,0.5096
limit,touch_19,40,20,0.7500,12,gbpusd+audusd+nzdusd,119,0.6639,2.4417,-44.3692,0.1926,0.4565,0.0672,0.1973,0.5889
limit,touch_19,40,20,0.7500,12,gbpusd+audusd+usdjpy,202,0.6386,1.2439,-42.1655,0.5214,0.3567,0.0396,0.1844,0.5444
limit,touch_19,40,20,0.7500,12,gbpusd+nzdusd+usdjpy,195,0.6462,1.6710,-42.0105,0.5461,0.3935,0.0308,0.3933,0.5109
limit,touch_19,40,20,0.7500,12,audusd+nzdusd+usdjpy,171,0.6257,1.1467,-41.8015,0.4847,0.1471,0.0351,0.1334,0.5155
limit,touch_19,40,20,0.7500,16,eurusd+gbpusd+audusd,124,0.6452,1.4963,-45.5172,0.2822,0.3247,0.0323,0.1148,0.6319
limit,touch_19,40,20,0.7500,16,eurusd+gbpusd+nzdusd,117,0.6581,2.2231,-44.8481,0.2665,0.3580,0.0171,0.2820,0.5803
limit,touch_19,40,20,0.7500,16,eurusd+gbpusd+usdjpy,200,0.6350,1.1041,-42.3047,0.5634,0.1990,0.0450,0.1794,0.5394
limit,touch_19,40,20,0.7500,16,eurusd+audusd+nzdusd,93,0.6237,1.4017,-45.1854,0.3267,0.1426,0.0645,0.0718,0.6076
limit,touch_19,40,20,0.7500,16,eurusd+audusd+usdjpy,176,0.6136,0.5174,-42.1097,0.4682,-0.0663,0.0227,0.0510,0.5479
limit,touch_19,40,20,0.7500,16,eurusd+nzdusd+usdjpy,169,0.6213,0.9801,-41.9724,0.5764,-0.0140,0.0237,0.1311,0.5096
limit,touch_19,40,20,0.7500,16,gbpusd+audusd+nzdusd,119,0.6639,2.4417,-44.3692,0.1926,0.4565,0.0672,0.1973,0.5889
limit,touch_19,40,20,0.7500,16,gbpusd+audusd+usdjpy,202,0.6386,1.2439,-42.1655,0.5214,0.3567,0.0396,0.1844,0.5444
limit,touch_19,40,20,0.7500,16,gbpusd+nzdusd+usdjpy,195,0.6462,1.6710,-42.0105,0.5461,0.3935,0.0308,0.3933,0.5109
limit,touch_19,40,20,0.7500,16,audusd+nzdusd+usdjpy,171,0.6257,1.1467,-41.8015,0.4847,0.1471,0.0351,0.1334,0.5155
limit,touch_19,40,20,0.7500,18,eurusd+gbpusd+audusd,124,0.6452,1.4963,-45.5172,0.2822,0.3247,0.0323,0.1148,0.6319
limit,touch_19,40,20,0.7500,18,eurusd+gbpusd+nzdusd,117,0.6581,2.2231,-44.8481,0.2665,0.3580,0.0171,0.2820,0.5803
limit,touch_19,40,20,0.7500,18,eurusd+gbpusd+usdjpy,200,0.6350,1.1041,-42.3047,0.5634,0.1990,0.0450,0.1794,0.5394
limit,touch_19,40,20,0.7500,18,eurusd+audusd+nzdusd,93,0.6237,1.4017,-45.1854,0.3267,0.1426,0.0645,0.0718,0.6076
limit,touch_19,40,20,0.7500,18,eurusd+audusd+usdjpy,176,0.6136,0.5174,-42.1097,0.4682,-0.0663,0.0227,0.0510,0.5479
limit,touch_19,40,20,0.7500,18,eurusd+nzdusd+usdjpy,169,0.6213,0.9801,-41.9724,0.5764,-0.0140,0.0237,0.1311,0.5096
limit,touch_19,40,20,0.7500,18,gbpusd+audusd+nzdusd,119,0.6639,2.4417,-44.3692,0.1926,0.4565,0.0672,0.1973,0.5889
limit,touch_19,40,20,0.7500,18,gbpusd+audusd+usdjpy,202,0.6386,1.2439,-42.1655,0.5214,0.3567,0.0396,0.1844,0.5444
limit,touch_19,40,20,0.7500,18,gbpusd+nzdusd+usdjpy,195,0.6462,1.6710,-42.0105,0.5461,0.3935,0.0308,0.3933,0.5109
limit,touch_19,40,20,0.7500,18,audusd+nzdusd+usdjpy,171,0.6257,1.1467,-41.8015,0.4847,0.1471,0.0351,0.1334,0.5155
limit,touch_19,40,20,1.0000,12,eurusd+gbpusd+audusd,124,0.6129,3.5720,-45.5172,0.2822,0.4666,0.0323,0.3510,0.6319
limit,touch_19,40,20,1.0000,12,eurusd+gbpusd+nzdusd,117,0.5983,2.5467,-44.8481,0.2665,0.4520,0.0171,0.2661,0.5803
limit,touch_19,40,20,1.0000,12,eurusd+gbpusd+usdjpy,200,0.5650,1.5006,-42.3047,0.5634,0.3783,0.0450,0.2010,0.5394
limit,touch_19,40,20,1.0000,12,eurusd+audusd+nzdusd,93,0.5806,2.7592,-45.1854,0.3267,0.1764,0.0645,0.1189,0.6076
limit,touch_19,40,20,1.0000,12,eurusd+audusd+usdjpy,176,0.5511,1.4702,-42.1097,0.4682,0.1145,0.0227,0.1093,0.5479
limit,touch_19,40,20,1.0000,12,eurusd+nzdusd+usdjpy,169,0.5385,0.6734,-41.9724,0.5764,0.1133,0.0237,0.0517,0.5096
limit,touch_19,40,20,1.0000,12,gbpusd+audusd+nzdusd,119,0.6134,3.7819,-44.3692,0.1926,0.5034,0.0672,0.2273,0.5889
limit,touch_19,40,20,1.0000,12,gbpusd+audusd+usdjpy,202,0.5743,2.2386,-42.1655,0.5214,0.5043,0.0396,0.2689,0.5444
limit,touch_19,40,20,1.0000,12,gbpusd+nzdusd+usdjpy,195,0.5641,1.5756,-42.0105,0.5461,0.5200,0.0308,0.2046,0.5109
limit,touch_19,40,20,1.0000,12,audusd+nzdusd+usdjpy,171,0.5497,1.5548,-41.8015,0.4847,0.2278,0.0351,0.1128,0.5155
limit,touch_19,40,20,1.0000,16,eurusd+gbpusd+audusd,124,0.6048,3.5040,-45.5172,0.2822,0.4600,0.0323,0.3443,0.6319
limit,touch_19,40,20,1.0000,16,eurusd+gbpusd+nzdusd,117,0.5897,2.4746,-44.8481,0.2665,0.4424,0.0171,0.2586,0.5803
limit,touch_19,40,20,1.0000,16,eurusd+gbpusd+usdjpy,200,0.5600,1.3736,-42.3047,0.5634,0.3789,0.0450,0.1840,0.5394
limit,touch_19,40,20,1.0000,16,eurusd+audusd+nzdusd,93,0.5699,2.6684,-45.1854,0.3267,0.1671,0.0645,0.1150,0.6076
limit,touch_19,40,20,1.0000,16,eurusd+audusd+usdjpy,176,0.5455,1.3259,-42.1097,0.4682,0.1198,0.0227,0.0986,0.5479
limit,touch_19,40,20,1.0000,16,eurusd+nzdusd+usdjpy,169,0.5325,0.5230,-41.9724,0.5764,0.1188,0.0237,0.0402,0.5096
limit,touch_19,40,20,1.0000,16,gbpusd+audusd+nzdusd,119,0.6134,3.7819,-44.3692,0.1926,0.5034,0.0672,0.2273,0.5889
limit,touch_19,40,20,1.0000,16,gbpusd+audusd+usdjpy,202,0.5743,2.1547,-42.1655,0.5214,0.5113,0.0396,0.2588,0.5444
limit,touch_19,40,20,1.0000,16,gbpusd+nzdusd+usdjpy,195,0.5641,1.4886,-42.0105,0.5461,0.5277,0.0308,0.1933,0.5109
limit,touch_19,40,20,1.0000,16,audusd+nzdusd+usdjpy,171,0.5497,1.4556,-41.8015,0.4847,0.2399,0.0351,0.1056,0.5155
limit,touch_19,40,20,1.0000,18,eurusd+gbpusd+audusd,124,0.6129,3.6210,-45.5172,0.2822,0.4710,0.0323,0.3558,0.6319
limit,touch_19,40,20,1.0000,18,eurusd+gbpusd+nzdusd,117,0.5983,2.5986,-44.8481,0.2665,0.4585,0.0171,0.2716,0.5803
limit,touch_19,40,20,1.0000,18,eurusd+gbpusd+usdjpy,200,0.5650,1.4462,-42.3047,0.5634,0.3933,0.0450,0.1937,0.5394
limit,touch_19,40,20,1.0000,18,eurusd+audusd+nzdusd,93,0.5806,2.8245,-45.1854,0.3267,0.1830,0.0645,0.1217,0.6076
limit,touch_19,40,20,1.0000,18,eurusd+audusd+usdjpy,176,0.5511,1.4083,-42.1097,0.4682,0.1394,0.0227,0.1047,0.5479
limit,touch_19,40,20,1.0000,18,eurusd+nzdusd+usdjpy,169,0.5385,0.6089,-41.9724,0.5764,0.1405,0.0237,0.0468,0.5096
limit,touch_19,40,20,1.0000,18,gbpusd+audusd+nzdusd,119,0.6134,3.7819,-44.3692,0.1926,0.5034,0.0672,0.2273,0.5889
limit,touch_19,40,20,1.0000,18,gbpusd+audusd+usdjpy,202,0.5743,2.1547,-42.1655,0.5214,0.5113,0.0396,0.2588,0.5444
limit,touch_19,40,20,1.0000,18,gbpusd+nzdusd+usdjpy,195,0.5641,1.4886,-42.0105,0.5461,0.5277,0.0308,0.1933,0.5109
limit,touch_19,40,20,1.0000,18,audusd+nzdusd+usdjpy,171,0.5497,1.4556,-41.8015,0.4847,0.2399,0.0351,0.1056,0.5155
limit,touch_19,40,30,0.7500,12,eurusd+gbpusd+audusd,124,0.6371,2.6970,-45.5517,0.2822,0.5486,0.0323,0.1327,0.6334
limit,touch_19,40,30,0.7500,12,eurusd+gbpusd+nzdusd,117,0.6581,4.2511,-44.8764,0.2665,0.4386,0.0171,0.2733,0.5821
limit,touch_19,40,30,0.7500,12,eurusd+gbpusd+usdjpy,200,0.6100,1.2580,-42.3171,0.5634,0.3205,0.0450,0.0956,0.5406
limit,touch_19,40,30,0.7500,12,eurusd+audusd+nzdusd,93,0.6344,3.9000,-45.1854,0.3267,0.3853,0.0645,0.1306,0.6076
limit,touch_19,40,30,0.7500,12,eurusd+audusd+usdjpy,176,0.5909,0.6644,-42.1097,0.4682,0.2649,0.0227,0.0364,0.5479
limit,touch_19,40,30,0.7500,12,eurusd+nzdusd+usdjpy,169,0.6036,1.6561,-41.9724,0.5764,0.2056,0.0237,0.1042,0.5096
limit,touch_19,40,30,0.7500,12,gbpusd+audusd+nzdusd,119,0.6639,4.7267,-44.3989,0.1926,0.5246,0.0672,0.2173,0.5906
limit,touch_19,40,30,0.7500,12,gbpusd+audusd+usdjpy,202,0.6139,1.5678,-42.1783,0.5214,0.4974,0.0396,0.1116,0.5456
limit,touch_19,40,30,0.7500,12,gbpusd+nzdusd+usdjpy,195,0.6256,2.4597,-42.0197,0.5461,0.3985,0.0308,0.2357,0.5122
limit,touch_19,40,30,0.7500,12,audusd+nzdusd+usdjpy,171,0.6082,2.0174,-41.8015,0.4847,0.3107,0.0351,0.1184,0.5155
limit,touch_19,40,30,0.7500,16,eurusd+gbpusd+audusd,124,0.6371,2.4814,-45.5517,0.2822,0.5554,0.0323,0.1237,0.6334
limit,touch_19,40,30,0.7500,16,eurusd+gbpusd+nzdusd,117,0.6581,4.1048,-44.8764,0.2665,0.4188,0.0171,0.2639,0.5821
limit,touch_19,40,30,0.7500,16,eurusd+gbpusd+usdjpy,200,0.6100,1.1633,-42.3171,0.5634,0.3101,0.0450,0.0852,0.5406
limit,touch_19,40,30,0.7500,16,eurusd+audusd+nzdusd,93,0.6344,3.6804,-45.1854,0.3267,0.3955,0.0645,0.1232,0.6076
limit,touch_19,40,30,0.7500,16,eurusd+audusd+usdjpy,176,0.5909,0.5379,-42.1097,0.4682,0.2879,0.0227,0.0268,0.5479
limit,touch_19,40,30,0.7500,16,eurusd+nzdusd+usdjpy,169,0.6036,1.5813,-41.9724,0.5764,0.2023,0.0237,0.0959,0.5096
limit,touch_19,40,30,0.7500,16,gbpusd+audusd+nzdusd,119,0.6639,4.5928,-44.3989,0.1926,0.5377,0.0672,0.2163,0.5906
limit,touch_19,40,30,0.7500,16,gbpusd+audusd+usdjpy,202,0.6139,1.4799,-42.1783,0.5214,0.5250,0.0396,0.1077,0.5456
limit,touch_19,40,30,0.7500,16,gbpusd+nzdusd+usdjpy,195,0.6256,2.4180,-42.0197,0.5461,0.4070,0.0308,0.2317,0.5122
limit,touch_19,40,30,0.7500,16,audusd+nzdusd+usdjpy,171,0.6082,1.9505,-41.8015,0.4847,0.3462,0.0351,0.1169,0.5155
limit,touch_19,40,30,0.7500,18,eurusd+gbpusd+audusd,124,0.6452,2.7282,-45.5517,0.2822,0.5776,0.0323,0.1360,0.6334
limit,touch_19,40,30,0.7500,18,eurusd+gbpusd+nzdusd,117,0.6667,4.3860,-44.8764,0.2665,0.4405,0.0171,0.2820,0.5821
limit,touch_19,40,30,0.7500,18,eurusd+gbpusd+usdjpy,200,0.6150,1.4072,-42.3171,0.5634,0.3263,0.0450,0.1030,0.5406
limit,touch_19,40,30,0.7500,18,eurusd+audusd+nzdusd,93,0.6452,4.0095,-45.1854,0.3267,0.4131,0.0645,0.1342,0.6076
limit,touch_19,40,30,0.7500,18,eurusd+audusd+usdjpy,176,0.5966,0.8020,-42.1097,0.4682,0.2984,0.0227,0.0410,0.5479
limit,touch_19,40,30,0.7500,18,eurusd+nzdusd+usdjpy,169,0.6095,1.8700,-41.9724,0.5764,0.2155,0.0237,0.1134,0.5096
limit,touch_19,40,30,0.7500,18,gbpusd+audusd+nzdusd,119,0.6639,4.5735,-44.3989,0.1926,0.5386,0.0672,0.2137,0.5906
limit,touch_19,40,30,0.7500,18,gbpusd+audusd+usdjpy,202,0.6139,1.5471,-42.1783,0.5214,0.5192,0.0396,0.1118,0.5456
limit,touch_19,40,30,0.7500,18,gbpusd+nzdusd+usdjpy,195,0.6256,2.4994,-42.0197,0.5461,0.4026,0.0308,0.2395,0.5122
limit,touch_19,40,30,0.7500,18,audusd+nzdusd+usdjpy,171,0.6082,2.0299,-41.8015,0.4847,0.3422,0.0351,0.1209,0.5155
limit,touch_19,40,30,1.0000,12,eurusd+gbpusd+audusd,124,0.5806,3.9239,-45.5517,0.2822,0.5923,0.0323,0.2014,0.6334
limit,touch_19,40,30,1.0000,12,eurusd+gbpusd+nzdusd,117,0.6068,6.6035,-44.8764,0.2665,0.3890,0.0171,0.5149,0.5821
limit,touch_19,40,30,1.0000,12,eurusd+gbpusd+usdjpy,200,0.5350,1.1989,-42.3171,0.5634,0.4159,0.0450,0.0977,0.5406
limit,touch_19,40,30,1.0000,12,eurusd+audusd+nzdusd,93,0.6022,7.3419,-45.1854,0.3267,0.4371,0.0645,0.2684,0.6076
limit,touch_19,40,30,1.0000,12,eurusd+audusd+usdjpy,176,0.5227,0.8521,-42.1097,0.4682,0.3518,0.0227,0.0494,0.5479
limit,touch_19,40,30,1.0000,12,eurusd+nzdusd+usdjpy,169,0.5385,2.5800,-41.9724,0.5764,0.2915,0.0237,0.1907,0.5096
limit,touch_19,40,30,1.0000,12,gbpusd+audusd+nzdusd,119,0.6218,7.7298,-44.3989,0.1926,0.5438,0.0672,0.3537,0.5906
limit,touch_19,40,30,1.0000,12,gbpusd+audusd+usdjpy,202,0.5446,1.9160,-42.1783,0.5214,0.5174,0.0396,0.1251,0.5456
limit,touch_19,40,30,1.0000,12,gbpusd+nzdusd+usdjpy,195,0.5590,3.4517,-42.0197,0.5461,0.4416,0.0308,0.3089,0.5122
limit,touch_19,40,30,1.0000,12,audusd+nzdusd+usdjpy,171,0.5497,3.4109,-41.8015,0.4847,0.3845,0.0351,0.1989,0.5155
limit,touch_19,40,30,1.0000,16,eurusd+gbpusd+audusd,124,0.5806,3.0809,-45.5517,0.2822,0.6007,0.0323,0.1688,0.6334
limit,touch_19,40,30,1.0000,16,eurusd+gbpusd+nzdusd,117,0.6154,6.7119,-44.8764,0.2665,0.3652,0.0171,0.5295,0.5821
limit,touch_19,40,30,1.0000,16,eurusd+gbpusd+usdjpy,200,0.5450,1.2380,-42.3171,0.5634,0.3871,0.0450,0.0985,0.5406
limit,touch_19,40,30,1.0000,16,eurusd+audusd+nzdusd,93,0.5914,6.2913,-45.1854,0.3267,0.4741,0.0645,0.2300,0.6076
limit,touch_19,40,30,1.0000,16,eurusd+audusd+usdjpy,176,0.5227,0.2693,-42.1097,0.4682,0.3975,0.0227,0.0119,0.5479
limit,touch_19,40,30,1.0000,16,eurusd+nzdusd+usdjpy,169,0.5444,2.6667,-41.9724,0.5764,0.2949,0.0237,0.1889,0.5096
limit,touch_19,40,30,1.0000,16,gbpusd+audusd+nzdusd,119,0.6218,7.0695,-44.3989,0.1926,0.5668,0.0672,0.3585,0.5906
limit,touch_19,40,30,1.0000,16,gbpusd+audusd+usdjpy,202,0.5495,1.5029,-42.1783,0.5214,0.5493,0.0396,0.1069,0.5456
limit,touch_19,40,30,1.0000,16,gbpusd+nzdusd+usdjpy,195,0.5692,3.6248,-42.0197,0.5461,0.4366,0.0308,0.3558,0.5122
limit,touch_19,40,30,1.0000,16,audusd+nzdusd+usdjpy,171,0.5497,2.9629,-41.8015,0.4847,0.4423,0.0351,0.1765,0.5155
limit,touch_19,40,30,1.0000,18,eurusd+gbpusd+audusd,124,0.5887,3.4918,-45.5517,0.2822,0.6256,0.0323,0.1913,0.6334
limit,touch_19,40,30,1.0000,18,eurusd+gbpusd+nzdusd,117,0.6239,7.1484,-44.8764,0.2665,0.3862,0.0171,0.5639,0.5821
limit,touch_19,40,30,1.0000,18,eurusd+gbpusd+usdjpy,200,0.5450,1.4936,-42.3171,0.5634,0.3894,0.0450,0.1203,0.5406
limit,touch_19,40,30,1.0000,18,eurusd+audusd+nzdusd,93,0.6022,6.7161,-45.1854,0.3267,0.4897,0.0645,0.2455,0.6076
limit,touch_19,40,30,1.0000,18,eurusd+audusd+usdjpy,176,0.5227,0.4940,-42.1097,0.4682,0.3966,0.0227,0.0228,0.5479
limit,touch_19,40,30,1.0000,18,eurusd+nzdusd+usdjpy,169,0.5444,2.9013,-41.9724,0.5764,0.2899,0.0237,0.2055,0.5096
limit,touch_19,40,30,1.0000,18,gbpusd+audusd+nzdusd,119,0.6218,7.1648,-44.3989,0.1926,0.5679,0.0672,0.3651,0.5906
limit,touch_19,40,30,1.0000,18,gbpusd+audusd+usdjpy,202,0.5446,1.5593,-42.1783,0.5214,0.5418,0.0396,0.1113,0.5456
limit,touch_19,40,30,1.0000,18,gbpusd+nzdusd+usdjpy,195,0.5641,3.6838,-42.0197,0.5461,0.4252,0.0308,0.3674,0.5122
limit,touch_19,40,30,1.0000,18,audusd+nzdusd+usdjpy,171,0.5439,2.9624,-41.8015,0.4847,0.4305,0.0351,0.1753,0.5155
limit,touch_19,40,40,0.7500,12,eurusd+gbpusd+audusd,124,0.6371,4.7288,-45.5517,0.2822,0.6822,0.0323,0.2909,0.6334
limit,touch_19,40,40,0.7500,12,eurusd+gbpusd+nzdusd,117,0.6667,8.0559,-44.8764,0.2665,0.4498,0.0171,0.6424,0.5821
limit,touch_19,40,40,0.7500,12,eurusd+gbpusd+usdjpy,200,0.6200,2.8816,-42.3171,0.5634,0.4019,0.0450,0.5101,0.5406
limit,touch_19,40,40,0.7500,12,eurusd+audusd+nzdusd,93,0.6452,7.5252,-45.1854,0.3267,0.5251,0.0645,0.3169,0.6076
limit,touch_19,40,40,0.7500,12,eurusd+audusd+usdjpy,176,0.6023,1.8956,-42.1097,0.4682,0.3845,0.0227,0.1097,0.5479
limit,touch_19,40,40,0.7500,12,eurusd+nzdusd+usdjpy,169,0.6213,4.0816,-41.9724,0.5764,0.3711,0.0237,0.4837,0.5096
limit,touch_19,40,40,0.7500,12,gbpusd+audusd+nzdusd,119,0.6723,7.6015,-44.3989,0.1926,0.6215,0.0672,0.5106,0.5906
limit,touch_19,40,40,0.7500,12,gbpusd+audusd+usdjpy,202,0.6238,2.6651,-42.1783,0.5214,0.5149,0.0396,0.2126,0.5456
limit,touch_19,40,40,0.7500,12,gbpusd+nzdusd+usdjpy,195,0.6410,4.5873,-42.0197,0.5461,0.4700,0.0308,0.6269,0.5122
limit,touch_19,40,40,0.7500,12,audusd+nzdusd+usdjpy,171,0.6257,3.8119,-41.8015,0.4847,0.4382,0.0351,0.2091,0.5155
limit,touch_19,40,40,0.7500,16,eurusd+gbpusd+audusd,124,0.6452,3.8652,-45.5517,0.2822,0.6307,0.0323,0.1896,0.6334
limit,touch_19,40,40,0.7500,16,eurusd+gbpusd+nzdusd,117,0.6838,8.0954,-44.8764,0.2665,0.3712,0.0171,0.6455,0.5821
limit,touch_19,40,40,0.7500,16,eurusd+gbpusd+usdjpy,200,0.6350,2.9987,-42.3171,0.5634,0.2978,0.0450,0.3948,0.5406
limit,touch_19,40,40,0.7500,16,eurusd+audusd+nzdusd,93,0.6452,6.5534,-45.1854,0.3267,0.5140,0.0645,0.2395,0.6076
limit,touch_19,40,40,0.7500,16,eurusd+audusd+usdjpy,176,0.6080,1.4889,-42.1097,0.4682,0.3412,0.0227,0.0721,0.5479
limit,touch_19,40,40,0.7500,16,eurusd+nzdusd+usdjpy,169,0.6331,4.3191,-41.9724,0.5764,0.2873,0.0237,0.5119,0.5096
limit,touch_19,40,40,0.7500,16,gbpusd+audusd+nzdusd,119,0.6723,6.9045,-44.3989,0.1926,0.6406,0.0672,0.3897,0.5906
limit,touch_19,40,40,0.7500,16,gbpusd+audusd+usdjpy,202,0.6287,2.3476,-42.1783,0.5214,0.5479,0.0396,0.1501,0.5456
limit,touch_19,40,40,0.7500,16,gbpusd+nzdusd+usdjpy,195,0.6513,4.8313,-42.0197,0.5461,0.4811,0.0308,0.6033,0.5122
limit,touch_19,40,40,0.7500,16,audusd+nzdusd+usdjpy,171,0.6257,3.5345,-41.8015,0.4847,0.4852,0.0351,0.1751,0.5155
limit,touch_19,40,40,0.7500,18,eurusd+gbpusd+audusd,124,0.6532,4.1539,-45.5517,0.2822,0.6789,0.0323,0.2092,0.6334
limit,touch_19,40,40,0.7500,18,eurusd+gbpusd+nzdusd,117,0.6923,8.5512,-44.8764,0.2665,0.4123,0.0171,0.6616,0.5821
limit,touch_19,40,40,0.7500,18,eurusd+gbpusd+usdjpy,200,0.6350,3.2968,-42.3171,0.5634,0.3236,0.0450,0.4677,0.5406
limit,touch_19,40,40,0.7500,18,eurusd+audusd+nzdusd,93,0.6559,6.8574,-45.1854,0.3267,0.5495,0.0645,0.2506,0.6076
limit,touch_19,40,40,0.7500,18,eurusd+audusd+usdjpy,176,0.6080,1.6852,-42.1097,0.4682,0.3675,0.0227,0.0808,0.5479
limit,touch_19,40,40,0.7500,18,eurusd+nzdusd+usdjpy,169,0.6331,4.6273,-41.9724,0.5764,0.3061,0.0237,0.5484,0.5096
limit,touch_19,40,40,0.7500,18,gbpusd+audusd+nzdusd,119,0.6723,6.8203,-44.3989,0.1926,0.6419,0.0672,0.3739,0.5906
limit,touch_19,40,40,0.7500,18,gbpusd+audusd+usdjpy,202,0.6238,2.3291,-42.1783,0.5214,0.5395,0.0396,0.1488,0.5456
limit,touch_19,40,40,0.7500,18,gbpusd+nzdusd+usdjpy,195,0.6462,4.9020,-42.0197,0.5461,0.4663,0.0308,0.6122,0.5122
limit,touch_19,40,40,0.7500,18,audusd+nzdusd+usdjpy,171,0.6199,3.4687,-41.8015,0.4847,0.4793,0.0351,0.1775,0.5155
limit,touch_19,40,40,1.0000,12,eurusd+gbpusd+audusd,124,0.5403,3.6323,-45.5517,0.2822,0.6508,0.0323,0.1417,0.6334
limit,touch_19,40,40,1.0000,12,eurusd+gbpusd+nzdusd,117,0.5641,6.9668,-44.8764,0.2665,0.5469,0.0171,0.4715,0.5821
limit,touch_19,40,40,1.0000,12,eurusd+gbpusd+usdjpy,200,0.5150,0.8305,-42.3171,0.5634,0.5009,0.0450,0.0768,0.5406
limit,touch_19,40,40,1.0000,12,eurusd+audusd+nzdusd,93,0.5806,8.3945,-45.1854,0.3267,0.5075,0.0645,0.2939,0.6076
limit,touch_19,40,40,1.0000,12,eurusd+audusd+usdjpy,176,0.5170,0.7482,-42.1097,0.4682,0.3495,0.0227,0.0368,0.5479
limit,touch_19,40,40,1.0000,12,eurusd+nzdusd+usdjpy,169,0.5325,2.9372,-41.9724,0.5764,0.4056,0.0237,0.2417,0.5096
limit,touch_19,40,40,1.0000,12,gbpusd+audusd+nzdusd,119,0.5966,8.4862,-44.3989,0.1926,0.6440,0.0672,0.4055,0.5906
limit,touch_19,40,40,1.0000,12,gbpusd+audusd+usdjpy,202,0.5347,1.7864,-42.1783,0.5214,0.5660,0.0396,0.1147,0.5456
limit,touch_19,40,40,1.0000,12,gbpusd+nzdusd+usdjpy,195,0.5487,3.7208,-42.0197,0.5461,0.5560,0.0308,0.4449,0.5122
limit,touch_19,40,40,1.0000,12,audusd+nzdusd+usdjpy,171,0.5556,4.0417,-41.8015,0.4847,0.4646,0.0351,0.2027,0.5155
limit,touch_19,40,40,1.0000,16,eurusd+gbpusd+audusd,124,0.5403,2.6607,-45.5517,0.2822,0.6629,0.0323,0.0877,0.6334
limit,touch_19,40,40,1.0000,16,eurusd+gbpusd+nzdusd,117,0.5726,6.7529,-44.8764,0.2665,0.5198,0.0171,0.4571,0.5821
limit,touch_19,40,40,1.0000,16,eurusd+gbpusd+usdjpy,200,0.5300,1.2558,-42.3171,0.5634,0.4236,0.0450,0.1601,0.5406
limit,touch_19,40,40,1.0000,16,eurusd+audusd+nzdusd,93,0.5699,7.0099,-45.1854,0.3267,0.5350,0.0645,0.2086,0.6076
limit,touch_19,40,40,1.0000,16,eurusd+audusd+usdjpy,176,0.5227,0.6419,-42.1097,0.4682,0.3573,0.0227,0.0243,0.5479
limit,touch_19,40,40,1.0000,16,eurusd+nzdusd+usdjpy,169,0.5444,3.3913,-41.9724,0.5764,0.3730,0.0237,0.2621,0.5096
limit,touch_19,40,40,1.0000,16,gbpusd+audusd+nzdusd,119,0.5966,8.2682,-44.3989,0.1926,0.6874,0.0672,0.3480,0.5906
limit,touch_19,40,40,1.0000,16,gbpusd+audusd+usdjpy,202,0.5446,2.2028,-42.1783,0.5214,0.6134,0.0396,0.1180,0.5456
limit,touch_19,40,40,1.0000,16,gbpusd+nzdusd+usdjpy,195,0.5641,4.6417,-42.0197,0.5461,0.5744,0.0308,0.5550,0.5122
limit,touch_19,40,40,1.0000,16,audusd+nzdusd+usdjpy,171,0.5614,4.4851,-41.8015,0.4847,0.5256,0.0351,0.2094,0.5155
limit,touch_19,40,40,1.0000,18,eurusd+gbpusd+audusd,124,0.5645,3.7209,-45.5517,0.2822,0.6794,0.0323,0.1266,0.6334
limit,touch_19,40,40,1.0000,18,eurusd+gbpusd+nzdusd,117,0.5897,7.8017,-44.8764,0.2665,0.5395,0.0171,0.5281,0.5821
limit,touch_19,40,40,1.0000,18,eurusd+gbpusd+usdjpy,200,0.5350,1.7954,-42.3171,0.5634,0.4082,0.0450,0.2288,0.5406
limit,touch_19,40,40,1.0000,18,eurusd+audusd+nzdusd,93,0.6022,8.6806,-45.1854,0.3267,0.5579,0.0645,0.2583,0.6076
limit,touch_19,40,40,1.0000,18,eurusd+audusd+usdjpy,176,0.5341,1.4408,-42.1097,0.4682,0.3600,0.0227,0.0549,0.5479
limit,touch_19,40,40,1.0000,18,eurusd+nzdusd+usdjpy,169,0.5503,4.1715,-41.9724,0.5764,0.3680,0.0237,0.3223,0.5096
limit,touch_19,40,40,1.0000,18,gbpusd+audusd+nzdusd,119,0.6050,8.6383,-44.3989,0.1926,0.6914,0.0672,0.3636,0.5906
limit,touch_19,40,40,1.0000,18,gbpusd+audusd+usdjpy,202,0.5446,2.3477,-42.1783,0.5214,0.6054,0.0396,0.1245,0.5456
limit,touch_19,40,40,1.0000,18,gbpusd+nzdusd+usdjpy,195,0.5590,4.7469,-42.0197,0.5461,0.5596,0.0308,0.5676,0.5122
limit,touch_19,40,40,1.0000,18,audusd+nzdusd+usdjpy,171,0.5614,4.7962,-41.8015,0.4847,0.5286,0.0351,0.2308,0.5155
